# Engine event dates; generated by tools/ExportEngineEventDates.java.
# Holy days: 1980-2050; recurrences only outside captured years 2000-2030.
# Calculated dates, not official holiday declarations.
# columns=id,date
calculated:new_year_day	1980-01-01
sil	1980-01-02
sil	1980-01-10
sil	1980-01-17
sil	1980-01-25
calculated:meak_bochea	1980-02-01
sil	1980-02-01
sil	1980-02-09
calculated:valentine_day	1980-02-14
sil	1980-02-15
sil	1980-02-23
sil	1980-03-01
sil	1980-03-09
sil	1980-03-16
sil	1980-03-24
sil	1980-03-31
sil	1980-04-08
calculated:khmer_new_year_1	1980-04-13
calculated:khmer_new_year_2	1980-04-14
sil	1980-04-14
calculated:khmer_new_year_3	1980-04-15
sil	1980-04-22
calculated:visak_bochea	1980-04-29
sil	1980-04-29
calculated:royal_ploughing_ceremony	1980-05-03
sil	1980-05-07
sil	1980-05-14
sil	1980-05-22
sil	1980-05-29
sil	1980-06-06
sil	1980-06-12
sil	1980-06-20
sil	1980-06-27
sil	1980-07-05
sil	1980-07-12
calculated:buddhist_lent_candles_making_day	1980-07-20
sil	1980-07-20
calculated:the_ordained_dragon_monk	1980-07-26
sil	1980-07-27
calculated:beginning_buddhist_lent	1980-07-28
sil	1980-08-04
sil	1980-08-11
sil	1980-08-19
sil	1980-08-26
sil	1980-09-03
sil	1980-09-09
sil	1980-09-17
sil	1980-09-24
calculated:ben_1	1980-09-25
calculated:ben_2	1980-09-26
calculated:ben_3	1980-09-27
calculated:ben_4	1980-09-28
calculated:ben_5	1980-09-29
calculated:ben_6	1980-09-30
calculated:ben_7	1980-10-01
calculated:ben_8	1980-10-02
sil	1980-10-02
calculated:ben_9	1980-10-03
calculated:ben_10	1980-10-04
calculated:ben_11	1980-10-05
calculated:ben_12	1980-10-06
calculated:ben_13	1980-10-07
calculated:pchum_ben_festival	1980-10-08
calculated:pchum_ben_festival	1980-10-09
sil	1980-10-09
calculated:pchum_ben_festival	1980-10-10
sil	1980-10-17
calculated:ending_buddhist_lent	1980-10-24
sil	1980-10-24
calculated:kathen_kal	1980-10-25
sil	1980-11-01
sil	1980-11-07
sil	1980-11-15
calculated:water_festival	1980-11-21
calculated:water_festival	1980-11-22
sil	1980-11-22
calculated:water_festival	1980-11-23
sil	1980-11-30
sil	1980-12-07
sil	1980-12-15
sil	1980-12-22
calculated:christmas_day	1980-12-25
sil	1980-12-30
calculated:new_year_day	1981-01-01
sil	1981-01-05
sil	1981-01-13
sil	1981-01-20
sil	1981-01-28
sil	1981-02-04
sil	1981-02-12
calculated:valentine_day	1981-02-14
calculated:meak_bochea	1981-02-19
sil	1981-02-19
sil	1981-02-27
sil	1981-03-05
sil	1981-03-13
sil	1981-03-20
sil	1981-03-28
sil	1981-04-04
sil	1981-04-12
calculated:khmer_new_year_1	1981-04-13
calculated:khmer_new_year_2	1981-04-14
calculated:khmer_new_year_3	1981-04-15
sil	1981-04-19
sil	1981-04-27
sil	1981-05-03
sil	1981-05-11
calculated:visak_bochea	1981-05-18
sil	1981-05-18
calculated:royal_ploughing_ceremony	1981-05-22
sil	1981-05-26
sil	1981-06-02
sil	1981-06-10
sil	1981-06-17
sil	1981-06-25
sil	1981-07-01
calculated:buddhist_lent_candles_making_day	1981-07-09
sil	1981-07-09
calculated:the_ordained_dragon_monk	1981-07-15
sil	1981-07-16
calculated:beginning_buddhist_lent	1981-07-17
sil	1981-07-24
sil	1981-07-31
sil	1981-08-08
sil	1981-08-15
sil	1981-08-23
sil	1981-08-29
sil	1981-09-06
sil	1981-09-13
calculated:ben_1	1981-09-14
calculated:ben_2	1981-09-15
calculated:ben_3	1981-09-16
calculated:ben_4	1981-09-17
calculated:ben_5	1981-09-18
calculated:ben_6	1981-09-19
calculated:ben_7	1981-09-20
calculated:ben_8	1981-09-21
sil	1981-09-21
calculated:ben_9	1981-09-22
calculated:ben_10	1981-09-23
calculated:ben_11	1981-09-24
calculated:ben_12	1981-09-25
calculated:ben_13	1981-09-26
calculated:pchum_ben_festival	1981-09-27
calculated:pchum_ben_festival	1981-09-28
sil	1981-09-28
calculated:pchum_ben_festival	1981-09-29
sil	1981-10-06
calculated:ending_buddhist_lent	1981-10-13
sil	1981-10-13
calculated:kathen_kal	1981-10-14
sil	1981-10-21
sil	1981-10-27
sil	1981-11-04
calculated:water_festival	1981-11-10
calculated:water_festival	1981-11-11
sil	1981-11-11
calculated:water_festival	1981-11-12
sil	1981-11-19
sil	1981-11-26
sil	1981-12-04
sil	1981-12-11
sil	1981-12-19
calculated:christmas_day	1981-12-25
sil	1981-12-25
calculated:new_year_day	1982-01-01
sil	1982-01-02
sil	1982-01-09
sil	1982-01-17
sil	1982-01-24
sil	1982-02-01
calculated:meak_bochea	1982-02-08
sil	1982-02-08
calculated:valentine_day	1982-02-14
sil	1982-02-16
sil	1982-02-22
sil	1982-03-02
sil	1982-03-09
sil	1982-03-17
sil	1982-03-24
sil	1982-04-01
sil	1982-04-08
calculated:khmer_new_year_1	1982-04-14
calculated:khmer_new_year_2	1982-04-15
calculated:khmer_new_year_3	1982-04-16
sil	1982-04-16
sil	1982-04-22
sil	1982-04-30
calculated:visak_bochea	1982-05-07
sil	1982-05-07
calculated:royal_ploughing_ceremony	1982-05-11
sil	1982-05-15
sil	1982-05-22
sil	1982-05-30
sil	1982-06-06
sil	1982-06-14
sil	1982-06-20
calculated:buddhist_lent_candles_making_day	1982-06-28
sil	1982-06-28
calculated:the_ordained_dragon_monk	1982-07-04
sil	1982-07-05
calculated:beginning_buddhist_lent	1982-07-06
sil	1982-07-13
sil	1982-07-20
sil	1982-07-28
sil	1982-08-04
sil	1982-08-12
sil	1982-08-18
sil	1982-08-26
sil	1982-09-02
calculated:ben_1	1982-09-03
calculated:ben_2	1982-09-04
calculated:ben_3	1982-09-05
calculated:ben_4	1982-09-06
calculated:ben_5	1982-09-07
calculated:ben_6	1982-09-08
calculated:ben_7	1982-09-09
calculated:ben_8	1982-09-10
sil	1982-09-10
calculated:ben_9	1982-09-11
calculated:ben_10	1982-09-12
calculated:ben_11	1982-09-13
calculated:ben_12	1982-09-14
calculated:ben_13	1982-09-15
calculated:pchum_ben_festival	1982-09-16
calculated:pchum_ben_festival	1982-09-17
sil	1982-09-17
calculated:pchum_ben_festival	1982-09-18
sil	1982-09-25
calculated:ending_buddhist_lent	1982-10-02
sil	1982-10-02
calculated:kathen_kal	1982-10-03
sil	1982-10-10
sil	1982-10-16
sil	1982-10-24
calculated:water_festival	1982-10-30
calculated:water_festival	1982-10-31
sil	1982-10-31
calculated:water_festival	1982-11-01
sil	1982-11-08
sil	1982-11-15
sil	1982-11-23
sil	1982-11-30
sil	1982-12-08
sil	1982-12-14
sil	1982-12-22
calculated:christmas_day	1982-12-25
sil	1982-12-29
calculated:new_year_day	1983-01-01
sil	1983-01-06
sil	1983-01-13
sil	1983-01-21
calculated:meak_bochea	1983-01-28
sil	1983-01-28
sil	1983-02-05
sil	1983-02-11
calculated:valentine_day	1983-02-14
sil	1983-02-19
sil	1983-02-26
sil	1983-03-06
sil	1983-03-13
sil	1983-03-21
sil	1983-03-28
sil	1983-04-05
sil	1983-04-11
calculated:khmer_new_year_1	1983-04-14
calculated:khmer_new_year_2	1983-04-15
calculated:khmer_new_year_3	1983-04-16
sil	1983-04-19
calculated:visak_bochea	1983-04-26
sil	1983-04-26
calculated:royal_ploughing_ceremony	1983-04-30
sil	1983-05-04
sil	1983-05-11
sil	1983-05-19
sil	1983-05-26
sil	1983-06-03
sil	1983-06-09
sil	1983-06-17
sil	1983-06-24
sil	1983-07-02
sil	1983-07-09
calculated:buddhist_lent_candles_making_day	1983-07-17
sil	1983-07-17
calculated:the_ordained_dragon_monk	1983-07-23
sil	1983-07-24
calculated:beginning_buddhist_lent	1983-07-25
sil	1983-08-01
sil	1983-08-08
sil	1983-08-16
sil	1983-08-23
sil	1983-08-31
sil	1983-09-06
sil	1983-09-14
sil	1983-09-21
calculated:ben_1	1983-09-22
calculated:ben_2	1983-09-23
calculated:ben_3	1983-09-24
calculated:ben_4	1983-09-25
calculated:ben_5	1983-09-26
calculated:ben_6	1983-09-27
calculated:ben_7	1983-09-28
calculated:ben_8	1983-09-29
sil	1983-09-29
calculated:ben_9	1983-09-30
calculated:ben_10	1983-10-01
calculated:ben_11	1983-10-02
calculated:ben_12	1983-10-03
calculated:ben_13	1983-10-04
calculated:pchum_ben_festival	1983-10-05
calculated:pchum_ben_festival	1983-10-06
sil	1983-10-06
calculated:pchum_ben_festival	1983-10-07
sil	1983-10-14
calculated:ending_buddhist_lent	1983-10-21
sil	1983-10-21
calculated:kathen_kal	1983-10-22
sil	1983-10-29
sil	1983-11-04
sil	1983-11-12
calculated:water_festival	1983-11-18
calculated:water_festival	1983-11-19
sil	1983-11-19
calculated:water_festival	1983-11-20
sil	1983-11-27
sil	1983-12-04
sil	1983-12-12
sil	1983-12-19
calculated:christmas_day	1983-12-25
sil	1983-12-27
calculated:new_year_day	1984-01-01
sil	1984-01-02
sil	1984-01-10
sil	1984-01-17
sil	1984-01-25
sil	1984-02-01
sil	1984-02-09
calculated:valentine_day	1984-02-14
calculated:meak_bochea	1984-02-16
sil	1984-02-16
sil	1984-02-24
sil	1984-03-01
sil	1984-03-09
sil	1984-03-16
sil	1984-03-24
sil	1984-03-31
sil	1984-04-08
calculated:khmer_new_year_1	1984-04-13
calculated:khmer_new_year_2	1984-04-14
calculated:khmer_new_year_3	1984-04-15
sil	1984-04-15
sil	1984-04-23
sil	1984-04-29
sil	1984-05-07
calculated:visak_bochea	1984-05-14
sil	1984-05-14
calculated:royal_ploughing_ceremony	1984-05-18
sil	1984-05-22
sil	1984-05-29
sil	1984-06-06
sil	1984-06-13
sil	1984-06-21
sil	1984-06-28
calculated:buddhist_lent_candles_making_day	1984-07-06
sil	1984-07-06
calculated:the_ordained_dragon_monk	1984-07-12
sil	1984-07-13
calculated:beginning_buddhist_lent	1984-07-14
sil	1984-07-21
sil	1984-07-28
sil	1984-08-05
sil	1984-08-12
sil	1984-08-20
sil	1984-08-26
sil	1984-09-03
sil	1984-09-10
calculated:ben_1	1984-09-11
calculated:ben_2	1984-09-12
calculated:ben_3	1984-09-13
calculated:ben_4	1984-09-14
calculated:ben_5	1984-09-15
calculated:ben_6	1984-09-16
calculated:ben_7	1984-09-17
calculated:ben_8	1984-09-18
sil	1984-09-18
calculated:ben_9	1984-09-19
calculated:ben_10	1984-09-20
calculated:ben_11	1984-09-21
calculated:ben_12	1984-09-22
calculated:ben_13	1984-09-23
calculated:pchum_ben_festival	1984-09-24
calculated:pchum_ben_festival	1984-09-25
sil	1984-09-25
calculated:pchum_ben_festival	1984-09-26
sil	1984-10-03
calculated:ending_buddhist_lent	1984-10-10
sil	1984-10-10
calculated:kathen_kal	1984-10-11
sil	1984-10-18
sil	1984-10-24
sil	1984-11-01
calculated:water_festival	1984-11-07
calculated:water_festival	1984-11-08
sil	1984-11-08
calculated:water_festival	1984-11-09
sil	1984-11-16
sil	1984-11-23
sil	1984-12-01
sil	1984-12-08
sil	1984-12-16
sil	1984-12-22
calculated:christmas_day	1984-12-25
sil	1984-12-30
calculated:new_year_day	1985-01-01
sil	1985-01-06
sil	1985-01-14
sil	1985-01-21
sil	1985-01-29
calculated:meak_bochea	1985-02-05
sil	1985-02-05
sil	1985-02-13
calculated:valentine_day	1985-02-14
sil	1985-02-19
sil	1985-02-27
sil	1985-03-06
sil	1985-03-14
sil	1985-03-21
sil	1985-03-29
sil	1985-04-05
calculated:khmer_new_year_1	1985-04-13
sil	1985-04-13
calculated:khmer_new_year_2	1985-04-14
calculated:khmer_new_year_2	1985-04-15
calculated:khmer_new_year_3	1985-04-16
sil	1985-04-19
sil	1985-04-27
calculated:visak_bochea	1985-05-04
sil	1985-05-04
calculated:royal_ploughing_ceremony	1985-05-08
sil	1985-05-12
sil	1985-05-19
sil	1985-05-27
sil	1985-06-03
sil	1985-06-11
sil	1985-06-17
sil	1985-06-25
sil	1985-07-02
sil	1985-07-10
sil	1985-07-17
calculated:buddhist_lent_candles_making_day	1985-07-25
sil	1985-07-25
calculated:the_ordained_dragon_monk	1985-07-31
sil	1985-08-01
calculated:beginning_buddhist_lent	1985-08-02
sil	1985-08-09
sil	1985-08-16
sil	1985-08-24
sil	1985-08-31
sil	1985-09-08
sil	1985-09-14
sil	1985-09-22
sil	1985-09-29
calculated:ben_1	1985-09-30
calculated:ben_2	1985-10-01
calculated:ben_3	1985-10-02
calculated:ben_4	1985-10-03
calculated:ben_5	1985-10-04
calculated:ben_6	1985-10-05
calculated:ben_7	1985-10-06
calculated:ben_8	1985-10-07
sil	1985-10-07
calculated:ben_9	1985-10-08
calculated:ben_10	1985-10-09
calculated:ben_11	1985-10-10
calculated:ben_12	1985-10-11
calculated:ben_13	1985-10-12
calculated:pchum_ben_festival	1985-10-13
calculated:pchum_ben_festival	1985-10-14
sil	1985-10-14
calculated:pchum_ben_festival	1985-10-15
sil	1985-10-22
calculated:ending_buddhist_lent	1985-10-29
sil	1985-10-29
calculated:kathen_kal	1985-10-30
sil	1985-11-06
sil	1985-11-12
sil	1985-11-20
calculated:water_festival	1985-11-26
calculated:water_festival	1985-11-27
sil	1985-11-27
calculated:water_festival	1985-11-28
sil	1985-12-05
sil	1985-12-12
sil	1985-12-20
calculated:christmas_day	1985-12-25
sil	1985-12-27
calculated:new_year_day	1986-01-01
sil	1986-01-04
sil	1986-01-10
sil	1986-01-18
sil	1986-01-25
sil	1986-02-02
sil	1986-02-09
calculated:valentine_day	1986-02-14
sil	1986-02-17
calculated:meak_bochea	1986-02-24
sil	1986-02-24
sil	1986-03-04
sil	1986-03-10
sil	1986-03-18
sil	1986-03-25
sil	1986-04-02
sil	1986-04-09
calculated:khmer_new_year_1	1986-04-14
calculated:khmer_new_year_2	1986-04-15
calculated:khmer_new_year_3	1986-04-16
sil	1986-04-17
sil	1986-04-24
sil	1986-05-02
sil	1986-05-08
sil	1986-05-16
calculated:visak_bochea	1986-05-23
sil	1986-05-23
calculated:royal_ploughing_ceremony	1986-05-27
sil	1986-05-31
sil	1986-06-07
sil	1986-06-15
sil	1986-06-22
sil	1986-06-30
sil	1986-07-06
calculated:buddhist_lent_candles_making_day	1986-07-14
sil	1986-07-14
calculated:the_ordained_dragon_monk	1986-07-20
sil	1986-07-21
calculated:beginning_buddhist_lent	1986-07-22
sil	1986-07-29
sil	1986-08-05
sil	1986-08-13
sil	1986-08-20
sil	1986-08-28
sil	1986-09-03
sil	1986-09-11
sil	1986-09-18
calculated:ben_1	1986-09-19
calculated:ben_2	1986-09-20
calculated:ben_3	1986-09-21
calculated:ben_4	1986-09-22
calculated:ben_5	1986-09-23
calculated:ben_6	1986-09-24
calculated:ben_7	1986-09-25
calculated:ben_8	1986-09-26
sil	1986-09-26
calculated:ben_9	1986-09-27
calculated:ben_10	1986-09-28
calculated:ben_11	1986-09-29
calculated:ben_12	1986-09-30
calculated:ben_13	1986-10-01
calculated:pchum_ben_festival	1986-10-02
calculated:pchum_ben_festival	1986-10-03
sil	1986-10-03
calculated:pchum_ben_festival	1986-10-04
sil	1986-10-11
calculated:ending_buddhist_lent	1986-10-18
sil	1986-10-18
calculated:kathen_kal	1986-10-19
sil	1986-10-26
sil	1986-11-01
sil	1986-11-09
calculated:water_festival	1986-11-15
calculated:water_festival	1986-11-16
sil	1986-11-16
calculated:water_festival	1986-11-17
sil	1986-11-24
sil	1986-12-01
sil	1986-12-09
sil	1986-12-16
sil	1986-12-24
calculated:christmas_day	1986-12-25
sil	1986-12-30
calculated:new_year_day	1987-01-01
sil	1987-01-07
sil	1987-01-14
sil	1987-01-22
sil	1987-01-29
sil	1987-02-06
calculated:meak_bochea	1987-02-13
sil	1987-02-13
calculated:valentine_day	1987-02-14
sil	1987-02-21
sil	1987-02-27
sil	1987-03-07
sil	1987-03-14
sil	1987-03-22
sil	1987-03-29
sil	1987-04-06
sil	1987-04-13
calculated:khmer_new_year_1	1987-04-14
calculated:khmer_new_year_2	1987-04-15
calculated:khmer_new_year_3	1987-04-16
sil	1987-04-21
sil	1987-04-27
sil	1987-05-05
calculated:visak_bochea	1987-05-12
sil	1987-05-12
calculated:royal_ploughing_ceremony	1987-05-16
sil	1987-05-20
sil	1987-05-27
sil	1987-06-04
sil	1987-06-11
sil	1987-06-19
sil	1987-06-25
calculated:buddhist_lent_candles_making_day	1987-07-03
sil	1987-07-03
calculated:the_ordained_dragon_monk	1987-07-09
sil	1987-07-10
calculated:beginning_buddhist_lent	1987-07-11
sil	1987-07-18
sil	1987-07-25
sil	1987-08-02
sil	1987-08-09
sil	1987-08-17
sil	1987-08-23
sil	1987-08-31
sil	1987-09-07
calculated:ben_1	1987-09-08
calculated:ben_2	1987-09-09
calculated:ben_3	1987-09-10
calculated:ben_4	1987-09-11
calculated:ben_5	1987-09-12
calculated:ben_6	1987-09-13
calculated:ben_7	1987-09-14
calculated:ben_8	1987-09-15
sil	1987-09-15
calculated:ben_9	1987-09-16
calculated:ben_10	1987-09-17
calculated:ben_11	1987-09-18
calculated:ben_12	1987-09-19
calculated:ben_13	1987-09-20
calculated:pchum_ben_festival	1987-09-21
calculated:pchum_ben_festival	1987-09-22
sil	1987-09-22
calculated:pchum_ben_festival	1987-09-23
sil	1987-09-30
calculated:ending_buddhist_lent	1987-10-07
sil	1987-10-07
calculated:kathen_kal	1987-10-08
sil	1987-10-15
sil	1987-10-21
sil	1987-10-29
calculated:water_festival	1987-11-04
calculated:water_festival	1987-11-05
sil	1987-11-05
calculated:water_festival	1987-11-06
sil	1987-11-13
sil	1987-11-20
sil	1987-11-28
sil	1987-12-05
sil	1987-12-13
sil	1987-12-19
calculated:christmas_day	1987-12-25
sil	1987-12-27
calculated:new_year_day	1988-01-01
sil	1988-01-03
sil	1988-01-11
sil	1988-01-18
sil	1988-01-26
calculated:meak_bochea	1988-02-02
sil	1988-02-02
sil	1988-02-10
calculated:valentine_day	1988-02-14
sil	1988-02-16
sil	1988-02-24
sil	1988-03-02
sil	1988-03-10
sil	1988-03-17
sil	1988-03-25
sil	1988-04-01
sil	1988-04-09
calculated:khmer_new_year_1	1988-04-13
calculated:khmer_new_year_2	1988-04-14
calculated:khmer_new_year_3	1988-04-15
sil	1988-04-15
sil	1988-04-23
calculated:visak_bochea	1988-04-30
sil	1988-04-30
calculated:royal_ploughing_ceremony	1988-05-04
sil	1988-05-08
sil	1988-05-15
sil	1988-05-23
sil	1988-05-30
sil	1988-06-07
sil	1988-06-13
sil	1988-06-21
sil	1988-06-28
sil	1988-07-06
sil	1988-07-13
calculated:buddhist_lent_candles_making_day	1988-07-21
sil	1988-07-21
calculated:the_ordained_dragon_monk	1988-07-27
sil	1988-07-28
calculated:beginning_buddhist_lent	1988-07-29
sil	1988-08-05
sil	1988-08-12
sil	1988-08-20
sil	1988-08-27
sil	1988-09-04
sil	1988-09-10
sil	1988-09-18
sil	1988-09-25
calculated:ben_1	1988-09-26
calculated:ben_2	1988-09-27
calculated:ben_3	1988-09-28
calculated:ben_4	1988-09-29
calculated:ben_5	1988-09-30
calculated:ben_6	1988-10-01
calculated:ben_7	1988-10-02
calculated:ben_8	1988-10-03
sil	1988-10-03
calculated:ben_9	1988-10-04
calculated:ben_10	1988-10-05
calculated:ben_11	1988-10-06
calculated:ben_12	1988-10-07
calculated:ben_13	1988-10-08
calculated:pchum_ben_festival	1988-10-09
calculated:pchum_ben_festival	1988-10-10
sil	1988-10-10
calculated:pchum_ben_festival	1988-10-11
sil	1988-10-18
calculated:ending_buddhist_lent	1988-10-25
sil	1988-10-25
calculated:kathen_kal	1988-10-26
sil	1988-11-02
sil	1988-11-08
sil	1988-11-16
calculated:water_festival	1988-11-22
calculated:water_festival	1988-11-23
sil	1988-11-23
calculated:water_festival	1988-11-24
sil	1988-12-01
sil	1988-12-08
sil	1988-12-16
sil	1988-12-23
calculated:christmas_day	1988-12-25
sil	1988-12-31
calculated:new_year_day	1989-01-01
sil	1989-01-06
sil	1989-01-14
sil	1989-01-21
sil	1989-01-29
sil	1989-02-05
sil	1989-02-13
calculated:valentine_day	1989-02-14
calculated:meak_bochea	1989-02-20
sil	1989-02-20
sil	1989-02-28
sil	1989-03-06
sil	1989-03-14
sil	1989-03-21
sil	1989-03-29
sil	1989-04-05
calculated:khmer_new_year_1	1989-04-13
sil	1989-04-13
calculated:khmer_new_year_2	1989-04-14
calculated:khmer_new_year_2	1989-04-15
calculated:khmer_new_year_3	1989-04-16
sil	1989-04-20
sil	1989-04-28
sil	1989-05-04
sil	1989-05-12
calculated:visak_bochea	1989-05-19
sil	1989-05-19
calculated:royal_ploughing_ceremony	1989-05-23
sil	1989-05-27
sil	1989-06-03
sil	1989-06-11
sil	1989-06-18
sil	1989-06-26
sil	1989-07-03
calculated:buddhist_lent_candles_making_day	1989-07-11
sil	1989-07-11
calculated:the_ordained_dragon_monk	1989-07-17
sil	1989-07-18
calculated:beginning_buddhist_lent	1989-07-19
sil	1989-07-26
sil	1989-08-02
sil	1989-08-10
sil	1989-08-17
sil	1989-08-25
sil	1989-08-31
sil	1989-09-08
sil	1989-09-15
calculated:ben_1	1989-09-16
calculated:ben_2	1989-09-17
calculated:ben_3	1989-09-18
calculated:ben_4	1989-09-19
calculated:ben_5	1989-09-20
calculated:ben_6	1989-09-21
calculated:ben_7	1989-09-22
calculated:ben_8	1989-09-23
sil	1989-09-23
calculated:ben_9	1989-09-24
calculated:ben_10	1989-09-25
calculated:ben_11	1989-09-26
calculated:ben_12	1989-09-27
calculated:ben_13	1989-09-28
calculated:pchum_ben_festival	1989-09-29
calculated:pchum_ben_festival	1989-09-30
sil	1989-09-30
calculated:pchum_ben_festival	1989-10-01
sil	1989-10-08
calculated:ending_buddhist_lent	1989-10-15
sil	1989-10-15
calculated:kathen_kal	1989-10-16
sil	1989-10-23
sil	1989-10-29
sil	1989-11-06
calculated:water_festival	1989-11-12
calculated:water_festival	1989-11-13
sil	1989-11-13
calculated:water_festival	1989-11-14
sil	1989-11-21
sil	1989-11-28
sil	1989-12-06
sil	1989-12-13
sil	1989-12-21
calculated:christmas_day	1989-12-25
sil	1989-12-27
calculated:new_year_day	1990-01-01
sil	1990-01-04
sil	1990-01-11
sil	1990-01-19
sil	1990-01-26
sil	1990-02-03
calculated:meak_bochea	1990-02-10
sil	1990-02-10
calculated:valentine_day	1990-02-14
sil	1990-02-18
sil	1990-02-24
sil	1990-03-04
sil	1990-03-11
sil	1990-03-19
sil	1990-03-26
sil	1990-04-03
sil	1990-04-10
calculated:khmer_new_year_1	1990-04-14
calculated:khmer_new_year_2	1990-04-15
calculated:khmer_new_year_3	1990-04-16
sil	1990-04-18
sil	1990-04-24
sil	1990-05-02
calculated:visak_bochea	1990-05-09
sil	1990-05-09
calculated:royal_ploughing_ceremony	1990-05-13
sil	1990-05-17
sil	1990-05-24
sil	1990-06-01
sil	1990-06-08
sil	1990-06-16
sil	1990-06-22
calculated:buddhist_lent_candles_making_day	1990-06-30
sil	1990-06-30
calculated:the_ordained_dragon_monk	1990-07-06
sil	1990-07-07
calculated:beginning_buddhist_lent	1990-07-08
sil	1990-07-15
sil	1990-07-22
sil	1990-07-30
sil	1990-08-06
sil	1990-08-14
sil	1990-08-20
sil	1990-08-28
sil	1990-09-04
calculated:ben_1	1990-09-05
calculated:ben_2	1990-09-06
calculated:ben_3	1990-09-07
calculated:ben_4	1990-09-08
calculated:ben_5	1990-09-09
calculated:ben_6	1990-09-10
calculated:ben_7	1990-09-11
calculated:ben_8	1990-09-12
sil	1990-09-12
calculated:ben_9	1990-09-13
calculated:ben_10	1990-09-14
calculated:ben_11	1990-09-15
calculated:ben_12	1990-09-16
calculated:ben_13	1990-09-17
calculated:pchum_ben_festival	1990-09-18
calculated:pchum_ben_festival	1990-09-19
sil	1990-09-19
calculated:pchum_ben_festival	1990-09-20
sil	1990-09-27
calculated:ending_buddhist_lent	1990-10-04
sil	1990-10-04
calculated:kathen_kal	1990-10-05
sil	1990-10-12
sil	1990-10-18
sil	1990-10-26
calculated:water_festival	1990-11-01
calculated:water_festival	1990-11-02
sil	1990-11-02
calculated:water_festival	1990-11-03
sil	1990-11-10
sil	1990-11-17
sil	1990-11-25
sil	1990-12-02
sil	1990-12-10
sil	1990-12-16
sil	1990-12-24
calculated:christmas_day	1990-12-25
sil	1990-12-31
calculated:new_year_day	1991-01-01
sil	1991-01-08
sil	1991-01-15
sil	1991-01-23
calculated:meak_bochea	1991-01-30
sil	1991-01-30
sil	1991-02-07
sil	1991-02-13
calculated:valentine_day	1991-02-14
sil	1991-02-21
sil	1991-02-28
sil	1991-03-08
sil	1991-03-15
sil	1991-03-23
sil	1991-03-30
sil	1991-04-07
sil	1991-04-13
calculated:khmer_new_year_1	1991-04-14
calculated:khmer_new_year_2	1991-04-15
calculated:khmer_new_year_3	1991-04-16
sil	1991-04-21
calculated:visak_bochea	1991-04-28
sil	1991-04-28
calculated:royal_ploughing_ceremony	1991-05-02
sil	1991-05-06
sil	1991-05-13
sil	1991-05-21
sil	1991-05-28
sil	1991-06-05
sil	1991-06-11
sil	1991-06-19
sil	1991-06-26
sil	1991-07-04
sil	1991-07-11
calculated:buddhist_lent_candles_making_day	1991-07-19
sil	1991-07-19
calculated:the_ordained_dragon_monk	1991-07-25
sil	1991-07-26
calculated:beginning_buddhist_lent	1991-07-27
sil	1991-08-03
sil	1991-08-10
sil	1991-08-18
sil	1991-08-25
sil	1991-09-02
sil	1991-09-08
sil	1991-09-16
sil	1991-09-23
calculated:ben_1	1991-09-24
calculated:ben_2	1991-09-25
calculated:ben_3	1991-09-26
calculated:ben_4	1991-09-27
calculated:ben_5	1991-09-28
calculated:ben_6	1991-09-29
calculated:ben_7	1991-09-30
calculated:ben_8	1991-10-01
sil	1991-10-01
calculated:ben_9	1991-10-02
calculated:ben_10	1991-10-03
calculated:ben_11	1991-10-04
calculated:ben_12	1991-10-05
calculated:ben_13	1991-10-06
calculated:pchum_ben_festival	1991-10-07
calculated:pchum_ben_festival	1991-10-08
sil	1991-10-08
calculated:pchum_ben_festival	1991-10-09
sil	1991-10-16
calculated:ending_buddhist_lent	1991-10-23
sil	1991-10-23
calculated:kathen_kal	1991-10-24
sil	1991-10-31
sil	1991-11-06
sil	1991-11-14
calculated:water_festival	1991-11-20
calculated:water_festival	1991-11-21
sil	1991-11-21
calculated:water_festival	1991-11-22
sil	1991-11-29
sil	1991-12-06
sil	1991-12-14
sil	1991-12-21
calculated:christmas_day	1991-12-25
sil	1991-12-29
calculated:new_year_day	1992-01-01
sil	1992-01-04
sil	1992-01-12
sil	1992-01-19
sil	1992-01-27
sil	1992-02-03
sil	1992-02-11
calculated:valentine_day	1992-02-14
calculated:meak_bochea	1992-02-18
sil	1992-02-18
sil	1992-02-26
sil	1992-03-03
sil	1992-03-11
sil	1992-03-18
sil	1992-03-26
sil	1992-04-02
sil	1992-04-10
calculated:khmer_new_year_1	1992-04-13
calculated:khmer_new_year_2	1992-04-14
calculated:khmer_new_year_3	1992-04-15
sil	1992-04-17
sil	1992-04-25
sil	1992-05-01
sil	1992-05-09
calculated:visak_bochea	1992-05-16
sil	1992-05-16
calculated:royal_ploughing_ceremony	1992-05-20
sil	1992-05-24
sil	1992-05-31
sil	1992-06-08
sil	1992-06-15
sil	1992-06-23
sil	1992-06-29
calculated:buddhist_lent_candles_making_day	1992-07-07
sil	1992-07-07
calculated:the_ordained_dragon_monk	1992-07-13
sil	1992-07-14
calculated:beginning_buddhist_lent	1992-07-15
sil	1992-07-22
sil	1992-07-29
sil	1992-08-06
sil	1992-08-13
sil	1992-08-21
sil	1992-08-27
sil	1992-09-04
sil	1992-09-11
calculated:ben_1	1992-09-12
calculated:ben_2	1992-09-13
calculated:ben_3	1992-09-14
calculated:ben_4	1992-09-15
calculated:ben_5	1992-09-16
calculated:ben_6	1992-09-17
calculated:ben_7	1992-09-18
calculated:ben_8	1992-09-19
sil	1992-09-19
calculated:ben_9	1992-09-20
calculated:ben_10	1992-09-21
calculated:ben_11	1992-09-22
calculated:ben_12	1992-09-23
calculated:ben_13	1992-09-24
calculated:pchum_ben_festival	1992-09-25
calculated:pchum_ben_festival	1992-09-26
sil	1992-09-26
calculated:pchum_ben_festival	1992-09-27
sil	1992-10-04
calculated:ending_buddhist_lent	1992-10-11
sil	1992-10-11
calculated:kathen_kal	1992-10-12
sil	1992-10-19
sil	1992-10-25
sil	1992-11-02
calculated:water_festival	1992-11-08
calculated:water_festival	1992-11-09
sil	1992-11-09
calculated:water_festival	1992-11-10
sil	1992-11-17
sil	1992-11-24
sil	1992-12-02
sil	1992-12-09
sil	1992-12-17
sil	1992-12-23
calculated:christmas_day	1992-12-25
sil	1992-12-31
calculated:new_year_day	1993-01-01
sil	1993-01-07
sil	1993-01-15
sil	1993-01-22
sil	1993-01-30
calculated:meak_bochea	1993-02-06
sil	1993-02-06
calculated:valentine_day	1993-02-14
sil	1993-02-14
sil	1993-02-20
sil	1993-02-28
sil	1993-03-07
sil	1993-03-15
sil	1993-03-22
sil	1993-03-30
sil	1993-04-06
calculated:khmer_new_year_1	1993-04-13
calculated:khmer_new_year_2	1993-04-14
sil	1993-04-14
calculated:khmer_new_year_2	1993-04-15
calculated:khmer_new_year_3	1993-04-16
sil	1993-04-20
sil	1993-04-28
calculated:visak_bochea	1993-05-05
sil	1993-05-05
calculated:royal_ploughing_ceremony	1993-05-09
sil	1993-05-13
sil	1993-05-20
sil	1993-05-28
sil	1993-06-04
sil	1993-06-12
sil	1993-06-18
sil	1993-06-26
sil	1993-07-03
sil	1993-07-11
sil	1993-07-18
calculated:buddhist_lent_candles_making_day	1993-07-26
sil	1993-07-26
calculated:the_ordained_dragon_monk	1993-08-01
sil	1993-08-02
calculated:beginning_buddhist_lent	1993-08-03
sil	1993-08-10
sil	1993-08-17
sil	1993-08-25
sil	1993-09-01
sil	1993-09-09
sil	1993-09-15
sil	1993-09-23
sil	1993-09-30
calculated:ben_1	1993-10-01
calculated:ben_2	1993-10-02
calculated:ben_3	1993-10-03
calculated:ben_4	1993-10-04
calculated:ben_5	1993-10-05
calculated:ben_6	1993-10-06
calculated:ben_7	1993-10-07
calculated:ben_8	1993-10-08
sil	1993-10-08
calculated:ben_9	1993-10-09
calculated:ben_10	1993-10-10
calculated:ben_11	1993-10-11
calculated:ben_12	1993-10-12
calculated:ben_13	1993-10-13
calculated:pchum_ben_festival	1993-10-14
calculated:pchum_ben_festival	1993-10-15
sil	1993-10-15
calculated:pchum_ben_festival	1993-10-16
sil	1993-10-23
calculated:ending_buddhist_lent	1993-10-30
sil	1993-10-30
calculated:kathen_kal	1993-10-31
sil	1993-11-07
sil	1993-11-13
sil	1993-11-21
calculated:water_festival	1993-11-27
calculated:water_festival	1993-11-28
sil	1993-11-28
calculated:water_festival	1993-11-29
sil	1993-12-06
sil	1993-12-13
sil	1993-12-21
calculated:christmas_day	1993-12-25
sil	1993-12-28
calculated:new_year_day	1994-01-01
sil	1994-01-05
sil	1994-01-11
sil	1994-01-19
sil	1994-01-26
sil	1994-02-03
sil	1994-02-10
calculated:valentine_day	1994-02-14
sil	1994-02-18
calculated:meak_bochea	1994-02-25
sil	1994-02-25
sil	1994-03-05
sil	1994-03-11
sil	1994-03-19
sil	1994-03-26
sil	1994-04-03
sil	1994-04-10
calculated:khmer_new_year_1	1994-04-14
calculated:khmer_new_year_2	1994-04-15
calculated:khmer_new_year_3	1994-04-16
sil	1994-04-18
sil	1994-04-25
sil	1994-05-03
sil	1994-05-09
sil	1994-05-17
calculated:visak_bochea	1994-05-24
sil	1994-05-24
calculated:royal_ploughing_ceremony	1994-05-28
sil	1994-06-01
sil	1994-06-08
sil	1994-06-16
sil	1994-06-23
sil	1994-07-01
sil	1994-07-08
calculated:buddhist_lent_candles_making_day	1994-07-16
sil	1994-07-16
calculated:the_ordained_dragon_monk	1994-07-22
sil	1994-07-23
calculated:beginning_buddhist_lent	1994-07-24
sil	1994-07-31
sil	1994-08-07
sil	1994-08-15
sil	1994-08-22
sil	1994-08-30
sil	1994-09-05
sil	1994-09-13
sil	1994-09-20
calculated:ben_1	1994-09-21
calculated:ben_2	1994-09-22
calculated:ben_3	1994-09-23
calculated:ben_4	1994-09-24
calculated:ben_5	1994-09-25
calculated:ben_6	1994-09-26
calculated:ben_7	1994-09-27
calculated:ben_8	1994-09-28
sil	1994-09-28
calculated:ben_9	1994-09-29
calculated:ben_10	1994-09-30
calculated:ben_11	1994-10-01
calculated:ben_12	1994-10-02
calculated:ben_13	1994-10-03
calculated:pchum_ben_festival	1994-10-04
calculated:pchum_ben_festival	1994-10-05
sil	1994-10-05
calculated:pchum_ben_festival	1994-10-06
sil	1994-10-13
calculated:ending_buddhist_lent	1994-10-20
sil	1994-10-20
calculated:kathen_kal	1994-10-21
sil	1994-10-28
sil	1994-11-03
sil	1994-11-11
calculated:water_festival	1994-11-17
calculated:water_festival	1994-11-18
sil	1994-11-18
calculated:water_festival	1994-11-19
sil	1994-11-26
sil	1994-12-03
sil	1994-12-11
sil	1994-12-18
calculated:christmas_day	1994-12-25
sil	1994-12-26
calculated:new_year_day	1995-01-01
sil	1995-01-01
sil	1995-01-09
sil	1995-01-16
sil	1995-01-24
sil	1995-01-31
sil	1995-02-08
calculated:valentine_day	1995-02-14
calculated:meak_bochea	1995-02-15
sil	1995-02-15
sil	1995-02-23
sil	1995-03-01
sil	1995-03-09
sil	1995-03-16
sil	1995-03-24
sil	1995-03-31
sil	1995-04-08
calculated:khmer_new_year_1	1995-04-14
calculated:khmer_new_year_2	1995-04-15
sil	1995-04-15
calculated:khmer_new_year_3	1995-04-16
sil	1995-04-23
sil	1995-04-29
sil	1995-05-07
calculated:visak_bochea	1995-05-14
sil	1995-05-14
calculated:royal_ploughing_ceremony	1995-05-18
sil	1995-05-22
sil	1995-05-29
sil	1995-06-06
sil	1995-06-13
sil	1995-06-21
sil	1995-06-27
calculated:buddhist_lent_candles_making_day	1995-07-05
sil	1995-07-05
calculated:the_ordained_dragon_monk	1995-07-11
sil	1995-07-12
calculated:beginning_buddhist_lent	1995-07-13
sil	1995-07-20
sil	1995-07-27
sil	1995-08-04
sil	1995-08-11
sil	1995-08-19
sil	1995-08-25
sil	1995-09-02
sil	1995-09-09
calculated:ben_1	1995-09-10
calculated:ben_2	1995-09-11
calculated:ben_3	1995-09-12
calculated:ben_4	1995-09-13
calculated:ben_5	1995-09-14
calculated:ben_6	1995-09-15
calculated:ben_7	1995-09-16
calculated:ben_8	1995-09-17
sil	1995-09-17
calculated:ben_9	1995-09-18
calculated:ben_10	1995-09-19
calculated:ben_11	1995-09-20
calculated:ben_12	1995-09-21
calculated:ben_13	1995-09-22
calculated:pchum_ben_festival	1995-09-23
calculated:pchum_ben_festival	1995-09-24
sil	1995-09-24
calculated:pchum_ben_festival	1995-09-25
sil	1995-10-02
calculated:ending_buddhist_lent	1995-10-09
sil	1995-10-09
calculated:kathen_kal	1995-10-10
sil	1995-10-17
sil	1995-10-23
sil	1995-10-31
calculated:water_festival	1995-11-06
calculated:water_festival	1995-11-07
sil	1995-11-07
calculated:water_festival	1995-11-08
sil	1995-11-15
sil	1995-11-22
sil	1995-11-30
sil	1995-12-07
sil	1995-12-15
sil	1995-12-21
calculated:christmas_day	1995-12-25
sil	1995-12-29
calculated:new_year_day	1996-01-01
sil	1996-01-05
sil	1996-01-13
sil	1996-01-20
sil	1996-01-28
calculated:meak_bochea	1996-02-04
sil	1996-02-04
sil	1996-02-12
calculated:valentine_day	1996-02-14
sil	1996-02-18
sil	1996-02-26
sil	1996-03-04
sil	1996-03-12
sil	1996-03-19
sil	1996-03-27
sil	1996-04-03
sil	1996-04-11
calculated:khmer_new_year_1	1996-04-13
calculated:khmer_new_year_2	1996-04-14
calculated:khmer_new_year_3	1996-04-15
sil	1996-04-17
sil	1996-04-25
calculated:visak_bochea	1996-05-02
sil	1996-05-02
calculated:royal_ploughing_ceremony	1996-05-06
sil	1996-05-10
sil	1996-05-17
sil	1996-05-25
sil	1996-06-01
sil	1996-06-09
sil	1996-06-15
sil	1996-06-23
sil	1996-06-30
sil	1996-07-08
sil	1996-07-15
calculated:buddhist_lent_candles_making_day	1996-07-23
sil	1996-07-23
calculated:the_ordained_dragon_monk	1996-07-29
sil	1996-07-30
calculated:beginning_buddhist_lent	1996-07-31
sil	1996-08-07
sil	1996-08-14
sil	1996-08-22
sil	1996-08-29
sil	1996-09-06
sil	1996-09-12
sil	1996-09-20
sil	1996-09-27
calculated:ben_1	1996-09-28
calculated:ben_2	1996-09-29
calculated:ben_3	1996-09-30
calculated:ben_4	1996-10-01
calculated:ben_5	1996-10-02
calculated:ben_6	1996-10-03
calculated:ben_7	1996-10-04
calculated:ben_8	1996-10-05
sil	1996-10-05
calculated:ben_9	1996-10-06
calculated:ben_10	1996-10-07
calculated:ben_11	1996-10-08
calculated:ben_12	1996-10-09
calculated:ben_13	1996-10-10
calculated:pchum_ben_festival	1996-10-11
calculated:pchum_ben_festival	1996-10-12
sil	1996-10-12
calculated:pchum_ben_festival	1996-10-13
sil	1996-10-20
calculated:ending_buddhist_lent	1996-10-27
sil	1996-10-27
calculated:kathen_kal	1996-10-28
sil	1996-11-04
sil	1996-11-10
sil	1996-11-18
calculated:water_festival	1996-11-24
calculated:water_festival	1996-11-25
sil	1996-11-25
calculated:water_festival	1996-11-26
sil	1996-12-03
sil	1996-12-10
sil	1996-12-18
calculated:christmas_day	1996-12-25
sil	1996-12-25
calculated:new_year_day	1997-01-01
sil	1997-01-02
sil	1997-01-08
sil	1997-01-16
sil	1997-01-23
sil	1997-01-31
sil	1997-02-07
calculated:valentine_day	1997-02-14
sil	1997-02-15
calculated:meak_bochea	1997-02-22
sil	1997-02-22
sil	1997-03-02
sil	1997-03-08
sil	1997-03-16
sil	1997-03-23
sil	1997-03-31
sil	1997-04-07
calculated:khmer_new_year_1	1997-04-13
calculated:khmer_new_year_2	1997-04-14
calculated:khmer_new_year_2	1997-04-15
sil	1997-04-15
calculated:khmer_new_year_3	1997-04-16
sil	1997-04-22
sil	1997-04-30
sil	1997-05-06
sil	1997-05-14
calculated:visak_bochea	1997-05-21
sil	1997-05-21
calculated:royal_ploughing_ceremony	1997-05-25
sil	1997-05-29
sil	1997-06-05
sil	1997-06-13
sil	1997-06-20
sil	1997-06-28
sil	1997-07-04
calculated:buddhist_lent_candles_making_day	1997-07-12
sil	1997-07-12
calculated:the_ordained_dragon_monk	1997-07-18
sil	1997-07-19
calculated:beginning_buddhist_lent	1997-07-20
sil	1997-07-27
sil	1997-08-03
sil	1997-08-11
sil	1997-08-18
sil	1997-08-26
sil	1997-09-01
sil	1997-09-09
sil	1997-09-16
calculated:ben_1	1997-09-17
calculated:ben_2	1997-09-18
calculated:ben_3	1997-09-19
calculated:ben_4	1997-09-20
calculated:ben_5	1997-09-21
calculated:ben_6	1997-09-22
calculated:ben_7	1997-09-23
calculated:ben_8	1997-09-24
sil	1997-09-24
calculated:ben_9	1997-09-25
calculated:ben_10	1997-09-26
calculated:ben_11	1997-09-27
calculated:ben_12	1997-09-28
calculated:ben_13	1997-09-29
calculated:pchum_ben_festival	1997-09-30
calculated:pchum_ben_festival	1997-10-01
sil	1997-10-01
calculated:pchum_ben_festival	1997-10-02
sil	1997-10-09
calculated:ending_buddhist_lent	1997-10-16
sil	1997-10-16
calculated:kathen_kal	1997-10-17
sil	1997-10-24
sil	1997-10-30
sil	1997-11-07
calculated:water_festival	1997-11-13
calculated:water_festival	1997-11-14
sil	1997-11-14
calculated:water_festival	1997-11-15
sil	1997-11-22
sil	1997-11-29
sil	1997-12-07
sil	1997-12-14
sil	1997-12-22
calculated:christmas_day	1997-12-25
sil	1997-12-28
calculated:new_year_day	1998-01-01
sil	1998-01-05
sil	1998-01-12
sil	1998-01-20
sil	1998-01-27
sil	1998-02-04
calculated:meak_bochea	1998-02-11
sil	1998-02-11
calculated:valentine_day	1998-02-14
sil	1998-02-19
sil	1998-02-25
sil	1998-03-05
sil	1998-03-12
sil	1998-03-20
sil	1998-03-27
sil	1998-04-04
sil	1998-04-11
calculated:khmer_new_year_1	1998-04-14
calculated:khmer_new_year_2	1998-04-15
calculated:khmer_new_year_3	1998-04-16
sil	1998-04-19
sil	1998-04-25
sil	1998-05-03
calculated:visak_bochea	1998-05-10
sil	1998-05-10
calculated:royal_ploughing_ceremony	1998-05-14
sil	1998-05-18
sil	1998-05-25
sil	1998-06-02
sil	1998-06-09
sil	1998-06-17
sil	1998-06-23
calculated:buddhist_lent_candles_making_day	1998-07-01
sil	1998-07-01
calculated:the_ordained_dragon_monk	1998-07-07
sil	1998-07-08
calculated:beginning_buddhist_lent	1998-07-09
sil	1998-07-16
sil	1998-07-23
sil	1998-07-31
sil	1998-08-07
sil	1998-08-15
sil	1998-08-21
sil	1998-08-29
sil	1998-09-05
calculated:ben_1	1998-09-06
calculated:ben_2	1998-09-07
calculated:ben_3	1998-09-08
calculated:ben_4	1998-09-09
calculated:ben_5	1998-09-10
calculated:ben_6	1998-09-11
calculated:ben_7	1998-09-12
calculated:ben_8	1998-09-13
sil	1998-09-13
calculated:ben_9	1998-09-14
calculated:ben_10	1998-09-15
calculated:ben_11	1998-09-16
calculated:ben_12	1998-09-17
calculated:ben_13	1998-09-18
calculated:pchum_ben_festival	1998-09-19
calculated:pchum_ben_festival	1998-09-20
sil	1998-09-20
calculated:pchum_ben_festival	1998-09-21
sil	1998-09-28
calculated:ending_buddhist_lent	1998-10-05
sil	1998-10-05
calculated:kathen_kal	1998-10-06
sil	1998-10-13
sil	1998-10-19
sil	1998-10-27
calculated:water_festival	1998-11-02
calculated:water_festival	1998-11-03
sil	1998-11-03
calculated:water_festival	1998-11-04
sil	1998-11-11
sil	1998-11-18
sil	1998-11-26
sil	1998-12-03
sil	1998-12-11
sil	1998-12-17
calculated:christmas_day	1998-12-25
sil	1998-12-25
calculated:new_year_day	1999-01-01
sil	1999-01-01
sil	1999-01-09
sil	1999-01-16
sil	1999-01-24
calculated:meak_bochea	1999-01-31
sil	1999-01-31
sil	1999-02-08
calculated:valentine_day	1999-02-14
sil	1999-02-14
sil	1999-02-22
sil	1999-03-01
sil	1999-03-09
sil	1999-03-16
sil	1999-03-24
sil	1999-03-31
sil	1999-04-08
calculated:khmer_new_year_1	1999-04-14
sil	1999-04-14
calculated:khmer_new_year_2	1999-04-15
calculated:khmer_new_year_3	1999-04-16
sil	1999-04-22
calculated:visak_bochea	1999-04-29
sil	1999-04-29
calculated:royal_ploughing_ceremony	1999-05-03
sil	1999-05-07
sil	1999-05-14
sil	1999-05-22
sil	1999-05-29
sil	1999-06-06
sil	1999-06-12
sil	1999-06-20
sil	1999-06-27
sil	1999-07-05
sil	1999-07-12
calculated:buddhist_lent_candles_making_day	1999-07-20
sil	1999-07-20
calculated:the_ordained_dragon_monk	1999-07-26
sil	1999-07-27
calculated:beginning_buddhist_lent	1999-07-28
sil	1999-08-04
sil	1999-08-11
sil	1999-08-19
sil	1999-08-26
sil	1999-09-03
sil	1999-09-09
sil	1999-09-17
sil	1999-09-24
calculated:ben_1	1999-09-25
calculated:ben_2	1999-09-26
calculated:ben_3	1999-09-27
calculated:ben_4	1999-09-28
calculated:ben_5	1999-09-29
calculated:ben_6	1999-09-30
calculated:ben_7	1999-10-01
calculated:ben_8	1999-10-02
sil	1999-10-02
calculated:ben_9	1999-10-03
calculated:ben_10	1999-10-04
calculated:ben_11	1999-10-05
calculated:ben_12	1999-10-06
calculated:ben_13	1999-10-07
calculated:pchum_ben_festival	1999-10-08
calculated:pchum_ben_festival	1999-10-09
sil	1999-10-09
calculated:pchum_ben_festival	1999-10-10
sil	1999-10-17
calculated:ending_buddhist_lent	1999-10-24
sil	1999-10-24
calculated:kathen_kal	1999-10-25
sil	1999-11-01
sil	1999-11-07
sil	1999-11-15
calculated:water_festival	1999-11-21
calculated:water_festival	1999-11-22
sil	1999-11-22
calculated:water_festival	1999-11-23
sil	1999-11-30
sil	1999-12-07
sil	1999-12-15
sil	1999-12-22
calculated:christmas_day	1999-12-25
sil	1999-12-30
sil	2000-01-05
sil	2000-01-13
sil	2000-01-20
sil	2000-01-28
sil	2000-02-04
sil	2000-02-12
sil	2000-02-19
sil	2000-02-27
sil	2000-03-04
sil	2000-03-12
sil	2000-03-19
sil	2000-03-27
sil	2000-04-03
sil	2000-04-11
sil	2000-04-18
sil	2000-04-26
sil	2000-05-02
sil	2000-05-10
sil	2000-05-17
sil	2000-05-25
sil	2000-06-01
sil	2000-06-09
sil	2000-06-16
sil	2000-06-24
sil	2000-07-01
sil	2000-07-09
sil	2000-07-16
sil	2000-07-24
sil	2000-07-31
sil	2000-08-08
sil	2000-08-15
sil	2000-08-23
sil	2000-08-29
sil	2000-09-06
sil	2000-09-13
sil	2000-09-21
sil	2000-09-28
sil	2000-10-06
sil	2000-10-13
sil	2000-10-21
sil	2000-10-27
sil	2000-11-04
sil	2000-11-11
sil	2000-11-19
sil	2000-11-26
sil	2000-12-04
sil	2000-12-11
sil	2000-12-19
sil	2000-12-25
sil	2001-01-02
sil	2001-01-09
sil	2001-01-17
sil	2001-01-24
sil	2001-02-01
sil	2001-02-08
sil	2001-02-16
sil	2001-02-22
sil	2001-03-02
sil	2001-03-09
sil	2001-03-17
sil	2001-03-24
sil	2001-04-01
sil	2001-04-08
sil	2001-04-16
sil	2001-04-22
sil	2001-04-30
sil	2001-05-07
sil	2001-05-15
sil	2001-05-22
sil	2001-05-30
sil	2001-06-06
sil	2001-06-14
sil	2001-06-20
sil	2001-06-28
sil	2001-07-05
sil	2001-07-13
sil	2001-07-20
sil	2001-07-28
sil	2001-08-04
sil	2001-08-12
sil	2001-08-18
sil	2001-08-26
sil	2001-09-02
sil	2001-09-10
sil	2001-09-17
sil	2001-09-25
sil	2001-10-02
sil	2001-10-10
sil	2001-10-16
sil	2001-10-24
sil	2001-10-31
sil	2001-11-08
sil	2001-11-15
sil	2001-11-23
sil	2001-11-30
sil	2001-12-08
sil	2001-12-14
sil	2001-12-22
sil	2001-12-29
sil	2002-01-06
sil	2002-01-13
sil	2002-01-21
sil	2002-01-28
sil	2002-02-05
sil	2002-02-11
sil	2002-02-19
sil	2002-02-26
sil	2002-03-06
sil	2002-03-13
sil	2002-03-21
sil	2002-03-28
sil	2002-04-05
sil	2002-04-11
sil	2002-04-19
sil	2002-04-26
sil	2002-05-04
sil	2002-05-11
sil	2002-05-19
sil	2002-05-26
sil	2002-06-03
sil	2002-06-09
sil	2002-06-17
sil	2002-06-24
sil	2002-07-02
sil	2002-07-09
sil	2002-07-17
sil	2002-07-24
sil	2002-08-01
sil	2002-08-08
sil	2002-08-16
sil	2002-08-23
sil	2002-08-31
sil	2002-09-06
sil	2002-09-14
sil	2002-09-21
sil	2002-09-29
sil	2002-10-06
sil	2002-10-14
sil	2002-10-21
sil	2002-10-29
sil	2002-11-04
sil	2002-11-12
sil	2002-11-19
sil	2002-11-27
sil	2002-12-04
sil	2002-12-12
sil	2002-12-19
sil	2002-12-27
sil	2003-01-02
sil	2003-01-10
sil	2003-01-17
sil	2003-01-25
sil	2003-02-01
sil	2003-02-09
sil	2003-02-16
sil	2003-02-24
sil	2003-03-02
sil	2003-03-10
sil	2003-03-17
sil	2003-03-25
sil	2003-04-01
sil	2003-04-09
sil	2003-04-16
sil	2003-04-24
sil	2003-04-30
sil	2003-05-08
sil	2003-05-15
sil	2003-05-23
sil	2003-05-30
sil	2003-06-07
sil	2003-06-14
sil	2003-06-22
sil	2003-06-28
sil	2003-07-06
sil	2003-07-13
sil	2003-07-21
sil	2003-07-28
sil	2003-08-05
sil	2003-08-12
sil	2003-08-20
sil	2003-08-26
sil	2003-09-03
sil	2003-09-10
sil	2003-09-18
sil	2003-09-25
sil	2003-10-03
sil	2003-10-10
sil	2003-10-18
sil	2003-10-24
sil	2003-11-01
sil	2003-11-08
sil	2003-11-16
sil	2003-11-23
sil	2003-12-01
sil	2003-12-08
sil	2003-12-16
sil	2003-12-22
sil	2003-12-30
sil	2004-01-06
sil	2004-01-14
sil	2004-01-21
sil	2004-01-29
sil	2004-02-05
sil	2004-02-13
sil	2004-02-19
sil	2004-02-27
sil	2004-03-05
sil	2004-03-13
sil	2004-03-20
sil	2004-03-28
sil	2004-04-04
sil	2004-04-12
sil	2004-04-18
sil	2004-04-26
sil	2004-05-03
sil	2004-05-11
sil	2004-05-18
sil	2004-05-26
sil	2004-06-02
sil	2004-06-10
sil	2004-06-16
sil	2004-06-24
sil	2004-07-01
sil	2004-07-09
sil	2004-07-16
sil	2004-07-24
sil	2004-07-31
sil	2004-08-08
sil	2004-08-15
sil	2004-08-23
sil	2004-08-30
sil	2004-09-07
sil	2004-09-13
sil	2004-09-21
sil	2004-09-28
sil	2004-10-06
sil	2004-10-13
sil	2004-10-21
sil	2004-10-28
sil	2004-11-05
sil	2004-11-11
sil	2004-11-19
sil	2004-11-26
sil	2004-12-04
sil	2004-12-11
sil	2004-12-19
sil	2004-12-26
sil	2005-01-03
sil	2005-01-09
sil	2005-01-17
sil	2005-01-24
sil	2005-02-01
sil	2005-02-08
sil	2005-02-16
sil	2005-02-23
sil	2005-03-03
sil	2005-03-09
sil	2005-03-17
sil	2005-03-24
sil	2005-04-01
sil	2005-04-08
sil	2005-04-16
sil	2005-04-23
sil	2005-05-01
sil	2005-05-07
sil	2005-05-15
sil	2005-05-22
sil	2005-05-30
sil	2005-06-06
sil	2005-06-14
sil	2005-06-21
sil	2005-06-29
sil	2005-07-06
sil	2005-07-14
sil	2005-07-21
sil	2005-07-29
sil	2005-08-05
sil	2005-08-13
sil	2005-08-20
sil	2005-08-28
sil	2005-09-03
sil	2005-09-11
sil	2005-09-18
sil	2005-09-26
sil	2005-10-03
sil	2005-10-11
sil	2005-10-18
sil	2005-10-26
sil	2005-11-01
sil	2005-11-09
sil	2005-11-16
sil	2005-11-24
sil	2005-12-01
sil	2005-12-09
sil	2005-12-16
sil	2005-12-24
sil	2005-12-30
sil	2006-01-07
sil	2006-01-14
sil	2006-01-22
sil	2006-01-29
sil	2006-02-06
sil	2006-02-13
sil	2006-02-21
sil	2006-02-27
sil	2006-03-07
sil	2006-03-14
sil	2006-03-22
sil	2006-03-29
sil	2006-04-06
sil	2006-04-13
sil	2006-04-21
sil	2006-04-27
sil	2006-05-05
sil	2006-05-12
sil	2006-05-20
sil	2006-05-27
sil	2006-06-04
sil	2006-06-11
sil	2006-06-19
sil	2006-06-25
sil	2006-07-03
sil	2006-07-10
sil	2006-07-18
sil	2006-07-25
sil	2006-08-02
sil	2006-08-09
sil	2006-08-17
sil	2006-08-23
sil	2006-08-31
sil	2006-09-07
sil	2006-09-15
sil	2006-09-22
sil	2006-09-30
sil	2006-10-07
sil	2006-10-15
sil	2006-10-21
sil	2006-10-29
sil	2006-11-05
sil	2006-11-13
sil	2006-11-20
sil	2006-11-28
sil	2006-12-05
sil	2006-12-13
sil	2006-12-19
sil	2006-12-27
sil	2007-01-03
sil	2007-01-11
sil	2007-01-18
sil	2007-01-26
sil	2007-02-02
sil	2007-02-10
sil	2007-02-16
sil	2007-02-24
sil	2007-03-03
sil	2007-03-11
sil	2007-03-18
sil	2007-03-26
sil	2007-04-02
sil	2007-04-10
sil	2007-04-16
sil	2007-04-24
sil	2007-05-01
sil	2007-05-09
sil	2007-05-16
sil	2007-05-24
sil	2007-05-31
sil	2007-06-08
sil	2007-06-14
sil	2007-06-22
sil	2007-06-29
sil	2007-07-07
sil	2007-07-14
sil	2007-07-22
sil	2007-07-29
sil	2007-08-06
sil	2007-08-13
sil	2007-08-21
sil	2007-08-28
sil	2007-09-05
sil	2007-09-11
sil	2007-09-19
sil	2007-09-26
sil	2007-10-04
sil	2007-10-11
sil	2007-10-19
sil	2007-10-26
sil	2007-11-03
sil	2007-11-09
sil	2007-11-17
sil	2007-11-24
sil	2007-12-02
sil	2007-12-09
sil	2007-12-17
sil	2007-12-24
sil	2008-01-01
sil	2008-01-07
sil	2008-01-15
sil	2008-01-22
sil	2008-01-30
sil	2008-02-06
sil	2008-02-14
sil	2008-02-21
sil	2008-02-29
sil	2008-03-06
sil	2008-03-14
sil	2008-03-21
sil	2008-03-29
sil	2008-04-05
sil	2008-04-13
sil	2008-04-20
sil	2008-04-28
sil	2008-05-04
sil	2008-05-12
sil	2008-05-19
sil	2008-05-27
sil	2008-06-03
sil	2008-06-11
sil	2008-06-18
sil	2008-06-26
sil	2008-07-02
sil	2008-07-10
sil	2008-07-17
sil	2008-07-25
sil	2008-08-01
sil	2008-08-09
sil	2008-08-16
sil	2008-08-24
sil	2008-08-30
sil	2008-09-07
sil	2008-09-14
sil	2008-09-22
sil	2008-09-29
sil	2008-10-07
sil	2008-10-14
sil	2008-10-22
sil	2008-10-28
sil	2008-11-05
sil	2008-11-12
sil	2008-11-20
sil	2008-11-27
sil	2008-12-05
sil	2008-12-12
sil	2008-12-20
sil	2008-12-26
sil	2009-01-03
sil	2009-01-10
sil	2009-01-18
sil	2009-01-25
sil	2009-02-02
sil	2009-02-09
sil	2009-02-17
sil	2009-02-23
sil	2009-03-03
sil	2009-03-10
sil	2009-03-18
sil	2009-03-25
sil	2009-04-02
sil	2009-04-09
sil	2009-04-17
sil	2009-04-23
sil	2009-05-01
sil	2009-05-08
sil	2009-05-16
sil	2009-05-23
sil	2009-05-31
sil	2009-06-07
sil	2009-06-15
sil	2009-06-22
sil	2009-06-30
sil	2009-07-07
sil	2009-07-15
sil	2009-07-22
sil	2009-07-30
sil	2009-08-06
sil	2009-08-14
sil	2009-08-20
sil	2009-08-28
sil	2009-09-04
sil	2009-09-12
sil	2009-09-19
sil	2009-09-27
sil	2009-10-04
sil	2009-10-12
sil	2009-10-18
sil	2009-10-26
sil	2009-11-02
sil	2009-11-10
sil	2009-11-17
sil	2009-11-25
sil	2009-12-02
sil	2009-12-10
sil	2009-12-16
sil	2009-12-24
sil	2009-12-31
sil	2010-01-08
sil	2010-01-15
sil	2010-01-23
sil	2010-01-30
sil	2010-02-07
sil	2010-02-13
sil	2010-02-21
sil	2010-02-28
sil	2010-03-08
sil	2010-03-15
sil	2010-03-23
sil	2010-03-30
sil	2010-04-07
sil	2010-04-13
sil	2010-04-21
sil	2010-04-28
sil	2010-05-06
sil	2010-05-13
sil	2010-05-21
sil	2010-05-28
sil	2010-06-05
sil	2010-06-11
sil	2010-06-19
sil	2010-06-26
sil	2010-07-04
sil	2010-07-11
sil	2010-07-19
sil	2010-07-26
sil	2010-08-03
sil	2010-08-10
sil	2010-08-18
sil	2010-08-25
sil	2010-09-02
sil	2010-09-08
sil	2010-09-16
sil	2010-09-23
sil	2010-10-01
sil	2010-10-08
sil	2010-10-16
sil	2010-10-23
sil	2010-10-31
sil	2010-11-06
sil	2010-11-14
sil	2010-11-21
sil	2010-11-29
sil	2010-12-06
sil	2010-12-14
sil	2010-12-21
sil	2010-12-29
sil	2011-01-04
sil	2011-01-12
sil	2011-01-19
sil	2011-01-27
sil	2011-02-03
sil	2011-02-11
sil	2011-02-18
sil	2011-02-26
sil	2011-03-04
sil	2011-03-12
sil	2011-03-19
sil	2011-03-27
sil	2011-04-03
sil	2011-04-11
sil	2011-04-18
sil	2011-04-26
sil	2011-05-02
sil	2011-05-10
sil	2011-05-17
sil	2011-05-25
sil	2011-06-01
sil	2011-06-09
sil	2011-06-16
sil	2011-06-24
sil	2011-06-30
sil	2011-07-08
sil	2011-07-15
sil	2011-07-23
sil	2011-07-30
sil	2011-08-07
sil	2011-08-14
sil	2011-08-22
sil	2011-08-28
sil	2011-09-05
sil	2011-09-12
sil	2011-09-20
sil	2011-09-27
sil	2011-10-05
sil	2011-10-12
sil	2011-10-20
sil	2011-10-26
sil	2011-11-03
sil	2011-11-10
sil	2011-11-18
sil	2011-11-25
sil	2011-12-03
sil	2011-12-10
sil	2011-12-18
sil	2011-12-24
sil	2012-01-01
sil	2012-01-08
sil	2012-01-16
sil	2012-01-23
sil	2012-01-31
sil	2012-02-07
sil	2012-02-15
sil	2012-02-21
sil	2012-02-29
sil	2012-03-07
sil	2012-03-15
sil	2012-03-22
sil	2012-03-30
sil	2012-04-06
sil	2012-04-14
sil	2012-04-20
sil	2012-04-28
sil	2012-05-05
sil	2012-05-13
sil	2012-05-20
sil	2012-05-28
sil	2012-06-04
sil	2012-06-12
sil	2012-06-18
sil	2012-06-26
sil	2012-07-03
sil	2012-07-11
sil	2012-07-18
sil	2012-07-26
sil	2012-08-02
sil	2012-08-10
sil	2012-08-17
sil	2012-08-25
sil	2012-09-01
sil	2012-09-09
sil	2012-09-15
sil	2012-09-23
sil	2012-09-30
sil	2012-10-08
sil	2012-10-15
sil	2012-10-23
sil	2012-10-30
sil	2012-11-07
sil	2012-11-13
sil	2012-11-21
sil	2012-11-28
sil	2012-12-06
sil	2012-12-13
sil	2012-12-21
sil	2012-12-28
sil	2013-01-05
sil	2013-01-11
sil	2013-01-19
sil	2013-01-26
sil	2013-02-03
sil	2013-02-10
sil	2013-02-18
sil	2013-02-25
sil	2013-03-05
sil	2013-03-11
sil	2013-03-19
sil	2013-03-26
sil	2013-04-03
sil	2013-04-10
sil	2013-04-18
sil	2013-04-25
sil	2013-05-03
sil	2013-05-09
sil	2013-05-17
sil	2013-05-24
sil	2013-06-01
sil	2013-06-08
sil	2013-06-16
sil	2013-06-23
sil	2013-07-01
sil	2013-07-07
sil	2013-07-15
sil	2013-07-22
sil	2013-07-30
sil	2013-08-06
sil	2013-08-14
sil	2013-08-21
sil	2013-08-29
sil	2013-09-04
sil	2013-09-12
sil	2013-09-19
sil	2013-09-27
sil	2013-10-04
sil	2013-10-12
sil	2013-10-19
sil	2013-10-27
sil	2013-11-02
sil	2013-11-10
sil	2013-11-17
sil	2013-11-25
sil	2013-12-02
sil	2013-12-10
sil	2013-12-17
sil	2013-12-25
sil	2013-12-31
sil	2014-01-08
sil	2014-01-15
sil	2014-01-23
sil	2014-01-30
sil	2014-02-07
sil	2014-02-14
sil	2014-02-22
sil	2014-02-28
sil	2014-03-08
sil	2014-03-15
sil	2014-03-23
sil	2014-03-30
sil	2014-04-07
sil	2014-04-14
sil	2014-04-22
sil	2014-04-28
sil	2014-05-06
sil	2014-05-13
sil	2014-05-21
sil	2014-05-28
sil	2014-06-05
sil	2014-06-12
sil	2014-06-20
sil	2014-06-26
sil	2014-07-04
sil	2014-07-11
sil	2014-07-19
sil	2014-07-26
sil	2014-08-03
sil	2014-08-10
sil	2014-08-18
sil	2014-08-24
sil	2014-09-01
sil	2014-09-08
sil	2014-09-16
sil	2014-09-23
sil	2014-10-01
sil	2014-10-08
sil	2014-10-16
sil	2014-10-22
sil	2014-10-30
sil	2014-11-06
sil	2014-11-14
sil	2014-11-21
sil	2014-11-29
sil	2014-12-06
sil	2014-12-14
sil	2014-12-20
sil	2014-12-28
sil	2015-01-04
sil	2015-01-12
sil	2015-01-19
sil	2015-01-27
sil	2015-02-03
sil	2015-02-11
sil	2015-02-17
sil	2015-02-25
sil	2015-03-04
sil	2015-03-12
sil	2015-03-19
sil	2015-03-27
sil	2015-04-03
sil	2015-04-11
sil	2015-04-17
sil	2015-04-25
sil	2015-05-02
sil	2015-05-10
sil	2015-05-17
sil	2015-05-25
sil	2015-06-01
sil	2015-06-09
sil	2015-06-15
sil	2015-06-23
sil	2015-06-30
sil	2015-07-08
sil	2015-07-15
sil	2015-07-23
sil	2015-07-30
sil	2015-08-07
sil	2015-08-14
sil	2015-08-22
sil	2015-08-29
sil	2015-09-06
sil	2015-09-12
sil	2015-09-20
sil	2015-09-27
sil	2015-10-05
sil	2015-10-12
sil	2015-10-20
sil	2015-10-27
sil	2015-11-04
sil	2015-11-10
sil	2015-11-18
sil	2015-11-25
sil	2015-12-03
sil	2015-12-10
sil	2015-12-18
sil	2015-12-25
sil	2016-01-02
sil	2016-01-08
sil	2016-01-16
sil	2016-01-23
sil	2016-01-31
sil	2016-02-07
sil	2016-02-15
sil	2016-02-22
sil	2016-03-01
sil	2016-03-07
sil	2016-03-15
sil	2016-03-22
sil	2016-03-30
sil	2016-04-06
sil	2016-04-14
sil	2016-04-21
sil	2016-04-29
sil	2016-05-05
sil	2016-05-13
sil	2016-05-20
sil	2016-05-28
sil	2016-06-04
sil	2016-06-12
sil	2016-06-19
sil	2016-06-27
sil	2016-07-04
sil	2016-07-12
sil	2016-07-19
sil	2016-07-27
sil	2016-08-03
sil	2016-08-11
sil	2016-08-18
sil	2016-08-26
sil	2016-09-01
sil	2016-09-09
sil	2016-09-16
sil	2016-09-24
sil	2016-10-01
sil	2016-10-09
sil	2016-10-16
sil	2016-10-24
sil	2016-10-30
sil	2016-11-07
sil	2016-11-14
sil	2016-11-22
sil	2016-11-29
sil	2016-12-07
sil	2016-12-14
sil	2016-12-22
sil	2016-12-28
sil	2017-01-05
sil	2017-01-12
sil	2017-01-20
sil	2017-01-27
sil	2017-02-04
sil	2017-02-11
sil	2017-02-19
sil	2017-02-25
sil	2017-03-05
sil	2017-03-12
sil	2017-03-20
sil	2017-03-27
sil	2017-04-04
sil	2017-04-11
sil	2017-04-19
sil	2017-04-25
sil	2017-05-03
sil	2017-05-10
sil	2017-05-18
sil	2017-05-25
sil	2017-06-02
sil	2017-06-09
sil	2017-06-17
sil	2017-06-23
sil	2017-07-01
sil	2017-07-08
sil	2017-07-16
sil	2017-07-23
sil	2017-07-31
sil	2017-08-07
sil	2017-08-15
sil	2017-08-21
sil	2017-08-29
sil	2017-09-05
sil	2017-09-13
sil	2017-09-20
sil	2017-09-28
sil	2017-10-05
sil	2017-10-13
sil	2017-10-19
sil	2017-10-27
sil	2017-11-03
sil	2017-11-11
sil	2017-11-18
sil	2017-11-26
sil	2017-12-03
sil	2017-12-11
sil	2017-12-17
sil	2017-12-25
sil	2018-01-01
sil	2018-01-09
sil	2018-01-16
sil	2018-01-24
sil	2018-01-31
sil	2018-02-08
sil	2018-02-14
sil	2018-02-22
sil	2018-03-01
sil	2018-03-09
sil	2018-03-16
sil	2018-03-24
sil	2018-03-31
sil	2018-04-08
sil	2018-04-14
sil	2018-04-22
sil	2018-04-29
sil	2018-05-07
sil	2018-05-14
sil	2018-05-22
sil	2018-05-29
sil	2018-06-06
sil	2018-06-12
sil	2018-06-20
sil	2018-06-27
sil	2018-07-05
sil	2018-07-12
sil	2018-07-20
sil	2018-07-27
sil	2018-08-04
sil	2018-08-11
sil	2018-08-19
sil	2018-08-26
sil	2018-09-03
sil	2018-09-09
sil	2018-09-17
sil	2018-09-24
sil	2018-10-02
sil	2018-10-09
sil	2018-10-17
sil	2018-10-24
sil	2018-11-01
sil	2018-11-07
sil	2018-11-15
sil	2018-11-22
sil	2018-11-30
sil	2018-12-07
sil	2018-12-15
sil	2018-12-22
sil	2018-12-30
sil	2019-01-05
sil	2019-01-13
sil	2019-01-20
sil	2019-01-28
sil	2019-02-04
sil	2019-02-12
sil	2019-02-19
sil	2019-02-27
sil	2019-03-05
sil	2019-03-13
sil	2019-03-20
sil	2019-03-28
sil	2019-04-04
sil	2019-04-12
sil	2019-04-19
sil	2019-04-27
sil	2019-05-03
sil	2019-05-11
sil	2019-05-18
sil	2019-05-26
sil	2019-06-02
sil	2019-06-10
sil	2019-06-17
sil	2019-06-25
sil	2019-07-01
sil	2019-07-09
sil	2019-07-16
sil	2019-07-24
sil	2019-07-31
sil	2019-08-08
sil	2019-08-15
sil	2019-08-23
sil	2019-08-29
sil	2019-09-06
sil	2019-09-13
sil	2019-09-21
sil	2019-09-28
sil	2019-10-06
sil	2019-10-13
sil	2019-10-21
sil	2019-10-27
sil	2019-11-04
sil	2019-11-11
sil	2019-11-19
sil	2019-11-26
sil	2019-12-04
sil	2019-12-11
sil	2019-12-19
sil	2019-12-25
sil	2020-01-02
sil	2020-01-09
sil	2020-01-17
sil	2020-01-24
sil	2020-02-01
sil	2020-02-08
sil	2020-02-16
sil	2020-02-22
sil	2020-03-01
sil	2020-03-08
sil	2020-03-16
sil	2020-03-23
sil	2020-03-31
sil	2020-04-07
sil	2020-04-15
sil	2020-04-21
sil	2020-04-29
sil	2020-05-06
sil	2020-05-14
sil	2020-05-21
sil	2020-05-29
sil	2020-06-05
sil	2020-06-13
sil	2020-06-20
sil	2020-06-28
sil	2020-07-05
sil	2020-07-13
sil	2020-07-20
sil	2020-07-28
sil	2020-08-04
sil	2020-08-12
sil	2020-08-18
sil	2020-08-26
sil	2020-09-02
sil	2020-09-10
sil	2020-09-17
sil	2020-09-25
sil	2020-10-02
sil	2020-10-10
sil	2020-10-16
sil	2020-10-24
sil	2020-10-31
sil	2020-11-08
sil	2020-11-15
sil	2020-11-23
sil	2020-11-30
sil	2020-12-08
sil	2020-12-14
sil	2020-12-22
sil	2020-12-29
sil	2021-01-06
sil	2021-01-13
sil	2021-01-21
sil	2021-01-28
sil	2021-02-05
sil	2021-02-11
sil	2021-02-19
sil	2021-02-26
sil	2021-03-06
sil	2021-03-13
sil	2021-03-21
sil	2021-03-28
sil	2021-04-05
sil	2021-04-11
sil	2021-04-19
sil	2021-04-26
sil	2021-05-04
sil	2021-05-11
sil	2021-05-19
sil	2021-05-26
sil	2021-06-03
sil	2021-06-09
sil	2021-06-17
sil	2021-06-24
sil	2021-07-02
sil	2021-07-09
sil	2021-07-17
sil	2021-07-24
sil	2021-08-01
sil	2021-08-08
sil	2021-08-16
sil	2021-08-23
sil	2021-08-31
sil	2021-09-06
sil	2021-09-14
sil	2021-09-21
sil	2021-09-29
sil	2021-10-06
sil	2021-10-14
sil	2021-10-21
sil	2021-10-29
sil	2021-11-04
sil	2021-11-12
sil	2021-11-19
sil	2021-11-27
sil	2021-12-04
sil	2021-12-12
sil	2021-12-19
sil	2021-12-27
sil	2022-01-02
sil	2022-01-10
sil	2022-01-17
sil	2022-01-25
sil	2022-02-01
sil	2022-02-09
sil	2022-02-16
sil	2022-02-24
sil	2022-03-02
sil	2022-03-10
sil	2022-03-17
sil	2022-03-25
sil	2022-04-01
sil	2022-04-09
sil	2022-04-16
sil	2022-04-24
sil	2022-04-30
sil	2022-05-08
sil	2022-05-15
sil	2022-05-23
sil	2022-05-30
sil	2022-06-07
sil	2022-06-14
sil	2022-06-22
sil	2022-06-28
sil	2022-07-06
sil	2022-07-13
sil	2022-07-21
sil	2022-07-28
sil	2022-08-05
sil	2022-08-12
sil	2022-08-20
sil	2022-08-26
sil	2022-09-03
sil	2022-09-10
sil	2022-09-18
sil	2022-09-25
sil	2022-10-03
sil	2022-10-10
sil	2022-10-18
sil	2022-10-24
sil	2022-11-01
sil	2022-11-08
sil	2022-11-16
sil	2022-11-23
sil	2022-12-01
sil	2022-12-08
sil	2022-12-16
sil	2022-12-22
sil	2022-12-30
sil	2023-01-06
sil	2023-01-14
sil	2023-01-21
sil	2023-01-29
sil	2023-02-05
sil	2023-02-13
sil	2023-02-19
sil	2023-02-27
sil	2023-03-06
sil	2023-03-14
sil	2023-03-21
sil	2023-03-29
sil	2023-04-05
sil	2023-04-13
sil	2023-04-19
sil	2023-04-27
sil	2023-05-04
sil	2023-05-12
sil	2023-05-19
sil	2023-05-27
sil	2023-06-03
sil	2023-06-11
sil	2023-06-17
sil	2023-06-25
sil	2023-07-02
sil	2023-07-10
sil	2023-07-17
sil	2023-07-25
sil	2023-08-01
sil	2023-08-09
sil	2023-08-16
sil	2023-08-24
sil	2023-08-31
sil	2023-09-08
sil	2023-09-14
sil	2023-09-22
sil	2023-09-29
sil	2023-10-07
sil	2023-10-14
sil	2023-10-22
sil	2023-10-29
sil	2023-11-06
sil	2023-11-12
sil	2023-11-20
sil	2023-11-27
sil	2023-12-05
sil	2023-12-12
sil	2023-12-20
sil	2023-12-27
sil	2024-01-04
sil	2024-01-10
sil	2024-01-18
sil	2024-01-25
sil	2024-02-02
sil	2024-02-09
sil	2024-02-17
sil	2024-02-24
sil	2024-03-03
sil	2024-03-09
sil	2024-03-17
sil	2024-03-24
sil	2024-04-01
sil	2024-04-08
sil	2024-04-16
sil	2024-04-23
sil	2024-05-01
sil	2024-05-07
sil	2024-05-15
sil	2024-05-22
sil	2024-05-30
sil	2024-06-06
sil	2024-06-14
sil	2024-06-21
sil	2024-06-29
sil	2024-07-05
sil	2024-07-13
sil	2024-07-20
sil	2024-07-28
sil	2024-08-04
sil	2024-08-12
sil	2024-08-19
sil	2024-08-27
sil	2024-09-02
sil	2024-09-10
sil	2024-09-17
sil	2024-09-25
sil	2024-10-02
sil	2024-10-10
sil	2024-10-17
sil	2024-10-25
sil	2024-10-31
sil	2024-11-08
sil	2024-11-15
sil	2024-11-23
sil	2024-11-30
sil	2024-12-08
sil	2024-12-15
sil	2024-12-23
sil	2024-12-29
sil	2025-01-06
sil	2025-01-13
sil	2025-01-21
sil	2025-01-28
sil	2025-02-05
sil	2025-02-12
sil	2025-02-20
sil	2025-02-26
sil	2025-03-06
sil	2025-03-13
sil	2025-03-21
sil	2025-03-28
sil	2025-04-05
sil	2025-04-12
sil	2025-04-20
sil	2025-04-26
sil	2025-05-04
sil	2025-05-11
sil	2025-05-19
sil	2025-05-26
sil	2025-06-03
sil	2025-06-10
sil	2025-06-18
sil	2025-06-25
sil	2025-07-03
sil	2025-07-10
sil	2025-07-18
sil	2025-07-25
sil	2025-08-02
sil	2025-08-09
sil	2025-08-17
sil	2025-08-23
sil	2025-08-31
sil	2025-09-07
sil	2025-09-15
sil	2025-09-22
sil	2025-09-30
sil	2025-10-07
sil	2025-10-15
sil	2025-10-21
sil	2025-10-29
sil	2025-11-05
sil	2025-11-13
sil	2025-11-20
sil	2025-11-28
sil	2025-12-05
sil	2025-12-13
sil	2025-12-19
sil	2025-12-27
sil	2026-01-03
sil	2026-01-11
sil	2026-01-18
sil	2026-01-26
sil	2026-02-02
sil	2026-02-10
sil	2026-02-16
sil	2026-02-24
sil	2026-03-03
sil	2026-03-11
sil	2026-03-18
sil	2026-03-26
sil	2026-04-02
sil	2026-04-10
sil	2026-04-16
sil	2026-04-24
sil	2026-05-01
sil	2026-05-09
sil	2026-05-16
sil	2026-05-24
sil	2026-05-31
sil	2026-06-08
sil	2026-06-14
sil	2026-06-22
sil	2026-06-29
sil	2026-07-07
sil	2026-07-14
sil	2026-07-22
sil	2026-07-29
sil	2026-08-06
sil	2026-08-13
sil	2026-08-21
sil	2026-08-28
sil	2026-09-05
sil	2026-09-11
sil	2026-09-19
sil	2026-09-26
sil	2026-10-04
sil	2026-10-11
sil	2026-10-19
sil	2026-10-26
sil	2026-11-03
sil	2026-11-09
sil	2026-11-17
sil	2026-11-24
sil	2026-12-02
sil	2026-12-09
sil	2026-12-17
sil	2026-12-24
sil	2027-01-01
sil	2027-01-07
sil	2027-01-15
sil	2027-01-22
sil	2027-01-30
sil	2027-02-06
sil	2027-02-14
sil	2027-02-21
sil	2027-03-01
sil	2027-03-07
sil	2027-03-15
sil	2027-03-22
sil	2027-03-30
sil	2027-04-06
sil	2027-04-14
sil	2027-04-21
sil	2027-04-29
sil	2027-05-05
sil	2027-05-13
sil	2027-05-20
sil	2027-05-28
sil	2027-06-04
sil	2027-06-12
sil	2027-06-19
sil	2027-06-27
sil	2027-07-03
sil	2027-07-11
sil	2027-07-18
sil	2027-07-26
sil	2027-08-02
sil	2027-08-10
sil	2027-08-17
sil	2027-08-25
sil	2027-08-31
sil	2027-09-08
sil	2027-09-15
sil	2027-09-23
sil	2027-09-30
sil	2027-10-08
sil	2027-10-15
sil	2027-10-23
sil	2027-10-29
sil	2027-11-06
sil	2027-11-13
sil	2027-11-21
sil	2027-11-28
sil	2027-12-06
sil	2027-12-13
sil	2027-12-21
sil	2027-12-27
sil	2028-01-04
sil	2028-01-11
sil	2028-01-19
sil	2028-01-26
sil	2028-02-03
sil	2028-02-10
sil	2028-02-18
sil	2028-02-24
sil	2028-03-03
sil	2028-03-10
sil	2028-03-18
sil	2028-03-25
sil	2028-04-02
sil	2028-04-09
sil	2028-04-17
sil	2028-04-23
sil	2028-05-01
sil	2028-05-08
sil	2028-05-16
sil	2028-05-23
sil	2028-05-31
sil	2028-06-07
sil	2028-06-15
sil	2028-06-21
sil	2028-06-29
sil	2028-07-06
sil	2028-07-14
sil	2028-07-21
sil	2028-07-29
sil	2028-08-05
sil	2028-08-13
sil	2028-08-19
sil	2028-08-27
sil	2028-09-03
sil	2028-09-11
sil	2028-09-18
sil	2028-09-26
sil	2028-10-03
sil	2028-10-11
sil	2028-10-17
sil	2028-10-25
sil	2028-11-01
sil	2028-11-09
sil	2028-11-16
sil	2028-11-24
sil	2028-12-01
sil	2028-12-09
sil	2028-12-15
sil	2028-12-23
sil	2028-12-30
sil	2029-01-07
sil	2029-01-14
sil	2029-01-22
sil	2029-01-29
sil	2029-02-06
sil	2029-02-12
sil	2029-02-20
sil	2029-02-27
sil	2029-03-07
sil	2029-03-14
sil	2029-03-22
sil	2029-03-29
sil	2029-04-06
sil	2029-04-12
sil	2029-04-20
sil	2029-04-27
sil	2029-05-05
sil	2029-05-12
sil	2029-05-20
sil	2029-05-27
sil	2029-06-04
sil	2029-06-10
sil	2029-06-18
sil	2029-06-25
sil	2029-07-03
sil	2029-07-10
sil	2029-07-18
sil	2029-07-25
sil	2029-08-02
sil	2029-08-09
sil	2029-08-17
sil	2029-08-24
sil	2029-09-01
sil	2029-09-07
sil	2029-09-15
sil	2029-09-22
sil	2029-09-30
sil	2029-10-07
sil	2029-10-15
sil	2029-10-22
sil	2029-10-30
sil	2029-11-05
sil	2029-11-13
sil	2029-11-20
sil	2029-11-28
sil	2029-12-05
sil	2029-12-13
sil	2029-12-20
sil	2029-12-28
sil	2030-01-03
sil	2030-01-11
sil	2030-01-18
sil	2030-01-26
sil	2030-02-02
sil	2030-02-10
sil	2030-02-17
sil	2030-02-25
sil	2030-03-03
sil	2030-03-11
sil	2030-03-18
sil	2030-03-26
sil	2030-04-02
sil	2030-04-10
sil	2030-04-17
sil	2030-04-25
sil	2030-05-01
sil	2030-05-09
sil	2030-05-16
sil	2030-05-24
sil	2030-05-31
sil	2030-06-08
sil	2030-06-15
sil	2030-06-23
sil	2030-06-30
sil	2030-07-08
sil	2030-07-15
sil	2030-07-23
sil	2030-07-30
sil	2030-08-07
sil	2030-08-14
sil	2030-08-22
sil	2030-08-28
sil	2030-09-05
sil	2030-09-12
sil	2030-09-20
sil	2030-09-27
sil	2030-10-05
sil	2030-10-12
sil	2030-10-20
sil	2030-10-26
sil	2030-11-03
sil	2030-11-10
sil	2030-11-18
sil	2030-11-25
sil	2030-12-03
sil	2030-12-10
sil	2030-12-18
sil	2030-12-24
calculated:new_year_day	2031-01-01
sil	2031-01-01
calculated:victory_over_genocide	2031-01-07
sil	2031-01-08
sil	2031-01-16
sil	2031-01-23
sil	2031-01-31
calculated:meak_bochea	2031-02-07
sil	2031-02-07
calculated:valentine_day	2031-02-14
sil	2031-02-15
calculated:maternal_newborn_child_health_day	2031-02-21
sil	2031-02-21
calculated:national_mine_awareness_day	2031-02-24
sil	2031-03-01
calculated:national_culture_day	2031-03-03
calculated:water_policy_day	2031-03-04
calculated:international_women_day	2031-03-08
sil	2031-03-08
sil	2031-03-16
calculated:world_water_meteorological_day	2031-03-22
sil	2031-03-23
calculated:world_tuberculosis_day	2031-03-24
sil	2031-03-31
calculated:world_health_day	2031-04-07
sil	2031-04-07
calculated:international_buddhist_day	2031-04-08
calculated:khmer_new_year_1	2031-04-14
calculated:khmer_new_year_2	2031-04-15
sil	2031-04-15
calculated:khmer_new_year_3	2031-04-16
sil	2031-04-21
calculated:world_safety_and_health_at_work	2031-04-28
sil	2031-04-29
calculated:cambodia_joined_asean	2031-04-30
calculated:international_labor_day	2031-05-01
calculated:world_press_freedom_day	2031-05-03
calculated:visak_bochea	2031-05-06
sil	2031-05-06
calculated:world_red_cross_day	2031-05-08
calculated:royal_ploughing_ceremony	2031-05-10
calculated:mothers_day	2031-05-11
calculated:king_sihamoni_birthday	2031-05-14
sil	2031-05-14
calculated:international_day_of_families	2031-05-15
calculated:birth_of_national_police	2031-05-16
calculated:national_day_of_remembrance	2031-05-20
sil	2031-05-21
sil	2031-05-29
calculated:world_no_tobacco_day	2031-05-31
calculated:international_children_day	2031-06-01
calculated:world_environment_day	2031-06-05
sil	2031-06-05
calculated:world_day_against_child_labour	2031-06-12
sil	2031-06-13
calculated:fathers_day	2031-06-15
calculated:icj_preah_vihear_ownership	2031-06-15
calculated:queen_mother_birthday	2031-06-18
sil	2031-06-19
calculated:anti_drug_day	2031-06-26
sil	2031-06-27
calculated:national_fish_day	2031-07-01
calculated:cambodia_joined_unesco	2031-07-03
sil	2031-07-04
calculated:preah_vihear_unesco	2031-07-07
calculated:sambor_prei_kuk_unesco	2031-07-08
calculated:arbor_day	2031-07-09
calculated:m13_tuol_sleng_choeung_ek_unesco	2031-07-11
calculated:national_population_day	2031-07-11
sil	2031-07-12
sil	2031-07-19
calculated:buddhist_lent_candles_making_day	2031-07-27
sil	2031-07-27
calculated:tuol_sleng_archives_unesco	2031-07-31
calculated:world_ranger_day	2031-07-31
calculated:the_ordained_dragon_monk	2031-08-02
sil	2031-08-03
calculated:beginning_buddhist_lent	2031-08-04
calculated:indigenous_peoples_day	2031-08-09
sil	2031-08-11
calculated:international_youth_day	2031-08-12
sil	2031-08-18
sil	2031-08-26
sil	2031-09-02
calculated:international_literacy_day	2031-09-08
sil	2031-09-10
calculated:ozone_layer_preservation_day	2031-09-16
sil	2031-09-16
calculated:koh_ker_unesco	2031-09-17
calculated:international_peace_day	2031-09-21
calculated:constitution_day	2031-09-24
sil	2031-09-24
calculated:world_tourism_day	2031-09-27
calculated:cambodian_older_persons_day	2031-10-01
sil	2031-10-01
calculated:ben_1	2031-10-02
calculated:ben_2	2031-10-03
calculated:ben_3	2031-10-04
calculated:ben_4	2031-10-05
calculated:world_teachers_day	2031-10-05
calculated:ben_5	2031-10-06
calculated:ben_6	2031-10-07
calculated:ben_7	2031-10-08
calculated:ben_8	2031-10-09
sil	2031-10-09
calculated:ben_9	2031-10-10
calculated:ben_10	2031-10-11
calculated:ben_11	2031-10-12
calculated:ben_12	2031-10-13
calculated:ben_13	2031-10-14
calculated:king_father_commemoration	2031-10-15
calculated:pchum_ben_festival	2031-10-15
calculated:pchum_ben_festival	2031-10-16
sil	2031-10-16
calculated:pchum_ben_festival	2031-10-17
calculated:paris_peace_agreement	2031-10-23
sil	2031-10-24
calculated:king_coronation_day	2031-10-29
calculated:ending_buddhist_lent	2031-10-31
calculated:halloween	2031-10-31
sil	2031-10-31
calculated:kathen_kal	2031-11-01
calculated:royal_ballet_unesco	2031-11-07
sil	2031-11-08
calculated:independence_day	2031-11-09
sil	2031-11-14
sil	2031-11-22
calculated:environmental_sanitation_day	2031-11-23
calculated:khmer_shadow_theatre_unesco	2031-11-25
calculated:lkhon_khol_wat_svay_andet_unesco	2031-11-28
calculated:water_festival	2031-11-28
calculated:kun_lbokator_unesco	2031-11-29
calculated:water_festival	2031-11-29
sil	2031-11-29
calculated:chapei_dang_veng_unesco	2031-11-30
calculated:water_festival	2031-11-30
calculated:world_aids_day	2031-12-01
calculated:tug_of_war_unesco	2031-12-02
calculated:disabled_persons_day	2031-12-03
calculated:krama_unesco	2031-12-04
calculated:civil_aviation_day	2031-12-07
calculated:national_authors_day	2031-12-07
sil	2031-12-07
calculated:anti_corruption_day	2031-12-09
calculated:international_human_rights_day	2031-12-10
calculated:anti_human_trafficking_day	2031-12-12
calculated:angkor_wat_unesco	2031-12-14
calculated:cambodia_joined_un	2031-12-14
sil	2031-12-14
sil	2031-12-22
calculated:christmas_day	2031-12-25
calculated:peace_day_cambodia	2031-12-29
sil	2031-12-29
calculated:new_year_day	2032-01-01
sil	2032-01-06
calculated:victory_over_genocide	2032-01-07
sil	2032-01-12
sil	2032-01-20
sil	2032-01-27
sil	2032-02-04
sil	2032-02-11
calculated:valentine_day	2032-02-14
sil	2032-02-19
calculated:maternal_newborn_child_health_day	2032-02-21
calculated:national_mine_awareness_day	2032-02-24
calculated:meak_bochea	2032-02-26
sil	2032-02-26
calculated:national_culture_day	2032-03-03
calculated:water_policy_day	2032-03-04
sil	2032-03-05
calculated:international_women_day	2032-03-08
sil	2032-03-11
sil	2032-03-19
calculated:world_water_meteorological_day	2032-03-22
calculated:world_tuberculosis_day	2032-03-24
sil	2032-03-26
sil	2032-04-03
calculated:world_health_day	2032-04-07
calculated:international_buddhist_day	2032-04-08
sil	2032-04-10
calculated:khmer_new_year_1	2032-04-13
calculated:khmer_new_year_2	2032-04-14
calculated:khmer_new_year_2	2032-04-15
calculated:khmer_new_year_3	2032-04-16
sil	2032-04-18
sil	2032-04-25
calculated:world_safety_and_health_at_work	2032-04-28
calculated:cambodia_joined_asean	2032-04-30
calculated:international_labor_day	2032-05-01
calculated:world_press_freedom_day	2032-05-03
sil	2032-05-03
calculated:world_red_cross_day	2032-05-08
calculated:mothers_day	2032-05-09
sil	2032-05-09
calculated:king_sihamoni_birthday	2032-05-14
calculated:international_day_of_families	2032-05-15
calculated:birth_of_national_police	2032-05-16
sil	2032-05-17
calculated:national_day_of_remembrance	2032-05-20
calculated:visak_bochea	2032-05-24
sil	2032-05-24
calculated:royal_ploughing_ceremony	2032-05-28
calculated:world_no_tobacco_day	2032-05-31
calculated:international_children_day	2032-06-01
sil	2032-06-01
calculated:world_environment_day	2032-06-05
sil	2032-06-08
calculated:world_day_against_child_labour	2032-06-12
calculated:icj_preah_vihear_ownership	2032-06-15
sil	2032-06-16
calculated:queen_mother_birthday	2032-06-18
calculated:fathers_day	2032-06-20
sil	2032-06-23
calculated:anti_drug_day	2032-06-26
calculated:national_fish_day	2032-07-01
sil	2032-07-01
calculated:cambodia_joined_unesco	2032-07-03
calculated:preah_vihear_unesco	2032-07-07
sil	2032-07-07
calculated:sambor_prei_kuk_unesco	2032-07-08
calculated:arbor_day	2032-07-09
calculated:m13_tuol_sleng_choeung_ek_unesco	2032-07-11
calculated:national_population_day	2032-07-11
calculated:buddhist_lent_candles_making_day	2032-07-15
sil	2032-07-15
calculated:the_ordained_dragon_monk	2032-07-21
sil	2032-07-22
calculated:beginning_buddhist_lent	2032-07-23
sil	2032-07-30
calculated:tuol_sleng_archives_unesco	2032-07-31
calculated:world_ranger_day	2032-07-31
sil	2032-08-06
calculated:indigenous_peoples_day	2032-08-09
calculated:international_youth_day	2032-08-12
sil	2032-08-14
sil	2032-08-21
sil	2032-08-29
sil	2032-09-04
calculated:international_literacy_day	2032-09-08
sil	2032-09-12
calculated:ozone_layer_preservation_day	2032-09-16
calculated:koh_ker_unesco	2032-09-17
sil	2032-09-19
calculated:ben_1	2032-09-20
calculated:ben_2	2032-09-21
calculated:international_peace_day	2032-09-21
calculated:ben_3	2032-09-22
calculated:ben_4	2032-09-23
calculated:ben_5	2032-09-24
calculated:constitution_day	2032-09-24
calculated:ben_6	2032-09-25
calculated:ben_7	2032-09-26
calculated:ben_8	2032-09-27
calculated:world_tourism_day	2032-09-27
sil	2032-09-27
calculated:ben_9	2032-09-28
calculated:ben_10	2032-09-29
calculated:ben_11	2032-09-30
calculated:ben_12	2032-10-01
calculated:cambodian_older_persons_day	2032-10-01
calculated:ben_13	2032-10-02
calculated:pchum_ben_festival	2032-10-03
calculated:pchum_ben_festival	2032-10-04
sil	2032-10-04
calculated:pchum_ben_festival	2032-10-05
calculated:world_teachers_day	2032-10-05
sil	2032-10-12
calculated:king_father_commemoration	2032-10-15
calculated:ending_buddhist_lent	2032-10-19
sil	2032-10-19
calculated:kathen_kal	2032-10-20
calculated:paris_peace_agreement	2032-10-23
sil	2032-10-27
calculated:king_coronation_day	2032-10-29
calculated:halloween	2032-10-31
sil	2032-11-02
calculated:royal_ballet_unesco	2032-11-07
calculated:independence_day	2032-11-09
sil	2032-11-10
calculated:water_festival	2032-11-16
calculated:water_festival	2032-11-17
sil	2032-11-17
calculated:water_festival	2032-11-18
calculated:environmental_sanitation_day	2032-11-23
calculated:khmer_shadow_theatre_unesco	2032-11-25
sil	2032-11-25
calculated:lkhon_khol_wat_svay_andet_unesco	2032-11-28
calculated:kun_lbokator_unesco	2032-11-29
calculated:chapei_dang_veng_unesco	2032-11-30
calculated:world_aids_day	2032-12-01
calculated:tug_of_war_unesco	2032-12-02
sil	2032-12-02
calculated:disabled_persons_day	2032-12-03
calculated:krama_unesco	2032-12-04
calculated:civil_aviation_day	2032-12-07
calculated:national_authors_day	2032-12-07
calculated:anti_corruption_day	2032-12-09
calculated:international_human_rights_day	2032-12-10
sil	2032-12-10
calculated:anti_human_trafficking_day	2032-12-12
calculated:angkor_wat_unesco	2032-12-14
calculated:cambodia_joined_un	2032-12-14
sil	2032-12-17
calculated:christmas_day	2032-12-25
sil	2032-12-25
calculated:peace_day_cambodia	2032-12-29
sil	2032-12-31
calculated:new_year_day	2033-01-01
calculated:victory_over_genocide	2033-01-07
sil	2033-01-08
sil	2033-01-15
sil	2033-01-23
sil	2033-01-30
sil	2033-02-07
calculated:meak_bochea	2033-02-14
calculated:valentine_day	2033-02-14
sil	2033-02-14
calculated:maternal_newborn_child_health_day	2033-02-21
sil	2033-02-22
calculated:national_mine_awareness_day	2033-02-24
sil	2033-02-28
calculated:national_culture_day	2033-03-03
calculated:water_policy_day	2033-03-04
calculated:international_women_day	2033-03-08
sil	2033-03-08
sil	2033-03-15
calculated:world_water_meteorological_day	2033-03-22
sil	2033-03-23
calculated:world_tuberculosis_day	2033-03-24
sil	2033-03-30
calculated:world_health_day	2033-04-07
sil	2033-04-07
calculated:international_buddhist_day	2033-04-08
calculated:khmer_new_year_1	2033-04-14
sil	2033-04-14
calculated:khmer_new_year_2	2033-04-15
calculated:khmer_new_year_3	2033-04-16
sil	2033-04-22
calculated:world_safety_and_health_at_work	2033-04-28
sil	2033-04-28
calculated:cambodia_joined_asean	2033-04-30
calculated:international_labor_day	2033-05-01
calculated:world_press_freedom_day	2033-05-03
sil	2033-05-06
calculated:mothers_day	2033-05-08
calculated:world_red_cross_day	2033-05-08
calculated:visak_bochea	2033-05-13
sil	2033-05-13
calculated:king_sihamoni_birthday	2033-05-14
calculated:international_day_of_families	2033-05-15
calculated:birth_of_national_police	2033-05-16
calculated:royal_ploughing_ceremony	2033-05-17
calculated:national_day_of_remembrance	2033-05-20
sil	2033-05-21
sil	2033-05-28
calculated:world_no_tobacco_day	2033-05-31
calculated:international_children_day	2033-06-01
calculated:world_environment_day	2033-06-05
sil	2033-06-05
calculated:world_day_against_child_labour	2033-06-12
sil	2033-06-12
calculated:icj_preah_vihear_ownership	2033-06-15
calculated:queen_mother_birthday	2033-06-18
calculated:fathers_day	2033-06-19
sil	2033-06-20
calculated:anti_drug_day	2033-06-26
sil	2033-06-26
calculated:national_fish_day	2033-07-01
calculated:cambodia_joined_unesco	2033-07-03
calculated:buddhist_lent_candles_making_day	2033-07-04
sil	2033-07-04
calculated:preah_vihear_unesco	2033-07-07
calculated:sambor_prei_kuk_unesco	2033-07-08
calculated:arbor_day	2033-07-09
calculated:the_ordained_dragon_monk	2033-07-10
calculated:m13_tuol_sleng_choeung_ek_unesco	2033-07-11
calculated:national_population_day	2033-07-11
sil	2033-07-11
calculated:beginning_buddhist_lent	2033-07-12
sil	2033-07-19
sil	2033-07-26
calculated:tuol_sleng_archives_unesco	2033-07-31
calculated:world_ranger_day	2033-07-31
sil	2033-08-03
calculated:indigenous_peoples_day	2033-08-09
sil	2033-08-10
calculated:international_youth_day	2033-08-12
sil	2033-08-18
sil	2033-08-24
sil	2033-09-01
calculated:international_literacy_day	2033-09-08
sil	2033-09-08
calculated:ben_1	2033-09-09
calculated:ben_2	2033-09-10
calculated:ben_3	2033-09-11
calculated:ben_4	2033-09-12
calculated:ben_5	2033-09-13
calculated:ben_6	2033-09-14
calculated:ben_7	2033-09-15
calculated:ben_8	2033-09-16
calculated:ozone_layer_preservation_day	2033-09-16
sil	2033-09-16
calculated:ben_9	2033-09-17
calculated:koh_ker_unesco	2033-09-17
calculated:ben_10	2033-09-18
calculated:ben_11	2033-09-19
calculated:ben_12	2033-09-20
calculated:ben_13	2033-09-21
calculated:international_peace_day	2033-09-21
calculated:pchum_ben_festival	2033-09-22
calculated:pchum_ben_festival	2033-09-23
sil	2033-09-23
calculated:constitution_day	2033-09-24
calculated:pchum_ben_festival	2033-09-24
calculated:world_tourism_day	2033-09-27
calculated:cambodian_older_persons_day	2033-10-01
sil	2033-10-01
calculated:world_teachers_day	2033-10-05
calculated:ending_buddhist_lent	2033-10-08
sil	2033-10-08
calculated:kathen_kal	2033-10-09
calculated:king_father_commemoration	2033-10-15
sil	2033-10-16
sil	2033-10-22
calculated:paris_peace_agreement	2033-10-23
calculated:king_coronation_day	2033-10-29
sil	2033-10-30
calculated:halloween	2033-10-31
calculated:water_festival	2033-11-05
calculated:water_festival	2033-11-06
sil	2033-11-06
calculated:royal_ballet_unesco	2033-11-07
calculated:water_festival	2033-11-07
calculated:independence_day	2033-11-09
sil	2033-11-14
sil	2033-11-21
calculated:environmental_sanitation_day	2033-11-23
calculated:khmer_shadow_theatre_unesco	2033-11-25
calculated:lkhon_khol_wat_svay_andet_unesco	2033-11-28
calculated:kun_lbokator_unesco	2033-11-29
sil	2033-11-29
calculated:chapei_dang_veng_unesco	2033-11-30
calculated:world_aids_day	2033-12-01
calculated:tug_of_war_unesco	2033-12-02
calculated:disabled_persons_day	2033-12-03
calculated:krama_unesco	2033-12-04
sil	2033-12-06
calculated:civil_aviation_day	2033-12-07
calculated:national_authors_day	2033-12-07
calculated:anti_corruption_day	2033-12-09
calculated:international_human_rights_day	2033-12-10
calculated:anti_human_trafficking_day	2033-12-12
calculated:angkor_wat_unesco	2033-12-14
calculated:cambodia_joined_un	2033-12-14
sil	2033-12-14
sil	2033-12-20
calculated:christmas_day	2033-12-25
sil	2033-12-28
calculated:peace_day_cambodia	2033-12-29
calculated:new_year_day	2034-01-01
sil	2034-01-04
calculated:victory_over_genocide	2034-01-07
sil	2034-01-12
sil	2034-01-19
sil	2034-01-27
calculated:meak_bochea	2034-02-03
sil	2034-02-03
sil	2034-02-11
calculated:valentine_day	2034-02-14
sil	2034-02-17
calculated:maternal_newborn_child_health_day	2034-02-21
calculated:national_mine_awareness_day	2034-02-24
sil	2034-02-25
calculated:national_culture_day	2034-03-03
calculated:water_policy_day	2034-03-04
sil	2034-03-04
calculated:international_women_day	2034-03-08
sil	2034-03-12
sil	2034-03-19
calculated:world_water_meteorological_day	2034-03-22
calculated:world_tuberculosis_day	2034-03-24
sil	2034-03-27
sil	2034-04-03
calculated:world_health_day	2034-04-07
calculated:international_buddhist_day	2034-04-08
sil	2034-04-11
calculated:khmer_new_year_1	2034-04-14
calculated:khmer_new_year_2	2034-04-15
calculated:khmer_new_year_3	2034-04-16
sil	2034-04-17
sil	2034-04-25
calculated:world_safety_and_health_at_work	2034-04-28
calculated:cambodia_joined_asean	2034-04-30
calculated:international_labor_day	2034-05-01
calculated:visak_bochea	2034-05-02
sil	2034-05-02
calculated:world_press_freedom_day	2034-05-03
calculated:royal_ploughing_ceremony	2034-05-06
calculated:world_red_cross_day	2034-05-08
sil	2034-05-10
calculated:king_sihamoni_birthday	2034-05-14
calculated:mothers_day	2034-05-14
calculated:international_day_of_families	2034-05-15
calculated:birth_of_national_police	2034-05-16
sil	2034-05-17
calculated:national_day_of_remembrance	2034-05-20
sil	2034-05-25
calculated:world_no_tobacco_day	2034-05-31
calculated:international_children_day	2034-06-01
sil	2034-06-01
calculated:world_environment_day	2034-06-05
sil	2034-06-09
calculated:world_day_against_child_labour	2034-06-12
calculated:icj_preah_vihear_ownership	2034-06-15
sil	2034-06-15
calculated:fathers_day	2034-06-18
calculated:queen_mother_birthday	2034-06-18
sil	2034-06-23
calculated:anti_drug_day	2034-06-26
sil	2034-06-30
calculated:national_fish_day	2034-07-01
calculated:cambodia_joined_unesco	2034-07-03
calculated:preah_vihear_unesco	2034-07-07
calculated:sambor_prei_kuk_unesco	2034-07-08
sil	2034-07-08
calculated:arbor_day	2034-07-09
calculated:m13_tuol_sleng_choeung_ek_unesco	2034-07-11
calculated:national_population_day	2034-07-11
sil	2034-07-15
calculated:buddhist_lent_candles_making_day	2034-07-23
sil	2034-07-23
calculated:the_ordained_dragon_monk	2034-07-29
sil	2034-07-30
calculated:beginning_buddhist_lent	2034-07-31
calculated:tuol_sleng_archives_unesco	2034-07-31
calculated:world_ranger_day	2034-07-31
sil	2034-08-07
calculated:indigenous_peoples_day	2034-08-09
calculated:international_youth_day	2034-08-12
sil	2034-08-14
sil	2034-08-22
sil	2034-08-29
sil	2034-09-06
calculated:international_literacy_day	2034-09-08
sil	2034-09-12
calculated:ozone_layer_preservation_day	2034-09-16
calculated:koh_ker_unesco	2034-09-17
sil	2034-09-20
calculated:international_peace_day	2034-09-21
calculated:constitution_day	2034-09-24
calculated:world_tourism_day	2034-09-27
sil	2034-09-27
calculated:ben_1	2034-09-28
calculated:ben_2	2034-09-29
calculated:ben_3	2034-09-30
calculated:ben_4	2034-10-01
calculated:cambodian_older_persons_day	2034-10-01
calculated:ben_5	2034-10-02
calculated:ben_6	2034-10-03
calculated:ben_7	2034-10-04
calculated:ben_8	2034-10-05
calculated:world_teachers_day	2034-10-05
sil	2034-10-05
calculated:ben_9	2034-10-06
calculated:ben_10	2034-10-07
calculated:ben_11	2034-10-08
calculated:ben_12	2034-10-09
calculated:ben_13	2034-10-10
calculated:pchum_ben_festival	2034-10-11
calculated:pchum_ben_festival	2034-10-12
sil	2034-10-12
calculated:pchum_ben_festival	2034-10-13
calculated:king_father_commemoration	2034-10-15
sil	2034-10-20
calculated:paris_peace_agreement	2034-10-23
calculated:ending_buddhist_lent	2034-10-27
sil	2034-10-27
calculated:kathen_kal	2034-10-28
calculated:king_coronation_day	2034-10-29
calculated:halloween	2034-10-31
sil	2034-11-04
calculated:royal_ballet_unesco	2034-11-07
calculated:independence_day	2034-11-09
sil	2034-11-10
sil	2034-11-18
calculated:environmental_sanitation_day	2034-11-23
calculated:water_festival	2034-11-24
calculated:khmer_shadow_theatre_unesco	2034-11-25
calculated:water_festival	2034-11-25
sil	2034-11-25
calculated:water_festival	2034-11-26
calculated:lkhon_khol_wat_svay_andet_unesco	2034-11-28
calculated:kun_lbokator_unesco	2034-11-29
calculated:chapei_dang_veng_unesco	2034-11-30
calculated:world_aids_day	2034-12-01
calculated:tug_of_war_unesco	2034-12-02
calculated:disabled_persons_day	2034-12-03
sil	2034-12-03
calculated:krama_unesco	2034-12-04
calculated:civil_aviation_day	2034-12-07
calculated:national_authors_day	2034-12-07
calculated:anti_corruption_day	2034-12-09
calculated:international_human_rights_day	2034-12-10
sil	2034-12-10
calculated:anti_human_trafficking_day	2034-12-12
calculated:angkor_wat_unesco	2034-12-14
calculated:cambodia_joined_un	2034-12-14
sil	2034-12-18
calculated:christmas_day	2034-12-25
sil	2034-12-25
calculated:peace_day_cambodia	2034-12-29
calculated:new_year_day	2035-01-01
sil	2035-01-02
calculated:victory_over_genocide	2035-01-07
sil	2035-01-08
sil	2035-01-16
sil	2035-01-23
sil	2035-01-31
sil	2035-02-07
calculated:valentine_day	2035-02-14
sil	2035-02-15
calculated:maternal_newborn_child_health_day	2035-02-21
calculated:meak_bochea	2035-02-22
sil	2035-02-22
calculated:national_mine_awareness_day	2035-02-24
sil	2035-03-02
calculated:national_culture_day	2035-03-03
calculated:water_policy_day	2035-03-04
calculated:international_women_day	2035-03-08
sil	2035-03-08
sil	2035-03-16
calculated:world_water_meteorological_day	2035-03-22
sil	2035-03-23
calculated:world_tuberculosis_day	2035-03-24
sil	2035-03-31
calculated:world_health_day	2035-04-07
sil	2035-04-07
calculated:international_buddhist_day	2035-04-08
calculated:khmer_new_year_1	2035-04-14
calculated:khmer_new_year_2	2035-04-15
sil	2035-04-15
calculated:khmer_new_year_3	2035-04-16
sil	2035-04-22
calculated:world_safety_and_health_at_work	2035-04-28
calculated:cambodia_joined_asean	2035-04-30
sil	2035-04-30
calculated:international_labor_day	2035-05-01
calculated:world_press_freedom_day	2035-05-03
sil	2035-05-06
calculated:world_red_cross_day	2035-05-08
calculated:mothers_day	2035-05-13
calculated:king_sihamoni_birthday	2035-05-14
sil	2035-05-14
calculated:international_day_of_families	2035-05-15
calculated:birth_of_national_police	2035-05-16
calculated:national_day_of_remembrance	2035-05-20
calculated:visak_bochea	2035-05-21
sil	2035-05-21
calculated:royal_ploughing_ceremony	2035-05-25
sil	2035-05-29
calculated:world_no_tobacco_day	2035-05-31
calculated:international_children_day	2035-06-01
calculated:world_environment_day	2035-06-05
sil	2035-06-05
calculated:world_day_against_child_labour	2035-06-12
sil	2035-06-13
calculated:icj_preah_vihear_ownership	2035-06-15
calculated:fathers_day	2035-06-17
calculated:queen_mother_birthday	2035-06-18
sil	2035-06-20
calculated:anti_drug_day	2035-06-26
sil	2035-06-28
calculated:national_fish_day	2035-07-01
calculated:cambodia_joined_unesco	2035-07-03
sil	2035-07-05
calculated:preah_vihear_unesco	2035-07-07
calculated:sambor_prei_kuk_unesco	2035-07-08
calculated:arbor_day	2035-07-09
calculated:m13_tuol_sleng_choeung_ek_unesco	2035-07-11
calculated:national_population_day	2035-07-11
calculated:buddhist_lent_candles_making_day	2035-07-13
sil	2035-07-13
calculated:the_ordained_dragon_monk	2035-07-19
sil	2035-07-20
calculated:beginning_buddhist_lent	2035-07-21
sil	2035-07-28
calculated:tuol_sleng_archives_unesco	2035-07-31
calculated:world_ranger_day	2035-07-31
sil	2035-08-04
calculated:indigenous_peoples_day	2035-08-09
calculated:international_youth_day	2035-08-12
sil	2035-08-12
sil	2035-08-19
sil	2035-08-27
sil	2035-09-02
calculated:international_literacy_day	2035-09-08
sil	2035-09-10
calculated:ozone_layer_preservation_day	2035-09-16
calculated:koh_ker_unesco	2035-09-17
sil	2035-09-17
calculated:ben_1	2035-09-18
calculated:ben_2	2035-09-19
calculated:ben_3	2035-09-20
calculated:ben_4	2035-09-21
calculated:international_peace_day	2035-09-21
calculated:ben_5	2035-09-22
calculated:ben_6	2035-09-23
calculated:ben_7	2035-09-24
calculated:constitution_day	2035-09-24
calculated:ben_8	2035-09-25
sil	2035-09-25
calculated:ben_9	2035-09-26
calculated:ben_10	2035-09-27
calculated:world_tourism_day	2035-09-27
calculated:ben_11	2035-09-28
calculated:ben_12	2035-09-29
calculated:ben_13	2035-09-30
calculated:cambodian_older_persons_day	2035-10-01
calculated:pchum_ben_festival	2035-10-01
calculated:pchum_ben_festival	2035-10-02
sil	2035-10-02
calculated:pchum_ben_festival	2035-10-03
calculated:world_teachers_day	2035-10-05
sil	2035-10-10
calculated:king_father_commemoration	2035-10-15
calculated:ending_buddhist_lent	2035-10-17
sil	2035-10-17
calculated:kathen_kal	2035-10-18
calculated:paris_peace_agreement	2035-10-23
sil	2035-10-25
calculated:king_coronation_day	2035-10-29
calculated:halloween	2035-10-31
sil	2035-10-31
calculated:royal_ballet_unesco	2035-11-07
sil	2035-11-08
calculated:independence_day	2035-11-09
calculated:water_festival	2035-11-14
calculated:water_festival	2035-11-15
sil	2035-11-15
calculated:water_festival	2035-11-16
calculated:environmental_sanitation_day	2035-11-23
sil	2035-11-23
calculated:khmer_shadow_theatre_unesco	2035-11-25
calculated:lkhon_khol_wat_svay_andet_unesco	2035-11-28
calculated:kun_lbokator_unesco	2035-11-29
calculated:chapei_dang_veng_unesco	2035-11-30
sil	2035-11-30
calculated:world_aids_day	2035-12-01
calculated:tug_of_war_unesco	2035-12-02
calculated:disabled_persons_day	2035-12-03
calculated:krama_unesco	2035-12-04
calculated:civil_aviation_day	2035-12-07
calculated:national_authors_day	2035-12-07
sil	2035-12-08
calculated:anti_corruption_day	2035-12-09
calculated:international_human_rights_day	2035-12-10
calculated:anti_human_trafficking_day	2035-12-12
calculated:angkor_wat_unesco	2035-12-14
calculated:cambodia_joined_un	2035-12-14
sil	2035-12-15
sil	2035-12-23
calculated:christmas_day	2035-12-25
calculated:peace_day_cambodia	2035-12-29
sil	2035-12-29
calculated:new_year_day	2036-01-01
sil	2036-01-06
calculated:victory_over_genocide	2036-01-07
sil	2036-01-13
sil	2036-01-21
sil	2036-01-28
sil	2036-02-05
calculated:meak_bochea	2036-02-12
sil	2036-02-12
calculated:valentine_day	2036-02-14
sil	2036-02-20
calculated:maternal_newborn_child_health_day	2036-02-21
calculated:national_mine_awareness_day	2036-02-24
sil	2036-02-26
calculated:national_culture_day	2036-03-03
calculated:water_policy_day	2036-03-04
sil	2036-03-05
calculated:international_women_day	2036-03-08
sil	2036-03-12
sil	2036-03-20
calculated:world_water_meteorological_day	2036-03-22
calculated:world_tuberculosis_day	2036-03-24
sil	2036-03-27
sil	2036-04-04
calculated:world_health_day	2036-04-07
calculated:international_buddhist_day	2036-04-08
sil	2036-04-11
calculated:khmer_new_year_1	2036-04-14
calculated:khmer_new_year_2	2036-04-15
calculated:khmer_new_year_3	2036-04-16
sil	2036-04-19
sil	2036-04-25
calculated:world_safety_and_health_at_work	2036-04-28
calculated:cambodia_joined_asean	2036-04-30
calculated:international_labor_day	2036-05-01
calculated:world_press_freedom_day	2036-05-03
sil	2036-05-03
calculated:world_red_cross_day	2036-05-08
calculated:visak_bochea	2036-05-10
sil	2036-05-10
calculated:mothers_day	2036-05-11
calculated:king_sihamoni_birthday	2036-05-14
calculated:royal_ploughing_ceremony	2036-05-14
calculated:international_day_of_families	2036-05-15
calculated:birth_of_national_police	2036-05-16
sil	2036-05-18
calculated:national_day_of_remembrance	2036-05-20
sil	2036-05-25
calculated:world_no_tobacco_day	2036-05-31
calculated:international_children_day	2036-06-01
sil	2036-06-02
calculated:world_environment_day	2036-06-05
sil	2036-06-09
calculated:world_day_against_child_labour	2036-06-12
calculated:fathers_day	2036-06-15
calculated:icj_preah_vihear_ownership	2036-06-15
sil	2036-06-17
calculated:queen_mother_birthday	2036-06-18
sil	2036-06-23
calculated:anti_drug_day	2036-06-26
calculated:buddhist_lent_candles_making_day	2036-07-01
calculated:national_fish_day	2036-07-01
sil	2036-07-01
calculated:cambodia_joined_unesco	2036-07-03
calculated:preah_vihear_unesco	2036-07-07
calculated:the_ordained_dragon_monk	2036-07-07
calculated:sambor_prei_kuk_unesco	2036-07-08
sil	2036-07-08
calculated:arbor_day	2036-07-09
calculated:beginning_buddhist_lent	2036-07-09
calculated:m13_tuol_sleng_choeung_ek_unesco	2036-07-11
calculated:national_population_day	2036-07-11
sil	2036-07-16
sil	2036-07-23
calculated:tuol_sleng_archives_unesco	2036-07-31
calculated:world_ranger_day	2036-07-31
sil	2036-07-31
sil	2036-08-07
calculated:indigenous_peoples_day	2036-08-09
calculated:international_youth_day	2036-08-12
sil	2036-08-15
sil	2036-08-21
sil	2036-08-29
sil	2036-09-05
calculated:ben_1	2036-09-06
calculated:ben_2	2036-09-07
calculated:ben_3	2036-09-08
calculated:international_literacy_day	2036-09-08
calculated:ben_4	2036-09-09
calculated:ben_5	2036-09-10
calculated:ben_6	2036-09-11
calculated:ben_7	2036-09-12
calculated:ben_8	2036-09-13
sil	2036-09-13
calculated:ben_9	2036-09-14
calculated:ben_10	2036-09-15
calculated:ben_11	2036-09-16
calculated:ozone_layer_preservation_day	2036-09-16
calculated:ben_12	2036-09-17
calculated:koh_ker_unesco	2036-09-17
calculated:ben_13	2036-09-18
calculated:pchum_ben_festival	2036-09-19
calculated:pchum_ben_festival	2036-09-20
sil	2036-09-20
calculated:international_peace_day	2036-09-21
calculated:pchum_ben_festival	2036-09-21
calculated:constitution_day	2036-09-24
calculated:world_tourism_day	2036-09-27
sil	2036-09-28
calculated:cambodian_older_persons_day	2036-10-01
calculated:ending_buddhist_lent	2036-10-05
calculated:world_teachers_day	2036-10-05
sil	2036-10-05
calculated:kathen_kal	2036-10-06
sil	2036-10-13
calculated:king_father_commemoration	2036-10-15
sil	2036-10-19
calculated:paris_peace_agreement	2036-10-23
sil	2036-10-27
calculated:king_coronation_day	2036-10-29
calculated:halloween	2036-10-31
calculated:water_festival	2036-11-02
calculated:water_festival	2036-11-03
sil	2036-11-03
calculated:water_festival	2036-11-04
calculated:royal_ballet_unesco	2036-11-07
calculated:independence_day	2036-11-09
sil	2036-11-11
sil	2036-11-18
calculated:environmental_sanitation_day	2036-11-23
calculated:khmer_shadow_theatre_unesco	2036-11-25
sil	2036-11-26
calculated:lkhon_khol_wat_svay_andet_unesco	2036-11-28
calculated:kun_lbokator_unesco	2036-11-29
calculated:chapei_dang_veng_unesco	2036-11-30
calculated:world_aids_day	2036-12-01
calculated:tug_of_war_unesco	2036-12-02
calculated:disabled_persons_day	2036-12-03
sil	2036-12-03
calculated:krama_unesco	2036-12-04
calculated:civil_aviation_day	2036-12-07
calculated:national_authors_day	2036-12-07
calculated:anti_corruption_day	2036-12-09
calculated:international_human_rights_day	2036-12-10
sil	2036-12-11
calculated:anti_human_trafficking_day	2036-12-12
calculated:angkor_wat_unesco	2036-12-14
calculated:cambodia_joined_un	2036-12-14
sil	2036-12-17
calculated:christmas_day	2036-12-25
sil	2036-12-25
calculated:peace_day_cambodia	2036-12-29
calculated:new_year_day	2037-01-01
sil	2037-01-01
calculated:victory_over_genocide	2037-01-07
sil	2037-01-09
sil	2037-01-16
sil	2037-01-24
calculated:meak_bochea	2037-01-31
sil	2037-01-31
sil	2037-02-08
calculated:valentine_day	2037-02-14
sil	2037-02-14
calculated:maternal_newborn_child_health_day	2037-02-21
sil	2037-02-22
calculated:national_mine_awareness_day	2037-02-24
sil	2037-03-01
calculated:national_culture_day	2037-03-03
calculated:water_policy_day	2037-03-04
calculated:international_women_day	2037-03-08
sil	2037-03-09
sil	2037-03-16
calculated:world_water_meteorological_day	2037-03-22
calculated:world_tuberculosis_day	2037-03-24
sil	2037-03-24
sil	2037-03-31
calculated:world_health_day	2037-04-07
calculated:international_buddhist_day	2037-04-08
sil	2037-04-08
calculated:khmer_new_year_1	2037-04-14
sil	2037-04-14
calculated:khmer_new_year_2	2037-04-15
calculated:khmer_new_year_3	2037-04-16
sil	2037-04-22
calculated:world_safety_and_health_at_work	2037-04-28
calculated:visak_bochea	2037-04-29
sil	2037-04-29
calculated:cambodia_joined_asean	2037-04-30
calculated:international_labor_day	2037-05-01
calculated:royal_ploughing_ceremony	2037-05-03
calculated:world_press_freedom_day	2037-05-03
sil	2037-05-07
calculated:world_red_cross_day	2037-05-08
calculated:mothers_day	2037-05-10
calculated:king_sihamoni_birthday	2037-05-14
sil	2037-05-14
calculated:international_day_of_families	2037-05-15
calculated:birth_of_national_police	2037-05-16
calculated:national_day_of_remembrance	2037-05-20
sil	2037-05-22
sil	2037-05-29
calculated:world_no_tobacco_day	2037-05-31
calculated:international_children_day	2037-06-01
calculated:world_environment_day	2037-06-05
sil	2037-06-06
calculated:world_day_against_child_labour	2037-06-12
sil	2037-06-12
calculated:icj_preah_vihear_ownership	2037-06-15
calculated:queen_mother_birthday	2037-06-18
sil	2037-06-20
calculated:fathers_day	2037-06-21
calculated:anti_drug_day	2037-06-26
sil	2037-06-27
calculated:national_fish_day	2037-07-01
calculated:cambodia_joined_unesco	2037-07-03
sil	2037-07-05
calculated:preah_vihear_unesco	2037-07-07
calculated:sambor_prei_kuk_unesco	2037-07-08
calculated:arbor_day	2037-07-09
calculated:m13_tuol_sleng_choeung_ek_unesco	2037-07-11
calculated:national_population_day	2037-07-11
sil	2037-07-12
calculated:buddhist_lent_candles_making_day	2037-07-20
sil	2037-07-20
calculated:the_ordained_dragon_monk	2037-07-26
sil	2037-07-27
calculated:beginning_buddhist_lent	2037-07-28
calculated:tuol_sleng_archives_unesco	2037-07-31
calculated:world_ranger_day	2037-07-31
sil	2037-08-04
calculated:indigenous_peoples_day	2037-08-09
sil	2037-08-11
calculated:international_youth_day	2037-08-12
sil	2037-08-19
sil	2037-08-26
sil	2037-09-03
calculated:international_literacy_day	2037-09-08
sil	2037-09-09
calculated:ozone_layer_preservation_day	2037-09-16
calculated:koh_ker_unesco	2037-09-17
sil	2037-09-17
calculated:international_peace_day	2037-09-21
calculated:constitution_day	2037-09-24
sil	2037-09-24
calculated:ben_1	2037-09-25
calculated:ben_2	2037-09-26
calculated:ben_3	2037-09-27
calculated:world_tourism_day	2037-09-27
calculated:ben_4	2037-09-28
calculated:ben_5	2037-09-29
calculated:ben_6	2037-09-30
calculated:ben_7	2037-10-01
calculated:cambodian_older_persons_day	2037-10-01
calculated:ben_8	2037-10-02
sil	2037-10-02
calculated:ben_9	2037-10-03
calculated:ben_10	2037-10-04
calculated:ben_11	2037-10-05
calculated:world_teachers_day	2037-10-05
calculated:ben_12	2037-10-06
calculated:ben_13	2037-10-07
calculated:pchum_ben_festival	2037-10-08
calculated:pchum_ben_festival	2037-10-09
sil	2037-10-09
calculated:pchum_ben_festival	2037-10-10
calculated:king_father_commemoration	2037-10-15
sil	2037-10-17
calculated:paris_peace_agreement	2037-10-23
calculated:ending_buddhist_lent	2037-10-24
sil	2037-10-24
calculated:kathen_kal	2037-10-25
calculated:king_coronation_day	2037-10-29
calculated:halloween	2037-10-31
sil	2037-11-01
calculated:royal_ballet_unesco	2037-11-07
sil	2037-11-07
calculated:independence_day	2037-11-09
sil	2037-11-15
calculated:water_festival	2037-11-21
calculated:water_festival	2037-11-22
sil	2037-11-22
calculated:environmental_sanitation_day	2037-11-23
calculated:water_festival	2037-11-23
calculated:khmer_shadow_theatre_unesco	2037-11-25
calculated:lkhon_khol_wat_svay_andet_unesco	2037-11-28
calculated:kun_lbokator_unesco	2037-11-29
calculated:chapei_dang_veng_unesco	2037-11-30
sil	2037-11-30
calculated:world_aids_day	2037-12-01
calculated:tug_of_war_unesco	2037-12-02
calculated:disabled_persons_day	2037-12-03
calculated:krama_unesco	2037-12-04
calculated:civil_aviation_day	2037-12-07
calculated:national_authors_day	2037-12-07
sil	2037-12-07
calculated:anti_corruption_day	2037-12-09
calculated:international_human_rights_day	2037-12-10
calculated:anti_human_trafficking_day	2037-12-12
calculated:angkor_wat_unesco	2037-12-14
calculated:cambodia_joined_un	2037-12-14
sil	2037-12-15
sil	2037-12-22
calculated:christmas_day	2037-12-25
calculated:peace_day_cambodia	2037-12-29
sil	2037-12-30
calculated:new_year_day	2038-01-01
sil	2038-01-05
calculated:victory_over_genocide	2038-01-07
sil	2038-01-13
sil	2038-01-20
sil	2038-01-28
sil	2038-02-04
sil	2038-02-12
calculated:valentine_day	2038-02-14
calculated:meak_bochea	2038-02-19
sil	2038-02-19
calculated:maternal_newborn_child_health_day	2038-02-21
calculated:national_mine_awareness_day	2038-02-24
sil	2038-02-27
calculated:national_culture_day	2038-03-03
calculated:water_policy_day	2038-03-04
sil	2038-03-05
calculated:international_women_day	2038-03-08
sil	2038-03-13
sil	2038-03-20
calculated:world_water_meteorological_day	2038-03-22
calculated:world_tuberculosis_day	2038-03-24
sil	2038-03-28
sil	2038-04-04
calculated:world_health_day	2038-04-07
calculated:international_buddhist_day	2038-04-08
sil	2038-04-12
calculated:khmer_new_year_1	2038-04-14
calculated:khmer_new_year_2	2038-04-15
calculated:khmer_new_year_3	2038-04-16
sil	2038-04-19
sil	2038-04-27
calculated:world_safety_and_health_at_work	2038-04-28
calculated:cambodia_joined_asean	2038-04-30
calculated:international_labor_day	2038-05-01
calculated:world_press_freedom_day	2038-05-03
sil	2038-05-03
calculated:world_red_cross_day	2038-05-08
calculated:mothers_day	2038-05-09
sil	2038-05-11
calculated:king_sihamoni_birthday	2038-05-14
calculated:international_day_of_families	2038-05-15
calculated:birth_of_national_police	2038-05-16
calculated:visak_bochea	2038-05-18
sil	2038-05-18
calculated:national_day_of_remembrance	2038-05-20
calculated:royal_ploughing_ceremony	2038-05-22
sil	2038-05-26
calculated:world_no_tobacco_day	2038-05-31
calculated:international_children_day	2038-06-01
sil	2038-06-02
calculated:world_environment_day	2038-06-05
sil	2038-06-10
calculated:world_day_against_child_labour	2038-06-12
calculated:icj_preah_vihear_ownership	2038-06-15
sil	2038-06-17
calculated:queen_mother_birthday	2038-06-18
calculated:fathers_day	2038-06-20
sil	2038-06-25
calculated:anti_drug_day	2038-06-26
calculated:national_fish_day	2038-07-01
sil	2038-07-01
calculated:cambodia_joined_unesco	2038-07-03
calculated:preah_vihear_unesco	2038-07-07
calculated:sambor_prei_kuk_unesco	2038-07-08
calculated:arbor_day	2038-07-09
calculated:buddhist_lent_candles_making_day	2038-07-09
sil	2038-07-09
calculated:m13_tuol_sleng_choeung_ek_unesco	2038-07-11
calculated:national_population_day	2038-07-11
calculated:the_ordained_dragon_monk	2038-07-15
sil	2038-07-16
calculated:beginning_buddhist_lent	2038-07-17
sil	2038-07-24
calculated:tuol_sleng_archives_unesco	2038-07-31
calculated:world_ranger_day	2038-07-31
sil	2038-07-31
sil	2038-08-08
calculated:indigenous_peoples_day	2038-08-09
calculated:international_youth_day	2038-08-12
sil	2038-08-15
sil	2038-08-23
sil	2038-08-29
sil	2038-09-06
calculated:international_literacy_day	2038-09-08
sil	2038-09-13
calculated:ben_1	2038-09-14
calculated:ben_2	2038-09-15
calculated:ben_3	2038-09-16
calculated:ozone_layer_preservation_day	2038-09-16
calculated:ben_4	2038-09-17
calculated:koh_ker_unesco	2038-09-17
calculated:ben_5	2038-09-18
calculated:ben_6	2038-09-19
calculated:ben_7	2038-09-20
calculated:ben_8	2038-09-21
calculated:international_peace_day	2038-09-21
sil	2038-09-21
calculated:ben_9	2038-09-22
calculated:ben_10	2038-09-23
calculated:ben_11	2038-09-24
calculated:constitution_day	2038-09-24
calculated:ben_12	2038-09-25
calculated:ben_13	2038-09-26
calculated:pchum_ben_festival	2038-09-27
calculated:world_tourism_day	2038-09-27
calculated:pchum_ben_festival	2038-09-28
sil	2038-09-28
calculated:pchum_ben_festival	2038-09-29
calculated:cambodian_older_persons_day	2038-10-01
calculated:world_teachers_day	2038-10-05
sil	2038-10-06
calculated:ending_buddhist_lent	2038-10-13
sil	2038-10-13
calculated:kathen_kal	2038-10-14
calculated:king_father_commemoration	2038-10-15
sil	2038-10-21
calculated:paris_peace_agreement	2038-10-23
sil	2038-10-27
calculated:king_coronation_day	2038-10-29
calculated:halloween	2038-10-31
sil	2038-11-04
calculated:royal_ballet_unesco	2038-11-07
calculated:independence_day	2038-11-09
calculated:water_festival	2038-11-10
calculated:water_festival	2038-11-11
sil	2038-11-11
calculated:water_festival	2038-11-12
sil	2038-11-19
calculated:environmental_sanitation_day	2038-11-23
calculated:khmer_shadow_theatre_unesco	2038-11-25
sil	2038-11-26
calculated:lkhon_khol_wat_svay_andet_unesco	2038-11-28
calculated:kun_lbokator_unesco	2038-11-29
calculated:chapei_dang_veng_unesco	2038-11-30
calculated:world_aids_day	2038-12-01
calculated:tug_of_war_unesco	2038-12-02
calculated:disabled_persons_day	2038-12-03
calculated:krama_unesco	2038-12-04
sil	2038-12-04
calculated:civil_aviation_day	2038-12-07
calculated:national_authors_day	2038-12-07
calculated:anti_corruption_day	2038-12-09
calculated:international_human_rights_day	2038-12-10
sil	2038-12-11
calculated:anti_human_trafficking_day	2038-12-12
calculated:angkor_wat_unesco	2038-12-14
calculated:cambodia_joined_un	2038-12-14
sil	2038-12-19
calculated:christmas_day	2038-12-25
sil	2038-12-25
calculated:peace_day_cambodia	2038-12-29
calculated:new_year_day	2039-01-01
sil	2039-01-02
calculated:victory_over_genocide	2039-01-07
sil	2039-01-09
sil	2039-01-17
sil	2039-01-24
sil	2039-02-01
calculated:meak_bochea	2039-02-08
sil	2039-02-08
calculated:valentine_day	2039-02-14
sil	2039-02-16
calculated:maternal_newborn_child_health_day	2039-02-21
sil	2039-02-22
calculated:national_mine_awareness_day	2039-02-24
sil	2039-03-02
calculated:national_culture_day	2039-03-03
calculated:water_policy_day	2039-03-04
calculated:international_women_day	2039-03-08
sil	2039-03-09
sil	2039-03-17
calculated:world_water_meteorological_day	2039-03-22
calculated:world_tuberculosis_day	2039-03-24
sil	2039-03-24
sil	2039-04-01
calculated:world_health_day	2039-04-07
calculated:international_buddhist_day	2039-04-08
sil	2039-04-08
calculated:khmer_new_year_1	2039-04-14
calculated:khmer_new_year_2	2039-04-15
calculated:khmer_new_year_3	2039-04-16
sil	2039-04-16
sil	2039-04-22
calculated:world_safety_and_health_at_work	2039-04-28
calculated:cambodia_joined_asean	2039-04-30
sil	2039-04-30
calculated:international_labor_day	2039-05-01
calculated:world_press_freedom_day	2039-05-03
calculated:visak_bochea	2039-05-07
sil	2039-05-07
calculated:mothers_day	2039-05-08
calculated:world_red_cross_day	2039-05-08
calculated:royal_ploughing_ceremony	2039-05-11
calculated:king_sihamoni_birthday	2039-05-14
calculated:international_day_of_families	2039-05-15
sil	2039-05-15
calculated:birth_of_national_police	2039-05-16
calculated:national_day_of_remembrance	2039-05-20
sil	2039-05-22
sil	2039-05-30
calculated:world_no_tobacco_day	2039-05-31
calculated:international_children_day	2039-06-01
calculated:world_environment_day	2039-06-05
sil	2039-06-06
calculated:world_day_against_child_labour	2039-06-12
sil	2039-06-14
calculated:icj_preah_vihear_ownership	2039-06-15
calculated:queen_mother_birthday	2039-06-18
calculated:fathers_day	2039-06-19
sil	2039-06-20
calculated:anti_drug_day	2039-06-26
calculated:buddhist_lent_candles_making_day	2039-06-28
sil	2039-06-28
calculated:national_fish_day	2039-07-01
calculated:cambodia_joined_unesco	2039-07-03
calculated:the_ordained_dragon_monk	2039-07-04
sil	2039-07-05
calculated:beginning_buddhist_lent	2039-07-06
calculated:preah_vihear_unesco	2039-07-07
calculated:sambor_prei_kuk_unesco	2039-07-08
calculated:arbor_day	2039-07-09
calculated:m13_tuol_sleng_choeung_ek_unesco	2039-07-11
calculated:national_population_day	2039-07-11
sil	2039-07-13
sil	2039-07-20
sil	2039-07-28
calculated:tuol_sleng_archives_unesco	2039-07-31
calculated:world_ranger_day	2039-07-31
sil	2039-08-04
calculated:indigenous_peoples_day	2039-08-09
calculated:international_youth_day	2039-08-12
sil	2039-08-12
sil	2039-08-18
sil	2039-08-26
sil	2039-09-02
calculated:ben_1	2039-09-03
calculated:ben_2	2039-09-04
calculated:ben_3	2039-09-05
calculated:ben_4	2039-09-06
calculated:ben_5	2039-09-07
calculated:ben_6	2039-09-08
calculated:international_literacy_day	2039-09-08
calculated:ben_7	2039-09-09
calculated:ben_8	2039-09-10
sil	2039-09-10
calculated:ben_9	2039-09-11
calculated:ben_10	2039-09-12
calculated:ben_11	2039-09-13
calculated:ben_12	2039-09-14
calculated:ben_13	2039-09-15
calculated:ozone_layer_preservation_day	2039-09-16
calculated:pchum_ben_festival	2039-09-16
calculated:koh_ker_unesco	2039-09-17
calculated:pchum_ben_festival	2039-09-17
sil	2039-09-17
calculated:pchum_ben_festival	2039-09-18
calculated:international_peace_day	2039-09-21
calculated:constitution_day	2039-09-24
sil	2039-09-25
calculated:world_tourism_day	2039-09-27
calculated:cambodian_older_persons_day	2039-10-01
calculated:ending_buddhist_lent	2039-10-02
sil	2039-10-02
calculated:kathen_kal	2039-10-03
calculated:world_teachers_day	2039-10-05
sil	2039-10-10
calculated:king_father_commemoration	2039-10-15
sil	2039-10-16
calculated:paris_peace_agreement	2039-10-23
sil	2039-10-24
calculated:king_coronation_day	2039-10-29
calculated:water_festival	2039-10-30
calculated:halloween	2039-10-31
calculated:water_festival	2039-10-31
sil	2039-10-31
calculated:water_festival	2039-11-01
calculated:royal_ballet_unesco	2039-11-07
sil	2039-11-08
calculated:independence_day	2039-11-09
sil	2039-11-15
calculated:environmental_sanitation_day	2039-11-23
sil	2039-11-23
calculated:khmer_shadow_theatre_unesco	2039-11-25
calculated:lkhon_khol_wat_svay_andet_unesco	2039-11-28
calculated:kun_lbokator_unesco	2039-11-29
calculated:chapei_dang_veng_unesco	2039-11-30
sil	2039-11-30
calculated:world_aids_day	2039-12-01
calculated:tug_of_war_unesco	2039-12-02
calculated:disabled_persons_day	2039-12-03
calculated:krama_unesco	2039-12-04
calculated:civil_aviation_day	2039-12-07
calculated:national_authors_day	2039-12-07
sil	2039-12-08
calculated:anti_corruption_day	2039-12-09
calculated:international_human_rights_day	2039-12-10
calculated:anti_human_trafficking_day	2039-12-12
calculated:angkor_wat_unesco	2039-12-14
calculated:cambodia_joined_un	2039-12-14
sil	2039-12-14
sil	2039-12-22
calculated:christmas_day	2039-12-25
calculated:peace_day_cambodia	2039-12-29
sil	2039-12-29
calculated:new_year_day	2040-01-01
sil	2040-01-06
calculated:victory_over_genocide	2040-01-07
sil	2040-01-13
sil	2040-01-21
calculated:meak_bochea	2040-01-28
sil	2040-01-28
sil	2040-02-05
sil	2040-02-11
calculated:valentine_day	2040-02-14
sil	2040-02-19
calculated:maternal_newborn_child_health_day	2040-02-21
calculated:national_mine_awareness_day	2040-02-24
sil	2040-02-26
calculated:national_culture_day	2040-03-03
calculated:water_policy_day	2040-03-04
sil	2040-03-05
calculated:international_women_day	2040-03-08
sil	2040-03-12
sil	2040-03-20
calculated:world_water_meteorological_day	2040-03-22
calculated:world_tuberculosis_day	2040-03-24
sil	2040-03-27
sil	2040-04-04
calculated:world_health_day	2040-04-07
calculated:international_buddhist_day	2040-04-08
sil	2040-04-10
calculated:khmer_new_year_1	2040-04-14
calculated:khmer_new_year_2	2040-04-15
calculated:khmer_new_year_3	2040-04-16
sil	2040-04-18
calculated:visak_bochea	2040-04-25
sil	2040-04-25
calculated:world_safety_and_health_at_work	2040-04-28
calculated:royal_ploughing_ceremony	2040-04-29
calculated:cambodia_joined_asean	2040-04-30
calculated:international_labor_day	2040-05-01
calculated:world_press_freedom_day	2040-05-03
sil	2040-05-03
calculated:world_red_cross_day	2040-05-08
sil	2040-05-10
calculated:mothers_day	2040-05-13
calculated:king_sihamoni_birthday	2040-05-14
calculated:international_day_of_families	2040-05-15
calculated:birth_of_national_police	2040-05-16
sil	2040-05-18
calculated:national_day_of_remembrance	2040-05-20
sil	2040-05-25
calculated:world_no_tobacco_day	2040-05-31
calculated:international_children_day	2040-06-01
sil	2040-06-02
calculated:world_environment_day	2040-06-05
sil	2040-06-08
calculated:world_day_against_child_labour	2040-06-12
calculated:icj_preah_vihear_ownership	2040-06-15
sil	2040-06-16
calculated:fathers_day	2040-06-17
calculated:queen_mother_birthday	2040-06-18
sil	2040-06-23
calculated:anti_drug_day	2040-06-26
calculated:national_fish_day	2040-07-01
sil	2040-07-01
calculated:cambodia_joined_unesco	2040-07-03
calculated:preah_vihear_unesco	2040-07-07
calculated:sambor_prei_kuk_unesco	2040-07-08
sil	2040-07-08
calculated:arbor_day	2040-07-09
calculated:m13_tuol_sleng_choeung_ek_unesco	2040-07-11
calculated:national_population_day	2040-07-11
calculated:buddhist_lent_candles_making_day	2040-07-16
sil	2040-07-16
calculated:the_ordained_dragon_monk	2040-07-22
sil	2040-07-23
calculated:beginning_buddhist_lent	2040-07-24
calculated:tuol_sleng_archives_unesco	2040-07-31
calculated:world_ranger_day	2040-07-31
sil	2040-07-31
sil	2040-08-07
calculated:indigenous_peoples_day	2040-08-09
calculated:international_youth_day	2040-08-12
sil	2040-08-15
sil	2040-08-22
sil	2040-08-30
sil	2040-09-05
calculated:international_literacy_day	2040-09-08
sil	2040-09-13
calculated:ozone_layer_preservation_day	2040-09-16
calculated:koh_ker_unesco	2040-09-17
sil	2040-09-20
calculated:ben_1	2040-09-21
calculated:international_peace_day	2040-09-21
calculated:ben_2	2040-09-22
calculated:ben_3	2040-09-23
calculated:ben_4	2040-09-24
calculated:constitution_day	2040-09-24
calculated:ben_5	2040-09-25
calculated:ben_6	2040-09-26
calculated:ben_7	2040-09-27
calculated:world_tourism_day	2040-09-27
calculated:ben_8	2040-09-28
sil	2040-09-28
calculated:ben_9	2040-09-29
calculated:ben_10	2040-09-30
calculated:ben_11	2040-10-01
calculated:cambodian_older_persons_day	2040-10-01
calculated:ben_12	2040-10-02
calculated:ben_13	2040-10-03
calculated:pchum_ben_festival	2040-10-04
calculated:pchum_ben_festival	2040-10-05
calculated:world_teachers_day	2040-10-05
sil	2040-10-05
calculated:pchum_ben_festival	2040-10-06
sil	2040-10-13
calculated:king_father_commemoration	2040-10-15
calculated:ending_buddhist_lent	2040-10-20
sil	2040-10-20
calculated:kathen_kal	2040-10-21
calculated:paris_peace_agreement	2040-10-23
sil	2040-10-28
calculated:king_coronation_day	2040-10-29
calculated:halloween	2040-10-31
sil	2040-11-03
calculated:royal_ballet_unesco	2040-11-07
calculated:independence_day	2040-11-09
sil	2040-11-11
calculated:water_festival	2040-11-17
calculated:water_festival	2040-11-18
sil	2040-11-18
calculated:water_festival	2040-11-19
calculated:environmental_sanitation_day	2040-11-23
calculated:khmer_shadow_theatre_unesco	2040-11-25
sil	2040-11-26
calculated:lkhon_khol_wat_svay_andet_unesco	2040-11-28
calculated:kun_lbokator_unesco	2040-11-29
calculated:chapei_dang_veng_unesco	2040-11-30
calculated:world_aids_day	2040-12-01
calculated:tug_of_war_unesco	2040-12-02
calculated:disabled_persons_day	2040-12-03
sil	2040-12-03
calculated:krama_unesco	2040-12-04
calculated:civil_aviation_day	2040-12-07
calculated:national_authors_day	2040-12-07
calculated:anti_corruption_day	2040-12-09
calculated:international_human_rights_day	2040-12-10
sil	2040-12-11
calculated:anti_human_trafficking_day	2040-12-12
calculated:angkor_wat_unesco	2040-12-14
calculated:cambodia_joined_un	2040-12-14
sil	2040-12-18
calculated:christmas_day	2040-12-25
sil	2040-12-26
calculated:peace_day_cambodia	2040-12-29
calculated:new_year_day	2041-01-01
sil	2041-01-01
calculated:victory_over_genocide	2041-01-07
sil	2041-01-09
sil	2041-01-16
sil	2041-01-24
sil	2041-01-31
sil	2041-02-08
calculated:valentine_day	2041-02-14
calculated:meak_bochea	2041-02-15
sil	2041-02-15
calculated:maternal_newborn_child_health_day	2041-02-21
sil	2041-02-23
calculated:national_mine_awareness_day	2041-02-24
sil	2041-03-01
calculated:national_culture_day	2041-03-03
calculated:water_policy_day	2041-03-04
calculated:international_women_day	2041-03-08
sil	2041-03-09
sil	2041-03-16
calculated:world_water_meteorological_day	2041-03-22
calculated:world_tuberculosis_day	2041-03-24
sil	2041-03-24
sil	2041-03-31
calculated:world_health_day	2041-04-07
calculated:international_buddhist_day	2041-04-08
sil	2041-04-08
calculated:khmer_new_year_1	2041-04-14
calculated:khmer_new_year_2	2041-04-15
sil	2041-04-15
calculated:khmer_new_year_3	2041-04-16
sil	2041-04-23
calculated:world_safety_and_health_at_work	2041-04-28
sil	2041-04-29
calculated:cambodia_joined_asean	2041-04-30
calculated:international_labor_day	2041-05-01
calculated:world_press_freedom_day	2041-05-03
sil	2041-05-07
calculated:world_red_cross_day	2041-05-08
calculated:mothers_day	2041-05-12
calculated:king_sihamoni_birthday	2041-05-14
calculated:visak_bochea	2041-05-14
sil	2041-05-14
calculated:international_day_of_families	2041-05-15
calculated:birth_of_national_police	2041-05-16
calculated:royal_ploughing_ceremony	2041-05-18
calculated:national_day_of_remembrance	2041-05-20
sil	2041-05-22
sil	2041-05-29
calculated:world_no_tobacco_day	2041-05-31
calculated:international_children_day	2041-06-01
calculated:world_environment_day	2041-06-05
sil	2041-06-06
calculated:world_day_against_child_labour	2041-06-12
sil	2041-06-13
calculated:icj_preah_vihear_ownership	2041-06-15
calculated:fathers_day	2041-06-16
calculated:queen_mother_birthday	2041-06-18
sil	2041-06-21
calculated:anti_drug_day	2041-06-26
sil	2041-06-28
calculated:national_fish_day	2041-07-01
calculated:cambodia_joined_unesco	2041-07-03
calculated:buddhist_lent_candles_making_day	2041-07-06
sil	2041-07-06
calculated:preah_vihear_unesco	2041-07-07
calculated:sambor_prei_kuk_unesco	2041-07-08
calculated:arbor_day	2041-07-09
calculated:m13_tuol_sleng_choeung_ek_unesco	2041-07-11
calculated:national_population_day	2041-07-11
calculated:the_ordained_dragon_monk	2041-07-12
sil	2041-07-13
calculated:beginning_buddhist_lent	2041-07-14
sil	2041-07-21
sil	2041-07-28
calculated:tuol_sleng_archives_unesco	2041-07-31
calculated:world_ranger_day	2041-07-31
sil	2041-08-05
calculated:indigenous_peoples_day	2041-08-09
calculated:international_youth_day	2041-08-12
sil	2041-08-12
sil	2041-08-20
sil	2041-08-26
sil	2041-09-03
calculated:international_literacy_day	2041-09-08
sil	2041-09-10
calculated:ben_1	2041-09-11
calculated:ben_2	2041-09-12
calculated:ben_3	2041-09-13
calculated:ben_4	2041-09-14
calculated:ben_5	2041-09-15
calculated:ben_6	2041-09-16
calculated:ozone_layer_preservation_day	2041-09-16
calculated:ben_7	2041-09-17
calculated:koh_ker_unesco	2041-09-17
calculated:ben_8	2041-09-18
sil	2041-09-18
calculated:ben_9	2041-09-19
calculated:ben_10	2041-09-20
calculated:ben_11	2041-09-21
calculated:international_peace_day	2041-09-21
calculated:ben_12	2041-09-22
calculated:ben_13	2041-09-23
calculated:constitution_day	2041-09-24
calculated:pchum_ben_festival	2041-09-24
calculated:pchum_ben_festival	2041-09-25
sil	2041-09-25
calculated:pchum_ben_festival	2041-09-26
calculated:world_tourism_day	2041-09-27
calculated:cambodian_older_persons_day	2041-10-01
sil	2041-10-03
calculated:world_teachers_day	2041-10-05
calculated:ending_buddhist_lent	2041-10-10
sil	2041-10-10
calculated:kathen_kal	2041-10-11
calculated:king_father_commemoration	2041-10-15
sil	2041-10-18
calculated:paris_peace_agreement	2041-10-23
sil	2041-10-24
calculated:king_coronation_day	2041-10-29
calculated:halloween	2041-10-31
sil	2041-11-01
calculated:royal_ballet_unesco	2041-11-07
calculated:water_festival	2041-11-07
calculated:water_festival	2041-11-08
sil	2041-11-08
calculated:independence_day	2041-11-09
calculated:water_festival	2041-11-09
sil	2041-11-16
calculated:environmental_sanitation_day	2041-11-23
sil	2041-11-23
calculated:khmer_shadow_theatre_unesco	2041-11-25
calculated:lkhon_khol_wat_svay_andet_unesco	2041-11-28
calculated:kun_lbokator_unesco	2041-11-29
calculated:chapei_dang_veng_unesco	2041-11-30
calculated:world_aids_day	2041-12-01
sil	2041-12-01
calculated:tug_of_war_unesco	2041-12-02
calculated:disabled_persons_day	2041-12-03
calculated:krama_unesco	2041-12-04
calculated:civil_aviation_day	2041-12-07
calculated:national_authors_day	2041-12-07
sil	2041-12-08
calculated:anti_corruption_day	2041-12-09
calculated:international_human_rights_day	2041-12-10
calculated:anti_human_trafficking_day	2041-12-12
calculated:angkor_wat_unesco	2041-12-14
calculated:cambodia_joined_un	2041-12-14
sil	2041-12-16
sil	2041-12-22
calculated:christmas_day	2041-12-25
calculated:peace_day_cambodia	2041-12-29
sil	2041-12-30
calculated:new_year_day	2042-01-01
sil	2042-01-06
calculated:victory_over_genocide	2042-01-07
sil	2042-01-14
sil	2042-01-21
sil	2042-01-29
calculated:meak_bochea	2042-02-05
sil	2042-02-05
sil	2042-02-13
calculated:valentine_day	2042-02-14
sil	2042-02-19
calculated:maternal_newborn_child_health_day	2042-02-21
calculated:national_mine_awareness_day	2042-02-24
sil	2042-02-27
calculated:national_culture_day	2042-03-03
calculated:water_policy_day	2042-03-04
sil	2042-03-06
calculated:international_women_day	2042-03-08
sil	2042-03-14
sil	2042-03-21
calculated:world_water_meteorological_day	2042-03-22
calculated:world_tuberculosis_day	2042-03-24
sil	2042-03-29
sil	2042-04-05
calculated:world_health_day	2042-04-07
calculated:international_buddhist_day	2042-04-08
sil	2042-04-13
calculated:khmer_new_year_1	2042-04-14
calculated:khmer_new_year_2	2042-04-15
calculated:khmer_new_year_3	2042-04-16
sil	2042-04-19
sil	2042-04-27
calculated:world_safety_and_health_at_work	2042-04-28
calculated:cambodia_joined_asean	2042-04-30
calculated:international_labor_day	2042-05-01
calculated:world_press_freedom_day	2042-05-03
calculated:visak_bochea	2042-05-04
sil	2042-05-04
calculated:royal_ploughing_ceremony	2042-05-08
calculated:world_red_cross_day	2042-05-08
calculated:mothers_day	2042-05-11
sil	2042-05-12
calculated:king_sihamoni_birthday	2042-05-14
calculated:international_day_of_families	2042-05-15
calculated:birth_of_national_police	2042-05-16
sil	2042-05-19
calculated:national_day_of_remembrance	2042-05-20
sil	2042-05-27
calculated:world_no_tobacco_day	2042-05-31
calculated:international_children_day	2042-06-01
sil	2042-06-03
calculated:world_environment_day	2042-06-05
sil	2042-06-11
calculated:world_day_against_child_labour	2042-06-12
calculated:fathers_day	2042-06-15
calculated:icj_preah_vihear_ownership	2042-06-15
sil	2042-06-17
calculated:queen_mother_birthday	2042-06-18
sil	2042-06-25
calculated:anti_drug_day	2042-06-26
calculated:national_fish_day	2042-07-01
sil	2042-07-02
calculated:cambodia_joined_unesco	2042-07-03
calculated:preah_vihear_unesco	2042-07-07
calculated:sambor_prei_kuk_unesco	2042-07-08
calculated:arbor_day	2042-07-09
sil	2042-07-10
calculated:m13_tuol_sleng_choeung_ek_unesco	2042-07-11
calculated:national_population_day	2042-07-11
sil	2042-07-17
calculated:buddhist_lent_candles_making_day	2042-07-25
sil	2042-07-25
calculated:the_ordained_dragon_monk	2042-07-31
calculated:tuol_sleng_archives_unesco	2042-07-31
calculated:world_ranger_day	2042-07-31
sil	2042-08-01
calculated:beginning_buddhist_lent	2042-08-02
calculated:indigenous_peoples_day	2042-08-09
sil	2042-08-09
calculated:international_youth_day	2042-08-12
sil	2042-08-16
sil	2042-08-24
sil	2042-08-31
calculated:international_literacy_day	2042-09-08
sil	2042-09-08
sil	2042-09-14
calculated:ozone_layer_preservation_day	2042-09-16
calculated:koh_ker_unesco	2042-09-17
calculated:international_peace_day	2042-09-21
sil	2042-09-22
calculated:constitution_day	2042-09-24
calculated:world_tourism_day	2042-09-27
sil	2042-09-29
calculated:ben_1	2042-09-30
calculated:ben_2	2042-10-01
calculated:cambodian_older_persons_day	2042-10-01
calculated:ben_3	2042-10-02
calculated:ben_4	2042-10-03
calculated:ben_5	2042-10-04
calculated:ben_6	2042-10-05
calculated:world_teachers_day	2042-10-05
calculated:ben_7	2042-10-06
calculated:ben_8	2042-10-07
sil	2042-10-07
calculated:ben_9	2042-10-08
calculated:ben_10	2042-10-09
calculated:ben_11	2042-10-10
calculated:ben_12	2042-10-11
calculated:ben_13	2042-10-12
calculated:pchum_ben_festival	2042-10-13
calculated:pchum_ben_festival	2042-10-14
sil	2042-10-14
calculated:king_father_commemoration	2042-10-15
calculated:pchum_ben_festival	2042-10-15
sil	2042-10-22
calculated:paris_peace_agreement	2042-10-23
calculated:ending_buddhist_lent	2042-10-29
calculated:king_coronation_day	2042-10-29
sil	2042-10-29
calculated:kathen_kal	2042-10-30
calculated:halloween	2042-10-31
sil	2042-11-06
calculated:royal_ballet_unesco	2042-11-07
calculated:independence_day	2042-11-09
sil	2042-11-12
sil	2042-11-20
calculated:environmental_sanitation_day	2042-11-23
calculated:khmer_shadow_theatre_unesco	2042-11-25
calculated:water_festival	2042-11-26
calculated:water_festival	2042-11-27
sil	2042-11-27
calculated:lkhon_khol_wat_svay_andet_unesco	2042-11-28
calculated:water_festival	2042-11-28
calculated:kun_lbokator_unesco	2042-11-29
calculated:chapei_dang_veng_unesco	2042-11-30
calculated:world_aids_day	2042-12-01
calculated:tug_of_war_unesco	2042-12-02
calculated:disabled_persons_day	2042-12-03
calculated:krama_unesco	2042-12-04
sil	2042-12-05
calculated:civil_aviation_day	2042-12-07
calculated:national_authors_day	2042-12-07
calculated:anti_corruption_day	2042-12-09
calculated:international_human_rights_day	2042-12-10
calculated:anti_human_trafficking_day	2042-12-12
sil	2042-12-12
calculated:angkor_wat_unesco	2042-12-14
calculated:cambodia_joined_un	2042-12-14
sil	2042-12-20
calculated:christmas_day	2042-12-25
sil	2042-12-27
calculated:peace_day_cambodia	2042-12-29
calculated:new_year_day	2043-01-01
sil	2043-01-04
calculated:victory_over_genocide	2043-01-07
sil	2043-01-10
sil	2043-01-18
sil	2043-01-25
sil	2043-02-02
sil	2043-02-09
calculated:valentine_day	2043-02-14
sil	2043-02-17
calculated:maternal_newborn_child_health_day	2043-02-21
calculated:meak_bochea	2043-02-24
calculated:national_mine_awareness_day	2043-02-24
sil	2043-02-24
calculated:national_culture_day	2043-03-03
calculated:water_policy_day	2043-03-04
sil	2043-03-04
calculated:international_women_day	2043-03-08
sil	2043-03-10
sil	2043-03-18
calculated:world_water_meteorological_day	2043-03-22
calculated:world_tuberculosis_day	2043-03-24
sil	2043-03-25
sil	2043-04-02
calculated:world_health_day	2043-04-07
calculated:international_buddhist_day	2043-04-08
sil	2043-04-09
calculated:khmer_new_year_1	2043-04-14
calculated:khmer_new_year_2	2043-04-15
calculated:khmer_new_year_2	2043-04-16
calculated:khmer_new_year_3	2043-04-17
sil	2043-04-17
sil	2043-04-24
calculated:world_safety_and_health_at_work	2043-04-28
calculated:cambodia_joined_asean	2043-04-30
calculated:international_labor_day	2043-05-01
sil	2043-05-02
calculated:world_press_freedom_day	2043-05-03
calculated:world_red_cross_day	2043-05-08
sil	2043-05-08
calculated:mothers_day	2043-05-10
calculated:king_sihamoni_birthday	2043-05-14
calculated:international_day_of_families	2043-05-15
calculated:birth_of_national_police	2043-05-16
sil	2043-05-16
calculated:national_day_of_remembrance	2043-05-20
calculated:visak_bochea	2043-05-23
sil	2043-05-23
calculated:royal_ploughing_ceremony	2043-05-27
calculated:world_no_tobacco_day	2043-05-31
sil	2043-05-31
calculated:international_children_day	2043-06-01
calculated:world_environment_day	2043-06-05
sil	2043-06-07
calculated:world_day_against_child_labour	2043-06-12
calculated:icj_preah_vihear_ownership	2043-06-15
sil	2043-06-15
calculated:queen_mother_birthday	2043-06-18
calculated:fathers_day	2043-06-21
sil	2043-06-22
calculated:anti_drug_day	2043-06-26
sil	2043-06-30
calculated:national_fish_day	2043-07-01
calculated:cambodia_joined_unesco	2043-07-03
sil	2043-07-06
calculated:preah_vihear_unesco	2043-07-07
calculated:sambor_prei_kuk_unesco	2043-07-08
calculated:arbor_day	2043-07-09
calculated:m13_tuol_sleng_choeung_ek_unesco	2043-07-11
calculated:national_population_day	2043-07-11
calculated:buddhist_lent_candles_making_day	2043-07-14
sil	2043-07-14
calculated:the_ordained_dragon_monk	2043-07-20
sil	2043-07-21
calculated:beginning_buddhist_lent	2043-07-22
sil	2043-07-29
calculated:tuol_sleng_archives_unesco	2043-07-31
calculated:world_ranger_day	2043-07-31
sil	2043-08-05
calculated:indigenous_peoples_day	2043-08-09
calculated:international_youth_day	2043-08-12
sil	2043-08-13
sil	2043-08-20
sil	2043-08-28
sil	2043-09-03
calculated:international_literacy_day	2043-09-08
sil	2043-09-11
calculated:ozone_layer_preservation_day	2043-09-16
calculated:koh_ker_unesco	2043-09-17
sil	2043-09-18
calculated:ben_1	2043-09-19
calculated:ben_2	2043-09-20
calculated:ben_3	2043-09-21
calculated:international_peace_day	2043-09-21
calculated:ben_4	2043-09-22
calculated:ben_5	2043-09-23
calculated:ben_6	2043-09-24
calculated:constitution_day	2043-09-24
calculated:ben_7	2043-09-25
calculated:ben_8	2043-09-26
sil	2043-09-26
calculated:ben_9	2043-09-27
calculated:world_tourism_day	2043-09-27
calculated:ben_10	2043-09-28
calculated:ben_11	2043-09-29
calculated:ben_12	2043-09-30
calculated:ben_13	2043-10-01
calculated:cambodian_older_persons_day	2043-10-01
calculated:pchum_ben_festival	2043-10-02
calculated:pchum_ben_festival	2043-10-03
sil	2043-10-03
calculated:pchum_ben_festival	2043-10-04
calculated:world_teachers_day	2043-10-05
sil	2043-10-11
calculated:king_father_commemoration	2043-10-15
calculated:ending_buddhist_lent	2043-10-18
sil	2043-10-18
calculated:kathen_kal	2043-10-19
calculated:paris_peace_agreement	2043-10-23
sil	2043-10-26
calculated:king_coronation_day	2043-10-29
calculated:halloween	2043-10-31
sil	2043-11-01
calculated:royal_ballet_unesco	2043-11-07
calculated:independence_day	2043-11-09
sil	2043-11-09
calculated:water_festival	2043-11-15
calculated:water_festival	2043-11-16
sil	2043-11-16
calculated:water_festival	2043-11-17
calculated:environmental_sanitation_day	2043-11-23
sil	2043-11-24
calculated:khmer_shadow_theatre_unesco	2043-11-25
calculated:lkhon_khol_wat_svay_andet_unesco	2043-11-28
calculated:kun_lbokator_unesco	2043-11-29
calculated:chapei_dang_veng_unesco	2043-11-30
calculated:world_aids_day	2043-12-01
sil	2043-12-01
calculated:tug_of_war_unesco	2043-12-02
calculated:disabled_persons_day	2043-12-03
calculated:krama_unesco	2043-12-04
calculated:civil_aviation_day	2043-12-07
calculated:national_authors_day	2043-12-07
calculated:anti_corruption_day	2043-12-09
sil	2043-12-09
calculated:international_human_rights_day	2043-12-10
calculated:anti_human_trafficking_day	2043-12-12
calculated:angkor_wat_unesco	2043-12-14
calculated:cambodia_joined_un	2043-12-14
sil	2043-12-16
sil	2043-12-24
calculated:christmas_day	2043-12-25
calculated:peace_day_cambodia	2043-12-29
sil	2043-12-30
calculated:new_year_day	2044-01-01
calculated:victory_over_genocide	2044-01-07
sil	2044-01-07
sil	2044-01-14
sil	2044-01-22
sil	2044-01-29
sil	2044-02-06
calculated:meak_bochea	2044-02-13
sil	2044-02-13
calculated:valentine_day	2044-02-14
calculated:maternal_newborn_child_health_day	2044-02-21
sil	2044-02-21
calculated:national_mine_awareness_day	2044-02-24
sil	2044-02-27
calculated:national_culture_day	2044-03-03
calculated:water_policy_day	2044-03-04
sil	2044-03-06
calculated:international_women_day	2044-03-08
sil	2044-03-13
sil	2044-03-21
calculated:world_water_meteorological_day	2044-03-22
calculated:world_tuberculosis_day	2044-03-24
sil	2044-03-28
sil	2044-04-05
calculated:world_health_day	2044-04-07
calculated:international_buddhist_day	2044-04-08
sil	2044-04-12
calculated:khmer_new_year_1	2044-04-14
calculated:khmer_new_year_2	2044-04-15
calculated:khmer_new_year_3	2044-04-16
sil	2044-04-20
sil	2044-04-26
calculated:world_safety_and_health_at_work	2044-04-28
calculated:cambodia_joined_asean	2044-04-30
calculated:international_labor_day	2044-05-01
calculated:world_press_freedom_day	2044-05-03
sil	2044-05-04
calculated:mothers_day	2044-05-08
calculated:world_red_cross_day	2044-05-08
calculated:visak_bochea	2044-05-11
sil	2044-05-11
calculated:king_sihamoni_birthday	2044-05-14
calculated:international_day_of_families	2044-05-15
calculated:royal_ploughing_ceremony	2044-05-15
calculated:birth_of_national_police	2044-05-16
sil	2044-05-19
calculated:national_day_of_remembrance	2044-05-20
sil	2044-05-26
calculated:world_no_tobacco_day	2044-05-31
calculated:international_children_day	2044-06-01
sil	2044-06-03
calculated:world_environment_day	2044-06-05
sil	2044-06-10
calculated:world_day_against_child_labour	2044-06-12
calculated:icj_preah_vihear_ownership	2044-06-15
calculated:queen_mother_birthday	2044-06-18
sil	2044-06-18
calculated:fathers_day	2044-06-19
sil	2044-06-24
calculated:anti_drug_day	2044-06-26
calculated:national_fish_day	2044-07-01
calculated:buddhist_lent_candles_making_day	2044-07-02
sil	2044-07-02
calculated:cambodia_joined_unesco	2044-07-03
calculated:preah_vihear_unesco	2044-07-07
calculated:sambor_prei_kuk_unesco	2044-07-08
calculated:the_ordained_dragon_monk	2044-07-08
calculated:arbor_day	2044-07-09
sil	2044-07-09
calculated:beginning_buddhist_lent	2044-07-10
calculated:m13_tuol_sleng_choeung_ek_unesco	2044-07-11
calculated:national_population_day	2044-07-11
sil	2044-07-17
sil	2044-07-24
calculated:tuol_sleng_archives_unesco	2044-07-31
calculated:world_ranger_day	2044-07-31
sil	2044-08-01
sil	2044-08-08
calculated:indigenous_peoples_day	2044-08-09
calculated:international_youth_day	2044-08-12
sil	2044-08-16
sil	2044-08-22
sil	2044-08-30
sil	2044-09-06
calculated:ben_1	2044-09-07
calculated:ben_2	2044-09-08
calculated:international_literacy_day	2044-09-08
calculated:ben_3	2044-09-09
calculated:ben_4	2044-09-10
calculated:ben_5	2044-09-11
calculated:ben_6	2044-09-12
calculated:ben_7	2044-09-13
calculated:ben_8	2044-09-14
sil	2044-09-14
calculated:ben_9	2044-09-15
calculated:ben_10	2044-09-16
calculated:ozone_layer_preservation_day	2044-09-16
calculated:ben_11	2044-09-17
calculated:koh_ker_unesco	2044-09-17
calculated:ben_12	2044-09-18
calculated:ben_13	2044-09-19
calculated:pchum_ben_festival	2044-09-20
calculated:international_peace_day	2044-09-21
calculated:pchum_ben_festival	2044-09-21
sil	2044-09-21
calculated:pchum_ben_festival	2044-09-22
calculated:constitution_day	2044-09-24
calculated:world_tourism_day	2044-09-27
sil	2044-09-29
calculated:cambodian_older_persons_day	2044-10-01
calculated:world_teachers_day	2044-10-05
calculated:ending_buddhist_lent	2044-10-06
sil	2044-10-06
calculated:kathen_kal	2044-10-07
sil	2044-10-14
calculated:king_father_commemoration	2044-10-15
sil	2044-10-20
calculated:paris_peace_agreement	2044-10-23
sil	2044-10-28
calculated:king_coronation_day	2044-10-29
calculated:halloween	2044-10-31
calculated:water_festival	2044-11-03
calculated:water_festival	2044-11-04
sil	2044-11-04
calculated:water_festival	2044-11-05
calculated:royal_ballet_unesco	2044-11-07
calculated:independence_day	2044-11-09
sil	2044-11-12
sil	2044-11-19
calculated:environmental_sanitation_day	2044-11-23
calculated:khmer_shadow_theatre_unesco	2044-11-25
sil	2044-11-27
calculated:lkhon_khol_wat_svay_andet_unesco	2044-11-28
calculated:kun_lbokator_unesco	2044-11-29
calculated:chapei_dang_veng_unesco	2044-11-30
calculated:world_aids_day	2044-12-01
calculated:tug_of_war_unesco	2044-12-02
calculated:disabled_persons_day	2044-12-03
calculated:krama_unesco	2044-12-04
sil	2044-12-04
calculated:civil_aviation_day	2044-12-07
calculated:national_authors_day	2044-12-07
calculated:anti_corruption_day	2044-12-09
calculated:international_human_rights_day	2044-12-10
calculated:anti_human_trafficking_day	2044-12-12
sil	2044-12-12
calculated:angkor_wat_unesco	2044-12-14
calculated:cambodia_joined_un	2044-12-14
sil	2044-12-18
calculated:christmas_day	2044-12-25
sil	2044-12-26
calculated:peace_day_cambodia	2044-12-29
calculated:new_year_day	2045-01-01
sil	2045-01-02
calculated:victory_over_genocide	2045-01-07
sil	2045-01-10
sil	2045-01-17
sil	2045-01-25
calculated:meak_bochea	2045-02-01
sil	2045-02-01
sil	2045-02-09
calculated:valentine_day	2045-02-14
sil	2045-02-15
calculated:maternal_newborn_child_health_day	2045-02-21
sil	2045-02-23
calculated:national_mine_awareness_day	2045-02-24
sil	2045-03-02
calculated:national_culture_day	2045-03-03
calculated:water_policy_day	2045-03-04
calculated:international_women_day	2045-03-08
sil	2045-03-10
sil	2045-03-17
calculated:world_water_meteorological_day	2045-03-22
calculated:world_tuberculosis_day	2045-03-24
sil	2045-03-25
sil	2045-04-01
calculated:world_health_day	2045-04-07
calculated:international_buddhist_day	2045-04-08
sil	2045-04-09
calculated:khmer_new_year_1	2045-04-14
calculated:khmer_new_year_2	2045-04-15
sil	2045-04-15
calculated:khmer_new_year_3	2045-04-16
sil	2045-04-23
calculated:world_safety_and_health_at_work	2045-04-28
calculated:cambodia_joined_asean	2045-04-30
calculated:visak_bochea	2045-04-30
sil	2045-04-30
calculated:international_labor_day	2045-05-01
calculated:world_press_freedom_day	2045-05-03
calculated:royal_ploughing_ceremony	2045-05-04
calculated:world_red_cross_day	2045-05-08
sil	2045-05-08
calculated:king_sihamoni_birthday	2045-05-14
calculated:mothers_day	2045-05-14
calculated:international_day_of_families	2045-05-15
sil	2045-05-15
calculated:birth_of_national_police	2045-05-16
calculated:national_day_of_remembrance	2045-05-20
sil	2045-05-23
sil	2045-05-30
calculated:world_no_tobacco_day	2045-05-31
calculated:international_children_day	2045-06-01
calculated:world_environment_day	2045-06-05
sil	2045-06-07
calculated:world_day_against_child_labour	2045-06-12
sil	2045-06-13
calculated:icj_preah_vihear_ownership	2045-06-15
calculated:fathers_day	2045-06-18
calculated:queen_mother_birthday	2045-06-18
sil	2045-06-21
calculated:anti_drug_day	2045-06-26
sil	2045-06-28
calculated:national_fish_day	2045-07-01
calculated:cambodia_joined_unesco	2045-07-03
sil	2045-07-06
calculated:preah_vihear_unesco	2045-07-07
calculated:sambor_prei_kuk_unesco	2045-07-08
calculated:arbor_day	2045-07-09
calculated:m13_tuol_sleng_choeung_ek_unesco	2045-07-11
calculated:national_population_day	2045-07-11
sil	2045-07-13
calculated:buddhist_lent_candles_making_day	2045-07-21
sil	2045-07-21
calculated:the_ordained_dragon_monk	2045-07-27
sil	2045-07-28
calculated:beginning_buddhist_lent	2045-07-29
calculated:tuol_sleng_archives_unesco	2045-07-31
calculated:world_ranger_day	2045-07-31
sil	2045-08-05
calculated:indigenous_peoples_day	2045-08-09
calculated:international_youth_day	2045-08-12
sil	2045-08-12
sil	2045-08-20
sil	2045-08-27
sil	2045-09-04
calculated:international_literacy_day	2045-09-08
sil	2045-09-10
calculated:ozone_layer_preservation_day	2045-09-16
calculated:koh_ker_unesco	2045-09-17
sil	2045-09-18
calculated:international_peace_day	2045-09-21
calculated:constitution_day	2045-09-24
sil	2045-09-25
calculated:ben_1	2045-09-26
calculated:ben_2	2045-09-27
calculated:world_tourism_day	2045-09-27
calculated:ben_3	2045-09-28
calculated:ben_4	2045-09-29
calculated:ben_5	2045-09-30
calculated:ben_6	2045-10-01
calculated:cambodian_older_persons_day	2045-10-01
calculated:ben_7	2045-10-02
calculated:ben_8	2045-10-03
sil	2045-10-03
calculated:ben_9	2045-10-04
calculated:ben_10	2045-10-05
calculated:world_teachers_day	2045-10-05
calculated:ben_11	2045-10-06
calculated:ben_12	2045-10-07
calculated:ben_13	2045-10-08
calculated:pchum_ben_festival	2045-10-09
calculated:pchum_ben_festival	2045-10-10
sil	2045-10-10
calculated:pchum_ben_festival	2045-10-11
calculated:king_father_commemoration	2045-10-15
sil	2045-10-18
calculated:paris_peace_agreement	2045-10-23
calculated:ending_buddhist_lent	2045-10-25
sil	2045-10-25
calculated:kathen_kal	2045-10-26
calculated:king_coronation_day	2045-10-29
calculated:halloween	2045-10-31
sil	2045-11-02
calculated:royal_ballet_unesco	2045-11-07
sil	2045-11-08
calculated:independence_day	2045-11-09
sil	2045-11-16
calculated:water_festival	2045-11-22
calculated:environmental_sanitation_day	2045-11-23
calculated:water_festival	2045-11-23
sil	2045-11-23
calculated:water_festival	2045-11-24
calculated:khmer_shadow_theatre_unesco	2045-11-25
calculated:lkhon_khol_wat_svay_andet_unesco	2045-11-28
calculated:kun_lbokator_unesco	2045-11-29
calculated:chapei_dang_veng_unesco	2045-11-30
calculated:world_aids_day	2045-12-01
sil	2045-12-01
calculated:tug_of_war_unesco	2045-12-02
calculated:disabled_persons_day	2045-12-03
calculated:krama_unesco	2045-12-04
calculated:civil_aviation_day	2045-12-07
calculated:national_authors_day	2045-12-07
sil	2045-12-08
calculated:anti_corruption_day	2045-12-09
calculated:international_human_rights_day	2045-12-10
calculated:anti_human_trafficking_day	2045-12-12
calculated:angkor_wat_unesco	2045-12-14
calculated:cambodia_joined_un	2045-12-14
sil	2045-12-16
sil	2045-12-23
calculated:christmas_day	2045-12-25
calculated:peace_day_cambodia	2045-12-29
sil	2045-12-31
calculated:new_year_day	2046-01-01
sil	2046-01-06
calculated:victory_over_genocide	2046-01-07
sil	2046-01-14
sil	2046-01-21
sil	2046-01-29
sil	2046-02-05
sil	2046-02-13
calculated:valentine_day	2046-02-14
calculated:meak_bochea	2046-02-20
sil	2046-02-20
calculated:maternal_newborn_child_health_day	2046-02-21
calculated:national_mine_awareness_day	2046-02-24
sil	2046-02-28
calculated:national_culture_day	2046-03-03
calculated:water_policy_day	2046-03-04
sil	2046-03-06
calculated:international_women_day	2046-03-08
sil	2046-03-14
sil	2046-03-21
calculated:world_water_meteorological_day	2046-03-22
calculated:world_tuberculosis_day	2046-03-24
sil	2046-03-29
sil	2046-04-05
calculated:world_health_day	2046-04-07
calculated:international_buddhist_day	2046-04-08
sil	2046-04-13
calculated:khmer_new_year_1	2046-04-14
calculated:khmer_new_year_2	2046-04-15
calculated:khmer_new_year_3	2046-04-16
sil	2046-04-20
calculated:world_safety_and_health_at_work	2046-04-28
sil	2046-04-28
calculated:cambodia_joined_asean	2046-04-30
calculated:international_labor_day	2046-05-01
calculated:world_press_freedom_day	2046-05-03
sil	2046-05-04
calculated:world_red_cross_day	2046-05-08
sil	2046-05-12
calculated:mothers_day	2046-05-13
calculated:king_sihamoni_birthday	2046-05-14
calculated:international_day_of_families	2046-05-15
calculated:birth_of_national_police	2046-05-16
calculated:visak_bochea	2046-05-19
sil	2046-05-19
calculated:national_day_of_remembrance	2046-05-20
calculated:royal_ploughing_ceremony	2046-05-23
sil	2046-05-27
calculated:world_no_tobacco_day	2046-05-31
calculated:international_children_day	2046-06-01
sil	2046-06-03
calculated:world_environment_day	2046-06-05
sil	2046-06-11
calculated:world_day_against_child_labour	2046-06-12
calculated:icj_preah_vihear_ownership	2046-06-15
calculated:fathers_day	2046-06-17
calculated:queen_mother_birthday	2046-06-18
sil	2046-06-18
calculated:anti_drug_day	2046-06-26
sil	2046-06-26
calculated:national_fish_day	2046-07-01
calculated:cambodia_joined_unesco	2046-07-03
sil	2046-07-03
calculated:preah_vihear_unesco	2046-07-07
calculated:sambor_prei_kuk_unesco	2046-07-08
calculated:arbor_day	2046-07-09
calculated:buddhist_lent_candles_making_day	2046-07-11
calculated:m13_tuol_sleng_choeung_ek_unesco	2046-07-11
calculated:national_population_day	2046-07-11
sil	2046-07-11
calculated:the_ordained_dragon_monk	2046-07-17
sil	2046-07-18
calculated:beginning_buddhist_lent	2046-07-19
sil	2046-07-26
calculated:tuol_sleng_archives_unesco	2046-07-31
calculated:world_ranger_day	2046-07-31
sil	2046-08-02
calculated:indigenous_peoples_day	2046-08-09
sil	2046-08-10
calculated:international_youth_day	2046-08-12
sil	2046-08-17
sil	2046-08-25
sil	2046-08-31
calculated:international_literacy_day	2046-09-08
sil	2046-09-08
sil	2046-09-15
calculated:ben_1	2046-09-16
calculated:ozone_layer_preservation_day	2046-09-16
calculated:ben_2	2046-09-17
calculated:koh_ker_unesco	2046-09-17
calculated:ben_3	2046-09-18
calculated:ben_4	2046-09-19
calculated:ben_5	2046-09-20
calculated:ben_6	2046-09-21
calculated:international_peace_day	2046-09-21
calculated:ben_7	2046-09-22
calculated:ben_8	2046-09-23
sil	2046-09-23
calculated:ben_9	2046-09-24
calculated:constitution_day	2046-09-24
calculated:ben_10	2046-09-25
calculated:ben_11	2046-09-26
calculated:ben_12	2046-09-27
calculated:world_tourism_day	2046-09-27
calculated:ben_13	2046-09-28
calculated:pchum_ben_festival	2046-09-29
calculated:pchum_ben_festival	2046-09-30
sil	2046-09-30
calculated:cambodian_older_persons_day	2046-10-01
calculated:pchum_ben_festival	2046-10-01
calculated:world_teachers_day	2046-10-05
sil	2046-10-08
calculated:ending_buddhist_lent	2046-10-15
calculated:king_father_commemoration	2046-10-15
sil	2046-10-15
calculated:kathen_kal	2046-10-16
calculated:paris_peace_agreement	2046-10-23
sil	2046-10-23
calculated:king_coronation_day	2046-10-29
sil	2046-10-29
calculated:halloween	2046-10-31
sil	2046-11-06
calculated:royal_ballet_unesco	2046-11-07
calculated:independence_day	2046-11-09
calculated:water_festival	2046-11-12
calculated:water_festival	2046-11-13
sil	2046-11-13
calculated:water_festival	2046-11-14
sil	2046-11-21
calculated:environmental_sanitation_day	2046-11-23
calculated:khmer_shadow_theatre_unesco	2046-11-25
calculated:lkhon_khol_wat_svay_andet_unesco	2046-11-28
sil	2046-11-28
calculated:kun_lbokator_unesco	2046-11-29
calculated:chapei_dang_veng_unesco	2046-11-30
calculated:world_aids_day	2046-12-01
calculated:tug_of_war_unesco	2046-12-02
calculated:disabled_persons_day	2046-12-03
calculated:krama_unesco	2046-12-04
sil	2046-12-06
calculated:civil_aviation_day	2046-12-07
calculated:national_authors_day	2046-12-07
calculated:anti_corruption_day	2046-12-09
calculated:international_human_rights_day	2046-12-10
calculated:anti_human_trafficking_day	2046-12-12
sil	2046-12-13
calculated:angkor_wat_unesco	2046-12-14
calculated:cambodia_joined_un	2046-12-14
sil	2046-12-21
calculated:christmas_day	2046-12-25
sil	2046-12-27
calculated:peace_day_cambodia	2046-12-29
calculated:new_year_day	2047-01-01
sil	2047-01-04
calculated:victory_over_genocide	2047-01-07
sil	2047-01-11
sil	2047-01-19
sil	2047-01-26
sil	2047-02-03
calculated:meak_bochea	2047-02-10
sil	2047-02-10
calculated:valentine_day	2047-02-14
sil	2047-02-18
calculated:maternal_newborn_child_health_day	2047-02-21
calculated:national_mine_awareness_day	2047-02-24
sil	2047-02-24
calculated:national_culture_day	2047-03-03
calculated:water_policy_day	2047-03-04
sil	2047-03-04
calculated:international_women_day	2047-03-08
sil	2047-03-11
sil	2047-03-19
calculated:world_water_meteorological_day	2047-03-22
calculated:world_tuberculosis_day	2047-03-24
sil	2047-03-26
sil	2047-04-03
calculated:world_health_day	2047-04-07
calculated:international_buddhist_day	2047-04-08
sil	2047-04-10
calculated:khmer_new_year_1	2047-04-14
calculated:khmer_new_year_2	2047-04-15
calculated:khmer_new_year_2	2047-04-16
calculated:khmer_new_year_3	2047-04-17
sil	2047-04-18
sil	2047-04-24
calculated:world_safety_and_health_at_work	2047-04-28
calculated:cambodia_joined_asean	2047-04-30
calculated:international_labor_day	2047-05-01
sil	2047-05-02
calculated:world_press_freedom_day	2047-05-03
calculated:world_red_cross_day	2047-05-08
calculated:visak_bochea	2047-05-09
sil	2047-05-09
calculated:mothers_day	2047-05-12
calculated:royal_ploughing_ceremony	2047-05-13
calculated:king_sihamoni_birthday	2047-05-14
calculated:international_day_of_families	2047-05-15
calculated:birth_of_national_police	2047-05-16
sil	2047-05-17
calculated:national_day_of_remembrance	2047-05-20
sil	2047-05-24
calculated:world_no_tobacco_day	2047-05-31
calculated:international_children_day	2047-06-01
sil	2047-06-01
calculated:world_environment_day	2047-06-05
sil	2047-06-08
calculated:world_day_against_child_labour	2047-06-12
calculated:icj_preah_vihear_ownership	2047-06-15
calculated:fathers_day	2047-06-16
sil	2047-06-16
calculated:queen_mother_birthday	2047-06-18
sil	2047-06-22
calculated:anti_drug_day	2047-06-26
calculated:buddhist_lent_candles_making_day	2047-06-30
sil	2047-06-30
calculated:national_fish_day	2047-07-01
calculated:cambodia_joined_unesco	2047-07-03
calculated:the_ordained_dragon_monk	2047-07-06
calculated:preah_vihear_unesco	2047-07-07
sil	2047-07-07
calculated:beginning_buddhist_lent	2047-07-08
calculated:sambor_prei_kuk_unesco	2047-07-08
calculated:arbor_day	2047-07-09
calculated:m13_tuol_sleng_choeung_ek_unesco	2047-07-11
calculated:national_population_day	2047-07-11
sil	2047-07-15
sil	2047-07-22
sil	2047-07-30
calculated:tuol_sleng_archives_unesco	2047-07-31
calculated:world_ranger_day	2047-07-31
sil	2047-08-06
calculated:indigenous_peoples_day	2047-08-09
calculated:international_youth_day	2047-08-12
sil	2047-08-14
sil	2047-08-20
sil	2047-08-28
sil	2047-09-04
calculated:ben_1	2047-09-05
calculated:ben_2	2047-09-06
calculated:ben_3	2047-09-07
calculated:ben_4	2047-09-08
calculated:international_literacy_day	2047-09-08
calculated:ben_5	2047-09-09
calculated:ben_6	2047-09-10
calculated:ben_7	2047-09-11
calculated:ben_8	2047-09-12
sil	2047-09-12
calculated:ben_9	2047-09-13
calculated:ben_10	2047-09-14
calculated:ben_11	2047-09-15
calculated:ben_12	2047-09-16
calculated:ozone_layer_preservation_day	2047-09-16
calculated:ben_13	2047-09-17
calculated:koh_ker_unesco	2047-09-17
calculated:pchum_ben_festival	2047-09-18
calculated:pchum_ben_festival	2047-09-19
sil	2047-09-19
calculated:pchum_ben_festival	2047-09-20
calculated:international_peace_day	2047-09-21
calculated:constitution_day	2047-09-24
calculated:world_tourism_day	2047-09-27
sil	2047-09-27
calculated:cambodian_older_persons_day	2047-10-01
calculated:ending_buddhist_lent	2047-10-04
sil	2047-10-04
calculated:kathen_kal	2047-10-05
calculated:world_teachers_day	2047-10-05
sil	2047-10-12
calculated:king_father_commemoration	2047-10-15
sil	2047-10-18
calculated:paris_peace_agreement	2047-10-23
sil	2047-10-26
calculated:king_coronation_day	2047-10-29
calculated:halloween	2047-10-31
calculated:water_festival	2047-11-01
calculated:water_festival	2047-11-02
sil	2047-11-02
calculated:water_festival	2047-11-03
calculated:royal_ballet_unesco	2047-11-07
calculated:independence_day	2047-11-09
sil	2047-11-10
sil	2047-11-17
calculated:environmental_sanitation_day	2047-11-23
calculated:khmer_shadow_theatre_unesco	2047-11-25
sil	2047-11-25
calculated:lkhon_khol_wat_svay_andet_unesco	2047-11-28
calculated:kun_lbokator_unesco	2047-11-29
calculated:chapei_dang_veng_unesco	2047-11-30
calculated:world_aids_day	2047-12-01
calculated:tug_of_war_unesco	2047-12-02
sil	2047-12-02
calculated:disabled_persons_day	2047-12-03
calculated:krama_unesco	2047-12-04
calculated:civil_aviation_day	2047-12-07
calculated:national_authors_day	2047-12-07
calculated:anti_corruption_day	2047-12-09
calculated:international_human_rights_day	2047-12-10
sil	2047-12-10
calculated:anti_human_trafficking_day	2047-12-12
calculated:angkor_wat_unesco	2047-12-14
calculated:cambodia_joined_un	2047-12-14
sil	2047-12-16
sil	2047-12-24
calculated:christmas_day	2047-12-25
calculated:peace_day_cambodia	2047-12-29
sil	2047-12-31
calculated:new_year_day	2048-01-01
calculated:victory_over_genocide	2048-01-07
sil	2048-01-08
sil	2048-01-15
sil	2048-01-23
calculated:meak_bochea	2048-01-30
sil	2048-01-30
sil	2048-02-07
sil	2048-02-13
calculated:valentine_day	2048-02-14
calculated:maternal_newborn_child_health_day	2048-02-21
sil	2048-02-21
calculated:national_mine_awareness_day	2048-02-24
sil	2048-02-28
calculated:national_culture_day	2048-03-03
calculated:water_policy_day	2048-03-04
sil	2048-03-07
calculated:international_women_day	2048-03-08
sil	2048-03-14
calculated:world_water_meteorological_day	2048-03-22
sil	2048-03-22
calculated:world_tuberculosis_day	2048-03-24
sil	2048-03-29
sil	2048-04-06
calculated:world_health_day	2048-04-07
calculated:international_buddhist_day	2048-04-08
sil	2048-04-12
calculated:khmer_new_year_1	2048-04-14
calculated:khmer_new_year_2	2048-04-15
calculated:khmer_new_year_3	2048-04-16
sil	2048-04-20
calculated:visak_bochea	2048-04-27
sil	2048-04-27
calculated:world_safety_and_health_at_work	2048-04-28
calculated:cambodia_joined_asean	2048-04-30
calculated:international_labor_day	2048-05-01
calculated:royal_ploughing_ceremony	2048-05-01
calculated:world_press_freedom_day	2048-05-03
sil	2048-05-05
calculated:world_red_cross_day	2048-05-08
calculated:mothers_day	2048-05-10
sil	2048-05-12
calculated:king_sihamoni_birthday	2048-05-14
calculated:international_day_of_families	2048-05-15
calculated:birth_of_national_police	2048-05-16
calculated:national_day_of_remembrance	2048-05-20
sil	2048-05-20
sil	2048-05-27
calculated:world_no_tobacco_day	2048-05-31
calculated:international_children_day	2048-06-01
sil	2048-06-04
calculated:world_environment_day	2048-06-05
sil	2048-06-10
calculated:world_day_against_child_labour	2048-06-12
calculated:icj_preah_vihear_ownership	2048-06-15
calculated:queen_mother_birthday	2048-06-18
sil	2048-06-18
calculated:fathers_day	2048-06-21
sil	2048-06-25
calculated:anti_drug_day	2048-06-26
calculated:national_fish_day	2048-07-01
calculated:cambodia_joined_unesco	2048-07-03
sil	2048-07-03
calculated:preah_vihear_unesco	2048-07-07
calculated:sambor_prei_kuk_unesco	2048-07-08
calculated:arbor_day	2048-07-09
sil	2048-07-10
calculated:m13_tuol_sleng_choeung_ek_unesco	2048-07-11
calculated:national_population_day	2048-07-11
calculated:buddhist_lent_candles_making_day	2048-07-18
sil	2048-07-18
calculated:the_ordained_dragon_monk	2048-07-24
sil	2048-07-25
calculated:beginning_buddhist_lent	2048-07-26
calculated:tuol_sleng_archives_unesco	2048-07-31
calculated:world_ranger_day	2048-07-31
sil	2048-08-02
calculated:indigenous_peoples_day	2048-08-09
sil	2048-08-09
calculated:international_youth_day	2048-08-12
sil	2048-08-17
sil	2048-08-24
sil	2048-09-01
sil	2048-09-07
calculated:international_literacy_day	2048-09-08
sil	2048-09-15
calculated:ozone_layer_preservation_day	2048-09-16
calculated:koh_ker_unesco	2048-09-17
calculated:international_peace_day	2048-09-21
sil	2048-09-22
calculated:ben_1	2048-09-23
calculated:ben_2	2048-09-24
calculated:constitution_day	2048-09-24
calculated:ben_3	2048-09-25
calculated:ben_4	2048-09-26
calculated:ben_5	2048-09-27
calculated:world_tourism_day	2048-09-27
calculated:ben_6	2048-09-28
calculated:ben_7	2048-09-29
calculated:ben_8	2048-09-30
sil	2048-09-30
calculated:ben_9	2048-10-01
calculated:cambodian_older_persons_day	2048-10-01
calculated:ben_10	2048-10-02
calculated:ben_11	2048-10-03
calculated:ben_12	2048-10-04
calculated:ben_13	2048-10-05
calculated:world_teachers_day	2048-10-05
calculated:pchum_ben_festival	2048-10-06
calculated:pchum_ben_festival	2048-10-07
sil	2048-10-07
calculated:pchum_ben_festival	2048-10-08
calculated:king_father_commemoration	2048-10-15
sil	2048-10-15
calculated:ending_buddhist_lent	2048-10-22
sil	2048-10-22
calculated:kathen_kal	2048-10-23
calculated:paris_peace_agreement	2048-10-23
calculated:king_coronation_day	2048-10-29
sil	2048-10-30
calculated:halloween	2048-10-31
sil	2048-11-05
calculated:royal_ballet_unesco	2048-11-07
calculated:independence_day	2048-11-09
sil	2048-11-13
calculated:water_festival	2048-11-19
calculated:water_festival	2048-11-20
sil	2048-11-20
calculated:water_festival	2048-11-21
calculated:environmental_sanitation_day	2048-11-23
calculated:khmer_shadow_theatre_unesco	2048-11-25
calculated:lkhon_khol_wat_svay_andet_unesco	2048-11-28
sil	2048-11-28
calculated:kun_lbokator_unesco	2048-11-29
calculated:chapei_dang_veng_unesco	2048-11-30
calculated:world_aids_day	2048-12-01
calculated:tug_of_war_unesco	2048-12-02
calculated:disabled_persons_day	2048-12-03
calculated:krama_unesco	2048-12-04
sil	2048-12-05
calculated:civil_aviation_day	2048-12-07
calculated:national_authors_day	2048-12-07
calculated:anti_corruption_day	2048-12-09
calculated:international_human_rights_day	2048-12-10
calculated:anti_human_trafficking_day	2048-12-12
sil	2048-12-13
calculated:angkor_wat_unesco	2048-12-14
calculated:cambodia_joined_un	2048-12-14
sil	2048-12-20
calculated:christmas_day	2048-12-25
sil	2048-12-28
calculated:peace_day_cambodia	2048-12-29
calculated:new_year_day	2049-01-01
sil	2049-01-03
calculated:victory_over_genocide	2049-01-07
sil	2049-01-11
sil	2049-01-18
sil	2049-01-26
sil	2049-02-02
sil	2049-02-10
calculated:valentine_day	2049-02-14
calculated:meak_bochea	2049-02-17
sil	2049-02-17
calculated:maternal_newborn_child_health_day	2049-02-21
calculated:national_mine_awareness_day	2049-02-24
sil	2049-02-25
calculated:national_culture_day	2049-03-03
sil	2049-03-03
calculated:water_policy_day	2049-03-04
calculated:international_women_day	2049-03-08
sil	2049-03-11
sil	2049-03-18
calculated:world_water_meteorological_day	2049-03-22
calculated:world_tuberculosis_day	2049-03-24
sil	2049-03-26
sil	2049-04-02
calculated:world_health_day	2049-04-07
calculated:international_buddhist_day	2049-04-08
sil	2049-04-10
calculated:khmer_new_year_1	2049-04-14
calculated:khmer_new_year_2	2049-04-15
calculated:khmer_new_year_3	2049-04-16
sil	2049-04-17
sil	2049-04-25
calculated:world_safety_and_health_at_work	2049-04-28
calculated:cambodia_joined_asean	2049-04-30
calculated:international_labor_day	2049-05-01
sil	2049-05-01
calculated:world_press_freedom_day	2049-05-03
calculated:world_red_cross_day	2049-05-08
calculated:mothers_day	2049-05-09
sil	2049-05-09
calculated:king_sihamoni_birthday	2049-05-14
calculated:international_day_of_families	2049-05-15
calculated:birth_of_national_police	2049-05-16
calculated:visak_bochea	2049-05-16
sil	2049-05-16
calculated:national_day_of_remembrance	2049-05-20
calculated:royal_ploughing_ceremony	2049-05-20
sil	2049-05-24
calculated:world_no_tobacco_day	2049-05-31
sil	2049-05-31
calculated:international_children_day	2049-06-01
calculated:world_environment_day	2049-06-05
sil	2049-06-08
calculated:world_day_against_child_labour	2049-06-12
calculated:icj_preah_vihear_ownership	2049-06-15
sil	2049-06-15
calculated:queen_mother_birthday	2049-06-18
calculated:fathers_day	2049-06-20
sil	2049-06-23
calculated:anti_drug_day	2049-06-26
sil	2049-06-29
calculated:national_fish_day	2049-07-01
calculated:cambodia_joined_unesco	2049-07-03
calculated:buddhist_lent_candles_making_day	2049-07-07
calculated:preah_vihear_unesco	2049-07-07
sil	2049-07-07
calculated:sambor_prei_kuk_unesco	2049-07-08
calculated:arbor_day	2049-07-09
calculated:m13_tuol_sleng_choeung_ek_unesco	2049-07-11
calculated:national_population_day	2049-07-11
calculated:the_ordained_dragon_monk	2049-07-13
sil	2049-07-14
calculated:beginning_buddhist_lent	2049-07-15
sil	2049-07-22
sil	2049-07-29
calculated:tuol_sleng_archives_unesco	2049-07-31
calculated:world_ranger_day	2049-07-31
sil	2049-08-06
calculated:indigenous_peoples_day	2049-08-09
calculated:international_youth_day	2049-08-12
sil	2049-08-13
sil	2049-08-21
sil	2049-08-27
sil	2049-09-04
calculated:international_literacy_day	2049-09-08
sil	2049-09-11
calculated:ben_1	2049-09-12
calculated:ben_2	2049-09-13
calculated:ben_3	2049-09-14
calculated:ben_4	2049-09-15
calculated:ben_5	2049-09-16
calculated:ozone_layer_preservation_day	2049-09-16
calculated:ben_6	2049-09-17
calculated:koh_ker_unesco	2049-09-17
calculated:ben_7	2049-09-18
calculated:ben_8	2049-09-19
sil	2049-09-19
calculated:ben_9	2049-09-20
calculated:ben_10	2049-09-21
calculated:international_peace_day	2049-09-21
calculated:ben_11	2049-09-22
calculated:ben_12	2049-09-23
calculated:ben_13	2049-09-24
calculated:constitution_day	2049-09-24
calculated:pchum_ben_festival	2049-09-25
calculated:pchum_ben_festival	2049-09-26
sil	2049-09-26
calculated:pchum_ben_festival	2049-09-27
calculated:world_tourism_day	2049-09-27
calculated:cambodian_older_persons_day	2049-10-01
sil	2049-10-04
calculated:world_teachers_day	2049-10-05
calculated:ending_buddhist_lent	2049-10-11
sil	2049-10-11
calculated:kathen_kal	2049-10-12
calculated:king_father_commemoration	2049-10-15
sil	2049-10-19
calculated:paris_peace_agreement	2049-10-23
sil	2049-10-25
calculated:king_coronation_day	2049-10-29
calculated:halloween	2049-10-31
sil	2049-11-02
calculated:royal_ballet_unesco	2049-11-07
calculated:water_festival	2049-11-08
calculated:independence_day	2049-11-09
calculated:water_festival	2049-11-09
sil	2049-11-09
calculated:water_festival	2049-11-10
sil	2049-11-17
calculated:environmental_sanitation_day	2049-11-23
sil	2049-11-24
calculated:khmer_shadow_theatre_unesco	2049-11-25
calculated:lkhon_khol_wat_svay_andet_unesco	2049-11-28
calculated:kun_lbokator_unesco	2049-11-29
calculated:chapei_dang_veng_unesco	2049-11-30
calculated:world_aids_day	2049-12-01
calculated:tug_of_war_unesco	2049-12-02
sil	2049-12-02
calculated:disabled_persons_day	2049-12-03
calculated:krama_unesco	2049-12-04
calculated:civil_aviation_day	2049-12-07
calculated:national_authors_day	2049-12-07
calculated:anti_corruption_day	2049-12-09
sil	2049-12-09
calculated:international_human_rights_day	2049-12-10
calculated:anti_human_trafficking_day	2049-12-12
calculated:angkor_wat_unesco	2049-12-14
calculated:cambodia_joined_un	2049-12-14
sil	2049-12-17
sil	2049-12-23
calculated:christmas_day	2049-12-25
calculated:peace_day_cambodia	2049-12-29
sil	2049-12-31
calculated:new_year_day	2050-01-01
calculated:victory_over_genocide	2050-01-07
sil	2050-01-07
sil	2050-01-15
sil	2050-01-22
sil	2050-01-30
calculated:meak_bochea	2050-02-06
sil	2050-02-06
calculated:valentine_day	2050-02-14
sil	2050-02-14
sil	2050-02-20
calculated:maternal_newborn_child_health_day	2050-02-21
calculated:national_mine_awareness_day	2050-02-24
sil	2050-02-28
calculated:national_culture_day	2050-03-03
calculated:water_policy_day	2050-03-04
sil	2050-03-07
calculated:international_women_day	2050-03-08
sil	2050-03-15
calculated:world_water_meteorological_day	2050-03-22
sil	2050-03-22
calculated:world_tuberculosis_day	2050-03-24
sil	2050-03-30
sil	2050-04-06
calculated:world_health_day	2050-04-07
calculated:international_buddhist_day	2050-04-08
calculated:khmer_new_year_1	2050-04-14
sil	2050-04-14
calculated:khmer_new_year_2	2050-04-15
calculated:khmer_new_year_3	2050-04-16
sil	2050-04-20
calculated:world_safety_and_health_at_work	2050-04-28
sil	2050-04-28
calculated:cambodia_joined_asean	2050-04-30
calculated:international_labor_day	2050-05-01
calculated:world_press_freedom_day	2050-05-03
calculated:visak_bochea	2050-05-05
sil	2050-05-05
calculated:mothers_day	2050-05-08
calculated:world_red_cross_day	2050-05-08
calculated:royal_ploughing_ceremony	2050-05-09
sil	2050-05-13
calculated:king_sihamoni_birthday	2050-05-14
calculated:international_day_of_families	2050-05-15
calculated:birth_of_national_police	2050-05-16
calculated:national_day_of_remembrance	2050-05-20
sil	2050-05-20
sil	2050-05-28
calculated:world_no_tobacco_day	2050-05-31
calculated:international_children_day	2050-06-01
sil	2050-06-04
calculated:world_environment_day	2050-06-05
calculated:world_day_against_child_labour	2050-06-12
sil	2050-06-12
calculated:icj_preah_vihear_ownership	2050-06-15
calculated:queen_mother_birthday	2050-06-18
sil	2050-06-18
calculated:fathers_day	2050-06-19
calculated:anti_drug_day	2050-06-26
sil	2050-06-26
calculated:national_fish_day	2050-07-01
calculated:cambodia_joined_unesco	2050-07-03
sil	2050-07-03
calculated:preah_vihear_unesco	2050-07-07
calculated:sambor_prei_kuk_unesco	2050-07-08
calculated:arbor_day	2050-07-09
calculated:m13_tuol_sleng_choeung_ek_unesco	2050-07-11
calculated:national_population_day	2050-07-11
sil	2050-07-11
sil	2050-07-18
calculated:buddhist_lent_candles_making_day	2050-07-26
sil	2050-07-26
calculated:tuol_sleng_archives_unesco	2050-07-31
calculated:world_ranger_day	2050-07-31
calculated:the_ordained_dragon_monk	2050-08-01
sil	2050-08-02
calculated:beginning_buddhist_lent	2050-08-03
calculated:indigenous_peoples_day	2050-08-09
sil	2050-08-10
calculated:international_youth_day	2050-08-12
sil	2050-08-17
sil	2050-08-25
sil	2050-09-01
calculated:international_literacy_day	2050-09-08
sil	2050-09-09
sil	2050-09-15
calculated:ozone_layer_preservation_day	2050-09-16
calculated:koh_ker_unesco	2050-09-17
calculated:international_peace_day	2050-09-21
sil	2050-09-23
calculated:constitution_day	2050-09-24
calculated:world_tourism_day	2050-09-27
sil	2050-09-30
calculated:ben_1	2050-10-01
calculated:cambodian_older_persons_day	2050-10-01
calculated:ben_2	2050-10-02
calculated:ben_3	2050-10-03
calculated:ben_4	2050-10-04
calculated:ben_5	2050-10-05
calculated:world_teachers_day	2050-10-05
calculated:ben_6	2050-10-06
calculated:ben_7	2050-10-07
calculated:ben_8	2050-10-08
sil	2050-10-08
calculated:ben_9	2050-10-09
calculated:ben_10	2050-10-10
calculated:ben_11	2050-10-11
calculated:ben_12	2050-10-12
calculated:ben_13	2050-10-13
calculated:pchum_ben_festival	2050-10-14
calculated:king_father_commemoration	2050-10-15
calculated:pchum_ben_festival	2050-10-15
sil	2050-10-15
calculated:pchum_ben_festival	2050-10-16
calculated:paris_peace_agreement	2050-10-23
sil	2050-10-23
calculated:king_coronation_day	2050-10-29
calculated:ending_buddhist_lent	2050-10-30
sil	2050-10-30
calculated:halloween	2050-10-31
calculated:kathen_kal	2050-10-31
calculated:royal_ballet_unesco	2050-11-07
sil	2050-11-07
calculated:independence_day	2050-11-09
sil	2050-11-13
sil	2050-11-21
calculated:environmental_sanitation_day	2050-11-23
calculated:khmer_shadow_theatre_unesco	2050-11-25
calculated:water_festival	2050-11-27
calculated:lkhon_khol_wat_svay_andet_unesco	2050-11-28
calculated:water_festival	2050-11-28
sil	2050-11-28
calculated:kun_lbokator_unesco	2050-11-29
calculated:water_festival	2050-11-29
calculated:chapei_dang_veng_unesco	2050-11-30
calculated:world_aids_day	2050-12-01
calculated:tug_of_war_unesco	2050-12-02
calculated:disabled_persons_day	2050-12-03
calculated:krama_unesco	2050-12-04
sil	2050-12-06
calculated:civil_aviation_day	2050-12-07
calculated:national_authors_day	2050-12-07
calculated:anti_corruption_day	2050-12-09
calculated:international_human_rights_day	2050-12-10
calculated:anti_human_trafficking_day	2050-12-12
sil	2050-12-13
calculated:angkor_wat_unesco	2050-12-14
calculated:cambodia_joined_un	2050-12-14
sil	2050-12-21
calculated:christmas_day	2050-12-25
sil	2050-12-28
calculated:peace_day_cambodia	2050-12-29
