# Generated from translations/catalog.json; edit with the translation tool.
# catalog-sha256: 170ced7a3921e13f48cc0545218dab0a48cc5ebdb3d8685b3e7ec0c3bbe8ec53
000bc4fea519f3689ba24f49	4Z6R4Z634Z6c4Z624oCL4Z6R4Z+B4Z6f4oCL4Z6F4Z6a4Z6O4Z+N4oCL4Z6W4Z634oCL4Z6X4Z6W4oCL4Z6b4Z+E4Z6A	V29ybGQgVG91cmlzbSBEYXk=
0012176123c064a4eb0e625d	4Z6U4Z634Z6O4Z+S4Z6MIOGfpg==	QmVuIDY=
0031a35f774b9e14aa85044d	4Z6A4Z6Y4Z+S4Z6W4Z674Z6H4Z624oCL4Z6F4Z684Z6b4oCL4Z6H4Z624oCL4Z6f4Z6Y4Z624oCL4Z6H4Z634Z6A4oCL4Z6i4Z6E4Z+S4Z6C4oCL4Z6A4Z624Z6a4oCL4Z6f4Z6g4oCL4Z6U4Z+S4Z6a4Z6H4Z624Z6H4Z624Z6P4Z63IOGegeGeveGelOGem+GevuGegOGekeGeuOGfp+Gfog==	Q2FtYm9kaWEgYmVjYW1lIGEgbWVtYmVyIG9mIHRoZSBVbml0ZWQgTmF0aW9ucw==
0036a76f1b967e1909f505de	4Z6U4Z634Z6O4Z+S4Z6MIOGfog==	QmVuIDI=
0036c32d9283651d57558652	4Z6R4Z634Z6c4Z624oCL4Z6i4Z6T4Z+S4Z6P4Z6a4oCL4Z6H4Z624Z6P4Z634oCL4Z6U4Z+S4Z6a4Z6Z4Z674Z6R4Z+S4Z6S4oCL4Z6U4Z+S4Z6a4Z6G4Z624Z+G4Z6E4oCL4Z6C4Z+S4Z6a4Z6/4Z6E4oCL4Z6J4Z+A4Z6T	SW50ZXJuYXRpb25hbCBEYXkgQWdhaW5zdCBEcnVnIEFidXNlIGFuZCBJbGxpY2l0IFRyYWZmaWNraW5n
00531be1dade559093261686	4Z6R4Z634Z6c4Z624Z6R4Z654Z6AIOGek+Get+GehOGep+Gej+Geu+Gek+Get+GemeGemOGeluGet+Gel+GeluGem+GfhOGegA==	V29ybGQgV2F0ZXIgYW5kIFdvcmxkIE1ldGVvcm9sb2dpY2FsIERheQ==
0060c70d768ed00f06969cfb	4Z6U4Z634Z6O4Z+S4Z6MIOGfpg==	QmVuIDY=
006286ed7a1781fe79bf7af7	4Z6A4Z6Y4Z+S4Z6W4Z674Z6H4Z624oCL4Z6F4Z684Z6b4oCL4Z6H4Z624oCL4Z6f4Z6Y4Z624oCL4Z6H4Z634Z6A4oCL4Z6i4Z6E4Z+S4Z6C4oCL4Z6A4Z624Z6a4oCL4Z6Z4Z684Z6O4Z+B4Z6f4Z+S4Z6A4Z68IOGegeGeveGelOGem+GevuGegOGekeGeuOGfp+GfqQ==	Q2FtYm9kaWEgam9pbmVkIFVORVNDTw==
0069d3c29cc77a9666a550a6	4Z6F4Z684Z6b4oCL4Z6G4Z+S4Z6T4Z624Z+G4oCL4Z6F4Z634Z6T	Q2hpbmVzZSBOZXcgWWVhcg==
007ecd9b8bed0946f35fa668	4Z6R4Z634Z6c4Z624oCL4Z6i4Z6T4Z+S4Z6P4Z6a4oCL4Z6H4Z624Z6P4Z634oCL4Z6A4Z624Z6a4Z6W4Z624Z6a4oCL4Z6f4Z+S4Z6a4Z6R4Z624Z6U4Z+L4oCL4Z6i4Z684oCL4Z6g4Z+S4Z6f4Z684Z6TIOGegeGeveGelOGem+GevuGegOGekeGeuOGfo+GfoQ==	SW50ZXJuYXRpb25hbCBEYXkgZm9yIHRoZSBQcmVzZXJ2YXRpb24gb2YgdGhlIE96b25lIExheWVy
0082b13fe3698043545a6e44	4Z6A4Z6Y4Z+S4Z6W4Z674Z6H4Z624oCL4Z6F4Z684Z6b4oCL4Z6H4Z624oCL4Z6f4Z6Y4Z624oCL4Z6H4Z634Z6A4oCL4Z6i4Z624Z6f4Z+K4Z624Z6TIOGegeGeveGelOGem+GevuGegOGekeGeuOGfo+GfoQ==	Q2FtYm9kaWEgam9pbmVkIFRoZSBBc3NvY2lhdGlvbiBvZiBTb3V0aGVhc3QgQXNpYW4gTmF0aW9ucyAoQVNFQU4p
0099aa08edd243c8730486c1	4Z6R4Z634Z6c4Z624oCL4Z6T4Z624Z6a4Z644oCL4Z6i4Z6T4Z+S4Z6P4Z6a4Z6H4Z624Z6P4Z63IOGegeGeveGelOGem+GevuGegOGekeGeuOGfqeGfoA==	SW50ZXJuYXRpb25hbCBXb21lbidzIERheQ==
00a14a90689cea2d3fbb131c	4Z6W4Z634Z6S4Z644oCL4Z6U4Z674Z6O4Z+S4Z6Z4oCL4Z6f4Z+C4Z6T4oCL4Z6W4Z+S4Z6a4Z+H4oCL4Z6B4Z+C	TWlkLUF1dHVtbiBGZXN0aXZhbA==
00ae2c1aae65325c9e72dae9	4Z6W4Z+S4Z6a4Z+H4oCL4Z6a4Z624Z6H4oCL4Z6W4Z634Z6S4Z644oCL4Z6U4Z674Z6O4Z+S4Z6Z4oCL4Z6F4Z6Y4Z+S4Z6a4Z6+4Z6T4oCL4Z6W4Z+S4Z6a4Z+H4oCL4Z6H4Z6T4Z+S4Z6YIOGen+GemOGfkuGej+GfgeGeheKAi+GeluGfkuGemuGfh+KAi+GemOGeoOGetuGegOGfkuGen+Gej+GfkuGemuGeuCDhnpPhnprhn4Thno/hn5Lhno/hnpgg4Z6Y4Z674Z6T4Z634Z6T4Z624Z6QIOGen+GeuOGeoOGek+GeuyDhnpbhn5Lhnprhn4figIvhnpzhnprhnprhnrbhnofigIvhnpjhnrbhno/hnrbigIvhnofhnrbhno/hnrfigIvhnoHhn5Lhnpjhn4Lhnpog4Z6A4Z+S4Z6T4Z674Z6E4oCL4Z6f4Z+B4Z6a4Z644Z6X4Z624Z6WIOGen+GfgeGeheGegOGfkuGej+GeuOGekOGfkuGem+Gfg+GekOGfkuGek+GevOGemiDhnpPhnrfhnoTigIvhnp/hnrvhnpfhnpjhnoThn5LhnoLhnps=	UXVlZW4gTW90aGVyJ3MgQmlydGhkYXk=
00ef266ed9f601ed85d90e51	4Z6U4Z6O4Z+S4Z6O4Z6f4Z624Z6a4oCL4Z6f4Z624Z6a4Z6Y4Z6T4Z+S4Z6R4Z644Z6a4oCL4Z6n4Z6A4Z+S4Z6a4Z634Z6K4Z+S4Z6L4Z6A4Z6Y4Z+S4Z6Y4oCL4Z6U4Z+S4Z6a4Z6b4Z+Q4Z6Z4oCL4Z6W4Z684Z6H4Z6f4Z624Z6f4Z6T4Z+N4oCL4Z6R4Z694Z6b4oCL4Z6f4Z+S4Z6b4Z+C4Z6EIOGej+GfkuGemuGevOGenOKAi+GelOGetuGek+KAi+GeheGeu+Gfh+KAi+GegOGfkuGek+Geu+GehOKAi+GelOGeieGfkuGeh+GeuOKAi+Gen+GfkuGemOGetuGemuGej+GeuOKAi+GeheGehOGeheGetuGfhuKAi+Gek+Gfg+KAi+GeluGet+Gel+GeluKAi+Gem+GfhOGegOKAi+GemuGelOGen+Gfi+KAi+GemeGevOGejuGfgeGen+GfkuGegOGevCDhnoHhnr3hnpThnpvhnr7hnoDhnpHhnrjhn6g=	VGhlIGFyY2hpdmVzIG9mIFR1b2wgU2xlbmcgR2Vub2NpZGUgTXVzZXVtIGFyZSByZWdpc3RlcmVkIGFzIHBhcnQgb2YgdGhlIE1lbW9yeSBvZiB0aGUgV29ybGQgYnkgVU5FU0NP
00f78490bd5bcd465d3e0cda	4Z6W4Z634Z6S4Z644oCL4Z6U4Z674Z6O4Z+S4Z6Z4oCL4Z6F4Z684Z6b4oCL4Z6G4Z+S4Z6T4Z624Z+G4oCL4Z6Q4Z+S4Z6Y4Z64IOGelOGfkuGemuGeluGfg+GejuGeuOKAi+Geh+GetuGej+GetyAtIOGenOGetuGemuGfiOKAi+GenOGfkOGek+KAi+GelOGejw==	S2htZXIgTmV3IFllYXIgLSBWZWFyZWFrIFZhbmFiYXQ=
012c9f5a507948692ba2ec8b	4Z6Q4Z+S4Z6E4Z+D4oCL4Z6U4Z674Z6O4Z+S4Z6Z4oCL4Z6T4Z+D4oCL4Z6f4Z+B4Z6F4Z6A4Z+S4Z6P4Z644oCL4Z6f4Z+S4Z6a4Z6b4Z624Z6J4Z+L	VmFsZW50aW5lJ3MgRGF5
012f35a2633dcbc9b3373527	4Z6W4Z+S4Z6a4Z+H4oCL4Z6a4Z624Z6H4oCL4Z6W4Z634Z6S4Z644oCL4Z6U4Z674Z6O4Z+S4Z6Z4oCL4Z6i4Z674Z+G4oCL4Z6R4Z684Z6AIOGelOGejuGfkuGeiuGfguGej+KAi+GelOGfkuGemuGekeGeuOGelCDhnpPhnrfhnoTigIvhnp/hn4bhnpbhn4figIvhnpbhn5Lhnprhn4figIvhnoHhn4Ig4Z6i4Z6A4Z6i4Z+G4Z6U4Z674Z6A	V2F0ZXIgRmVzdGl2YWw=
015e6f033265d5b5e6470711	4Z6W4Z634Z6S4Z644oCL4Z6U4Z+G4Z6U4Z694Z6f4oCL4Z6T4Z624Z6C4oCL4Z6B4Z+S4Z6T4Z624Z6T	VGhlIE9yZGFpbmVkIERyYWdvbiBNb25r
0167efe637af536ff62563c9	4Z6R4Z634Z6c4Z624oCL4Z6i4Z6T4Z+S4Z6P4Z6a4oCL4Z6H4Z624Z6P4Z634oCL4Z6T4Z+D4oCL4Z6C4Z+S4Z6a4Z694Z6f4Z624Z6a	SW50ZXJuYXRpb25hbCBEYXkgb2YgRmFtaWxpZXM=
0170cfffb3c656909bc6d865	4Z6R4Z634Z6c4Z624oCL4Z6f4Z6T4Z+S4Z6P4Z634oCL4Z6X4Z624Z6W4oCL4Z6T4Z+F4oCL4Z6A4Z6Y4Z+S4Z6W4Z674Z6H4Z62	UGVhY2UgRGF5IGluIENhbWJvZGlh
01847ac6fd779e6899d2b4a4	4Z6F4Z684Z6b4oCL4Z6G4Z+S4Z6T4Z624Z+G4oCL4Z6F4Z634Z6T	Q2hpbmVzZSBOZXcgWWVhcg==
018635473767869fb56e5ff7	4Z6A4Z6Y4Z+S4Z6W4Z674Z6H4Z624oCL4Z6F4Z684Z6b4oCL4Z6H4Z624oCL4Z6f4Z6Y4Z624oCL4Z6H4Z634Z6A4oCL4Z6i4Z6E4Z+S4Z6C4oCL4Z6A4Z624Z6a4oCL4Z6f4Z6g4oCL4Z6U4Z+S4Z6a4Z6H4Z624Z6H4Z624Z6P4Z63IOGegeGeveGelOGem+GevuGegOGekeGeuOGfpuGfpQ==	Q2FtYm9kaWEgYmVjYW1lIGEgbWVtYmVyIG9mIHRoZSBVbml0ZWQgTmF0aW9ucw==
018bc4fe5875667e590ffdf3	4Z6F4Z+B4Z6J4oCL4Z6W4Z+S4Z6a4Z+H4oCL4Z6c4Z6f4Z+S4Z6f4Z62	RW5kaW5nIG9mIEJ1ZGRoaXN0IExlbnQ=
01a67ce597f26ea1ccaa8ec7	4Z6G4Z+B4Z6E4oCL4Z6Y4Z+J4Z+B4Z6E	VG9tYi1Td2VlcGluZyBEYXkgKFFpbmdtaW5nIEZlc3RpdmFsKQ==
01a983881cc4741f2af22b64	4Z6R4Z634Z6c4Z624oCL4Z6W4Z634Z6X4Z6W4oCL4Z6b4Z+E4Z6A4oCL4Z6A4Z624Z6A4oCL4Z6U4Z624Z6R4oCL4Z6A4Z+S4Z6a4Z6g4Z6YIOGek+Get+GehOKAi+GeouGejOGfkuGejeGeheGek+GfkuGekeGegOGfkuGemuGeoOGemA==	V29ybGQgUmVkIENyb3NzIGFuZCBSZWQgQ3Jlc2NlbnQgRGF5
01a985a6e518c5f913ae5d00	4Z6U4Z634Z6O4Z+S4Z6MIOGfpQ==	QmVuIDU=
01ac6f8e847fbaeffb687b2a	4Z6A4Z6L4Z634Z6T4oCL4Z6A4Z624Z6b	S2F0aGVuIEthbA==
01b14c2ebf9912a0dede1758	4Z6W4Z634Z6S4Z644oCL4Z6U4Z674Z6O4Z+S4Z6Z4oCL4Z6F4Z684Z6b4oCL4Z6G4Z+S4Z6T4Z624Z+G4oCL4Z6Q4Z+S4Z6Y4Z64IOGelOGfkuGemuGeluGfg+GejuGeuOKAi+Geh+GetuGej+GetyAtIOGekOGfkuGehOGfg+KAi+GeoeGevuGehOKAi+Gen+GfkOGegA==	S2htZXIgTmV3IFllYXIgLSBWZWFyZWFrIExhZXVuZyBTYWs=
01bce155c73e24472c2b27d9	4Z6R4Z634Z6c4Z624oCL4Z6Y4Z6F4Z+S4Z6G4Z624oCL4Z6H4Z624Z6P4Z63	TmF0aW9uYWwgRmlzaCBEYXk=
01d498eab745522819606443	4Z6R4Z634Z6c4Z624oCL4Z6i4Z6T4Z+S4Z6P4Z6a4oCL4Z6H4Z624Z6P4Z634oCL4Z6H4Z6T4Z6H4Z624Z6P4Z634Z6K4Z6+4Z6Y4Z6X4Z624Z6C4Z6P4Z634Z6F4Z6W4Z634Z6X4Z6W4Z6b4Z+E4Z6A	SW50ZXJuYXRpb25hbCBEYXkgb2YgdGhlIFdvcmxkJ3MgSW5kaWdlbm91cyBQZW9wbGVz
01e12a2d7391343b8bcd166a	4Z6g4Z+C4oCL4Z6i4Z+S4Z6T4Z6A4oCL4Z6P4Z624oCL4Z6F4Z634Z6T	U3Bpcml0IFBhcmFkZQ==
01e880d5c696ab3f11f3cb69	4Z6W4Z+S4Z6a4Z+H4oCL4Z6a4Z624Z6H4oCL4Z6W4Z634Z6S4Z644oCL4Z6F4Z+S4Z6a4Z6P4Z+L4oCL4Z6W4Z+S4Z6a4Z+H4oCL4Z6T4Z6E4Z+S4Z6C4Z+Q4Z6b	Um95YWwgUGxvdWdoaW5nIENlcmVtb255
01f89168ef67fda2880350de	4Z6R4Z634Z6c4Z624oCL4Z6U4Z+S4Z6a4Z624Z6a4Z6W4Z+S4Z6S4oCL4Z6W4Z634Z6S4Z644oCL4Z6C4Z+E4Z6a4Z6W4oCL4Z6W4Z+S4Z6a4Z+H4Z6c4Z634Z6J4Z+S4Z6J4Z624Z6O4Z6A4Z+S4Z6B4Z6T4Z+S4Z6SIOGeluGfkuGemuGfh+GegOGemuGeu+GejuGetuKAi+GeluGfkuGemuGfh+GelOGetuGekeKAi+Gen+GemOGfkuGej+GfgeGeheKAi+GeluGfkuGemuGfhyDhnpPhnprhn4Thno/hn5Lhno/hnpgg4Z6f4Z644Z6g4Z6T4Z67IOGeluGfkuGemuGfh+GemOGeoOGetuGenOGeuOGemuGegOGfkuGen+Gej+GfkuGemiDhnpbhn5Lhnprhn4figIvhnpzhnprhnprhnrbhnofigIvhnpThnrfhno/hnrbigIvhnq/hnoDhnprhnrbhnofhn5Lhnpkg4Z6U4Z684Z6a4Z6O4Z6X4Z624Z6W4oCL4Z6R4Z654Z6A4Z6K4Z64IOGek+Get+GehOKAi+Ger+GegOGel+GetuGeluKAi+Geh+GetuGej+Get+KAi+GegeGfkuGemOGfguGemg==	S2luZyBGYXRoZXIncyBDb21tZW1vcmF0aW9uIERheQ==
0205fc0c2d7912131e3a6798	4Z6W4Z634Z6S4Z644oCL4Z6U4Z674Z6O4Z+S4Z6Z4oCL4Z6X4Z+S4Z6H4Z674Z+G4oCL4Z6U4Z634Z6O4Z+S4Z6M	UGNodW0gQmVuIEZlc3RpdmFs
021a4f407d9d1d8049c3d141	4Z6R4Z634Z6c4Z624oCL4Z6H4Z624Z6P4Z634oCL4Z6T4Z+D4oCL4Z6A4Z624Z6a4oCL4Z6F4Z6E4oCL4Z6F4Z624Z+G	TmF0aW9uYWwgRGF5IG9mIFJlbWVtYnJhbmNl
021e7487b66ccdf377f5cd84	4Z6W4Z+S4Z6a4Z+H4oCL4Z6a4Z624Z6H4oCL4Z6W4Z634Z6S4Z644oCL4Z6U4Z674Z6O4Z+S4Z6Z4oCL4Z6F4Z6Y4Z+S4Z6a4Z6+4Z6T4oCL4Z6W4Z+S4Z6a4Z+H4oCL4Z6H4Z6T4Z+S4Z6YIOGeluGfkuGemuGfh+KAi+GegOGemuGeu+GejuGetuKAi+GeluGfkuGemuGfh+KAi+GelOGetuGekeKAi+Gen+GemOGfkuGej+GfgeGeheKAi+GeluGfkuGemuGfh+KAi+GelOGemuGemOKAi+Gek+GetuGekCDhnpPhnprhn4Thno/hn5Lhno/hnpgg4Z6f4Z644Z6g4Z6Y4Z674Z6T4Z64IOGeluGfkuGemuGfh+KAi+GemOGeoOGetuGegOGfkuGen+Gej+GfkuGemuKAi+Gek+Gfg+KAi+GeluGfkuGemuGfh+GemuGetuGeh+GetuGejuGetuGeheGegOGfkuGemuKAi+GegOGemOGfkuGeluGeu+Geh+Getg==	S2luZyBTaWhhbW9uaSdzIEJpcnRoZGF5
0221b8862ef81dfdd391d663	4Z6U4Z634Z6O4Z+S4Z6MIOGfqQ==	QmVuIDk=
022d1a30d94eb07098fee269	4Z6U4Z634Z6O4Z+S4Z6MIOGfpg==	QmVuIDY=
024367d930bbe48c4f048b9b	4Z6R4Z634Z6c4Z624oCL4Z6C4Z+S4Z6a4Z684oCL4Z6U4Z6E4Z+S4Z6a4Z+A4Z6T4oCL4Z6W4Z634Z6X4Z6W4oCL4Z6b4Z+E4Z6A	V29ybGQgVGVhY2hlcidzIERheQ==
0267fe224bf6dbc5cc57b608	4Z6R4Z634Z6c4Z624oCL4Z6C4Z+S4Z6a4Z684oCL4Z6U4Z6E4Z+S4Z6a4Z+A4Z6T4oCL4Z6W4Z634Z6X4Z6W4oCL4Z6b4Z+E4Z6A	V29ybGQgVGVhY2hlcidzIERheQ==
0283b718a6605dd2a08c28fd	4Z6R4Z634Z6c4Z624oCL4Z6i4Z6T4Z+S4Z6P4Z6a4oCL4Z6H4Z624Z6P4Z634oCL4Z6T4Z+D4oCL4Z6C4Z+S4Z6a4Z694Z6f4Z624Z6a	SW50ZXJuYXRpb25hbCBEYXkgb2YgRmFtaWxpZXM=
0287b6d7d2c4908015dbaa28	4Z6R4Z634Z6c4Z624oCL4Z6U4Z6a4Z634oCL4Z6f4Z+S4Z6Q4Z624Z6T4oCL4Z6H4Z624Z6P4Z63IOGek+Get+GehOKAi+GelOGemuGet+KAi+Gen+GfkuGekOGetuGek+KAi+GeluGet+Gel+GeluKAi+Gem+GfhOGegCDhnoHhnr3hnpThnpvhnr7hnoDhnpHhnrjhn6Hhn6k=	TmF0aW9uYWwgYW5kIFdvcmxkIEVudmlyb25tZW50IERheQ==
02bdf84dbfdf3eb11e099ec1	4Z6U4Z634Z6O4Z+S4Z6MIOGfpQ==	QmVuIDU=
02d225d3846e45b61cc74d78	4Z6U4Z634Z6O4Z+S4Z6MIOGfqQ==	QmVuIDk=
02d54ff8b79474512a34f8d7	4Z6R4Z634Z6c4Z624oCL4Z6W4Z6b4Z6A4Z6Y4Z+S4Z6Y4oCL4Z6i4Z6T4Z+S4Z6P4Z6a4Z6H4Z624Z6P4Z63IOGegeGeveGelOGem+GevuGegOGekeGeuOGfoeGfouGfog==	SW50ZXJuYXRpb25hbCBMYWJvciBEYXk=
02f93d1377a17ecd8a41baca	4Z6R4Z634Z6c4Z624oCL4Z6f4Z6T4Z+S4Z6P4Z634oCL4Z6X4Z624Z6W4oCL4Z6i4Z6T4Z+S4Z6P4Z6a4oCL4Z6H4Z624Z6P4Z63	SW50ZXJuYXRpb25hbCBEYXkgb2YgUGVhY2U=
02fb35a00b4b1f51bf1dcf21	4Z6W4Z634Z6S4Z644oCL4Z6U4Z674Z6O4Z+S4Z6Z4oCL4Z6X4Z+S4Z6H4Z674Z+G4oCL4Z6U4Z634Z6O4Z+S4Z6M	UGNodW0gQmVuIEZlc3RpdmFs
031621a59e49d0bbf117f613	4Z6A4Z+S4Z6a4Z6Y4Z62IOGej+GfkuGemuGevOGenOKAi+GelOGetuGek+KAi+GeheGeu+Gfh+GegOGfkuGek+Geu+GehOGelOGeieGfkuGeh+GeuOGelOGfgeGej+Get+GegOGel+GejuGfkuGejOGenOGelOGfkuGelOGekuGemOGfjOGeouGemuGevOGelOGeuOGek+Gfg+GemOGek+Geu+Gen+GfkuGen+Geh+GetuGej+GetyDhnoHhnr3hnpThnpvhnr7hnoDhnpHhnrjhn6M=	S3JhbWEgaW5zY3JpYmVkIG9uIHRoZSBSZXByZXNlbnRhdGl2ZSBMaXN0IG9mIHRoZSBJbnRhbmdpYmxlIEN1bHR1cmFsIEhlcml0YWdlIG9mIEh1bWFuaXR5
032759f81757287bb90899c1	4Z6P4Z+G4Z6U4Z6T4Z+L4oCL4Z6U4Z+S4Z6a4Z624Z6f4Z624Z6R4oCL4Z6A4Z+E4Z+H4oCL4Z6A4Z+B4Z6aIOGej+GfkuGemuGevOGenOKAi+GelOGetuGek+KAi+GeheGeu+Gfh+KAi+GegOGfkuGek+Geu+GehOKAi+GelOGeieGfkuGeh+GeuOKAi+GelOGfgeGej+Get+GegOKAi+Gel+GejuGfkuGejOKAi+GeluGet+Gel+GeluGem+GfhOGegOGemuGelOGen+Gfi+GeouGehOGfkuGeguGegOGetuGemuGemeGevOGejuGfgeGen+GfkuGegOGevCDhnoHhnr3hnpThnpvhnr7hnoDhnpHhnrjhn6Q=	S29oIEtlciBpbnNjcmliZWQgb24gdGhlIFVORVNDTyBXb3JsZCBIZXJpdGFnZSBMaXN0
033287a041334bc310a062f5	4Z6F4Z684Z6b4oCL4Z6G4Z+S4Z6T4Z624Z+G4oCL4Z6F4Z634Z6T	Q2hpbmVzZSBOZXcgWWVhcg==
038a7ccb52231154dbfe26ff	4Z6U4Z634Z6O4Z+S4Z6MIOGfpg==	QmVuIDY=
03ddb523cc729fcf340810e9	4Z6W4Z634Z6S4Z644oCL4Z6U4Z674Z6O4Z+S4Z6Z4oCL4Z6f4Z+C4Z6T4oCL4Z6W4Z+S4Z6a4Z+H4oCL4Z6B4Z+C	TWlkLUF1dHVtbiBGZXN0aXZhbA==
03e64018300554718979af3e	4Z6U4Z674Z6O4Z+S4Z6Z4oCL4Z6g4Z624Z6h4Z684Z6c4Z644Z6T	SGFsbG93ZWVu
03edfd5c7914a9c4c2acdf66	4Z6b4Z+S4Z6B4Z+E4Z6T4oCL4Z6B4Z+E4Z6b4oCL4Z6c4Z6P4Z+S4Z6P4oCL4Z6f4Z+S4Z6c4Z624Z6Z4oCL4Z6i4Z6O4Z+S4Z6P4Z+C4Z6PIOGej+GfkuGemuGevOGenOKAi+GelOGetuGek+KAi+GeheGeu+Gfh+KAi+GegOGfkuGek+Geu+GehOKAi+GelOGeieGfkuGeh+GeuOKAi+GelOGfgeGej+Get+GegOKAi+Gel+GejuGfkuGejOKAi+GenOGelOGfkuGelOKAi+GekuGemOGfjOKAi+GeouGemuGevOGelOGeuOGek+Gfg+GemOGek+Geu+Gen+GfkuGen+Geh+GetuGej+GetyDhnoHhnr3hnpThnpvhnr7hnoDhnpHhnrjhn6U=	TGtob24gS2hvbCBXYXQgU3ZheSBBbmRldCBpbnNjcmliZWQgb24gdGhlIExpc3Qgb2YgSW50YW5naWJsZSBDdWx0dXJhbCBIZXJpdGFnZSBpbiBOZWVkIG9mIFVyZ2VudCBTYWZlZ3VhcmRpbmc=
03f068d515b876164ffdfeeb	4Z6R4Z634Z6c4Z624Z6a4Z+G4Z6b4Z654Z6A4oCL4Z6B4Z694Z6U4oCL4Z6T4Z+D4oCL4Z6A4Z634Z6F4Z+S4Z6F4Z6W4Z+S4Z6a4Z6Y4Z6W4Z+S4Z6a4Z+A4Z6E4oCL4Z6f4Z6T4Z+S4Z6P4Z634Z6X4Z624Z6W4oCL4Z6R4Z644Z6A4Z+S4Z6a4Z674Z6E4oCL4Z6U4Z+J4Z624Z6a4Z644Z6f	UGFyaXMgUGVhY2UgQWdyZWVtZW50IERheQ==
03f8de5353e30e21f0f2792f	4Z6W4Z634Z6S4Z644oCL4Z6U4Z674Z6O4Z+S4Z6Z4oCL4Z6X4Z+S4Z6H4Z674Z+G4oCL4Z6U4Z634Z6O4Z+S4Z6M	UGNodW0gQmVuIEZlc3RpdmFs
042c8f01c4c99a1cdd5e4ba5	4Z6R4Z634Z6c4Z624oCL4Z6U4Z644Z6P4Z62	RmF0aGVyJ3MgRGF5
044de815ad22b26de5ec0daf	4Z6R4Z634Z6c4Z624oCL4Z6F4Z684Z6b4oCL4Z6G4Z+S4Z6T4Z624Z+G4oCL4Z6f4Z624Z6A4Z6b	TmV3IFllYXIncyBEYXk=
045d1b171f754b1d0d92d685	4Z6W4Z634Z6S4Z644oCL4Z6U4Z674Z6O4Z+S4Z6Z4oCL4Z6F4Z684Z6b4oCL4Z6G4Z+S4Z6T4Z624Z+G4oCL4Z6Q4Z+S4Z6Y4Z64IOGelOGfkuGemuGeluGfg+GejuGeuOKAi+Geh+GetuGej+GetyAtIOGenOGetuGemuGfiOKAi+GenOGfkOGek+KAi+GelOGejw==	S2htZXIgTmV3IFllYXIgLSBWZWFyZWFrIFZhbmFiYXQ=
047e1ad93678baa5347a63f7	4Z6W4Z634Z6S4Z644oCL4Z6U4Z674Z6O4Z+S4Z6Z4oCL4Z6v4Z6A4Z6a4Z624Z6H4Z+S4Z6Z4oCL4Z6H4Z624Z6P4Z63IOGegeGeveGelOGem+GevuGegOGekeGeuOGfpeGfow==	SW5kZXBlbmRlbmNlIERheQ==
048c41c84959150526e6dbcb	4Z6R4Z634Z6c4Z624oCL4Z6U4Z+S4Z6a4Z6A4Z624Z6f4oCL4Z6a4Z6K4Z+S4Z6L4oCL4Z6S4Z6Y4Z+S4Z6Y4Z6T4Z674Z6J4Z+S4Z6JIOGegeGeveGelOGem+GevuGegOGekeGeuOGfouGfpA==	Q29uc3RpdHV0aW9uIERheQ==
04a268d4a9c39a64277a913f	4Z6R4Z634Z6c4Z624oCL4Z6f4Z674Z6B4oCL4Z6X4Z624Z6W4oCL4Z6W4Z634Z6X4Z6W4oCL4Z6b4Z+E4Z6A	V29ybGQgSGVhbHRoIERheQ==
04c66665aa43d39e1091e8e7	4Z6R4Z634Z6c4Z624oCL4Z6T4Z6Z4Z+E4Z6U4Z624Z6Z4oCL4Z6R4Z654Z6A	V2F0ZXIgUG9saWN5IERheQ==
04c6cb498331cfc2f9cb5cbd	4Z6R4Z634Z6c4Z624oCL4Z6c4Z6U4Z+S4Z6U4oCL4Z6S4Z6Y4Z+M4oCL4Z6H4Z624Z6P4Z63IOGegeGeveGelOGem+GevuGegOGekeGeuOGfo+Gfog==	TmF0aW9uYWwgQ3VsdHVyZSBEYXk=
04d14984ac61d108ad0740ee	4Z6C4Z674Z6T4oCL4Z6b4Z+S4Z6U4Z674Z6A4Z+S4Z6A4oCL4Z6P4Z+EIOGej+GfkuGemuGevOGenOKAi+GelOGetuGek+KAi+GeheGeu+Gfh+GegOGfkuGek+Geu+GehOGelOGeieGfkuGeh+GeuOGelOGfgeGej+Get+GegOGel+GejuGfkuGejOGenOGelOGfkuGelOGekuGemOGfjOGeouGemuGevOGelOGeuOGek+Gfg+GemOGek+Geu+Gen+GfkuGen+Geh+GetuGej+GetyDhnoHhnr3hnpThnpvhnr7hnoDhnpHhnrjhn6Y=	S3VuIExib2thdG9yIGluc2NyaWJlZCBvbiB0aGUgUmVwcmVzZW50YXRpdmUgTGlzdCBvZiB0aGUgSW50YW5naWJsZSBDdWx0dXJhbCBIZXJpdGFnZSBvZiBIdW1hbml0eQ==
04e211e85f6fc616d110a14f	4Z6A4Z6Y4Z+S4Z6W4Z674Z6H4Z624oCL4Z6F4Z684Z6b4oCL4Z6H4Z624oCL4Z6f4Z6Y4Z624oCL4Z6H4Z634Z6A4oCL4Z6i4Z6E4Z+S4Z6C4oCL4Z6A4Z624Z6a4oCL4Z6f4Z6g4oCL4Z6U4Z+S4Z6a4Z6H4Z624Z6H4Z624Z6P4Z63IOGegeGeveGelOGem+GevuGegOGekeGeuOGfpuGfow==	Q2FtYm9kaWEgYmVjYW1lIGEgbWVtYmVyIG9mIHRoZSBVbml0ZWQgTmF0aW9ucw==
04efbd74657ded5221208a5b	4Z6a4Z674Z6A4Z+S4Z6B4oCL4Z6R4Z634Z6c4Z62	QXJib3IgRGF5
050c1db3e3401f44e8719244	4Z6R4Z634Z6c4Z624oCL4Z6Y4Z6T4Z674Z6f4Z+S4Z6f4oCL4Z6F4Z624Z6f4Z+L4oCL4Z6A4Z6Y4Z+S4Z6W4Z674Z6H4Z62IOGek+Get+GehOGekeGet+GenOGetuGemOGek+Geu+Gen+GfkuGen+GeheGetuGen+Gfi+GeouGek+GfkuGej+GemuGeh+GetuGej+GetyDhnoHhnr3hnpThnpvhnr7hnoDhnpHhnrjhn6Y=	Q2FtYm9kaWFuIE9sZGVyIFBlcnNvbnMgRGF5IGFuZCB0aGUgSW50ZXJuYXRpb25hbCBEYXkgb2YgT2xkZXIgUGVyc29ucw==
0513cbc585004c0cc6d44f68	4Z6R4Z634Z6c4Z624oCL4Z6i4Z6T4Z624oCL4Z6Y4Z+Q4Z6Z4oCL4Z6U4Z6a4Z634oCL4Z6f4Z+S4Z6Q4Z624Z6T4oCL4Z6H4Z624Z6P4Z63	TmF0aW9uYWwgRW52aXJvbm1lbnRhbCBTYW5pdGF0aW9uIERheQ==
05154a706eafd93e709b7d8a	4Z6U4Z674Z6O4Z+S4Z6Z4oCL4Z6g4Z624Z6h4Z684Z6c4Z644Z6T	SGFsbG93ZWVu
05170554336bd5c357046a1b	4Z6U4Z634Z6O4Z+S4Z6MIOGfpQ==	QmVuIDU=
0529dc26c4c814cd397af7dd	4Z6W4Z634Z6S4Z644oCL4Z6f4Z634Z6P4oCL4Z6R4Z+A4Z6T4oCL4Z6W4Z+S4Z6a4Z+H4oCL4Z6c4Z6f4Z+S4Z6f4Z62	QnVkZGhpc3QgTGVudCBDYW5kbGVzIE1ha2luZyBEYXk=
054df03d4b160534544b9a2b	4Z6F4Z+B4Z6J4oCL4Z6W4Z+S4Z6a4Z+H4oCL4Z6c4Z6f4Z+S4Z6f4Z62	RW5kaW5nIG9mIEJ1ZGRoaXN0IExlbnQ=
055c35248695a20b3770231c	4Z6A4Z6Y4Z+S4Z6W4Z674Z6H4Z624oCL4Z6F4Z684Z6b4oCL4Z6H4Z624oCL4Z6f4Z6Y4Z624oCL4Z6H4Z634Z6A4oCL4Z6i4Z624Z6f4Z+K4Z624Z6TIOGegeGeveGelOGem+GevuGegOGekeGeuOGfpA==	Q2FtYm9kaWEgam9pbmVkIFRoZSBBc3NvY2lhdGlvbiBvZiBTb3V0aGVhc3QgQXNpYW4gTmF0aW9ucyAoQVNFQU4p
057513816c3a756dc35fa18f	4Z6R4Z634Z6c4Z624oCL4Z6i4Z6T4Z+S4Z6P4Z6a4oCL4Z6H4Z624Z6P4Z634oCL4Z6H4Z6T4Z6H4Z624Z6P4Z634Z6K4Z6+4Z6Y4Z6X4Z624Z6C4Z6P4Z634Z6F4Z6W4Z634Z6X4Z6W4Z6b4Z+E4Z6A	SW50ZXJuYXRpb25hbCBEYXkgb2YgdGhlIFdvcmxkJ3MgSW5kaWdlbm91cyBQZW9wbGVz
0595adf2175eb44e3c5494a0	4Z6R4Z634Z6c4Z624oCL4Z6f4Z+B4Z6a4Z644oCL4Z6X4Z624Z6W4oCL4Z6f4Z624Z6a4Z6W4Z+Q4Z6P4Z+M4Z6Y4Z624Z6T4oCL4Z6W4Z634Z6X4Z6W4oCL4Z6b4Z+E4Z6AIOGegeGeveGelOGem+GevuGegOGekeGeuOGfoeGfoA==	V29ybGQgUHJlc3MgRnJlZWRvbSBEYXk=
059f58ddb74ae8f611584ffe	4Z6a4Z674Z6A4Z+S4Z6B4oCL4Z6R4Z634Z6c4Z62	QXJib3IgRGF5
05a751d6331c8c2693ca31fc	4Z6W4Z+S4Z6a4Z+H4oCL4Z6a4Z624Z6H4oCL4Z6W4Z634Z6S4Z644oCL4Z6C4Z+S4Z6a4Z6E4oCL4Z6W4Z+S4Z6a4Z+H4oCL4Z6U4Z6a4Z6Y4oCL4Z6a4Z624Z6H4oCL4Z6f4Z6Y4Z+S4Z6U4Z6P4Z+S4Z6P4Z63IOGeluGfkuGemuGfh+KAi+GegOGemuGeu+GejuGetuKAi+GeluGfkuGemuGfh+KAi+GelOGetuGekeKAi+Gen+GemOGfkuGej+GfgeGeheKAi+GeluGfkuGemuGfh+KAi+GelOGemuGemOGek+GetuGekCDhnpPhnprhn4Thno/hn5Lhno/hnpgg4Z6f4Z644Z6g4Z6Y4Z674Z6T4Z64IOGeluGfkuGemuGfh+KAi+GemOGeoOGetuGegOGfkuGen+Gej+GfkuGemuKAi+Gek+Gfg+KAi+GeluGfkuGemuGfh+GemuGetuGeh+GetuGejuGetuGeheGegOGfkuGemuKAi+GegOGemOGfkuGeluGeu+Geh+Getg==	S2luZydzIENvcm9uYXRpb24gRGF5
05d91b2e15fe1692344c7884	4Z6R4Z634Z6c4Z624oCL4Z6i4Z6T4Z+S4Z6P4Z6a4oCL4Z6H4Z624Z6P4Z634oCL4Z6U4Z+S4Z6a4Z6Z4Z674Z6R4Z+S4Z6S4oCL4Z6U4Z+S4Z6a4Z6G4Z624Z+G4Z6E4oCL4Z6C4Z+S4Z6a4Z6/4Z6E4oCL4Z6J4Z+A4Z6T	SW50ZXJuYXRpb25hbCBEYXkgQWdhaW5zdCBEcnVnIEFidXNlIGFuZCBJbGxpY2l0IFRyYWZmaWNraW5n
05e2ccabe209ec5a5d98d9ad	4Z6P4Z+G4Z6U4Z6T4Z+L4oCL4Z6U4Z+S4Z6a4Z624Z6f4Z624Z6R4oCL4Z6A4Z+E4Z+H4oCL4Z6A4Z+B4Z6aIOGej+GfkuGemuGevOGenOKAi+GelOGetuGek+KAi+GeheGeu+Gfh+KAi+GegOGfkuGek+Geu+GehOKAi+GelOGeieGfkuGeh+GeuOKAi+GelOGfgeGej+Get+GegOKAi+Gel+GejuGfkuGejOKAi+GeluGet+Gel+GeluGem+GfhOGegOGemuGelOGen+Gfi+GeouGehOGfkuGeguGegOGetuGemuGemeGevOGejuGfgeGen+GfkuGegOGevCDhnoHhnr3hnpThnpvhnr7hnoDhnpHhnrjhn6I=	S29oIEtlciBpbnNjcmliZWQgb24gdGhlIFVORVNDTyBXb3JsZCBIZXJpdGFnZSBMaXN0
05e553fe681e578aee93b9eb	4Z6W4Z634Z6S4Z644oCL4Z6U4Z674Z6O4Z+S4Z6Z4oCL4Z6F4Z684Z6b4oCL4Z6G4Z+S4Z6T4Z624Z+G4oCL4Z6Q4Z+S4Z6Y4Z64IOGelOGfkuGemuGeluGfg+GejuGeuOKAi+Geh+GetuGej+GetyAtIOGenOGetuGemuGfiOKAi+GenOGfkOGek+KAi+GelOGejw==	S2htZXIgTmV3IFllYXIgLSBWZWFyZWFrIFZhbmFiYXQ=
05eea7301b347a9a9b8cc4c9	4Z6W4Z+S4Z6a4Z+H4oCL4Z6a4Z624Z6H4oCL4Z6W4Z634Z6S4Z644oCL4Z6U4Z674Z6O4Z+S4Z6Z4oCL4Z6i4Z674Z+G4oCL4Z6R4Z684Z6AIOGelOGejuGfkuGeiuGfguGej+KAi+GelOGfkuGemuGekeGeuOGelCDhnpPhnrfhnoTigIvhnp/hn4bhnpbhn4figIvhnpbhn5Lhnprhn4figIvhnoHhn4Ig4Z6i4Z6A4Z6i4Z+G4Z6U4Z674Z6A	V2F0ZXIgRmVzdGl2YWw=
061d5b1ff4d456c30f954147	4Z6R4Z634Z6c4Z624oCL4Z6H4Z624Z6P4Z634oCL4Z6f4Z674Z6B4Z6X4Z624Z6W4oCL4Z6Y4Z624Z6P4Z62IOGekeGetuGemuGegCDhnpPhnrfhnoTigIvhnoDhnrvhnpjhnrbhnpo=	TmF0aW9uYWwgRGF5IG9uIE1hdGVybmFsLCBOZXdib3JuIGFuZCBDaGlsZCBIZWFsdGg=
061e42c0c99fa4759754ea6c	4Z6R4Z634Z6c4Z624oCL4Z6U4Z6a4Z634oCL4Z6f4Z+S4Z6Q4Z624Z6T4oCL4Z6H4Z624Z6P4Z63IOGek+Get+GehOKAi+GelOGemuGet+KAi+Gen+GfkuGekOGetuGek+KAi+GeluGet+Gel+GeluKAi+Gem+GfhOGegCDhnoHhnr3hnpThnpvhnr7hnoDhnpHhnrjhn6Hhn6Y=	TmF0aW9uYWwgYW5kIFdvcmxkIEVudmlyb25tZW50IERheQ==
062883983c2c4266323c39f7	4Z6G4Z+B4Z6E4oCL4Z6Y4Z+J4Z+B4Z6E	VG9tYi1Td2VlcGluZyBEYXkgKFFpbmdtaW5nIEZlc3RpdmFsKQ==
062e91b2e1e4b9492b6eea08	4Z6R4Z634Z6c4Z624oCL4Z6W4Z634Z6X4Z6W4oCL4Z6b4Z+E4Z6A4oCL4Z6C4Z+S4Z6Y4Z624Z6T4oCL4Z6Q4Z+S4Z6T4Z624Z+G4oCL4Z6H4Z6A4Z+L	V29ybGQgTm8gVG9iYWNjbyBEYXk=
063a3478c1d7fd76ae1ceab0	4Z6R4Z634Z6c4Z624oCL4Z6U4Z6a4Z634oCL4Z6f4Z+S4Z6Q4Z624Z6T4oCL4Z6H4Z624Z6P4Z63IOGek+Get+GehOKAi+GelOGemuGet+KAi+Gen+GfkuGekOGetuGek+KAi+GeluGet+Gel+GeluKAi+Gem+GfhOGegCDhnoHhnr3hnpThnpvhnr7hnoDhnpHhnrjhn6Lhn6U=	TmF0aW9uYWwgYW5kIFdvcmxkIEVudmlyb25tZW50IERheQ==
063a58f2bc2539e4bf257d1b	4Z6Q4Z+S4Z6E4Z+D4oCL4Z6U4Z674Z6O4Z+S4Z6Z4oCL4Z6T4Z+D4oCL4Z6f4Z+B4Z6F4Z6A4Z+S4Z6P4Z644oCL4Z6f4Z+S4Z6a4Z6b4Z624Z6J4Z+L	VmFsZW50aW5lJ3MgRGF5
0646e3b8768100b1003a3f75	4Z6W4Z634Z6S4Z644oCL4Z6U4Z674Z6O4Z+S4Z6Z4oCL4Z6X4Z+S4Z6H4Z674Z+G4oCL4Z6U4Z634Z6O4Z+S4Z6M	UGNodW0gQmVuIEZlc3RpdmFs
0650ca282038694a5407edcc	4Z6U4Z634Z6O4Z+S4Z6MIOGfoeGfoQ==	QmVuIDEx
066d867b765ecd4922838998	4Z6U4Z634Z6O4Z+S4Z6MIOGfoeGfog==	QmVuIDEy
06800139ad45fab478d91b6f	4Z6f4Z+C4Z6T4oCL4Z6T4Z+G4oCL4Z6F4Z624Z+G4Z6E	U3RpY2t5IFJpY2UgRHVtcGxpbmdzIChab25nemkp
06991d0cbc4f13dc3e34b5ac	4Z6F4Z684Z6b4oCL4Z6G4Z+S4Z6T4Z624Z+G4oCL4Z6F4Z634Z6T	Q2hpbmVzZSBOZXcgWWVhcg==
06b443380a504fd813a4bef4	4Z6U4Z634Z6O4Z+S4Z6MIOGfpg==	QmVuIDY=
06c36794faf6331a555ffe00	4Z6U4Z634Z6O4Z+S4Z6MIOGfoeGfow==	QmVuIDEz
06dabb235bf42051ff59d5ea	4Z6f4Z+C4Z6T4oCL4Z6T4Z+G4oCL4Z6F4Z624Z+G4Z6E	U3RpY2t5IFJpY2UgRHVtcGxpbmdzIChab25nemkp
06f8bbe0098a08dc010642e5	4Z6R4Z634Z6c4Z624oCL4Z6n4Z6R4Z+S4Z6Z4Z624Z6T4Z674oCL4Z6a4Z6A4Z+S4Z6f4Z6W4Z634Z6X4Z6W4Z6b4Z+E4Z6AIOGegeGeveGelOGem+GevuGegOGekeGeuOGfqA==	V29ybGQgUmFuZ2VyIERheQ==
070f1590b492f76bec6ff931	4Z6F4Z624Z6U4Z+J4Z644oCL4Z6K4Z6E4oCL4Z6c4Z+C4Z6EIOGej+GfkuGemuGevOGenOKAi+GelOGetuGek+KAi+GeheGeu+Gfh+KAi+GegOGfkuGek+Geu+GehOKAi+GelOGeieGfkuGeh+GeuOKAi+GelOGfgeGej+Get+GegOKAi+Gel+GejuGfkuGejOKAi+GenOGelOGfkuGelOGekuGemOGfjOGeouGemuGevOGelOGeuOGek+Gfg+GemOGek+Geu+Gen+GfkuGen+Geh+GetuGej+GetyDhnoHhnr3hnpThnpvhnr7hnoDhnpHhnrjhn6Y=	Q2hhcGVpIERhbmcgVmVuZyBpbnNjcmliZWQgb24gdGhlIExpc3Qgb2YgSW50YW5naWJsZSBDdWx0dXJhbCBIZXJpdGFnZSBpbiBOZWVkIG9mIFVyZ2VudCBTYWZlZ3VhcmRpbmc=
072157dfd80c73bb8329cb52	4Z6R4Z634Z6c4Z624oCL4Z6i4Z6T4Z+S4Z6P4Z6a4oCL4Z6H4Z624Z6P4Z634oCL4Z6H4Z6T4Z6H4Z624Z6P4Z634Z6K4Z6+4Z6Y4Z6X4Z624Z6C4Z6P4Z634Z6F4Z6W4Z634Z6X4Z6W4Z6b4Z+E4Z6A	SW50ZXJuYXRpb25hbCBEYXkgb2YgdGhlIFdvcmxkJ3MgSW5kaWdlbm91cyBQZW9wbGVz
0761bd50e8bfa46bed69a0c1	4Z6R4Z634Z6c4Z624oCL4Z6i4Z6T4Z+S4Z6P4Z6a4oCL4Z6H4Z624Z6P4Z634oCL4Z6H4Z6T4Z6H4Z624Z6P4Z634Z6K4Z6+4Z6Y4Z6X4Z624Z6C4Z6P4Z634Z6F4Z6W4Z634Z6X4Z6W4Z6b4Z+E4Z6A	SW50ZXJuYXRpb25hbCBEYXkgb2YgdGhlIFdvcmxkJ3MgSW5kaWdlbm91cyBQZW9wbGVz
076d66aee16f2317fee11fbc	4Z6R4Z634Z6c4Z624oCL4oCL4Z6U4Z+S4Z6a4Z6H4Z624Z6H4Z6T4Z6H4Z624Z6P4Z63IOGek+Get+GehOKAi+KAi+GelOGfkuGemuGeh+GetuGeh+Gek+KAi+GeluGet+Gel+GeluKAi+Gem+GfhOGegA==	TmF0aW9uYWwgUG9wdWxhdGlvbiBEYXkgYW5kIFdvcmxkIFBvcHVsYXRpb24gRGF5
077d5fb08fac4831d68e9faa	4Z6U4Z674Z6O4Z+S4Z6Z4oCL4Z6O4Z684Z6i4Z+C4Z6b	Q2hyaXN0bWFzIERheQ==
07839f082c14787e848b2c1a	4Z6R4Z634Z6c4Z624oCL4Z6Z4Z674Z6c4Z6H4Z6T4oCL4Z6i4Z6T4Z+S4Z6P4Z6a4oCL4Z6H4Z624Z6P4Z63	SW50ZXJuYXRpb25hbCBZb3V0aCBEYXk=
07856a235392d8a09c4ceaca	4Z6R4Z634Z6c4Z624oCL4Z6T4Z6Z4Z+E4Z6U4Z624Z6Z4oCL4Z6R4Z654Z6A	V2F0ZXIgUG9saWN5IERheQ==
0790fa0d464f6f1f4fe04129	4Z6b4Z+S4Z6B4Z+E4Z6T4oCL4Z6f4Z+S4Z6a4Z6Y4Z+E4Z6b4oCL4Z6f4Z+S4Z6U4Z+C4Z6A4oCLIOGej+GfkuGemuGevOGenOKAi+GelOGetuGek+KAi+GeheGeu+Gfh+KAi+GegOGfkuGek+Geu+GehOKAi+GelOGeieGfkuGeh+GeuOKAi+GelOGfgeGej+Get+GegOKAi+Gel+GejuGfkuGejOGenOGelOGfkuGelOGekuGemOGfjOGeouGemuGevOGelOGeuOGek+Gfg+GemOGek+Geu+Gen+GfkuGen+Geh+GetuGej+GetyDhnoHhnr3hnpThnpvhnr7hnoDhnpHhnrjhn6Hhn6Y=	S2htZXIgU2hhZG93IFRoZWF0cmUgaW5zY3JpYmVkIG9uIHRoZSBSZXByZXNlbnRhdGl2ZSBMaXN0IG9mIHRoZSBJbnRhbmdpYmxlIEN1bHR1cmFsIEhlcml0YWdlIG9mIEh1bWFuaXR5
07c7e8c65f1cc83fc2050a28	4Z6R4Z634Z6c4Z624oCL4Z6H4Z624Z6P4Z634oCL4Z6Z4Z6b4Z+L4oCL4Z6K4Z654Z6E4oCL4Z6W4Z644oCL4Z6Y4Z644Z6TIOGegeGeveGelOGem+GevuGegOGekeGeuOGfouGfpg==	TmF0aW9uYWwgTWluZSBBd2FyZW5lc3MgRGF5
080c101a516dcbfdbc8f923a	4Z6W4Z634Z6S4Z644oCL4Z6U4Z674Z6O4Z+S4Z6Z4oCL4Z6F4Z684Z6b4oCL4Z6G4Z+S4Z6T4Z624Z+G4oCL4Z6Q4Z+S4Z6Y4Z64IOGelOGfkuGemuGeluGfg+GejuGeuOKAi+Geh+GetuGej+GetyAtIOGemOGeoOGetuKAi+Gen+GehOGfkuGegOGfkuGemuGetuGek+GfkuGejyDhnpjhn4nhn4ThnoQg4Z+g4Z+hOuGfo+GfpiBBTQ==	S2htZXIgTmV3IFllYXIgLSBNb2hhIFNhbmtyYW50YSBhdCAwMTozNiBBTQ==
081b353b8aba1dd2e3eaa947	4Z6W4Z634Z6S4Z644oCL4Z6U4Z674Z6O4Z+S4Z6Z4oCL4Z6f4Z+C4Z6T4oCL4Z6W4Z+S4Z6a4Z+H4oCL4Z6B4Z+C	TWlkLUF1dHVtbiBGZXN0aXZhbA==
083f6454bf619739bc0fbc55	4Z6A4Z6L4Z634Z6T4oCL4Z6A4Z624Z6b	S2F0aGVuIEthbA==
085f7d92338fd59ee4ecb02e	4Z6F4Z684Z6b4oCL4Z6G4Z+S4Z6T4Z624Z+G4oCL4Z6F4Z634Z6T	Q2hpbmVzZSBOZXcgWWVhcg==
086b2ec94a5189b1937423d6	4Z6P4Z674Z6b4Z624oCL4Z6A4Z624Z6a4oCL4Z6Z4Z674Z6P4Z+S4Z6P4Z634oCL4Z6S4Z6Y4Z+M4oCL4Z6i4Z6T4Z+S4Z6P4Z6a4oCL4Z6H4Z624Z6P4Z634oCL4Z6A4Z+S4Z6a4Z674Z6E4oCL4Z6h4Z624oCL4Z6i4Z+BIOGen+GemOGfkuGemuGfgeGeheKAi+GeseGfkuGemeKAi+GegOGemOGfkuGeluGeu+Geh+GetuGeh+GetuGemOGfkuGeheGetuGen+Gfi+GegOGemOGfkuGemOGen+Get+GekeGfkuGekuGetyDhnpvhnr7hnpThn5Lhnprhnrbhnp/hnrbhnpHhnpbhn5Lhnprhn4fhnpzhnrfhnqDhnrbhnpog4Z6B4Z694Z6U4Z6b4Z6+4Z6A4Z6R4Z644Z+k4Z+m	SW50ZXJuYXRpb25hbCBDb3VydCBvZiBKdXN0aWNlIGluIFRoZSBIYWd1ZSBkZWNsYXJlZCBDYW1ib2RpYSBpcyB0aGUgb3duZXIgb2YgdGhlIFByZWFoIFZpaGVhciBUZW1wbGU=
08728754a476b19ff5828ff1	4Z6W4Z634Z6S4Z644oCL4Z6U4Z674Z6O4Z+S4Z6Z4oCL4Z6c4Z634Z6f4Z624Z6B4oCL4Z6U4Z684Z6H4Z62	VmlzYWsgQm9jaGVh
0876c54d46310a75ebcaa601	4Z6R4Z634Z6c4Z624oCL4Z6W4Z6b4Z6A4Z6Y4Z+S4Z6Y4oCL4Z6i4Z6T4Z+S4Z6P4Z6a4Z6H4Z624Z6P4Z63IOGegeGeveGelOGem+GevuGegOGekeGeuOGfoeGfoeGfpA==	SW50ZXJuYXRpb25hbCBMYWJvciBEYXk=
0885a1989e14164b19195db6	4Z6W4Z634Z6S4Z644oCL4Z6U4Z+G4Z6U4Z694Z6f4oCL4Z6T4Z624Z6C4oCL4Z6B4Z+S4Z6T4Z624Z6T	VGhlIE9yZGFpbmVkIERyYWdvbiBNb25r
088847aa6308e03d659a1bb1	4Z6R4Z634Z6c4Z624oCL4Z6W4Z6b4Z6A4Z6Y4Z+S4Z6Y4oCL4Z6i4Z6T4Z+S4Z6P4Z6a4Z6H4Z624Z6P4Z63IOGegeGeveGelOGem+GevuGegOGekeGeuOGfoeGfoeGfpg==	SW50ZXJuYXRpb25hbCBMYWJvciBEYXk=
089a88a855f17bd723500bb1	4Z6R4Z634Z6c4Z624oCL4Z6W4Z6b4Z6A4Z6Y4Z+S4Z6Y4oCL4Z6i4Z6T4Z+S4Z6P4Z6a4Z6H4Z624Z6P4Z63IOGegeGeveGelOGem+GevuGegOGekeGeuOGfoeGfo+GfoA==	SW50ZXJuYXRpb25hbCBMYWJvciBEYXk=
08b8d1ca5069e22a2ba858b4	4Z6W4Z634Z6S4Z644oCL4Z6U4Z674Z6O4Z+S4Z6Z4oCL4Z6X4Z+S4Z6H4Z674Z+G4oCL4Z6U4Z634Z6O4Z+S4Z6M	UGNodW0gQmVuIEZlc3RpdmFs
08ba7aade83a32d43526a163	4Z6A4Z6Y4Z+S4Z6W4Z674Z6H4Z624oCL4Z6F4Z684Z6b4oCL4Z6H4Z624oCL4Z6f4Z6Y4Z624oCL4Z6H4Z634Z6A4oCL4Z6i4Z624Z6f4Z+K4Z624Z6TIOGegeGeveGelOGem+GevuGegOGekeGeuOGfouGfqQ==	Q2FtYm9kaWEgam9pbmVkIFRoZSBBc3NvY2lhdGlvbiBvZiBTb3V0aGVhc3QgQXNpYW4gTmF0aW9ucyAoQVNFQU4p
08c1ef1b321d174b0a4f6aad	4Z6W4Z634Z6S4Z644oCL4Z6f4Z634Z6P4oCL4Z6R4Z+A4Z6T4oCL4Z6W4Z+S4Z6a4Z+H4oCL4Z6c4Z6f4Z+S4Z6f4Z62	QnVkZGhpc3QgTGVudCBDYW5kbGVzIE1ha2luZyBEYXk=
091aa595feffa03f5435e20c	4Z6Q4Z+S4Z6E4Z+D4oCL4Z6f4Z+C4Z6T4oCL4Z6F4Z684Z6b4oCL4Z6G4Z+S4Z6T4Z624Z+G4oCL4Z6F4Z634Z6T	Q2hpbmVzZSBOZXcgWWVhcidzIEV2ZQ==
0945e15d46daf118ef491f46	4Z6W4Z+S4Z6a4Z+H4oCL4Z6a4Z624Z6H4oCL4Z6W4Z634Z6S4Z644oCL4Z6U4Z674Z6O4Z+S4Z6Z4oCL4Z6F4Z6Y4Z+S4Z6a4Z6+4Z6T4oCL4Z6W4Z+S4Z6a4Z+H4oCL4Z6H4Z6T4Z+S4Z6YIOGeluGfkuGemuGfh+KAi+GegOGemuGeu+GejuGetuKAi+GeluGfkuGemuGfh+KAi+GelOGetuGekeKAi+Gen+GemOGfkuGej+GfgeGeheKAi+GeluGfkuGemuGfh+KAi+GelOGemuGemOKAi+Gek+GetuGekCDhnpPhnprhn4Thno/hn5Lhno/hnpgg4Z6f4Z644Z6g4Z6Y4Z674Z6T4Z64IOGeluGfkuGemuGfh+KAi+GemOGeoOGetuGegOGfkuGen+Gej+GfkuGemuKAi+Gek+Gfg+KAi+GeluGfkuGemuGfh+GemuGetuGeh+GetuGejuGetuGeheGegOGfkuGemuKAi+GegOGemOGfkuGeluGeu+Geh+Getg==	S2luZyBTaWhhbW9uaSdzIEJpcnRoZGF5
099ff428ef9993c1b004220c	4Z6U4Z634Z6O4Z+S4Z6MIOGfoeGfog==	QmVuIDEy
09bf89f5ef348e1a3d4f92a6	4Z6R4Z634Z6c4Z624oCL4Z6Y4Z6T4Z674Z6f4Z+S4Z6f4oCL4Z6F4Z624Z6f4Z+L4oCL4Z6A4Z6Y4Z+S4Z6W4Z674Z6H4Z62IOGek+Get+GehOGekeGet+GenOGetuGemOGek+Geu+Gen+GfkuGen+GeheGetuGen+Gfi+GeouGek+GfkuGej+GemuGeh+GetuGej+GetyDhnoHhnr3hnpThnpvhnr7hnoDhnpHhnrjhn6Lhn6c=	Q2FtYm9kaWFuIE9sZGVyIFBlcnNvbnMgRGF5IGFuZCB0aGUgSW50ZXJuYXRpb25hbCBEYXkgb2YgT2xkZXIgUGVyc29ucw==
09d23f9cf685cfedda6e0f90	4Z6W4Z+S4Z6a4Z+H4oCL4Z6a4Z624Z6H4oCL4Z6W4Z634Z6S4Z644oCL4Z6U4Z674Z6O4Z+S4Z6Z4oCL4Z6F4Z6Y4Z+S4Z6a4Z6+4Z6T4oCL4Z6W4Z+S4Z6a4Z+H4oCL4Z6H4Z6T4Z+S4Z6YIOGeluGfkuGemuGfh+KAi+GegOGemuGeu+GejuGetuKAi+GeluGfkuGemuGfh+KAi+GelOGetuGekeKAi+Gen+GemOGfkuGej+GfgeGeheKAi+GeluGfkuGemuGfh+KAi+GelOGemuGemOKAi+Gek+GetuGekCDhnpPhnprhn4Thno/hn5Lhno/hnpgg4Z6f4Z644Z6g4Z6Y4Z674Z6T4Z64IOGeluGfkuGemuGfh+KAi+GemOGeoOGetuGegOGfkuGen+Gej+GfkuGemuKAi+Gek+Gfg+KAi+GeluGfkuGemuGfh+GemuGetuGeh+GetuGejuGetuGeheGegOGfkuGemuKAi+GegOGemOGfkuGeluGeu+Geh+Getg==	S2luZyBTaWhhbW9uaSdzIEJpcnRoZGF5
09f89b232ef4650aac67eb1e	4Z6W4Z634Z6S4Z644oCL4Z6U4Z674Z6O4Z+S4Z6Z4oCL4Z6X4Z+S4Z6H4Z674Z+G4oCL4Z6U4Z634Z6O4Z+S4Z6M	UGNodW0gQmVuIEZlc3RpdmFs
0a04bbadb5a25b6db4c313a6	4Z6R4Z634Z6c4Z624oCL4Z6H4Z624Z6P4Z634oCL4Z6Z4Z6b4Z+L4oCL4Z6K4Z654Z6E4oCL4Z6W4Z644oCL4Z6Y4Z644Z6TIOGegeGeveGelOGem+GevuGegOGekeGeuOGfo+GfoA==	TmF0aW9uYWwgTWluZSBBd2FyZW5lc3MgRGF5
0a058c961944e398e05149d3	4Z6W4Z634Z6S4Z644oCL4Z6U4Z674Z6O4Z+S4Z6Z4oCL4Z6F4Z684Z6b4oCL4Z6G4Z+S4Z6T4Z624Z+G4oCL4Z6Q4Z+S4Z6Y4Z64IOGelOGfkuGemuGeluGfg+GejuGeuOKAi+Geh+GetuGej+GetyAtIOGenOGetuGemuGfiOKAi+GenOGfkOGek+KAi+GelOGejw==	S2htZXIgTmV3IFllYXIgLSBWZWFyZWFrIFZhbmFiYXQ=
0a4adbafd8ffa492341e63e1	4Z6W4Z634Z6S4Z644oCL4Z6U4Z674Z6O4Z+S4Z6Z4oCL4Z6X4Z+S4Z6H4Z674Z+G4oCL4Z6U4Z634Z6O4Z+S4Z6M	UGNodW0gQmVuIEZlc3RpdmFs
0a71e57340cc0127a26a7f29	4Z6R4Z634Z6c4Z624oCL4Z6f4Z+B4Z6a4Z644oCL4Z6X4Z624Z6W4oCL4Z6f4Z624Z6a4Z6W4Z+Q4Z6P4Z+M4Z6Y4Z624Z6T4oCL4Z6W4Z634Z6X4Z6W4oCL4Z6b4Z+E4Z6AIOGegeGeveGelOGem+GevuGegOGekeGeuOGfouGfpw==	V29ybGQgUHJlc3MgRnJlZWRvbSBEYXk=
0a823fb5151e0027703d447b	4Z6F4Z+B4Z6J4oCL4Z6W4Z+S4Z6a4Z+H4oCL4Z6c4Z6f4Z+S4Z6f4Z62	RW5kaW5nIG9mIEJ1ZGRoaXN0IExlbnQ=
0a8c10824d0f584db9741e8f	4Z6R4Z634Z6c4Z624oCL4Z6U4Z+S4Z6a4Z6A4Z624Z6f4oCL4Z6a4Z6K4Z+S4Z6L4oCL4Z6S4Z6Y4Z+S4Z6Y4Z6T4Z674Z6J4Z+S4Z6JIOGegeGeveGelOGem+GevuGegOGekeGeuOGfoeGfqA==	Q29uc3RpdHV0aW9uIERheQ==
0a9ab005bff3864046f68ec0	4Z6U4Z634Z6O4Z+S4Z6MIOGfpw==	QmVuIDc=
0aa1f32495262a388bf2f865	4Z6Q4Z+S4Z6E4Z+D4oCL4Z6f4Z+C4Z6T4oCL4Z6K4Z6A4oCL4Z6H4Z6+4Z6E4oCL4Z6S4Z684Z6U	S2l0Y2hlbiBHb2QgRmVzdGl2YWw=
0aaadc0556e32e2d7a56b91c	4Z6W4Z634Z6S4Z644oCL4Z6U4Z674Z6O4Z+S4Z6Z4oCL4Z6F4Z684Z6b4oCL4Z6G4Z+S4Z6T4Z624Z+G4oCL4Z6Q4Z+S4Z6Y4Z64IOGelOGfkuGemuGeluGfg+GejuGeuOKAi+Geh+GetuGej+GetyAtIOGemOGeoOGetuKAi+Gen+GehOGfkuGegOGfkuGemuGetuGek+GfkuGejyDhnpjhn4nhn4ThnoQg4Z+g4Z+mOuGfoOGfoCBBTQ==	S2htZXIgTmV3IFllYXIgLSBNb2hhIFNhbmtyYW50YSBhdCAwNjowMCBBTQ==
0ae559e575d1c70067409c25	4Z6R4Z634Z6c4Z624oCL4Z6f4Z+B4Z6a4Z644oCL4Z6X4Z624Z6W4oCL4Z6f4Z624Z6a4Z6W4Z+Q4Z6P4Z+M4Z6Y4Z624Z6T4oCL4Z6W4Z634Z6X4Z6W4oCL4Z6b4Z+E4Z6AIOGegeGeveGelOGem+GevuGegOGekeGeuOGfo+GfpA==	V29ybGQgUHJlc3MgRnJlZWRvbSBEYXk=
0b058af9688c681708fe855b	4Z6U4Z634Z6O4Z+S4Z6MIOGfpQ==	QmVuIDU=
0b0f966e83bcf5a54a9db491	4Z6R4Z634Z6c4Z624oCL4Z6W4Z634Z6X4Z6W4oCL4Z6b4Z+E4Z6A4oCL4Z6A4Z624Z6A4oCL4Z6U4Z624Z6R4oCL4Z6A4Z+S4Z6a4Z6g4Z6YIOGek+Get+GehOKAi+GeouGejOGfkuGejeGeheGek+GfkuGekeGegOGfkuGemuGeoOGemA==	V29ybGQgUmVkIENyb3NzIGFuZCBSZWQgQ3Jlc2NlbnQgRGF5
0b179b6379cc63dc2fd3fc57	4Z6R4Z634Z6c4Z624oCL4Z6F4Z684Z6b4oCL4Z6G4Z+S4Z6T4Z624Z+G4oCL4Z6f4Z624Z6A4Z6b	TmV3IFllYXIncyBEYXk=
0b19453c8cdacfc7f9671b7f	4Z6U4Z634Z6O4Z+S4Z6MIOGfpQ==	QmVuIDU=
0b2b4bdb2e680e8bcf254742	4Z6f4Z+C4Z6T4oCL4Z6T4Z+G4oCL4Z6F4Z624Z+G4Z6E	U3RpY2t5IFJpY2UgRHVtcGxpbmdzIChab25nemkp
0b2b9d9fba1359d36b1332e1	4Z6R4Z634Z6c4Z624oCL4Z6c4Z6U4Z+S4Z6U4oCL4Z6S4Z6Y4Z+M4oCL4Z6H4Z624Z6P4Z63IOGegeGeveGelOGem+GevuGegOGekeGeuOGfoeGfpQ==	TmF0aW9uYWwgQ3VsdHVyZSBEYXk=
0b4447d534f9e0c0fab9fd88	4Z6R4Z634Z6c4Z624oCL4Z6T4Z6Z4Z+E4oCL4Z6U4Z624Z6Z4oCL4Z6I4Z+S4Z6T4Z+HIOGeiOGfkuGek+Gfhw==	V2luLXdpbiBQb2xpY3kgRGF5
0b5611a70f72a4c9857de2b0	4Z6R4Z634Z6c4Z624oCL4Z6R4Z+B4Z6f4oCL4Z6F4Z6a4Z6O4Z+N4oCL4Z6W4Z634oCL4Z6X4Z6W4oCL4Z6b4Z+E4Z6A	V29ybGQgVG91cmlzbSBEYXk=
0b5965b3957fed1f33691a04	4Z6U4Z634Z6O4Z+S4Z6MIOGfoQ==	QmVuIDE=
0b8e3ba95ec756e7a5cbf252	4Z6W4Z634Z6S4Z644oCL4Z6U4Z674Z6O4Z+S4Z6Z4oCL4Z6F4Z684Z6b4oCL4Z6G4Z+S4Z6T4Z624Z+G4oCL4Z6Q4Z+S4Z6Y4Z64IOGelOGfkuGemuGeluGfg+GejuGeuOKAi+Geh+GetuGej+GetyAtIOGenOGetuGemuGfiOKAi+GenOGfkOGek+KAi+GelOGejw==	S2htZXIgTmV3IFllYXIgLSBWZWFyZWFrIFZhbmFiYXQ=
0b92ee680a5bb8885b5ef026	4Z6R4Z634Z6c4Z624oCL4Z6i4Z624oCL4Z6A4Z624Z6f4oCL4Z6F4Z6a4Z6O4Z+N4Z6f4Z+K4Z644Z6c4Z634Z6b	Q2l2aWwgQXZpYXRpb24gRGF5
0b9a72554199109b3ec79685	4Z6b4Z+S4Z6B4Z+E4Z6T4oCL4Z6f4Z+S4Z6a4Z6Y4Z+E4Z6b4oCL4Z6f4Z+S4Z6U4Z+C4Z6A4oCLIOGej+GfkuGemuGevOGenOKAi+GelOGetuGek+KAi+GeheGeu+Gfh+KAi+GegOGfkuGek+Geu+GehOKAi+GelOGeieGfkuGeh+GeuOKAi+GelOGfgeGej+Get+GegOKAi+Gel+GejuGfkuGejOGenOGelOGfkuGelOGekuGemOGfjOGeouGemuGevOGelOGeuOGek+Gfg+GemOGek+Geu+Gen+GfkuGen+Geh+GetuGej+GetyDhnoHhnr3hnpThnpvhnr7hnoDhnpHhnrjhn6Hhn6U=	S2htZXIgU2hhZG93IFRoZWF0cmUgaW5zY3JpYmVkIG9uIHRoZSBSZXByZXNlbnRhdGl2ZSBMaXN0IG9mIHRoZSBJbnRhbmdpYmxlIEN1bHR1cmFsIEhlcml0YWdlIG9mIEh1bWFuaXR5
0bb08f40f8e26c3f3ad60e1f	4Z6U4Z634Z6O4Z+S4Z6MIOGfqA==	QmVuIDg=
0bbd91fe993cc8f4faf21c91	4Z6R4Z634Z6c4Z624oCL4Z6i4Z624oCL4Z6A4Z624Z6f4oCL4Z6F4Z6a4Z6O4Z+N4Z6f4Z+K4Z644Z6c4Z634Z6b	Q2l2aWwgQXZpYXRpb24gRGF5
0bc04a517dabd15719816704	4Z6U4Z+S4Z6a4Z624Z6f4Z624Z6R4oCL4Z6W4Z+S4Z6a4Z+H4oCL4Z6c4Z634Z6g4Z624Z6aIOGej+GfkuGemuGevOGenOKAi+GelOGetuGek+KAi+GeheGeu+Gfh+KAi+GegOGfkuGek+Geu+GehOKAi+GelOGeieGfkuGeh+GeuOKAi+GelOGfgeGej+Get+GegOKAi+Gel+GejuGfkuGejOKAi+GeluGet+Gel+GeluGem+GfhOGegOGemuGelOGen+Gfi+GeouGehOGfkuGeguGegOGetuGemuGemeGevOGejuGfgeGen+GfkuGegOGevCDhnoHhnr3hnpThnpvhnr7hnoDhnpHhnrjhn6Hhn6U=	VGVtcGxlIG9mIFByZWFoIFZpaGVhciB3YXMgaW5zY3JpYmVkIG9uIHRoZSBVTkVTQ08gV29ybGQgSGVyaXRhZ2UgTGlzdA==
0bf2235a48273b0a6a7c8941	4Z6U4Z634Z6O4Z+S4Z6MIOGfoeGfow==	QmVuIDEz
0c1443add8ac094d1498f65a	4Z6R4Z634Z6c4Z624oCL4Z6W4Z634Z6X4Z6W4oCL4Z6b4Z+E4Z6A4oCL4Z6U4Z+S4Z6a4Z6G4Z624Z+G4Z6E4oCL4Z6W4Z6b4Z6A4Z6Y4Z+S4Z6Y4oCL4Z6A4Z674Z6Y4Z624Z6aIOGegeGeveGelOGem+GevuGegOGekeGeuOGfpQ==	SGFwcHkgV29ybGQgRGF5IEFnYWluc3QgQ2hpbGQgTGFib3Vy
0c169ea38d7493fd42e08506	4Z6U4Z634Z6O4Z+S4Z6MIOGfqA==	QmVuIDg=
0c38cc0a65eca39ee520437d	4Z6G4Z+B4Z6E4oCL4Z6Y4Z+J4Z+B4Z6E	VG9tYi1Td2VlcGluZyBEYXkgKFFpbmdtaW5nIEZlc3RpdmFsKQ==
0c405328faabc5ffc48125a1	4Z6W4Z+S4Z6a4Z+H4oCL4Z6a4Z624Z6H4oCL4Z6W4Z634Z6S4Z644oCL4Z6C4Z+S4Z6a4Z6E4oCL4Z6W4Z+S4Z6a4Z+H4oCL4Z6U4Z6a4Z6Y4oCL4Z6a4Z624Z6H4oCL4Z6f4Z6Y4Z+S4Z6U4Z6P4Z+S4Z6P4Z63IOGeluGfkuGemuGfh+KAi+GegOGemuGeu+GejuGetuKAi+GeluGfkuGemuGfh+KAi+GelOGetuGekeKAi+Gen+GemOGfkuGej+GfgeGeheKAi+GeluGfkuGemuGfh+KAi+GelOGemuGemOGek+GetuGekCDhnpPhnprhn4Thno/hn5Lhno/hnpgg4Z6f4Z644Z6g4Z6Y4Z674Z6T4Z64IOGeluGfkuGemuGfh+KAi+GemOGeoOGetuGegOGfkuGen+Gej+GfkuGemuKAi+Gek+Gfg+KAi+GeluGfkuGemuGfh+GemuGetuGeh+GetuGejuGetuGeheGegOGfkuGemuKAi+GegOGemOGfkuGeluGeu+Geh+Getg==	S2luZydzIENvcm9uYXRpb24gRGF5
0c4a75cdfaf081fcf76dde84	4Z6U4Z634Z6O4Z+S4Z6MIOGfog==	QmVuIDI=
0c68ce013a54bd5630138997	4Z6U4Z634Z6O4Z+S4Z6MIOGfoeGfoQ==	QmVuIDEx
0c6cb28a8f7e79117851993e	4Z6W4Z+S4Z6a4Z+H4oCL4Z6a4Z624Z6H4oCL4Z6W4Z634Z6S4Z644oCL4Z6U4Z674Z6O4Z+S4Z6Z4oCL4Z6i4Z674Z+G4oCL4Z6R4Z684Z6AIOGelOGejuGfkuGeiuGfguGej+KAi+GelOGfkuGemuGekeGeuOGelCDhnpPhnrfhnoTigIvhnp/hn4bhnpbhn4figIvhnpbhn5Lhnprhn4figIvhnoHhn4Ig4Z6i4Z6A4Z6i4Z+G4Z6U4Z674Z6A	V2F0ZXIgRmVzdGl2YWw=
0c758ffbfd097e873a170af6	4Z6Q4Z+S4Z6E4Z+D4oCL4Z6U4Z674Z6O4Z+S4Z6Z4oCL4Z6T4Z+D4oCL4Z6f4Z+B4Z6F4Z6A4Z+S4Z6P4Z644oCL4Z6f4Z+S4Z6a4Z6b4Z624Z6J4Z+L	VmFsZW50aW5lJ3MgRGF5
0c9ed8bef27345aeb017167c	4Z6R4Z634Z6c4Z624oCL4Z6C4Z+S4Z6a4Z684oCL4Z6U4Z6E4Z+S4Z6a4Z+A4Z6T4oCL4Z6W4Z634Z6X4Z6W4oCL4Z6b4Z+E4Z6A	V29ybGQgVGVhY2hlcidzIERheQ==
0cb64c7361935257c6918dc8	4Z6b4Z+S4Z6B4Z+E4Z6T4oCL4Z6B4Z+E4Z6b4oCL4Z6c4Z6P4Z+S4Z6P4oCL4Z6f4Z+S4Z6c4Z624Z6Z4oCL4Z6i4Z6O4Z+S4Z6P4Z+C4Z6PIOGej+GfkuGemuGevOGenOKAi+GelOGetuGek+KAi+GeheGeu+Gfh+KAi+GegOGfkuGek+Geu+GehOKAi+GelOGeieGfkuGeh+GeuOKAi+GelOGfgeGej+Get+GegOKAi+Gel+GejuGfkuGejOKAi+GenOGelOGfkuGelOKAi+GekuGemOGfjOKAi+GeouGemuGevOGelOGeuOGek+Gfg+GemOGek+Geu+Gen+GfkuGen+Geh+GetuGej+GetyDhnoHhnr3hnpThnpvhnr7hnoDhnpHhnrjhn6Hhn6I=	TGtob24gS2hvbCBXYXQgU3ZheSBBbmRldCBpbnNjcmliZWQgb24gdGhlIExpc3Qgb2YgSW50YW5naWJsZSBDdWx0dXJhbCBIZXJpdGFnZSBpbiBOZWVkIG9mIFVyZ2VudCBTYWZlZ3VhcmRpbmc=
0cbfcd6a744dbeeee8b9ed11	4Z6b4Z+S4Z6B4Z+E4Z6T4oCL4Z6f4Z+S4Z6a4Z6Y4Z+E4Z6b4oCL4Z6f4Z+S4Z6U4Z+C4Z6A4oCLIOGej+GfkuGemuGevOGenOKAi+GelOGetuGek+KAi+GeheGeu+Gfh+KAi+GegOGfkuGek+Geu+GehOKAi+GelOGeieGfkuGeh+GeuOKAi+GelOGfgeGej+Get+GegOKAi+Gel+GejuGfkuGejOGenOGelOGfkuGelOGekuGemOGfjOGeouGemuGevOGelOGeuOGek+Gfg+GemOGek+Geu+Gen+GfkuGen+Geh+GetuGej+GetyDhnoHhnr3hnpThnpvhnr7hnoDhnpHhnrjhn6g=	S2htZXIgU2hhZG93IFRoZWF0cmUgaW5zY3JpYmVkIG9uIHRoZSBSZXByZXNlbnRhdGl2ZSBMaXN0IG9mIHRoZSBJbnRhbmdpYmxlIEN1bHR1cmFsIEhlcml0YWdlIG9mIEh1bWFuaXR5
0cc9c6593bf6f2c8336a858d	4Z6R4Z634Z6c4Z624oCL4Z6W4Z634Z6X4Z6W4Z6b4Z+E4Z6A4oCL4Z6A4Z+G4Z6F4Z624Z6P4Z+L4oCL4Z6a4Z+E4Z6C4oCL4Z6a4Z6U4Z+B4Z6E	V29ybGQgVHViZXJjdWxvc2lzIERheQ==
0ce53021b01ab2351a151e96	4Z6R4Z634Z6c4Z624oCL4Z6H4Z624Z6P4Z634oCL4Z6U4Z+S4Z6a4Z6G4Z624Z+G4Z6E4oCL4Z6A4Z624Z6a4oCL4Z6H4Z694Z6J4oCL4Z6K4Z684Z6a4oCL4Z6Y4Z6T4Z674Z6f4Z+S4Z6f	TmF0aW9uYWwgQW50aS1IdW1hbiBUcmFmZmlja2luZyBEYXk=
0d00964bd49c7cd492dd3837	4Z6Q4Z+S4Z6E4Z+D4oCL4Z6f4Z+C4Z6T4oCL4Z6K4Z6A4oCL4Z6H4Z6+4Z6E4oCL4Z6S4Z684Z6U	S2l0Y2hlbiBHb2QgRmVzdGl2YWw=
0d0af419cdf5912cf36b9f41	4Z6U4Z674Z6O4Z+S4Z6Z4oCL4Z6O4Z684Z6i4Z+C4Z6b	Q2hyaXN0bWFzIERheQ==
0d5266e663f642329ef7b1e0	4Z6f4Z+C4Z6T4oCL4Z6T4Z+G4oCL4Z6F4Z624Z+G4Z6E	U3RpY2t5IFJpY2UgRHVtcGxpbmdzIChab25nemkp
0d68b4bb311588b575ffdf82	4Z6A4Z6Y4Z+S4Z6W4Z674Z6H4Z624oCL4Z6F4Z684Z6b4oCL4Z6H4Z624oCL4Z6f4Z6Y4Z624oCL4Z6H4Z634Z6A4oCL4Z6i4Z6E4Z+S4Z6C4oCL4Z6A4Z624Z6a4oCL4Z6Z4Z684Z6O4Z+B4Z6f4Z+S4Z6A4Z68IOGegeGeveGelOGem+GevuGegOGekeGeuOGfpeGfoQ==	Q2FtYm9kaWEgam9pbmVkIFVORVNDTw==
0d7017faeffb8ac6d7b84eb6	4Z6F4Z684Z6b4oCL4Z6W4Z+S4Z6a4Z+H4oCL4Z6c4Z6f4Z+S4Z6f4Z62	QmVnaW5uaW5nIG9mIEJ1ZGRoaXN0IExlbnQ=
0d71578b57f18d63423a3988	4Z6b4Z+S4Z6U4Z+C4Z6E4oCL4Z6R4Z624Z6J4oCL4Z6W4Z+S4Z6a4Z+Q4Z6P4Z+S4Z6aIOGej+GfkuGemuGevOGenOKAi+GelOGetuGek+KAi+GeheGeu+Gfh+KAi+GegOGfkuGek+Geu+GehOKAi+GelOGeieGfkuGeh+GeuOKAi+GelOGfgeGej+Get+GegOKAi+Gel+GejuGfkuGejOKAi+GenOGelOGfkuGelOGekuGemOGfjOGeouGemuGevOGelOGeuOGek+Gfg+GemOGek+Geu+Gen+GfkuGen+Geh+GetuGej+GetyDhnoHhnr3hnpThnpvhnr7hnoDhnpHhnrjhn6Hhn6Q=	VHVnIG9mIFdhciBpbnNjcmliZWQgb24gdGhlIFJlcHJlc2VudGF0aXZlIExpc3Qgb2YgdGhlIEludGFuZ2libGUgQ3VsdHVyYWwgSGVyaXRhZ2Ugb2YgSHVtYW5pdHk=
0d7380a6f2a1a314a0d6dc11	4Z6A4Z6Y4Z+S4Z6W4Z674Z6H4Z624oCL4Z6F4Z684Z6b4oCL4Z6H4Z624oCL4Z6f4Z6Y4Z624oCL4Z6H4Z634Z6A4oCL4Z6i4Z6E4Z+S4Z6C4oCL4Z6A4Z624Z6a4oCL4Z6f4Z6g4oCL4Z6U4Z+S4Z6a4Z6H4Z624Z6H4Z624Z6P4Z63IOGegeGeveGelOGem+GevuGegOGekeGeuOGfpeGfpA==	Q2FtYm9kaWEgYmVjYW1lIGEgbWVtYmVyIG9mIHRoZSBVbml0ZWQgTmF0aW9ucw==
0d7aad50ae63f1218303e3bb	4Z6R4Z634Z6c4Z624oCL4Z6i4Z6A4Z+S4Z6B4Z6a4oCL4Z6A4Z6Y4Z+S4Z6Y4oCL4Z6i4Z6T4Z+S4Z6P4Z6a4oCL4Z6H4Z624Z6P4Z63	SW50ZXJuYXRpb25hbCBMaXRlcmFjeSBEYXk=
0d8ac993da04d826332f8ec7	4Z6R4Z634Z6c4Z624oCL4Z6H4Z624Z6P4Z634oCL4Z6Z4Z6b4Z+L4oCL4Z6K4Z654Z6E4oCL4Z6W4Z644oCL4Z6Y4Z644Z6TIOGegeGeveGelOGem+GevuGegOGekeGeuOGfqA==	TmF0aW9uYWwgTWluZSBBd2FyZW5lc3MgRGF5
0da0c11edee78af37b60ed63	4Z6W4Z+S4Z6a4Z+H4oCL4Z6a4Z624Z6H4oCL4Z6W4Z634Z6S4Z644oCL4Z6U4Z674Z6O4Z+S4Z6Z4oCL4Z6F4Z6Y4Z+S4Z6a4Z6+4Z6T4oCL4Z6W4Z+S4Z6a4Z+H4oCL4Z6H4Z6T4Z+S4Z6YIOGeluGfkuGemuGfh+KAi+GegOGemuGeu+GejuGetuKAi+GeluGfkuGemuGfh+KAi+GelOGetuGekeKAi+Gen+GemOGfkuGej+GfgeGeheKAi+GeluGfkuGemuGfh+KAi+GelOGemuGemOKAi+Gek+GetuGekCDhnpPhnprhn4Thno/hn5Lhno/hnpgg4Z6f4Z644Z6g4Z6Y4Z674Z6T4Z64IOGeluGfkuGemuGfh+KAi+GemOGeoOGetuGegOGfkuGen+Gej+GfkuGemuKAi+Gek+Gfg+KAi+GeluGfkuGemuGfh+GemuGetuGeh+GetuGejuGetuGeheGegOGfkuGemuKAi+GegOGemOGfkuGeluGeu+Geh+Getg==	S2luZyBTaWhhbW9uaSdzIEJpcnRoZGF5
0dbd50aeeb533d324b98e9b0	4Z6W4Z634Z6S4Z644oCL4Z6U4Z674Z6O4Z+S4Z6Z4oCL4Z6f4Z+C4Z6T4oCL4Z6W4Z+S4Z6a4Z+H4oCL4Z6B4Z+C	TWlkLUF1dHVtbiBGZXN0aXZhbA==
0dcc3aca88ed8ea025e38929	4Z6Q4Z+S4Z6E4Z+D4oCL4Z6U4Z674Z6O4Z+S4Z6Z4oCL4Z6T4Z+D4oCL4Z6f4Z+B4Z6F4Z6A4Z+S4Z6P4Z644oCL4Z6f4Z+S4Z6a4Z6b4Z624Z6J4Z+L	VmFsZW50aW5lJ3MgRGF5
0deb09a5743e34fee9b101ab	4Z6R4Z634Z6c4Z624oCL4Z6W4Z634Z6X4Z6W4oCL4Z6b4Z+E4Z6A4oCL4Z6U4Z+S4Z6a4Z6G4Z624Z+G4Z6E4oCL4Z6W4Z6b4Z6A4Z6Y4Z+S4Z6Y4oCL4Z6A4Z674Z6Y4Z624Z6aIOGegeGeveGelOGem+GevuGegOGekeGeuOGfoeGfoA==	SGFwcHkgV29ybGQgRGF5IEFnYWluc3QgQ2hpbGQgTGFib3Vy
0e0ff136ad8fe5f13acc7581	4Z6C4Z674Z6T4oCL4Z6b4Z+S4Z6U4Z674Z6A4Z+S4Z6A4oCL4Z6P4Z+EIOGej+GfkuGemuGevOGenOKAi+GelOGetuGek+KAi+GeheGeu+Gfh+GegOGfkuGek+Geu+GehOGelOGeieGfkuGeh+GeuOGelOGfgeGej+Get+GegOGel+GejuGfkuGejOGenOGelOGfkuGelOGekuGemOGfjOGeouGemuGevOGelOGeuOGek+Gfg+GemOGek+Geu+Gen+GfkuGen+Geh+GetuGej+GetyDhnoHhnr3hnpThnpvhnr7hnoDhnpHhnrjhn6M=	S3VuIExib2thdG9yIGluc2NyaWJlZCBvbiB0aGUgUmVwcmVzZW50YXRpdmUgTGlzdCBvZiB0aGUgSW50YW5naWJsZSBDdWx0dXJhbCBIZXJpdGFnZSBvZiBIdW1hbml0eQ==
0e14150073907a82477fb3ca	4Z6R4Z634Z6c4Z624oCL4Z6T4Z6Z4Z+E4Z6U4Z624Z6Z4oCL4Z6R4Z654Z6A	V2F0ZXIgUG9saWN5IERheQ==
0e2ce30bece26caedfdeb450	4Z6U4Z634Z6O4Z+S4Z6MIOGfoeGfog==	QmVuIDEy
0e76d4a2b30307712b88d95c	4Z6R4Z634Z6c4Z624oCL4Z6i4Z6T4Z+S4Z6P4Z6a4oCL4Z6H4Z624Z6P4Z634oCL4Z6U4Z+S4Z6a4Z6Z4Z674Z6R4Z+S4Z6S4oCL4Z6U4Z+S4Z6a4Z6G4Z624Z+G4Z6E4oCL4Z6C4Z+S4Z6a4Z6/4Z6E4oCL4Z6J4Z+A4Z6T	SW50ZXJuYXRpb25hbCBEYXkgQWdhaW5zdCBEcnVnIEFidXNlIGFuZCBJbGxpY2l0IFRyYWZmaWNraW5n
0e8db4b82a9bccb7da2bbf0e	4Z6a4Z6U4Z624Z+G4oCL4Z6W4Z+S4Z6a4Z+H4oCL4Z6a4Z624Z6H4oCL4Z6R4Z+S4Z6a4Z6W4Z+S4Z6ZIOGej+GfkuGemuGevOGenOKAi+GelOGetuGek+KAi+GeheGeu+Gfh+KAi+GegOGfkuGek+Geu+GehOKAi+GelOGeieGfkuGeh+GeuOKAi+GelOGfgeGej+Get+KAi+GegOGel+GejuGfkuGejOKAi+GenOGelOGfkuGelOGekuGemOGfjOGeouGemuGevOGelOGeuOGek+Gfg+GemOGek+Geu+Gen+GfkuGen+Geh+GetuGej+GetyDhnoHhnr3hnpThnpvhnr7hnoDhnpHhnrjhn6Lhn6I=	Um95YWwgQmFsbGV0IG9mIENhbWJvZGlhIGluc2NyaWJlZCBvbiB0aGUgUmVwcmVzZW50YXRpdmUgTGlzdCBvZiB0aGUgSW50YW5naWJsZSBDdWx0dXJhbCBIZXJpdGFnZSBvZiBIdW1hbml0eQ==
0eb2a3da609807090f5ac9d8	4Z6R4Z634Z6c4Z624oCL4Z6i4Z624oCL4Z6A4Z624Z6f4oCL4Z6F4Z6a4Z6O4Z+N4Z6f4Z+K4Z644Z6c4Z634Z6b	Q2l2aWwgQXZpYXRpb24gRGF5
0ec42efb682ae43217a683ab	4Z6F4Z684Z6b4oCL4Z6G4Z+S4Z6T4Z624Z+G4oCL4Z6F4Z634Z6T	Q2hpbmVzZSBOZXcgWWVhcg==
0ec5f0755b0583ba262705fd	4Z6F4Z+B4Z6J4oCL4Z6W4Z+S4Z6a4Z+H4oCL4Z6c4Z6f4Z+S4Z6f4Z62	RW5kaW5nIG9mIEJ1ZGRoaXN0IExlbnQ=
0eda3ba75535a67a9ab1e0bc	4Z6R4Z634Z6c4Z624oCL4Z6U4Z6a4Z634oCL4Z6f4Z+S4Z6Q4Z624Z6T4oCL4Z6H4Z624Z6P4Z63IOGek+Get+GehOKAi+GelOGemuGet+KAi+Gen+GfkuGekOGetuGek+KAi+GeluGet+Gel+GeluKAi+Gem+GfhOGegCDhnoHhnr3hnpThnpvhnr7hnoDhnpHhnrjhn6Lhn6M=	TmF0aW9uYWwgYW5kIFdvcmxkIEVudmlyb25tZW50IERheQ==
0efb4c8ff3fd3f9d66507ce5	4Z6W4Z634Z6S4Z644oCL4Z6U4Z674Z6O4Z+S4Z6Z4oCL4Z6F4Z684Z6b4oCL4Z6G4Z+S4Z6T4Z624Z+G4oCL4Z6Q4Z+S4Z6Y4Z64IOGelOGfkuGemuGeluGfg+GejuGeuOKAi+Geh+GetuGej+GetyAtIOGekOGfkuGehOGfg+KAi+GeoeGevuGehOKAi+Gen+GfkOGegA==	S2htZXIgTmV3IFllYXIgLSBWZWFyZWFrIExhZXVuZyBTYWs=
0f5eab8cfb0a6a84070686a3	4Z6U4Z634Z6O4Z+S4Z6MIOGfog==	QmVuIDI=
0f7e7b76876a18e7d9cbc323	4Z6U4Z634Z6O4Z+S4Z6MIOGfoeGfoQ==	QmVuIDEx
0fd3c417b4d32cfcf88f910b	4Z6U4Z634Z6O4Z+S4Z6MIOGfoQ==	QmVuIDE=
0fd547a026f2d7ac2c14ce03	4Z6R4Z634Z6c4Z624oCL4Z6W4Z634Z6X4Z6W4oCL4Z6b4Z+E4Z6A4oCL4Z6A4Z624Z6A4oCL4Z6U4Z624Z6R4oCL4Z6A4Z+S4Z6a4Z6g4Z6YIOGek+Get+GehOKAi+GeouGejOGfkuGejeGeheGek+GfkuGekeGegOGfkuGemuGeoOGemA==	V29ybGQgUmVkIENyb3NzIGFuZCBSZWQgQ3Jlc2NlbnQgRGF5
0fd54f4e200b92b54d388867	4Z6P4Z+G4Z6U4Z6T4Z+L4oCL4Z6a4Z6Y4Z6O4Z644oCL4Z6K4Z+S4Z6L4Z624Z6T4oCL4Z6i4Z6E4Z+S4Z6C4Z6aIOGej+GfkuGemuGevOGenOKAi+GelOGetuGek+KAi+GeheGeu+Gfh+KAi+GegOGfkuGek+Geu+GehOKAi+GelOGeieGfkuGeh+GeuOKAi+GelOGfgeGej+Get+GegOKAi+Gel+GejuGfkuGejOKAi+GeluGet+Gel+GeluGem+GfhOGegOGemuGelOGen+Gfi+GeouGehOGfkuGeguGegOGetuGemuGemeGevOGejuGfgeGen+GfkuGegOGevCDhnoHhnr3hnpThnpvhnr7hnoDhnpHhnrjhn6Lhn6I=	QW5na29yIHdhcyBpbnNjcmliZWQgb24gdGhlIFVORVNDTyBXb3JsZCBIZXJpdGFnZSBMaXN0
0fea5ac08d71f6c8e1f039a1	4Z6U4Z634Z6O4Z+S4Z6MIOGfoeGfow==	QmVuIDEz
0ff222deb861cc002fa7f93c	4Z6F4Z684Z6b4oCL4Z6G4Z+S4Z6T4Z624Z+G4oCL4Z6F4Z634Z6T	Q2hpbmVzZSBOZXcgWWVhcg==
1066598e4cdd55c4fa4e27c3	4Z6U4Z634Z6O4Z+S4Z6MIOGfoQ==	QmVuIDE=
109050afa560164e354afd16	4Z6U4Z634Z6O4Z+S4Z6MIOGfoeGfog==	QmVuIDEy
1090773e8f1081930c1653f4	4Z6F4Z684Z6b4oCL4Z6W4Z+S4Z6a4Z+H4oCL4Z6c4Z6f4Z+S4Z6f4Z62	QmVnaW5uaW5nIG9mIEJ1ZGRoaXN0IExlbnQ=
10935089e1204bd7b96d3161	4Z6R4Z634Z6c4Z624oCL4oCL4Z6U4Z+S4Z6a4Z6H4Z624Z6H4Z6T4Z6H4Z624Z6P4Z63IOGek+Get+GehOKAi+KAi+GelOGfkuGemuGeh+GetuGeh+Gek+KAi+GeluGet+Gel+GeluKAi+Gem+GfhOGegA==	TmF0aW9uYWwgUG9wdWxhdGlvbiBEYXkgYW5kIFdvcmxkIFBvcHVsYXRpb24gRGF5
10d0930e55244f9044160a1d	4Z6a4Z674Z6A4Z+S4Z6B4oCL4Z6R4Z634Z6c4Z62	QXJib3IgRGF5
10e409a6d7834147b1091fb6	4Z6g4Z+C4oCL4Z6i4Z+S4Z6T4Z6A4oCL4Z6P4Z624oCL4Z6F4Z634Z6T	U3Bpcml0IFBhcmFkZQ==
11304c90a867ad45fdd896dd	4Z6R4Z634Z6c4Z624oCL4Z6F4Z684Z6b4oCL4Z6G4Z+S4Z6T4Z624Z+G4oCL4Z6f4Z624Z6A4Z6b	TmV3IFllYXIncyBEYXk=
11509204d378d7b59d7b2877	4Z6R4Z634Z6c4Z624oCL4Z6i4Z6T4Z+S4Z6P4Z6a4oCL4Z6H4Z624Z6P4Z634oCL4Z6A4Z624Z6a4Z6W4Z624Z6a4oCL4Z6f4Z+S4Z6a4Z6R4Z624Z6U4Z+L4oCL4Z6i4Z684oCL4Z6g4Z+S4Z6f4Z684Z6TIOGegeGeveGelOGem+GevuGegOGekeGeuOGfpOGfpA==	SW50ZXJuYXRpb25hbCBEYXkgZm9yIHRoZSBQcmVzZXJ2YXRpb24gb2YgdGhlIE96b25lIExheWVy
115fa7bcfc81f14dfa76b7f8	4Z6R4Z634Z6c4Z624oCL4Z6U4Z6a4Z634oCL4Z6f4Z+S4Z6Q4Z624Z6T4oCL4Z6H4Z624Z6P4Z63IOGek+Get+GehOKAi+GelOGemuGet+KAi+Gen+GfkuGekOGetuGek+KAi+GeluGet+Gel+GeluKAi+Gem+GfhOGegCDhnoHhnr3hnpThnpvhnr7hnoDhnpHhnrjhn6Lhn6E=	TmF0aW9uYWwgYW5kIFdvcmxkIEVudmlyb25tZW50IERheQ==
117a3e9df3f589246a137ac3	4Z6W4Z634Z6S4Z644oCL4Z6U4Z674Z6O4Z+S4Z6Z4oCL4Z6F4Z684Z6b4oCL4Z6G4Z+S4Z6T4Z624Z+G4oCL4Z6Q4Z+S4Z6Y4Z64IOGelOGfkuGemuGeluGfg+GejuGeuOKAi+Geh+GetuGej+GetyAtIOGemOGeoOGetuKAi+Gen+GehOGfkuGegOGfkuGemuGetuGek+GfkuGejyDhnpjhn4nhn4ThnoQg4Z+g4Z+kOuGfpOGfqCBBTQ==	S2htZXIgTmV3IFllYXIgLSBNb2hhIFNhbmtyYW50YSBhdCAwNDo0OCBBTQ==
11810557a183a9b4f731ef48	4Z6f4Z+C4Z6T4Z6T4Z+G4Z6i4Z+K4Z64	V2ludGVyIFNvbHN0aWNlIEZlc3RpdmFs
119b1d5d6c1ec506a1ed6368	4Z6W4Z634Z6S4Z644oCL4Z6U4Z674Z6O4Z+S4Z6Z4oCL4Z6f4Z+C4Z6T4oCL4Z6W4Z+S4Z6a4Z+H4oCL4Z6B4Z+C	TWlkLUF1dHVtbiBGZXN0aXZhbA==
11a2dc865a590b0d4114df1b	4Z6W4Z634Z6S4Z644oCL4Z6U4Z+G4Z6U4Z694Z6f4oCL4Z6T4Z624Z6C4oCL4Z6B4Z+S4Z6T4Z624Z6T	VGhlIE9yZGFpbmVkIERyYWdvbiBNb25r
11aee42b483b9981a8d2f24d	4Z6f4Z+C4Z6T4oCL4Z6A4Z+S4Z6U4Z624Z6b4oCL4Z6R4Z654Z6A	R2hvc3QgRmVzdGl2YWw=
11d42cf77e23c3d5970933f1	4Z6a4Z6U4Z624Z+G4oCL4Z6W4Z+S4Z6a4Z+H4oCL4Z6a4Z624Z6H4oCL4Z6R4Z+S4Z6a4Z6W4Z+S4Z6ZIOGej+GfkuGemuGevOGenOKAi+GelOGetuGek+KAi+GeheGeu+Gfh+KAi+GegOGfkuGek+Geu+GehOKAi+GelOGeieGfkuGeh+GeuOKAi+GelOGfgeGej+Get+KAi+GegOGel+GejuGfkuGejOKAi+GenOGelOGfkuGelOGekuGemOGfjOGeouGemuGevOGelOGeuOGek+Gfg+GemOGek+Geu+Gen+GfkuGen+Geh+GetuGej+GetyDhnoHhnr3hnpThnpvhnr7hnoDhnpHhnrjhn6Hhn6A=	Um95YWwgQmFsbGV0IG9mIENhbWJvZGlhIGluc2NyaWJlZCBvbiB0aGUgUmVwcmVzZW50YXRpdmUgTGlzdCBvZiB0aGUgSW50YW5naWJsZSBDdWx0dXJhbCBIZXJpdGFnZSBvZiBIdW1hbml0eQ==
11db83884c9c6285c2e397db	4Z6U4Z634Z6O4Z+S4Z6MIOGfog==	QmVuIDI=
11df12eecd2623e964ee435d	4Z6F4Z684Z6b4oCL4Z6G4Z+S4Z6T4Z624Z+G4oCL4Z6F4Z634Z6T	Q2hpbmVzZSBOZXcgWWVhcg==
11e19e6265aab5d74f8bec60	4Z6g4Z+C4oCL4Z6i4Z+S4Z6T4Z6A4oCL4Z6P4Z624oCL4Z6F4Z634Z6T	U3Bpcml0IFBhcmFkZQ==
12018d6a71d72430105a0ec7	4Z6R4Z634Z6c4Z624oCL4Z6W4Z6b4Z6A4Z6Y4Z+S4Z6Y4oCL4Z6i4Z6T4Z+S4Z6P4Z6a4Z6H4Z624Z6P4Z63IOGegeGeveGelOGem+GevuGegOGekeGeuOGfoeGfoeGfqQ==	SW50ZXJuYXRpb25hbCBMYWJvciBEYXk=
120cd2ee74e823c5051312a6	4Z6f4Z+C4Z6T4oCL4Z6T4Z+G4oCL4Z6F4Z624Z+G4Z6E	U3RpY2t5IFJpY2UgRHVtcGxpbmdzIChab25nemkp
1212af3e9976f0b687de1975	4Z6U4Z634Z6O4Z+S4Z6MIOGfoeGfoA==	QmVuIDEw
1215c06cfc9d509fb3a08917	4Z6R4Z634Z6c4Z624oCL4Z6f4Z+B4Z6a4Z644oCL4Z6X4Z624Z6W4oCL4Z6f4Z624Z6a4Z6W4Z+Q4Z6P4Z+M4Z6Y4Z624Z6T4oCL4Z6W4Z634Z6X4Z6W4oCL4Z6b4Z+E4Z6AIOGegeGeveGelOGem+GevuGegOGekeGeuOGfo+GfoA==	V29ybGQgUHJlc3MgRnJlZWRvbSBEYXk=
1217931e67d12d21c337e62c	4Z6R4Z634Z6c4Z624oCL4Z6c4Z6U4Z+S4Z6U4oCL4Z6S4Z6Y4Z+M4oCL4Z6H4Z624Z6P4Z63IOGegeGeveGelOGem+GevuGegOGekeGeuOGfpg==	TmF0aW9uYWwgQ3VsdHVyZSBEYXk=
123271b7522a727db1230b13	4Z6R4Z634Z6c4Z624Z6a4Z+G4Z6b4Z654Z6A4oCL4Z6B4Z694Z6U4oCL4Z6T4Z+D4oCL4Z6A4Z634Z6F4Z+S4Z6F4Z6W4Z+S4Z6a4Z6Y4Z6W4Z+S4Z6a4Z+A4Z6E4oCL4Z6f4Z6T4Z+S4Z6P4Z634Z6X4Z624Z6W4oCL4Z6R4Z644Z6A4Z+S4Z6a4Z674Z6E4oCL4Z6U4Z+J4Z624Z6a4Z644Z6f	UGFyaXMgUGVhY2UgQWdyZWVtZW50IERheQ==
12351f0ad3453dce0884322d	4Z6U4Z634Z6O4Z+S4Z6MIOGfqQ==	QmVuIDk=
1261a485400abcc73c814cd0	4Z6R4Z634Z6c4Z624oCL4Z6W4Z634Z6X4Z6W4oCL4Z6b4Z+E4Z6A4oCL4Z6U4Z+S4Z6a4Z6Z4Z674Z6R4Z+S4Z6S4oCL4Z6U4Z+S4Z6a4Z6G4Z624Z+G4Z6E4oCL4Z6T4Z654Z6E4oCL4Z6H4Z+G4Z6E4Z664oCL4Z6i4Z+B4Z6K4Z6f4Z+N	V29ybGQgQUlEUyBEYXk=
126fcc44bcca64bc5c1dc803	4Z6R4Z634Z6c4Z624oCL4oCL4Z6U4Z+S4Z6a4Z6H4Z624Z6H4Z6T4Z6H4Z624Z6P4Z63IOGek+Get+GehOKAi+KAi+GelOGfkuGemuGeh+GetuGeh+Gek+KAi+GeluGet+Gel+GeluKAi+Gem+GfhOGegA==	TmF0aW9uYWwgUG9wdWxhdGlvbiBEYXkgYW5kIFdvcmxkIFBvcHVsYXRpb24gRGF5
129dde4f37667c6d5e045a25	4Z6Q4Z+S4Z6E4Z+D4oCL4Z6U4Z674Z6O4Z+S4Z6Z4oCL4Z6T4Z+D4oCL4Z6f4Z+B4Z6F4Z6A4Z+S4Z6P4Z644oCL4Z6f4Z+S4Z6a4Z6b4Z624Z6J4Z+L	VmFsZW50aW5lJ3MgRGF5
12af6b10540dc662b34c7b36	4Z6U4Z634Z6O4Z+S4Z6MIOGfpg==	QmVuIDY=
12b55853b6509a0e997f3ec6	4Z6R4Z634Z6c4Z624oCL4Z6f4Z634Z6R4Z+S4Z6S4Z634oCL4Z6Y4Z6T4Z674Z6f4Z+S4Z6f4oCL4Z6i4Z6T4Z+S4Z6P4Z6a4Z6H4Z624Z6P4Z63IOGegeGeveGelOGem+GevuGegOGekeGeuOGfpuGfpA==	SW50ZXJuYXRpb25hbCBIdW1hbiBSaWdodHMgRGF5
12d8723c9eaeaf765fff6d2d	4Z6R4Z634Z6c4Z624oCL4Z6C4Z+S4Z6a4Z684oCL4Z6U4Z6E4Z+S4Z6a4Z+A4Z6T4oCL4Z6W4Z634Z6X4Z6W4oCL4Z6b4Z+E4Z6A	V29ybGQgVGVhY2hlcidzIERheQ==
12dbcd4366ccd4f15a78250c	4Z6R4Z634Z6c4Z624oCL4Z6T4Z6Z4Z+E4Z6U4Z624Z6Z4oCL4Z6R4Z654Z6A	V2F0ZXIgUG9saWN5IERheQ==
13006bdb053c8a70229161d8	4Z6A4Z6Y4Z+S4Z6W4Z674Z6H4Z624oCL4Z6F4Z684Z6b4oCL4Z6H4Z624oCL4Z6f4Z6Y4Z624oCL4Z6H4Z634Z6A4oCL4Z6i4Z624Z6f4Z+K4Z624Z6TIOGegeGeveGelOGem+GevuGegOGekeGeuOGfoeGfoA==	Q2FtYm9kaWEgam9pbmVkIFRoZSBBc3NvY2lhdGlvbiBvZiBTb3V0aGVhc3QgQXNpYW4gTmF0aW9ucyAoQVNFQU4p
130608ea36fc0df60e4f4440	4Z6U4Z634Z6O4Z+S4Z6MIOGfoeGfog==	QmVuIDEy
132050ad066dabe57405db4a	4Z6U4Z634Z6O4Z+S4Z6MIOGfqA==	QmVuIDg=
133084a17bb95c602f636b90	4Z6F4Z684Z6b4oCL4Z6G4Z+S4Z6T4Z624Z+G4oCL4Z6F4Z634Z6T	Q2hpbmVzZSBOZXcgWWVhcg==
135cde6c6f74e660156d5c95	4Z6F4Z684Z6b4oCL4Z6G4Z+S4Z6T4Z624Z+G4oCL4Z6F4Z634Z6T	Q2hpbmVzZSBOZXcgWWVhcg==
1362f56c61aa922cf7b10670	4Z6W4Z634Z6S4Z644oCL4Z6U4Z674Z6O4Z+S4Z6Z4oCL4Z6c4Z634Z6f4Z624Z6B4oCL4Z6U4Z684Z6H4Z62	VmlzYWsgQm9jaGVh
1367bb9eb33cfcabcc000a58	4Z6R4Z634Z6c4Z624oCL4Z6i4Z6A4Z+S4Z6B4Z6a4oCL4Z6A4Z6Y4Z+S4Z6Y4oCL4Z6i4Z6T4Z+S4Z6P4Z6a4oCL4Z6H4Z624Z6P4Z63	SW50ZXJuYXRpb25hbCBMaXRlcmFjeSBEYXk=
13dcc96ac305a624de65ce50	4Z6F4Z684Z6b4oCL4Z6W4Z+S4Z6a4Z+H4oCL4Z6c4Z6f4Z+S4Z6f4Z62	QmVnaW5uaW5nIG9mIEJ1ZGRoaXN0IExlbnQ=
13e3a2252483b839d17da94a	4Z6R4Z634Z6c4Z624oCL4Z6i4Z6A4Z+S4Z6B4Z6a4oCL4Z6A4Z6Y4Z+S4Z6Y4oCL4Z6i4Z6T4Z+S4Z6P4Z6a4oCL4Z6H4Z624Z6P4Z63	SW50ZXJuYXRpb25hbCBMaXRlcmFjeSBEYXk=
13f99c9e51f7c66601c3a88f	4Z6R4Z634Z6c4Z624oCL4Z6f4Z6T4Z+S4Z6P4Z634oCL4Z6X4Z624Z6W4oCL4Z6i4Z6T4Z+S4Z6P4Z6a4oCL4Z6H4Z624Z6P4Z63	SW50ZXJuYXRpb25hbCBEYXkgb2YgUGVhY2U=
140812beee6183d0d225bbe7	4Z6R4Z634Z6c4Z624Z6R4Z654Z6AIOGek+Get+GehOGep+Gej+Geu+Gek+Get+GemeGemOGeluGet+Gel+GeluGem+GfhOGegA==	V29ybGQgV2F0ZXIgYW5kIFdvcmxkIE1ldGVvcm9sb2dpY2FsIERheQ==
1455aa5144958811ae1d1d1d	4Z6U4Z634Z6O4Z+S4Z6MIOGfow==	QmVuIDM=
145707f875da0876070956c9	4Z6W4Z634Z6S4Z644oCL4Z6U4Z674Z6O4Z+S4Z6Z4oCL4Z6X4Z+S4Z6H4Z674Z+G4oCL4Z6U4Z634Z6O4Z+S4Z6M	UGNodW0gQmVuIEZlc3RpdmFs
146037cd8a0535688958df4e	4Z6U4Z634Z6O4Z+S4Z6MIOGfpQ==	QmVuIDU=
1465942ac46ecd228c8d7017	4Z6R4Z634Z6c4Z624oCL4oCL4Z6U4Z+S4Z6a4Z6H4Z624Z6H4Z6T4Z6H4Z624Z6P4Z63IOGek+Get+GehOKAi+KAi+GelOGfkuGemuGeh+GetuGeh+Gek+KAi+GeluGet+Gel+GeluKAi+Gem+GfhOGegA==	TmF0aW9uYWwgUG9wdWxhdGlvbiBEYXkgYW5kIFdvcmxkIFBvcHVsYXRpb24gRGF5
14b44985cfd95dc87c2d81e8	4Z6R4Z634Z6c4Z624oCL4Z6H4Z6T4oCL4Z6Y4Z624Z6T4oCL4Z6W4Z634Z6A4Z624Z6a4Z6X4Z624Z6W4oCL4Z6i4Z6T4Z+S4Z6P4Z6a4Z6H4Z624Z6P4Z63	SW50ZXJuYXRpb25hbCBEYXkgb2YgRGlzYWJsZWQgUGVyc29ucw==
14b7ec7e15171fe0e1568eb2	4Z6W4Z634Z6S4Z644oCL4Z6f4Z634Z6P4oCL4Z6R4Z+A4Z6T4oCL4Z6W4Z+S4Z6a4Z+H4oCL4Z6c4Z6f4Z+S4Z6f4Z62	QnVkZGhpc3QgTGVudCBDYW5kbGVzIE1ha2luZyBEYXk=
14bc96d28fc41f9e40045795	4Z6W4Z+S4Z6a4Z+H4oCL4Z6a4Z624Z6H4oCL4Z6W4Z634Z6S4Z644oCL4Z6U4Z674Z6O4Z+S4Z6Z4oCL4Z6i4Z674Z+G4oCL4Z6R4Z684Z6AIOGelOGejuGfkuGeiuGfguGej+KAi+GelOGfkuGemuGekeGeuOGelCDhnpPhnrfhnoTigIvhnp/hn4bhnpbhn4figIvhnpbhn5Lhnprhn4figIvhnoHhn4Ig4Z6i4Z6A4Z6i4Z+G4Z6U4Z674Z6A	V2F0ZXIgRmVzdGl2YWw=
14c6dd582d721548514c26bf	4Z6R4Z634Z6c4Z624oCL4Z6U4Z+S4Z6a4Z6A4Z624Z6f4oCL4Z6a4Z6K4Z+S4Z6L4oCL4Z6S4Z6Y4Z+S4Z6Y4Z6T4Z674Z6J4Z+S4Z6JIOGegeGeveGelOGem+GevuGegOGekeGeuOGfo+Gfpg==	Q29uc3RpdHV0aW9uIERheQ==
14d8c99a9bacb3a67224cabe	4Z6W4Z634Z6S4Z644oCL4Z6U4Z674Z6O4Z+S4Z6Z4oCL4Z6X4Z+S4Z6H4Z674Z+G4oCL4Z6U4Z634Z6O4Z+S4Z6M	UGNodW0gQmVuIEZlc3RpdmFs
1501af26923eb60f12d95ff4	4Z6R4Z634Z6c4Z624oCL4Z6f4Z+B4Z6a4Z644oCL4Z6X4Z624Z6W4oCL4Z6f4Z624Z6a4Z6W4Z+Q4Z6P4Z+M4Z6Y4Z624Z6T4oCL4Z6W4Z634Z6X4Z6W4oCL4Z6b4Z+E4Z6AIOGegeGeveGelOGem+GevuGegOGekeGeuOGfoeGfow==	V29ybGQgUHJlc3MgRnJlZWRvbSBEYXk=
150207bc355d77e1f02e5212	4Z6R4Z634Z6c4Z624oCL4Z6W4Z634Z6X4Z6W4oCL4Z6b4Z+E4Z6A4oCL4Z6U4Z+S4Z6a4Z6Z4Z674Z6R4Z+S4Z6S4oCL4Z6U4Z+S4Z6a4Z6G4Z624Z+G4Z6E4oCL4Z6T4Z654Z6E4oCL4Z6H4Z+G4Z6E4Z664oCL4Z6i4Z+B4Z6K4Z6f4Z+N	V29ybGQgQUlEUyBEYXk=
15276f348321123d58cfebb2	4Z6W4Z+S4Z6a4Z+H4oCL4Z6a4Z624Z6H4oCL4Z6W4Z634Z6S4Z644oCL4Z6U4Z674Z6O4Z+S4Z6Z4oCL4Z6i4Z674Z+G4oCL4Z6R4Z684Z6AIOGelOGejuGfkuGeiuGfguGej+KAi+GelOGfkuGemuGekeGeuOGelCDhnpPhnrfhnoTigIvhnp/hn4bhnpbhn4figIvhnpbhn5Lhnprhn4figIvhnoHhn4Ig4Z6i4Z6A4Z6i4Z+G4Z6U4Z674Z6A	V2F0ZXIgRmVzdGl2YWw=
1533ad42fefc425191baee34	4Z6R4Z634Z6c4Z624oCL4Z6i4Z6T4Z+S4Z6P4Z6a4oCL4Z6H4Z624Z6P4Z634oCL4Z6A4Z624Z6a4Z6W4Z624Z6a4oCL4Z6f4Z+S4Z6a4Z6R4Z624Z6U4Z+L4oCL4Z6i4Z684oCL4Z6g4Z+S4Z6f4Z684Z6TIOGegeGeveGelOGem+GevuGegOGekeGeuOGfo+GfqA==	SW50ZXJuYXRpb25hbCBEYXkgZm9yIHRoZSBQcmVzZXJ2YXRpb24gb2YgdGhlIE96b25lIExheWVy
153e3d3ae84a4db235fc9eec	4Z6U4Z634Z6O4Z+S4Z6MIOGfow==	QmVuIDM=
15447fbf80125d838150f0b8	4Z6U4Z634Z6O4Z+S4Z6MIOGfoeGfog==	QmVuIDEy
155ce67fdbe45c013a957d88	4Z6W4Z634Z6S4Z644oCL4Z6U4Z674Z6O4Z+S4Z6Z4oCL4Z6v4Z6A4Z6a4Z624Z6H4Z+S4Z6Z4oCL4Z6H4Z624Z6P4Z63IOGegeGeveGelOGem+GevuGegOGekeGeuOGfpuGfpA==	SW5kZXBlbmRlbmNlIERheQ==
15678fca93c78a0b8d54e1f1	4Z6W4Z634Z6S4Z644oCL4Z6U4Z674Z6O4Z+S4Z6Z4oCL4Z6v4Z6A4Z6a4Z624Z6H4Z+S4Z6Z4oCL4Z6H4Z624Z6P4Z63IOGegeGeveGelOGem+GevuGegOGekeGeuOGfp+GfoA==	SW5kZXBlbmRlbmNlIERheQ==
156bd25a68167107e7a7226d	4Z6R4Z634Z6c4Z624oCL4Z6W4Z634Z6X4Z6W4oCL4Z6b4Z+E4Z6A4oCL4Z6A4Z624Z6A4oCL4Z6U4Z624Z6R4oCL4Z6A4Z+S4Z6a4Z6g4Z6YIOGek+Get+GehOKAi+GeouGejOGfkuGejeGeheGek+GfkuGekeGegOGfkuGemuGeoOGemA==	V29ybGQgUmVkIENyb3NzIGFuZCBSZWQgQ3Jlc2NlbnQgRGF5
156f1907fb9add72426b5459	4Z6R4Z634Z6c4Z624oCL4Z6H4Z624Z6P4Z634oCL4Z6i4Z+S4Z6T4Z6A4oCL4Z6T4Z634Z6W4Z6T4Z+S4Z6S	TmF0aW9uYWwgQXV0aG9ycycgRGF5
15a7d99f67d53445353cae64	4Z6R4Z634Z6c4Z624Z6a4Z+G4Z6b4Z654Z6A4oCL4Z6B4Z694Z6U4oCL4Z6T4Z+D4oCL4Z6A4Z634Z6F4Z+S4Z6F4Z6W4Z+S4Z6a4Z6Y4Z6W4Z+S4Z6a4Z+A4Z6E4oCL4Z6f4Z6T4Z+S4Z6P4Z634Z6X4Z624Z6W4oCL4Z6R4Z644Z6A4Z+S4Z6a4Z674Z6E4oCL4Z6U4Z+J4Z624Z6a4Z644Z6f	UGFyaXMgUGVhY2UgQWdyZWVtZW50IERheQ==
15bd9ee4553099ae1392a1fa	4Z6R4Z634Z6c4Z624oCL4Z6U4Z+S4Z6a4Z6Z4Z674Z6R4Z+S4Z6S4oCL4Z6U4Z+S4Z6a4Z6G4Z624Z+G4Z6E4oCL4Z6i4Z+G4Z6W4Z6+4oCL4Z6W4Z674Z6A4Z6a4Z6b4Z694Z6Z	QW50aS1Db3JydXB0aW9uIERheQ==
15ce859d3cd6bfd2e3942cca	4Z6F4Z684Z6b4oCL4Z6G4Z+S4Z6T4Z624Z+G4oCL4Z6F4Z634Z6T	Q2hpbmVzZSBOZXcgWWVhcg==
15ceabf82df65b861d300602	4Z6R4Z634Z6c4Z624Z6Y4Z624Z6P4Z62	TW90aGVyJ3MgRGF5
15d0cd9d2d012a0370a766d2	4Z6U4Z634Z6O4Z+S4Z6MIOGfoeGfow==	QmVuIDEz
1635a7ec042635c43d911084	4Z6W4Z634Z6S4Z644oCL4Z6U4Z674Z6O4Z+S4Z6Z4oCL4Z6X4Z+S4Z6H4Z674Z+G4oCL4Z6U4Z634Z6O4Z+S4Z6M	UGNodW0gQmVuIEZlc3RpdmFs
1642a831eb13241ab40eaf55	4Z6W4Z634Z6S4Z644oCL4Z6U4Z674Z6O4Z+S4Z6Z4oCL4Z6v4Z6A4Z6a4Z624Z6H4Z+S4Z6Z4oCL4Z6H4Z624Z6P4Z63IOGegeGeveGelOGem+GevuGegOGekeGeuOGfpeGfpg==	SW5kZXBlbmRlbmNlIERheQ==
16438d5ee62b535497ccc94b	4Z6R4Z634Z6c4Z624oCL4Z6i4Z6T4Z+S4Z6P4Z6a4oCL4Z6H4Z624Z6P4Z634oCL4Z6A4Z624Z6a4Z6W4Z624Z6a4oCL4Z6f4Z+S4Z6a4Z6R4Z624Z6U4Z+L4oCL4Z6i4Z684oCL4Z6g4Z+S4Z6f4Z684Z6TIOGegeGeveGelOGem+GevuGegOGekeGeuOGfo+Gfow==	SW50ZXJuYXRpb25hbCBEYXkgZm9yIHRoZSBQcmVzZXJ2YXRpb24gb2YgdGhlIE96b25lIExheWVy
1647b6994b61a7f2c901a1c5	4Z6R4Z634Z6c4Z624oCL4Z6U4Z+S4Z6a4Z6A4Z624Z6f4oCL4Z6a4Z6K4Z+S4Z6L4oCL4Z6S4Z6Y4Z+S4Z6Y4Z6T4Z674Z6J4Z+S4Z6JIOGegeGeveGelOGem+GevuGegOGekeGeuOGfo+GfpQ==	Q29uc3RpdHV0aW9uIERheQ==
164fe6f258e3ad0c0f173d40	4Z6U4Z634Z6O4Z+S4Z6MIOGfow==	QmVuIDM=
167e8393c9de172cb1c59aa1	4Z6R4Z634Z6c4Z624oCL4Z6H4Z624Z6P4Z634oCL4Z6U4Z+S4Z6a4Z6G4Z624Z+G4Z6E4oCL4Z6A4Z624Z6a4oCL4Z6H4Z694Z6J4oCL4Z6K4Z684Z6a4oCL4Z6Y4Z6T4Z674Z6f4Z+S4Z6f	TmF0aW9uYWwgQW50aS1IdW1hbiBUcmFmZmlja2luZyBEYXk=
16a495681f27797bb5a1c0c1	4Z6U4Z634Z6O4Z+S4Z6MIOGfoQ==	QmVuIDE=
16c0ef58efcc0bc2235f769a	4Z6A4Z6Y4Z+S4Z6W4Z674Z6H4Z624oCL4Z6F4Z684Z6b4oCL4Z6H4Z624oCL4Z6f4Z6Y4Z624oCL4Z6H4Z634Z6A4oCL4Z6i4Z6E4Z+S4Z6C4oCL4Z6A4Z624Z6a4oCL4Z6f4Z6g4oCL4Z6U4Z+S4Z6a4Z6H4Z624Z6H4Z624Z6P4Z63IOGegeGeveGelOGem+GevuGegOGekeGeuOGfpuGfqA==	Q2FtYm9kaWEgYmVjYW1lIGEgbWVtYmVyIG9mIHRoZSBVbml0ZWQgTmF0aW9ucw==
16e04a43702577063586931a	4Z6U4Z634Z6O4Z+S4Z6MIOGfoQ==	QmVuIDE=
16e47f0d1ed961514aa0077b	4Z6G4Z+B4Z6E4oCL4Z6Y4Z+J4Z+B4Z6E	VG9tYi1Td2VlcGluZyBEYXkgKFFpbmdtaW5nIEZlc3RpdmFsKQ==
16eaa5720d0620163a172957	4Z6U4Z6O4Z+S4Z6O4Z6f4Z624Z6a4oCL4Z6f4Z624Z6a4Z6Y4Z6T4Z+S4Z6R4Z644Z6a4oCL4Z6n4Z6A4Z+S4Z6a4Z634Z6K4Z+S4Z6L4Z6A4Z6Y4Z+S4Z6Y4oCL4Z6U4Z+S4Z6a4Z6b4Z+Q4Z6Z4oCL4Z6W4Z684Z6H4Z6f4Z624Z6f4Z6T4Z+N4oCL4Z6R4Z694Z6b4oCL4Z6f4Z+S4Z6b4Z+C4Z6EIOGej+GfkuGemuGevOGenOKAi+GelOGetuGek+KAi+GeheGeu+Gfh+KAi+GegOGfkuGek+Geu+GehOKAi+GelOGeieGfkuGeh+GeuOKAi+Gen+GfkuGemOGetuGemuGej+GeuOKAi+GeheGehOGeheGetuGfhuKAi+Gek+Gfg+KAi+GeluGet+Gel+GeluKAi+Gem+GfhOGegOKAi+GemuGelOGen+Gfi+KAi+GemeGevOGejuGfgeGen+GfkuGegOGevCDhnoHhnr3hnpThnpvhnr7hnoDhnpHhnrjhn6I=	VGhlIGFyY2hpdmVzIG9mIFR1b2wgU2xlbmcgR2Vub2NpZGUgTXVzZXVtIGFyZSByZWdpc3RlcmVkIGFzIHBhcnQgb2YgdGhlIE1lbW9yeSBvZiB0aGUgV29ybGQgYnkgVU5FU0NP
1701e737ff90d36dd1b2485e	4Z6U4Z634Z6O4Z+S4Z6MIOGfow==	QmVuIDM=
170fef1a80a1eecd0c60c79d	4Z6U4Z634Z6O4Z+S4Z6MIOGfoeGfog==	QmVuIDEy
1711d18e81d8b85727ce9df9	4Z6W4Z634Z6S4Z644oCL4Z6U4Z+G4Z6U4Z694Z6f4oCL4Z6T4Z624Z6C4oCL4Z6B4Z+S4Z6T4Z624Z6T	VGhlIE9yZGFpbmVkIERyYWdvbiBNb25r
1719b8eb47fa58e6c682d1e8	4Z6P4Z+G4Z6U4Z6T4Z+L4oCL4Z6U4Z+S4Z6a4Z624Z6f4Z624Z6R4oCL4Z6A4Z+E4Z+H4oCL4Z6A4Z+B4Z6aIOGej+GfkuGemuGevOGenOKAi+GelOGetuGek+KAi+GeheGeu+Gfh+KAi+GegOGfkuGek+Geu+GehOKAi+GelOGeieGfkuGeh+GeuOKAi+GelOGfgeGej+Get+GegOKAi+Gel+GejuGfkuGejOKAi+GeluGet+Gel+GeluGem+GfhOGegOGemuGelOGen+Gfi+GeouGehOGfkuGeguGegOGetuGemuGemeGevOGejuGfgeGen+GfkuGegOGevCDhnoHhnr3hnpThnpvhnr7hnoDhnpHhnrjhn6U=	S29oIEtlciBpbnNjcmliZWQgb24gdGhlIFVORVNDTyBXb3JsZCBIZXJpdGFnZSBMaXN0
172b108037ed27fca2577475	4Z6W4Z634Z6S4Z644oCL4Z6U4Z674Z6O4Z+S4Z6Z4oCL4Z6v4Z6A4Z6a4Z624Z6H4Z+S4Z6Z4oCL4Z6H4Z624Z6P4Z63IOGegeGeveGelOGem+GevuGegOGekeGeuOGfpuGfoA==	SW5kZXBlbmRlbmNlIERheQ==
1774b01aa01874ed418f646c	4Z6W4Z634Z6S4Z644oCL4Z6U4Z674Z6O4Z+S4Z6Z4oCL4Z6f4Z+C4Z6T4oCL4Z6W4Z+S4Z6a4Z+H4oCL4Z6B4Z+C	TWlkLUF1dHVtbiBGZXN0aXZhbA==
17767e6e41cd6e333ce6a59b	4Z6U4Z634Z6O4Z+S4Z6MIOGfqQ==	QmVuIDk=
177d4985c18b06fe04d56a2b	4Z6R4Z634Z6c4Z624oCL4Z6f4Z634Z6R4Z+S4Z6S4Z634oCL4Z6Y4Z6T4Z674Z6f4Z+S4Z6f4oCL4Z6i4Z6T4Z+S4Z6P4Z6a4Z6H4Z624Z6P4Z63IOGegeGeveGelOGem+GevuGegOGekeGeuOGfqOGfoA==	SW50ZXJuYXRpb25hbCBIdW1hbiBSaWdodHMgRGF5
178f528796eefe2ac887e538	4Z6R4Z634Z6c4Z624oCL4Z6H4Z+Q4Z6Z4oCL4Z6H4Z6Y4Z+S4Z6T4Z+H4oCL4Z6b4Z6+4oCL4Z6a4Z6U4Z6U4oCL4Z6U4Z+S4Z6a4Z6b4Z+Q4Z6Z4oCL4Z6W4Z684Z6H4oCL4Z6f4Z624Z6f4Z6T4Z+NIOGegeGeveGelOGem+GevuGegOGekeGeuOGfo+GfpA==	VmljdG9yeSBPdmVyIEdlbm9jaWRlIERheQ==
179f76b1c2f5b8ec8a971c89	4Z6R4Z634Z6c4Z624oCL4Z6W4Z634Z6X4Z6W4oCL4Z6b4Z+E4Z6A4oCL4Z6U4Z+S4Z6a4Z6Z4Z674Z6R4Z+S4Z6S4oCL4Z6U4Z+S4Z6a4Z6G4Z624Z+G4Z6E4oCL4Z6T4Z654Z6E4oCL4Z6H4Z+G4Z6E4Z664oCL4Z6i4Z+B4Z6K4Z6f4Z+N	V29ybGQgQUlEUyBEYXk=
17a8f331ea9562b18c2c8c08	4Z6W4Z+S4Z6a4Z+H4oCL4Z6a4Z624Z6H4oCL4Z6W4Z634Z6S4Z644oCL4Z6U4Z674Z6O4Z+S4Z6Z4oCL4Z6i4Z674Z+G4oCL4Z6R4Z684Z6AIOGelOGejuGfkuGeiuGfguGej+KAi+GelOGfkuGemuGekeGeuOGelCDhnpPhnrfhnoTigIvhnp/hn4bhnpbhn4figIvhnpbhn5Lhnprhn4figIvhnoHhn4Ig4Z6i4Z6A4Z6i4Z+G4Z6U4Z674Z6A	V2F0ZXIgRmVzdGl2YWw=
17c64406a5d29cf57499f913	4Z6W4Z+S4Z6a4Z+H4oCL4Z6a4Z624Z6H4oCL4Z6W4Z634Z6S4Z644oCL4Z6U4Z674Z6O4Z+S4Z6Z4oCL4Z6i4Z674Z+G4oCL4Z6R4Z684Z6AIOGelOGejuGfkuGeiuGfguGej+KAi+GelOGfkuGemuGekeGeuOGelCDhnpPhnrfhnoTigIvhnp/hn4bhnpbhn4figIvhnpbhn5Lhnprhn4figIvhnoHhn4Ig4Z6i4Z6A4Z6i4Z+G4Z6U4Z674Z6A	V2F0ZXIgRmVzdGl2YWw=
17f81bc6f5a9df29e26b089e	4Z6b4Z+S4Z6U4Z+C4Z6E4oCL4Z6R4Z624Z6J4oCL4Z6W4Z+S4Z6a4Z+Q4Z6P4Z+S4Z6aIOGej+GfkuGemuGevOGenOKAi+GelOGetuGek+KAi+GeheGeu+Gfh+KAi+GegOGfkuGek+Geu+GehOKAi+GelOGeieGfkuGeh+GeuOKAi+GelOGfgeGej+Get+GegOKAi+Gel+GejuGfkuGejOKAi+GenOGelOGfkuGelOGekuGemOGfjOGeouGemuGevOGelOGeuOGek+Gfg+GemOGek+Geu+Gen+GfkuGen+Geh+GetuGej+GetyDhnoHhnr3hnpThnpvhnr7hnoDhnpHhnrjhn6Hhn6I=	VHVnIG9mIFdhciBpbnNjcmliZWQgb24gdGhlIFJlcHJlc2VudGF0aXZlIExpc3Qgb2YgdGhlIEludGFuZ2libGUgQ3VsdHVyYWwgSGVyaXRhZ2Ugb2YgSHVtYW5pdHk=
17fb56325926cb2c4b994895	4Z6R4Z634Z6c4Z624oCL4Z6i4Z624oCL4Z6A4Z624Z6f4oCL4Z6F4Z6a4Z6O4Z+N4Z6f4Z+K4Z644Z6c4Z634Z6b	Q2l2aWwgQXZpYXRpb24gRGF5
17ff2ca946d214a619b4f426	4Z6R4Z634Z6c4Z624oCL4Z6i4Z6T4Z+S4Z6P4Z6a4oCL4Z6H4Z624Z6P4Z634oCL4Z6A4Z624Z6a4Z6W4Z624Z6a4oCL4Z6f4Z+S4Z6a4Z6R4Z624Z6U4Z+L4oCL4Z6i4Z684oCL4Z6g4Z+S4Z6f4Z684Z6TIOGegeGeveGelOGem+GevuGegOGekeGeuOGfoeGfqA==	SW50ZXJuYXRpb25hbCBEYXkgZm9yIHRoZSBQcmVzZXJ2YXRpb24gb2YgdGhlIE96b25lIExheWVy
180e653f41bfcc955d31bc34	4Z6g4Z+C4oCL4Z6i4Z+S4Z6T4Z6A4oCL4Z6P4Z624oCL4Z6F4Z634Z6T	U3Bpcml0IFBhcmFkZQ==
181c76519c9e4d366d3a6167	4Z6W4Z634Z6S4Z644oCL4Z6U4Z674Z6O4Z+S4Z6Z4oCL4Z6X4Z+S4Z6H4Z674Z+G4oCL4Z6U4Z634Z6O4Z+S4Z6M	UGNodW0gQmVuIEZlc3RpdmFs
1835061b0d4fe068d8b94e1e	4Z6R4Z634Z6c4Z624oCL4Z6W4Z634Z6X4Z6W4oCL4Z6b4Z+E4Z6A4oCL4Z6A4Z624Z6A4oCL4Z6U4Z624Z6R4oCL4Z6A4Z+S4Z6a4Z6g4Z6YIOGek+Get+GehOKAi+GeouGejOGfkuGejeGeheGek+GfkuGekeGegOGfkuGemuGeoOGemA==	V29ybGQgUmVkIENyb3NzIGFuZCBSZWQgQ3Jlc2NlbnQgRGF5
183a62c10efdbbbe62163278	4Z6R4Z634Z6c4Z624oCL4Z6W4Z634Z6X4Z6W4oCL4Z6b4Z+E4Z6A4oCL4Z6U4Z+S4Z6a4Z6G4Z624Z+G4Z6E4oCL4Z6W4Z6b4Z6A4Z6Y4Z+S4Z6Y4oCL4Z6A4Z674Z6Y4Z624Z6aIOGegeGeveGelOGem+GevuGegOGekeGeuOGfoeGfqQ==	SGFwcHkgV29ybGQgRGF5IEFnYWluc3QgQ2hpbGQgTGFib3Vy
18438e91d49e72720d8c480c	4Z6R4Z634Z6c4Z624oCL4Z6H4Z624Z6P4Z634oCL4Z6U4Z+S4Z6a4Z6G4Z624Z+G4Z6E4oCL4Z6A4Z624Z6a4oCL4Z6H4Z694Z6J4oCL4Z6K4Z684Z6a4oCL4Z6Y4Z6T4Z674Z6f4Z+S4Z6f	TmF0aW9uYWwgQW50aS1IdW1hbiBUcmFmZmlja2luZyBEYXk=
184ab2e2fe87b3d5898e23f0	4Z6R4Z634Z6c4Z624oCL4Z6T4Z624Z6a4Z644oCL4Z6i4Z6T4Z+S4Z6P4Z6a4Z6H4Z624Z6P4Z63IOGegeGeveGelOGem+GevuGegOGekeGeuOGfoeGfoOGfpw==	SW50ZXJuYXRpb25hbCBXb21lbidzIERheQ==
18684a6e2730f80f737e277d	4Z6b4Z+S4Z6B4Z+E4Z6T4oCL4Z6B4Z+E4Z6b4oCL4Z6c4Z6P4Z+S4Z6P4oCL4Z6f4Z+S4Z6c4Z624Z6Z4oCL4Z6i4Z6O4Z+S4Z6P4Z+C4Z6PIOGej+GfkuGemuGevOGenOKAi+GelOGetuGek+KAi+GeheGeu+Gfh+KAi+GegOGfkuGek+Geu+GehOKAi+GelOGeieGfkuGeh+GeuOKAi+GelOGfgeGej+Get+GegOKAi+Gel+GejuGfkuGejOKAi+GenOGelOGfkuGelOKAi+GekuGemOGfjOKAi+GeouGemuGevOGelOGeuOGek+Gfg+GemOGek+Geu+Gen+GfkuGen+Geh+GetuGej+GetyDhnoHhnr3hnpThnpvhnr7hnoDhnpHhnrjhn6c=	TGtob24gS2hvbCBXYXQgU3ZheSBBbmRldCBpbnNjcmliZWQgb24gdGhlIExpc3Qgb2YgSW50YW5naWJsZSBDdWx0dXJhbCBIZXJpdGFnZSBpbiBOZWVkIG9mIFVyZ2VudCBTYWZlZ3VhcmRpbmc=
18808837fdd09d20c04806f4	4Z6W4Z634Z6S4Z644oCL4Z6f4Z634Z6P4oCL4Z6R4Z+A4Z6T4oCL4Z6W4Z+S4Z6a4Z+H4oCL4Z6c4Z6f4Z+S4Z6f4Z62	QnVkZGhpc3QgTGVudCBDYW5kbGVzIE1ha2luZyBEYXk=
18a5b5dc147142dad0868936	4Z6U4Z634Z6O4Z+S4Z6MIOGfpg==	QmVuIDY=
18c01c1e1485dc3ef7eece55	4Z6W4Z634Z6S4Z644oCL4Z6U4Z674Z6O4Z+S4Z6Z4oCL4Z6f4Z+C4Z6T4oCL4Z6W4Z+S4Z6a4Z+H4oCL4Z6B4Z+C	TWlkLUF1dHVtbiBGZXN0aXZhbA==
18c7eb98103b39bf4409f228	4Z6R4Z634Z6c4Z624oCL4Z6i4Z6T4Z+S4Z6P4Z6a4oCL4Z6H4Z624Z6P4Z634oCL4Z6H4Z6T4Z6H4Z624Z6P4Z634Z6K4Z6+4Z6Y4Z6X4Z624Z6C4Z6P4Z634Z6F4Z6W4Z634Z6X4Z6W4Z6b4Z+E4Z6A	SW50ZXJuYXRpb25hbCBEYXkgb2YgdGhlIFdvcmxkJ3MgSW5kaWdlbm91cyBQZW9wbGVz
18db2ab55b108474fa998944	4Z6W4Z634Z6S4Z644oCL4Z6U4Z674Z6O4Z+S4Z6Z4oCL4Z6f4Z+C4Z6T4oCL4Z6W4Z+S4Z6a4Z+H4oCL4Z6B4Z+C	TWlkLUF1dHVtbiBGZXN0aXZhbA==
18e5ebf3910210b669158ff7	4Z6a4Z674Z6A4Z+S4Z6B4oCL4Z6R4Z634Z6c4Z62	QXJib3IgRGF5
18ea2b5b100503e29668a0bf	4Z6R4Z634Z6c4Z624oCL4Z6H4Z624Z6P4Z634oCL4Z6U4Z+S4Z6a4Z6G4Z624Z+G4Z6E4oCL4Z6A4Z624Z6a4oCL4Z6H4Z694Z6J4oCL4Z6K4Z684Z6a4oCL4Z6Y4Z6T4Z674Z6f4Z+S4Z6f	TmF0aW9uYWwgQW50aS1IdW1hbiBUcmFmZmlja2luZyBEYXk=
19141ce707eff0fc9dce12b5	4Z6b4Z+S4Z6B4Z+E4Z6T4oCL4Z6f4Z+S4Z6a4Z6Y4Z+E4Z6b4oCL4Z6f4Z+S4Z6U4Z+C4Z6A4oCLIOGej+GfkuGemuGevOGenOKAi+GelOGetuGek+KAi+GeheGeu+Gfh+KAi+GegOGfkuGek+Geu+GehOKAi+GelOGeieGfkuGeh+GeuOKAi+GelOGfgeGej+Get+GegOKAi+Gel+GejuGfkuGejOGenOGelOGfkuGelOGekuGemOGfjOGeouGemuGevOGelOGeuOGek+Gfg+GemOGek+Geu+Gen+GfkuGen+Geh+GetuGej+GetyDhnoHhnr3hnpThnpvhnr7hnoDhnpHhnrjhn6Q=	S2htZXIgU2hhZG93IFRoZWF0cmUgaW5zY3JpYmVkIG9uIHRoZSBSZXByZXNlbnRhdGl2ZSBMaXN0IG9mIHRoZSBJbnRhbmdpYmxlIEN1bHR1cmFsIEhlcml0YWdlIG9mIEh1bWFuaXR5
191992a66436ccda90ecf6d5	4Z6P4Z+G4Z6U4Z6T4Z+L4oCL4Z6a4Z6Y4Z6O4Z644oCL4Z6K4Z+S4Z6L4Z624Z6T4oCL4Z6i4Z6E4Z+S4Z6C4Z6aIOGej+GfkuGemuGevOGenOKAi+GelOGetuGek+KAi+GeheGeu+Gfh+KAi+GegOGfkuGek+Geu+GehOKAi+GelOGeieGfkuGeh+GeuOKAi+GelOGfgeGej+Get+GegOKAi+Gel+GejuGfkuGejOKAi+GeluGet+Gel+GeluGem+GfhOGegOGemuGelOGen+Gfi+GeouGehOGfkuGeguGegOGetuGemuGemeGevOGejuGfgeGen+GfkuGegOGevCDhnoHhnr3hnpThnpvhnr7hnoDhnpHhnrjhn6Lhn6k=	QW5na29yIHdhcyBpbnNjcmliZWQgb24gdGhlIFVORVNDTyBXb3JsZCBIZXJpdGFnZSBMaXN0
192c0598bc981b742a6c4deb	4Z6W4Z634Z6S4Z644oCL4Z6U4Z674Z6O4Z+S4Z6Z4oCL4Z6f4Z+C4Z6T4oCL4Z6W4Z+S4Z6a4Z+H4oCL4Z6B4Z+C	TWlkLUF1dHVtbiBGZXN0aXZhbA==
194d23b01347035fe89b6900	4Z6a4Z674Z6A4Z+S4Z6B4oCL4Z6R4Z634Z6c4Z62	QXJib3IgRGF5
194eb084eb514abf3b37b0ca	4Z6R4Z634Z6c4Z624oCL4Z6Y4Z6T4Z674Z6f4Z+S4Z6f4oCL4Z6F4Z624Z6f4Z+L4oCL4Z6A4Z6Y4Z+S4Z6W4Z674Z6H4Z62IOGek+Get+GehOGekeGet+GenOGetuGemOGek+Geu+Gen+GfkuGen+GeheGetuGen+Gfi+GeouGek+GfkuGej+GemuGeh+GetuGej+GetyDhnoHhnr3hnpThnpvhnr7hnoDhnpHhnrjhn6Phn6I=	Q2FtYm9kaWFuIE9sZGVyIFBlcnNvbnMgRGF5IGFuZCB0aGUgSW50ZXJuYXRpb25hbCBEYXkgb2YgT2xkZXIgUGVyc29ucw==
19604cf66f2c79f28a807b3b	4Z6W4Z+S4Z6a4Z+H4oCL4Z6a4Z624Z6H4oCL4Z6W4Z634Z6S4Z644oCL4Z6U4Z674Z6O4Z+S4Z6Z4oCL4Z6F4Z6Y4Z+S4Z6a4Z6+4Z6T4oCL4Z6W4Z+S4Z6a4Z+H4oCL4Z6H4Z6T4Z+S4Z6YIOGeluGfkuGemuGfh+KAi+GegOGemuGeu+GejuGetuKAi+GeluGfkuGemuGfh+KAi+GelOGetuGekeKAi+Gen+GemOGfkuGej+GfgeGeheKAi+GeluGfkuGemuGfh+KAi+GelOGemuGemOKAi+Gek+GetuGekCDhnpPhnprhn4Thno/hn5Lhno/hnpgg4Z6f4Z644Z6g4Z6Y4Z674Z6T4Z64IOGeluGfkuGemuGfh+KAi+GemOGeoOGetuGegOGfkuGen+Gej+GfkuGemuKAi+Gek+Gfg+KAi+GeluGfkuGemuGfh+GemuGetuGeh+GetuGejuGetuGeheGegOGfkuGemuKAi+GegOGemOGfkuGeluGeu+Geh+Getg==	S2luZyBTaWhhbW9uaSdzIEJpcnRoZGF5
19946d6d630b946ad1eb1145	4Z6W4Z634Z6S4Z644oCL4Z6U4Z674Z6O4Z+S4Z6Z4oCL4Z6X4Z+S4Z6H4Z674Z+G4oCL4Z6U4Z634Z6O4Z+S4Z6M	UGNodW0gQmVuIEZlc3RpdmFs
1999c6c2d14879f8410cd871	4Z6b4Z+S4Z6B4Z+E4Z6T4oCL4Z6f4Z+S4Z6a4Z6Y4Z+E4Z6b4oCL4Z6f4Z+S4Z6U4Z+C4Z6A4oCLIOGej+GfkuGemuGevOGenOKAi+GelOGetuGek+KAi+GeheGeu+Gfh+KAi+GegOGfkuGek+Geu+GehOKAi+GelOGeieGfkuGeh+GeuOKAi+GelOGfgeGej+Get+GegOKAi+Gel+GejuGfkuGejOGenOGelOGfkuGelOGekuGemOGfjOGeouGemuGevOGelOGeuOGek+Gfg+GemOGek+Geu+Gen+GfkuGen+Geh+GetuGej+GetyDhnoHhnr3hnpThnpvhnr7hnoDhnpHhnrjhn6U=	S2htZXIgU2hhZG93IFRoZWF0cmUgaW5zY3JpYmVkIG9uIHRoZSBSZXByZXNlbnRhdGl2ZSBMaXN0IG9mIHRoZSBJbnRhbmdpYmxlIEN1bHR1cmFsIEhlcml0YWdlIG9mIEh1bWFuaXR5
19c7c58d3dc7c876073994f4	4Z6W4Z+S4Z6a4Z+H4oCL4Z6a4Z624Z6H4oCL4Z6W4Z634Z6S4Z644oCL4Z6U4Z674Z6O4Z+S4Z6Z4oCL4Z6F4Z6Y4Z+S4Z6a4Z6+4Z6T4oCL4Z6W4Z+S4Z6a4Z+H4oCL4Z6H4Z6T4Z+S4Z6YIOGeluGfkuGemuGfh+KAi+GegOGemuGeu+GejuGetuKAi+GeluGfkuGemuGfh+KAi+GelOGetuGekeKAi+Gen+GemOGfkuGej+GfgeGeheKAi+GeluGfkuGemuGfh+KAi+GelOGemuGemOKAi+Gek+GetuGekCDhnpPhnprhn4Thno/hn5Lhno/hnpgg4Z6f4Z644Z6g4Z6Y4Z674Z6T4Z64IOGeluGfkuGemuGfh+KAi+GemOGeoOGetuGegOGfkuGen+Gej+GfkuGemuKAi+Gek+Gfg+KAi+GeluGfkuGemuGfh+GemuGetuGeh+GetuGejuGetuGeheGegOGfkuGemuKAi+GegOGemOGfkuGeluGeu+Geh+Getg==	S2luZyBTaWhhbW9uaSdzIEJpcnRoZGF5
19f484a7fa85079201f0b0fc	4Z6R4Z634Z6c4Z624oCL4Z6H4Z624Z6P4Z634oCL4Z6T4Z+D4oCL4Z6A4Z624Z6a4oCL4Z6F4Z6E4oCL4Z6F4Z624Z+G	TmF0aW9uYWwgRGF5IG9mIFJlbWVtYnJhbmNl
1a0847ee18e868c1bc5710e7	4Z6R4Z634Z6c4Z624oCL4Z6H4Z6T4oCL4Z6Y4Z624Z6T4oCL4Z6W4Z634Z6A4Z624Z6a4Z6X4Z624Z6W4oCL4Z6i4Z6T4Z+S4Z6P4Z6a4Z6H4Z624Z6P4Z63	SW50ZXJuYXRpb25hbCBEYXkgb2YgRGlzYWJsZWQgUGVyc29ucw==
1a2c6267524ae3a63fc30d06	4Z6A4Z6Y4Z+S4Z6W4Z674Z6H4Z624oCL4Z6F4Z684Z6b4oCL4Z6H4Z624oCL4Z6f4Z6Y4Z624oCL4Z6H4Z634Z6A4oCL4Z6i4Z624Z6f4Z+K4Z624Z6TIOGegeGeveGelOGem+GevuGegOGekeGeuOGfoeGfqA==	Q2FtYm9kaWEgam9pbmVkIFRoZSBBc3NvY2lhdGlvbiBvZiBTb3V0aGVhc3QgQXNpYW4gTmF0aW9ucyAoQVNFQU4p
1a3478830242492ab0c5c850	4Z6R4Z634Z6c4Z624oCL4Z6W4Z634Z6X4Z6W4oCL4Z6b4Z+E4Z6A4oCL4Z6U4Z+S4Z6a4Z6G4Z624Z+G4Z6E4oCL4Z6W4Z6b4Z6A4Z6Y4Z+S4Z6Y4oCL4Z6A4Z674Z6Y4Z624Z6aIOGegeGeveGelOGem+GevuGegOGekeGeuOGfouGfoA==	SGFwcHkgV29ybGQgRGF5IEFnYWluc3QgQ2hpbGQgTGFib3Vy
1a5c9edfccb63ff47046f5b1	4Z6R4Z634Z6c4Z624oCL4Z6T4Z624Z6a4Z644oCL4Z6i4Z6T4Z+S4Z6P4Z6a4Z6H4Z624Z6P4Z63IOGegeGeveGelOGem+GevuGegOGekeGeuOGfqeGfpA==	SW50ZXJuYXRpb25hbCBXb21lbidzIERheQ==
1a62d1347005ac99b5712a40	4Z6W4Z634Z6S4Z644oCL4Z6U4Z674Z6O4Z+S4Z6Z4oCL4Z6X4Z+S4Z6H4Z674Z+G4oCL4Z6U4Z634Z6O4Z+S4Z6M	UGNodW0gQmVuIEZlc3RpdmFs
1a7aeb88659b89c0bf68cc0b	4Z6R4Z634Z6c4Z624oCL4Z6F4Z684Z6b4oCL4Z6G4Z+S4Z6T4Z624Z+G4oCL4Z6f4Z624Z6A4Z6b	TmV3IFllYXIncyBEYXk=
1a83919194a11f764fa7eeca	4Z6R4Z634Z6c4Z624oCL4Z6f4Z674Z6B4oCL4Z6X4Z624Z6W4oCL4Z6W4Z634Z6X4Z6W4oCL4Z6b4Z+E4Z6A	V29ybGQgSGVhbHRoIERheQ==
1a87e34dddec0e4e8e023d52	4Z6P4Z674Z6b4Z624oCL4Z6A4Z624Z6a4oCL4Z6Z4Z674Z6P4Z+S4Z6P4Z634oCL4Z6S4Z6Y4Z+M4oCL4Z6i4Z6T4Z+S4Z6P4Z6a4oCL4Z6H4Z624Z6P4Z634oCL4Z6A4Z+S4Z6a4Z674Z6E4oCL4Z6h4Z624oCL4Z6i4Z+BIOGen+GemOGfkuGemuGfgeGeheKAi+GeseGfkuGemeKAi+GegOGemOGfkuGeluGeu+Geh+GetuGeh+GetuGemOGfkuGeheGetuGen+Gfi+GegOGemOGfkuGemOGen+Get+GekeGfkuGekuGetyDhnpvhnr7hnpThn5Lhnprhnrbhnp/hnrbhnpHhnpbhn5Lhnprhn4fhnpzhnrfhnqDhnrbhnpog4Z6B4Z694Z6U4Z6b4Z6+4Z6A4Z6R4Z644Z+k4Z+j	SW50ZXJuYXRpb25hbCBDb3VydCBvZiBKdXN0aWNlIGluIFRoZSBIYWd1ZSBkZWNsYXJlZCBDYW1ib2RpYSBpcyB0aGUgb3duZXIgb2YgdGhlIFByZWFoIFZpaGVhciBUZW1wbGU=
1aa7bfd9f1e6935801c95a94	4Z6R4Z634Z6c4Z624Z6a4Z+G4Z6b4Z654Z6A4oCL4Z6B4Z694Z6U4oCL4Z6T4Z+D4oCL4Z6A4Z634Z6F4Z+S4Z6F4Z6W4Z+S4Z6a4Z6Y4Z6W4Z+S4Z6a4Z+A4Z6E4oCL4Z6f4Z6T4Z+S4Z6P4Z634Z6X4Z624Z6W4oCL4Z6R4Z644Z6A4Z+S4Z6a4Z674Z6E4oCL4Z6U4Z+J4Z624Z6a4Z644Z6f	UGFyaXMgUGVhY2UgQWdyZWVtZW50IERheQ==
1aad895143ddb1b0fe4f6cd7	4Z6U4Z634Z6O4Z+S4Z6MIOGfoeGfow==	QmVuIDEz
1ac2ff275b533e4ed28d45e5	4Z6R4Z634Z6c4Z624oCL4Z6H4Z6T4oCL4Z6Y4Z624Z6T4oCL4Z6W4Z634Z6A4Z624Z6a4Z6X4Z624Z6W4oCL4Z6i4Z6T4Z+S4Z6P4Z6a4Z6H4Z624Z6P4Z63	SW50ZXJuYXRpb25hbCBEYXkgb2YgRGlzYWJsZWQgUGVyc29ucw==
1ae919017dfe89fe7451510f	4Z6R4Z634Z6c4Z624oCL4Z6W4Z634Z6X4Z6W4oCL4Z6b4Z+E4Z6AIOGeiuGevuGemOGfkuGelOGeuOGen+Geu+GenOGej+GfkuGekOGet+Gel+GetuGeliDhnpPhnrfhnoThnp/hnrvhnoHhnpfhnrbhnpbhnoDhnrbhnprhnoThnrbhnpog4Z6B4Z694Z6U4Z6b4Z6+4Z6A4Z6R4Z644Z+h4Z+p	V29ybGQgRGF5IGZvciBTYWZldHkgYW5kIEhlYWx0aCBhdCBXb3Jr
1b4fbc2a72f3498e932e077b	4Z6R4Z634Z6c4Z624oCL4Z6Z4Z674Z6c4Z6H4Z6T4oCL4Z6i4Z6T4Z+S4Z6P4Z6a4oCL4Z6H4Z624Z6P4Z63	SW50ZXJuYXRpb25hbCBZb3V0aCBEYXk=
1b5a3429dceddfd71bb3219f	4Z6Q4Z+S4Z6E4Z+D4oCL4Z6f4Z+C4Z6T4oCL4Z6K4Z6A4oCL4Z6H4Z6+4Z6E4oCL4Z6S4Z684Z6U	S2l0Y2hlbiBHb2QgRmVzdGl2YWw=
1b5fde87467f86580481b950	4Z6R4Z634Z6c4Z624oCL4Z6f4Z634Z6R4Z+S4Z6S4Z634oCL4Z6Y4Z6T4Z674Z6f4Z+S4Z6f4oCL4Z6i4Z6T4Z+S4Z6P4Z6a4Z6H4Z624Z6P4Z63IOGegeGeveGelOGem+GevuGegOGekeGeuOGfp+GfpQ==	SW50ZXJuYXRpb25hbCBIdW1hbiBSaWdodHMgRGF5
1b67b6151a1369f8975f87c1	4Z6U4Z634Z6O4Z+S4Z6MIOGfoeGfoQ==	QmVuIDEx
1b79b6ef33e1dea2cceb5719	4Z6R4Z634Z6c4Z624oCL4Z6i4Z624oCL4Z6A4Z624Z6f4oCL4Z6F4Z6a4Z6O4Z+N4Z6f4Z+K4Z644Z6c4Z634Z6b	Q2l2aWwgQXZpYXRpb24gRGF5
1b98ec308880a76d75eeccc6	4Z6W4Z634Z6S4Z644oCL4Z6U4Z674Z6O4Z+S4Z6Z4oCL4Z6F4Z684Z6b4oCL4Z6G4Z+S4Z6T4Z624Z+G4oCL4Z6Q4Z+S4Z6Y4Z64IOGelOGfkuGemuGeluGfg+GejuGeuOKAi+Geh+GetuGej+GetyAtIOGekOGfkuGehOGfg+KAi+GeoeGevuGehOKAi+Gen+GfkOGegA==	S2htZXIgTmV3IFllYXIgLSBWZWFyZWFrIExhZXVuZyBTYWs=
1ba8900402845bbfac67e1c3	4Z6W4Z+S4Z6a4Z+H4oCL4Z6a4Z624Z6H4oCL4Z6W4Z634Z6S4Z644oCL4Z6C4Z+S4Z6a4Z6E4oCL4Z6W4Z+S4Z6a4Z+H4oCL4Z6U4Z6a4Z6Y4oCL4Z6a4Z624Z6H4oCL4Z6f4Z6Y4Z+S4Z6U4Z6P4Z+S4Z6P4Z63IOGeluGfkuGemuGfh+KAi+GegOGemuGeu+GejuGetuKAi+GeluGfkuGemuGfh+KAi+GelOGetuGekeKAi+Gen+GemOGfkuGej+GfgeGeheKAi+GeluGfkuGemuGfh+KAi+GelOGemuGemOGek+GetuGekCDhnpPhnprhn4Thno/hn5Lhno/hnpgg4Z6f4Z644Z6g4Z6Y4Z674Z6T4Z64IOGeluGfkuGemuGfh+KAi+GemOGeoOGetuGegOGfkuGen+Gej+GfkuGemuKAi+Gek+Gfg+KAi+GeluGfkuGemuGfh+GemuGetuGeh+GetuGejuGetuGeheGegOGfkuGemuKAi+GegOGemOGfkuGeluGeu+Geh+Getg==	S2luZydzIENvcm9uYXRpb24gRGF5
1bc7294d57ba0736e796bbc6	4Z6R4Z634Z6c4Z624oCL4Z6f4Z+B4Z6a4Z644oCL4Z6X4Z624Z6W4oCL4Z6f4Z624Z6a4Z6W4Z+Q4Z6P4Z+M4Z6Y4Z624Z6T4oCL4Z6W4Z634Z6X4Z6W4oCL4Z6b4Z+E4Z6AIOGegeGeveGelOGem+GevuGegOGekeGeuOGfouGfqQ==	V29ybGQgUHJlc3MgRnJlZWRvbSBEYXk=
1bcc360e95296ba554bbc791	4Z6R4Z634Z6c4Z624oCL4Z6A4Z674Z6Y4Z624Z6a4oCL4Z6i4Z6T4Z+S4Z6P4Z6a4oCL4Z6H4Z624Z6P4Z63IOGegeGeveGelOGem+GevuGegOGekeGeuOGfp+Gfow==	SW50ZXJuYXRpb25hbCBDaGlsZHJlbidzIERheQ==
1bd056666a9d0f3b3f676bf9	4Z6U4Z634Z6O4Z+S4Z6MIOGfqA==	QmVuIDg=
1bed44a6eb0a600a72f77cb8	4Z6F4Z624Z6U4Z+J4Z644oCL4Z6K4Z6E4oCL4Z6c4Z+C4Z6EIOGej+GfkuGemuGevOGenOKAi+GelOGetuGek+KAi+GeheGeu+Gfh+KAi+GegOGfkuGek+Geu+GehOKAi+GelOGeieGfkuGeh+GeuOKAi+GelOGfgeGej+Get+GegOKAi+Gel+GejuGfkuGejOKAi+GenOGelOGfkuGelOGekuGemOGfjOGeouGemuGevOGelOGeuOGek+Gfg+GemOGek+Geu+Gen+GfkuGen+Geh+GetuGej+GetyDhnoHhnr3hnpThnpvhnr7hnoDhnpHhnrjhn6Hhn6M=	Q2hhcGVpIERhbmcgVmVuZyBpbnNjcmliZWQgb24gdGhlIExpc3Qgb2YgSW50YW5naWJsZSBDdWx0dXJhbCBIZXJpdGFnZSBpbiBOZWVkIG9mIFVyZ2VudCBTYWZlZ3VhcmRpbmc=
1bfa195b710012587650c538	4Z6R4Z634Z6c4Z624oCL4Z6f4Z6T4Z+S4Z6P4Z634oCL4Z6X4Z624Z6W4oCL4Z6i4Z6T4Z+S4Z6P4Z6a4oCL4Z6H4Z624Z6P4Z63	SW50ZXJuYXRpb25hbCBEYXkgb2YgUGVhY2U=
1bfa851ffb4784582c635fd4	4Z6R4Z634Z6c4Z624Z6R4Z654Z6AIOGek+Get+GehOGep+Gej+Geu+Gek+Get+GemeGemOGeluGet+Gel+GeluGem+GfhOGegA==	V29ybGQgV2F0ZXIgYW5kIFdvcmxkIE1ldGVvcm9sb2dpY2FsIERheQ==
1c07172d877a1c970e2a3852	4Z6R4Z634Z6c4Z624oCL4Z6Z4Z674Z6c4Z6H4Z6T4oCL4Z6i4Z6T4Z+S4Z6P4Z6a4oCL4Z6H4Z624Z6P4Z63	SW50ZXJuYXRpb25hbCBZb3V0aCBEYXk=
1c0ae2a4eb2532665c02eec5	4Z6R4Z634Z6c4Z624oCL4Z6W4Z634Z6X4Z6W4Z6b4Z+E4Z6A4oCL4Z6A4Z+G4Z6F4Z624Z6P4Z+L4oCL4Z6a4Z+E4Z6C4oCL4Z6a4Z6U4Z+B4Z6E	V29ybGQgVHViZXJjdWxvc2lzIERheQ==
1c1eb4b3d0c5e92f7f86e024	4Z6b4Z+S4Z6U4Z+C4Z6E4oCL4Z6R4Z624Z6J4oCL4Z6W4Z+S4Z6a4Z+Q4Z6P4Z+S4Z6aIOGej+GfkuGemuGevOGenOKAi+GelOGetuGek+KAi+GeheGeu+Gfh+KAi+GegOGfkuGek+Geu+GehOKAi+GelOGeieGfkuGeh+GeuOKAi+GelOGfgeGej+Get+GegOKAi+Gel+GejuGfkuGejOKAi+GenOGelOGfkuGelOGekuGemOGfjOGeouGemuGevOGelOGeuOGek+Gfg+GemOGek+Geu+Gen+GfkuGen+Geh+GetuGej+GetyDhnoHhnr3hnpThnpvhnr7hnoDhnpHhnrjhn6Hhn6U=	VHVnIG9mIFdhciBpbnNjcmliZWQgb24gdGhlIFJlcHJlc2VudGF0aXZlIExpc3Qgb2YgdGhlIEludGFuZ2libGUgQ3VsdHVyYWwgSGVyaXRhZ2Ugb2YgSHVtYW5pdHk=
1c3ae0ffa4f050d288253c60	4Z6R4Z634Z6c4Z624oCL4Z6W4Z634Z6X4Z6W4oCL4Z6b4Z+E4Z6A4oCL4Z6U4Z+S4Z6a4Z6G4Z624Z+G4Z6E4oCL4Z6W4Z6b4Z6A4Z6Y4Z+S4Z6Y4oCL4Z6A4Z674Z6Y4Z624Z6aIOGegeGeveGelOGem+GevuGegOGekeGeuOGfouGfpA==	SGFwcHkgV29ybGQgRGF5IEFnYWluc3QgQ2hpbGQgTGFib3Vy
1c738db6616b7811eddd3351	4Z6U4Z634Z6O4Z+S4Z6MIOGfpg==	QmVuIDY=
1c9c63175d2b69fa195368b3	4Z6W4Z+S4Z6a4Z+H4oCL4Z6a4Z624Z6H4oCL4Z6W4Z634Z6S4Z644oCL4Z6F4Z+S4Z6a4Z6P4Z+L4oCL4Z6W4Z+S4Z6a4Z+H4oCL4Z6T4Z6E4Z+S4Z6C4Z+Q4Z6b	Um95YWwgUGxvdWdoaW5nIENlcmVtb255
1cb26382dee3a7650758fef1	4Z6W4Z+S4Z6a4Z+H4oCL4Z6a4Z624Z6H4oCL4Z6W4Z634Z6S4Z644oCL4Z6U4Z674Z6O4Z+S4Z6Z4oCL4Z6i4Z674Z+G4oCL4Z6R4Z684Z6AIOGelOGejuGfkuGeiuGfguGej+KAi+GelOGfkuGemuGekeGeuOGelCDhnpPhnrfhnoTigIvhnp/hn4bhnpbhn4figIvhnpbhn5Lhnprhn4figIvhnoHhn4Ig4Z6i4Z6A4Z6i4Z+G4Z6U4Z674Z6A	V2F0ZXIgRmVzdGl2YWw=
1cd5f04390d37461e5a9e7f2	4Z6W4Z634Z6S4Z644oCL4Z6U4Z674Z6O4Z+S4Z6Z4oCL4Z6f4Z+C4Z6T4oCL4Z6W4Z+S4Z6a4Z+H4oCL4Z6B4Z+C	TWlkLUF1dHVtbiBGZXN0aXZhbA==
1ce2340476521d9e4d4f1fd3	4Z6A4Z6Y4Z+S4Z6W4Z674Z6H4Z624oCL4Z6F4Z684Z6b4oCL4Z6H4Z624oCL4Z6f4Z6Y4Z624oCL4Z6H4Z634Z6A4oCL4Z6i4Z6E4Z+S4Z6C4oCL4Z6A4Z624Z6a4oCL4Z6f4Z6g4oCL4Z6U4Z+S4Z6a4Z6H4Z624Z6H4Z624Z6P4Z63IOGegeGeveGelOGem+GevuGegOGekeGeuOGfp+Gfow==	Q2FtYm9kaWEgYmVjYW1lIGEgbWVtYmVyIG9mIHRoZSBVbml0ZWQgTmF0aW9ucw==
1ce650afa9b311b17c676122	4Z6P4Z674Z6b4Z624oCL4Z6A4Z624Z6a4oCL4Z6Z4Z674Z6P4Z+S4Z6P4Z634oCL4Z6S4Z6Y4Z+M4oCL4Z6i4Z6T4Z+S4Z6P4Z6a4oCL4Z6H4Z624Z6P4Z634oCL4Z6A4Z+S4Z6a4Z674Z6E4oCL4Z6h4Z624oCL4Z6i4Z+BIOGen+GemOGfkuGemuGfgeGeheKAi+GeseGfkuGemeKAi+GegOGemOGfkuGeluGeu+Geh+GetuGeh+GetuGemOGfkuGeheGetuGen+Gfi+GegOGemOGfkuGemOGen+Get+GekeGfkuGekuGetyDhnpvhnr7hnpThn5Lhnprhnrbhnp/hnrbhnpHhnpbhn5Lhnprhn4fhnpzhnrfhnqDhnrbhnpog4Z6B4Z694Z6U4Z6b4Z6+4Z6A4Z6R4Z644Z+l4Z+p	SW50ZXJuYXRpb25hbCBDb3VydCBvZiBKdXN0aWNlIGluIFRoZSBIYWd1ZSBkZWNsYXJlZCBDYW1ib2RpYSBpcyB0aGUgb3duZXIgb2YgdGhlIFByZWFoIFZpaGVhciBUZW1wbGU=
1ce896a1c9eb5c1f6e96ec7d	4Z6g4Z+C4oCL4Z6i4Z+S4Z6T4Z6A4oCL4Z6P4Z624oCL4Z6F4Z634Z6T	U3Bpcml0IFBhcmFkZQ==
1d0b25ba9b8eed93d8d18a01	4Z6R4Z634Z6c4Z624oCL4Z6A4Z674Z6Y4Z624Z6a4oCL4Z6i4Z6T4Z+S4Z6P4Z6a4oCL4Z6H4Z624Z6P4Z63IOGegeGeveGelOGem+GevuGegOGekeGeuOGfpeGfpA==	SW50ZXJuYXRpb25hbCBDaGlsZHJlbidzIERheQ==
1d2278f67af3bf2fd25b06b6	4Z6G4Z+B4Z6E4oCL4Z6Y4Z+J4Z+B4Z6E	VG9tYi1Td2VlcGluZyBEYXkgKFFpbmdtaW5nIEZlc3RpdmFsKQ==
1d33eeb1af8e3d2dd74a0411	4Z6R4Z634Z6c4Z624oCL4Z6W4Z634Z6X4Z6W4Z6b4Z+E4Z6A4oCL4Z6A4Z+G4Z6F4Z624Z6P4Z+L4oCL4Z6a4Z+E4Z6C4oCL4Z6a4Z6U4Z+B4Z6E	V29ybGQgVHViZXJjdWxvc2lzIERheQ==
1d382f93e984e518981be05f	4Z6A4Z6Y4Z+S4Z6W4Z674Z6H4Z624oCL4Z6F4Z684Z6b4oCL4Z6H4Z624oCL4Z6f4Z6Y4Z624oCL4Z6H4Z634Z6A4oCL4Z6i4Z624Z6f4Z+K4Z624Z6TIOGegeGeveGelOGem+GevuGegOGekeGeuOGfpg==	Q2FtYm9kaWEgam9pbmVkIFRoZSBBc3NvY2lhdGlvbiBvZiBTb3V0aGVhc3QgQXNpYW4gTmF0aW9ucyAoQVNFQU4p
1d47c4297c21b3c9b5f022c6	4Z6U4Z674Z6O4Z+S4Z6Z4oCL4Z6O4Z684Z6i4Z+C4Z6b	Q2hyaXN0bWFzIERheQ==
1d57896535304e9ba920aa9c	4Z6R4Z634Z6c4Z624oCL4Z6A4Z674Z6Y4Z624Z6a4oCL4Z6i4Z6T4Z+S4Z6P4Z6a4oCL4Z6H4Z624Z6P4Z63IOGegeGeveGelOGem+GevuGegOGekeGeuOGfpuGfoQ==	SW50ZXJuYXRpb25hbCBDaGlsZHJlbidzIERheQ==
1d826457ca6436172d185439	4Z6R4Z634Z6c4Z624oCL4Z6H4Z624Z6P4Z634oCL4Z6f4Z674Z6B4Z6X4Z624Z6W4oCL4Z6Y4Z624Z6P4Z62IOGekeGetuGemuGegCDhnpPhnrfhnoTigIvhnoDhnrvhnpjhnrbhnpo=	TmF0aW9uYWwgRGF5IG9uIE1hdGVybmFsLCBOZXdib3JuIGFuZCBDaGlsZCBIZWFsdGg=
1db5d392b2450b847e6421e4	4Z6Q4Z+S4Z6E4Z+D4oCL4Z6U4Z674Z6O4Z+S4Z6Z4oCL4Z6T4Z+D4oCL4Z6f4Z+B4Z6F4Z6A4Z+S4Z6P4Z644oCL4Z6f4Z+S4Z6a4Z6b4Z624Z6J4Z+L	VmFsZW50aW5lJ3MgRGF5
1dbf16ca2971c5614f96c1c6	4Z6R4Z634Z6c4Z624oCL4Z6A4Z674Z6Y4Z624Z6a4oCL4Z6i4Z6T4Z+S4Z6P4Z6a4oCL4Z6H4Z624Z6P4Z63IOGegeGeveGelOGem+GevuGegOGekeGeuOGfqOGfoA==	SW50ZXJuYXRpb25hbCBDaGlsZHJlbidzIERheQ==
1ddb0e00409a475eafe893c6	4Z6A4Z6Y4Z+S4Z6W4Z674Z6H4Z624oCL4Z6F4Z684Z6b4oCL4Z6H4Z624oCL4Z6f4Z6Y4Z624oCL4Z6H4Z634Z6A4oCL4Z6i4Z6E4Z+S4Z6C4oCL4Z6A4Z624Z6a4oCL4Z6Z4Z684Z6O4Z+B4Z6f4Z+S4Z6A4Z68IOGegeGeveGelOGem+GevuGegOGekeGeuOGfpuGfpg==	Q2FtYm9kaWEgam9pbmVkIFVORVNDTw==
1dddfdb04367e16016e70f60	4Z6U4Z634Z6O4Z+S4Z6MIOGfoeGfog==	QmVuIDEy
1dde2b2590c4d647e8f10be1	4Z6b4Z+S4Z6B4Z+E4Z6T4oCL4Z6f4Z+S4Z6a4Z6Y4Z+E4Z6b4oCL4Z6f4Z+S4Z6U4Z+C4Z6A4oCLIOGej+GfkuGemuGevOGenOKAi+GelOGetuGek+KAi+GeheGeu+Gfh+KAi+GegOGfkuGek+Geu+GehOKAi+GelOGeieGfkuGeh+GeuOKAi+GelOGfgeGej+Get+GegOKAi+Gel+GejuGfkuGejOGenOGelOGfkuGelOGekuGemOGfjOGeouGemuGevOGelOGeuOGek+Gfg+GemOGek+Geu+Gen+GfkuGen+Geh+GetuGej+GetyDhnoHhnr3hnpThnpvhnr7hnoDhnpHhnrjhn6Hhn6M=	S2htZXIgU2hhZG93IFRoZWF0cmUgaW5zY3JpYmVkIG9uIHRoZSBSZXByZXNlbnRhdGl2ZSBMaXN0IG9mIHRoZSBJbnRhbmdpYmxlIEN1bHR1cmFsIEhlcml0YWdlIG9mIEh1bWFuaXR5
1df91478b6c109074f2fce93	4Z6R4Z634Z6c4Z624oCL4Z6U4Z+S4Z6a4Z6Z4Z674Z6R4Z+S4Z6S4oCL4Z6U4Z+S4Z6a4Z6G4Z624Z+G4Z6E4oCL4Z6i4Z+G4Z6W4Z6+4oCL4Z6W4Z674Z6A4Z6a4Z6b4Z694Z6Z	QW50aS1Db3JydXB0aW9uIERheQ==
1e0cd8ef667966fd6a38e44e	4Z6a4Z674Z6A4Z+S4Z6B4oCL4Z6R4Z634Z6c4Z62	QXJib3IgRGF5
1e44685309b42bca06232a7c	4Z6W4Z634Z6S4Z644oCL4Z6U4Z674Z6O4Z+S4Z6Z4oCL4Z6F4Z684Z6b4oCL4Z6G4Z+S4Z6T4Z624Z+G4oCL4Z6Q4Z+S4Z6Y4Z64IOGelOGfkuGemuGeluGfg+GejuGeuOKAi+Geh+GetuGej+GetyAtIOGemOGeoOGetuKAi+Gen+GehOGfkuGegOGfkuGemuGetuGek+GfkuGejyDhnpjhn4nhn4ThnoQg4Z+h4Z+gOuGfoeGfpyBQTQ==	S2htZXIgTmV3IFllYXIgLSBNb2hhIFNhbmtyYW50YSBhdCAxMDoxNyBQTQ==
1e53c0d60481fa4a658e89ae	4Z6W4Z634Z6S4Z644oCL4Z6U4Z674Z6O4Z+S4Z6Z4oCL4Z6X4Z+S4Z6H4Z674Z+G4oCL4Z6U4Z634Z6O4Z+S4Z6M	UGNodW0gQmVuIEZlc3RpdmFs
1e6497b954cf5af5aac5bc77	4Z6R4Z634Z6c4Z624Z6a4Z+G4Z6b4Z654Z6A4oCL4Z6B4Z694Z6U4oCL4Z6T4Z+D4oCL4Z6A4Z634Z6F4Z+S4Z6F4Z6W4Z+S4Z6a4Z6Y4Z6W4Z+S4Z6a4Z+A4Z6E4oCL4Z6f4Z6T4Z+S4Z6P4Z634Z6X4Z624Z6W4oCL4Z6R4Z644Z6A4Z+S4Z6a4Z674Z6E4oCL4Z6U4Z+J4Z624Z6a4Z644Z6f	UGFyaXMgUGVhY2UgQWdyZWVtZW50IERheQ==
1e959b686094f015c625d6d2	4Z6b4Z+S4Z6B4Z+E4Z6T4oCL4Z6f4Z+S4Z6a4Z6Y4Z+E4Z6b4oCL4Z6f4Z+S4Z6U4Z+C4Z6A4oCLIOGej+GfkuGemuGevOGenOKAi+GelOGetuGek+KAi+GeheGeu+Gfh+KAi+GegOGfkuGek+Geu+GehOKAi+GelOGeieGfkuGeh+GeuOKAi+GelOGfgeGej+Get+GegOKAi+Gel+GejuGfkuGejOGenOGelOGfkuGelOGekuGemOGfjOGeouGemuGevOGelOGeuOGek+Gfg+GemOGek+Geu+Gen+GfkuGen+Geh+GetuGej+GetyDhnoHhnr3hnpThnpvhnr7hnoDhnpHhnrjhn6Hhn6A=	S2htZXIgU2hhZG93IFRoZWF0cmUgaW5zY3JpYmVkIG9uIHRoZSBSZXByZXNlbnRhdGl2ZSBMaXN0IG9mIHRoZSBJbnRhbmdpYmxlIEN1bHR1cmFsIEhlcml0YWdlIG9mIEh1bWFuaXR5
1eb208777102b27223c2ce35	4Z6R4Z634Z6c4Z624oCL4Z6i4Z6A4Z+S4Z6B4Z6a4oCL4Z6A4Z6Y4Z+S4Z6Y4oCL4Z6i4Z6T4Z+S4Z6P4Z6a4oCL4Z6H4Z624Z6P4Z63	SW50ZXJuYXRpb25hbCBMaXRlcmFjeSBEYXk=
1eb590d2df73c87f996c0f91	4Z6W4Z+S4Z6a4Z+H4oCL4Z6a4Z624Z6H4oCL4Z6W4Z634Z6S4Z644oCL4Z6U4Z674Z6O4Z+S4Z6Z4oCL4Z6i4Z674Z+G4oCL4Z6R4Z684Z6AIOGelOGejuGfkuGeiuGfguGej+KAi+GelOGfkuGemuGekeGeuOGelCDhnpPhnrfhnoTigIvhnp/hn4bhnpbhn4figIvhnpbhn5Lhnprhn4figIvhnoHhn4Ig4Z6i4Z6A4Z6i4Z+G4Z6U4Z674Z6A	V2F0ZXIgRmVzdGl2YWw=
1ebc2e8d27bff2ed8364a557	4Z6R4Z634Z6c4Z624oCL4Z6R4Z+B4Z6f4oCL4Z6F4Z6a4Z6O4Z+N4oCL4Z6W4Z634oCL4Z6X4Z6W4oCL4Z6b4Z+E4Z6A	V29ybGQgVG91cmlzbSBEYXk=
1ec625059d4ba92d80141ba2	4Z6U4Z634Z6O4Z+S4Z6MIOGfqQ==	QmVuIDk=
1ee1037959c95cd66cd07c1e	4Z6U4Z634Z6O4Z+S4Z6MIOGfow==	QmVuIDM=
1efe737a1bd3eaec79fba51b	4Z6R4Z634Z6c4Z624oCL4Z6Y4Z6F4Z+S4Z6G4Z624oCL4Z6H4Z624Z6P4Z63	TmF0aW9uYWwgRmlzaCBEYXk=
1f19a09636565741d480b5f9	4Z6W4Z634Z6S4Z644oCL4Z6U4Z674Z6O4Z+S4Z6Z4oCL4Z6v4Z6A4Z6a4Z624Z6H4Z+S4Z6Z4oCL4Z6H4Z624Z6P4Z63IOGegeGeveGelOGem+GevuGegOGekeGeuOGfp+GfoQ==	SW5kZXBlbmRlbmNlIERheQ==
1f6f901dd5dcd6c0a7ff9c31	4Z6R4Z634Z6c4Z624oCL4Z6H4Z624Z6P4Z634oCL4Z6U4Z+S4Z6a4Z6G4Z624Z+G4Z6E4oCL4Z6A4Z624Z6a4oCL4Z6H4Z694Z6J4oCL4Z6K4Z684Z6a4oCL4Z6Y4Z6T4Z674Z6f4Z+S4Z6f	TmF0aW9uYWwgQW50aS1IdW1hbiBUcmFmZmlja2luZyBEYXk=
1f749ac8f6b63ada9db33ea2	4Z6F4Z+B4Z6J4oCL4Z6W4Z+S4Z6a4Z+H4oCL4Z6c4Z6f4Z+S4Z6f4Z62	RW5kaW5nIG9mIEJ1ZGRoaXN0IExlbnQ=
1f78bf3e54cf95482484fcef	4Z6W4Z634Z6S4Z644oCL4Z6U4Z+G4Z6U4Z694Z6f4oCL4Z6T4Z624Z6C4oCL4Z6B4Z+S4Z6T4Z624Z6T	VGhlIE9yZGFpbmVkIERyYWdvbiBNb25r
1f89814afedd47e9d62a8c24	4Z6U4Z674Z6O4Z+S4Z6Z4oCL4Z6O4Z684Z6i4Z+C4Z6b	Q2hyaXN0bWFzIERheQ==
1f8b6e5e357fe09b6c7f6dd8	4Z6W4Z634Z6S4Z644oCL4Z6U4Z674Z6O4Z+S4Z6Z4oCL4Z6F4Z684Z6b4oCL4Z6G4Z+S4Z6T4Z624Z+G4oCL4Z6Q4Z+S4Z6Y4Z64IOGelOGfkuGemuGeluGfg+GejuGeuOKAi+Geh+GetuGej+GetyAtIOGenOGetuGemuGfiOKAi+GenOGfkOGek+KAi+GelOGejw==	S2htZXIgTmV3IFllYXIgLSBWZWFyZWFrIFZhbmFiYXQ=
1fa0cc4a72c946af455dcee0	4Z6a4Z6U4Z624Z+G4oCL4Z6W4Z+S4Z6a4Z+H4oCL4Z6a4Z624Z6H4oCL4Z6R4Z+S4Z6a4Z6W4Z+S4Z6ZIOGej+GfkuGemuGevOGenOKAi+GelOGetuGek+KAi+GeheGeu+Gfh+KAi+GegOGfkuGek+Geu+GehOKAi+GelOGeieGfkuGeh+GeuOKAi+GelOGfgeGej+Get+KAi+GegOGel+GejuGfkuGejOKAi+GenOGelOGfkuGelOGekuGemOGfjOGeouGemuGevOGelOGeuOGek+Gfg+GemOGek+Geu+Gen+GfkuGen+Geh+GetuGej+GetyDhnoHhnr3hnpThnpvhnr7hnoDhnpHhnrjhn6Hhn6E=	Um95YWwgQmFsbGV0IG9mIENhbWJvZGlhIGluc2NyaWJlZCBvbiB0aGUgUmVwcmVzZW50YXRpdmUgTGlzdCBvZiB0aGUgSW50YW5naWJsZSBDdWx0dXJhbCBIZXJpdGFnZSBvZiBIdW1hbml0eQ==
1fd5472fe6e0b86942ce7a3c	4Z6W4Z634Z6S4Z644oCL4Z6U4Z674Z6O4Z+S4Z6Z4oCL4Z6X4Z+S4Z6H4Z674Z+G4oCL4Z6U4Z634Z6O4Z+S4Z6M	UGNodW0gQmVuIEZlc3RpdmFs
1ffd89e9f9c9d5296dee6170	4Z6R4Z634Z6c4Z624oCL4Z6U4Z6a4Z634oCL4Z6f4Z+S4Z6Q4Z624Z6T4oCL4Z6H4Z624Z6P4Z63IOGek+Get+GehOKAi+GelOGemuGet+KAi+Gen+GfkuGekOGetuGek+KAi+GeluGet+Gel+GeluKAi+Gem+GfhOGegCDhnoHhnr3hnpThnpvhnr7hnoDhnpHhnrjhn6Lhn6c=	TmF0aW9uYWwgYW5kIFdvcmxkIEVudmlyb25tZW50IERheQ==
201f2d8769593ffbe2b0d930	4Z6U4Z634Z6O4Z+S4Z6MIOGfoeGfoQ==	QmVuIDEx
203a86cd63e8c21abe36c455	4Z6R4Z634Z6c4Z624oCL4Z6i4Z6A4Z+S4Z6B4Z6a4oCL4Z6A4Z6Y4Z+S4Z6Y4oCL4Z6i4Z6T4Z+S4Z6P4Z6a4oCL4Z6H4Z624Z6P4Z63	SW50ZXJuYXRpb25hbCBMaXRlcmFjeSBEYXk=
204c37ba7b4e87817646e2ab	4Z6W4Z+S4Z6a4Z+H4oCL4Z6a4Z624Z6H4oCL4Z6W4Z634Z6S4Z644oCL4Z6U4Z674Z6O4Z+S4Z6Z4oCL4Z6F4Z6Y4Z+S4Z6a4Z6+4Z6T4oCL4Z6W4Z+S4Z6a4Z+H4oCL4Z6H4Z6T4Z+S4Z6YIOGeluGfkuGemuGfh+KAi+GegOGemuGeu+GejuGetuKAi+GeluGfkuGemuGfh+KAi+GelOGetuGekeKAi+Gen+GemOGfkuGej+GfgeGeheKAi+GeluGfkuGemuGfh+KAi+GelOGemuGemOKAi+Gek+GetuGekCDhnpPhnprhn4Thno/hn5Lhno/hnpgg4Z6f4Z644Z6g4Z6Y4Z674Z6T4Z64IOGeluGfkuGemuGfh+KAi+GemOGeoOGetuGegOGfkuGen+Gej+GfkuGemuKAi+Gek+Gfg+KAi+GeluGfkuGemuGfh+GemuGetuGeh+GetuGejuGetuGeheGegOGfkuGemuKAi+GegOGemOGfkuGeluGeu+Geh+Getg==	S2luZyBTaWhhbW9uaSdzIEJpcnRoZGF5
2056d43081027bde1ef1fba0	4Z6F4Z684Z6b4oCL4Z6W4Z+S4Z6a4Z+H4oCL4Z6c4Z6f4Z+S4Z6f4Z62	QmVnaW5uaW5nIG9mIEJ1ZGRoaXN0IExlbnQ=
20645a7492bbc2aeb7ea18b3	4Z6R4Z634Z6c4Z624oCL4Z6i4Z6T4Z+S4Z6P4Z6a4oCL4Z6H4Z624Z6P4Z634oCL4Z6T4Z+D4oCL4Z6C4Z+S4Z6a4Z694Z6f4Z624Z6a	SW50ZXJuYXRpb25hbCBEYXkgb2YgRmFtaWxpZXM=
207b69973ec39c831f5325b5	4Z6U4Z634Z6O4Z+S4Z6MIOGfog==	QmVuIDI=
20afb6b65db3575b2bdbf5e8	4Z6W4Z+S4Z6a4Z+H4oCL4Z6a4Z624Z6H4oCL4Z6W4Z634Z6S4Z644oCL4Z6U4Z674Z6O4Z+S4Z6Z4oCL4Z6i4Z674Z+G4oCL4Z6R4Z684Z6AIOGelOGejuGfkuGeiuGfguGej+KAi+GelOGfkuGemuGekeGeuOGelCDhnpPhnrfhnoTigIvhnp/hn4bhnpbhn4figIvhnpbhn5Lhnprhn4figIvhnoHhn4Ig4Z6i4Z6A4Z6i4Z+G4Z6U4Z674Z6A	V2F0ZXIgRmVzdGl2YWw=
20ba8ed3ee8c0ca486838a2c	4Z6R4Z634Z6c4Z624oCL4Z6F4Z684Z6b4oCL4Z6G4Z+S4Z6T4Z624Z+G4oCL4Z6f4Z624Z6A4Z6b	TmV3IFllYXIncyBEYXk=
20be0335547bf646f01f1d96	4Z6R4Z634Z6c4Z624oCL4Z6i4Z6T4Z+S4Z6P4Z6a4oCL4Z6H4Z624Z6P4Z634oCL4Z6T4Z+D4oCL4Z6C4Z+S4Z6a4Z694Z6f4Z624Z6a	SW50ZXJuYXRpb25hbCBEYXkgb2YgRmFtaWxpZXM=
20d45d8cc91471cd86f5701e	4Z6g4Z+C4oCL4Z6i4Z+S4Z6T4Z6A4oCL4Z6P4Z624oCL4Z6F4Z634Z6T	U3Bpcml0IFBhcmFkZQ==
20ec69cbf034f4743a592029	4Z6W4Z634Z6S4Z644oCL4Z6U4Z674Z6O4Z+S4Z6Z4oCL4Z6X4Z+S4Z6H4Z674Z+G4oCL4Z6U4Z634Z6O4Z+S4Z6M	UGNodW0gQmVuIEZlc3RpdmFs
20f8f0c09b4e024a970343dd	4Z6F4Z+B4Z6J4oCL4Z6W4Z+S4Z6a4Z+H4oCL4Z6c4Z6f4Z+S4Z6f4Z62	RW5kaW5nIG9mIEJ1ZGRoaXN0IExlbnQ=
21047f546459f50902a301aa	4Z6W4Z634Z6S4Z644oCL4Z6U4Z674Z6O4Z+S4Z6Z4oCL4Z6F4Z684Z6b4oCL4Z6G4Z+S4Z6T4Z624Z+G4oCL4Z6Q4Z+S4Z6Y4Z64IOGelOGfkuGemuGeluGfg+GejuGeuOKAi+Geh+GetuGej+GetyAtIOGemOGeoOGetuKAi+Gen+GehOGfkuGegOGfkuGemuGetuGek+GfkuGejyDhnpjhn4nhn4ThnoQg4Z+g4Z+gOuGfpOGfqCBBTQ==	S2htZXIgTmV3IFllYXIgLSBNb2hhIFNhbmtyYW50YSBhdCAwMDo0OCBBTQ==
211eca962bea467511c890cf	4Z6Q4Z+S4Z6E4Z+D4oCL4Z6U4Z674Z6O4Z+S4Z6Z4oCL4Z6T4Z+D4oCL4Z6f4Z+B4Z6F4Z6A4Z+S4Z6P4Z644oCL4Z6f4Z+S4Z6a4Z6b4Z624Z6J4Z+L	VmFsZW50aW5lJ3MgRGF5
214968a592c3a2334ec6d8e1	4Z6Q4Z+S4Z6E4Z+D4oCL4Z6f4Z+C4Z6T4oCL4Z6F4Z684Z6b4oCL4Z6G4Z+S4Z6T4Z624Z+G4oCL4Z6F4Z634Z6T	Q2hpbmVzZSBOZXcgWWVhcidzIEV2ZQ==
214a8b512494bb973c4c688d	4Z6R4Z634Z6c4Z624oCL4Z6U4Z+S4Z6a4Z624Z6a4Z6W4Z+S4Z6S4oCL4Z6W4Z634Z6S4Z644oCL4Z6C4Z+E4Z6a4Z6W4oCL4Z6W4Z+S4Z6a4Z+H4Z6c4Z634Z6J4Z+S4Z6J4Z624Z6O4Z6A4Z+S4Z6B4Z6T4Z+S4Z6SIOGeluGfkuGemuGfh+GegOGemuGeu+GejuGetuKAi+GeluGfkuGemuGfh+GelOGetuGekeKAi+Gen+GemOGfkuGej+GfgeGeheKAi+GeluGfkuGemuGfhyDhnpPhnprhn4Thno/hn5Lhno/hnpgg4Z6f4Z644Z6g4Z6T4Z67IOGeluGfkuGemuGfh+GemOGeoOGetuGenOGeuOGemuGegOGfkuGen+Gej+GfkuGemiDhnpbhn5Lhnprhn4figIvhnpzhnprhnprhnrbhnofigIvhnpThnrfhno/hnrbigIvhnq/hnoDhnprhnrbhnofhn5Lhnpkg4Z6U4Z684Z6a4Z6O4Z6X4Z624Z6W4oCL4Z6R4Z654Z6A4Z6K4Z64IOGek+Get+GehOKAi+Ger+GegOGel+GetuGeluKAi+Geh+GetuGej+Get+KAi+GegeGfkuGemOGfguGemg==	S2luZyBGYXRoZXIncyBDb21tZW1vcmF0aW9uIERheQ==
215a213dec3e682fcbd1ebbb	4Z6W4Z634Z6S4Z644oCL4Z6U4Z674Z6O4Z+S4Z6Z4oCL4Z6X4Z+S4Z6H4Z674Z+G4oCL4Z6U4Z634Z6O4Z+S4Z6M	UGNodW0gQmVuIEZlc3RpdmFs
21661f176275b9395b9b68b0	4Z6U4Z634Z6O4Z+S4Z6MIOGfpA==	QmVuIDQ=
216c3e065f763a7c80712059	4Z6a4Z6U4Z624Z+G4oCL4Z6W4Z+S4Z6a4Z+H4oCL4Z6a4Z624Z6H4oCL4Z6R4Z+S4Z6a4Z6W4Z+S4Z6ZIOGej+GfkuGemuGevOGenOKAi+GelOGetuGek+KAi+GeheGeu+Gfh+KAi+GegOGfkuGek+Geu+GehOKAi+GelOGeieGfkuGeh+GeuOKAi+GelOGfgeGej+Get+KAi+GegOGel+GejuGfkuGejOKAi+GenOGelOGfkuGelOGekuGemOGfjOGeouGemuGevOGelOGeuOGek+Gfg+GemOGek+Geu+Gen+GfkuGen+Geh+GetuGej+GetyDhnoHhnr3hnpThnpvhnr7hnoDhnpHhnrjhn6k=	Um95YWwgQmFsbGV0IG9mIENhbWJvZGlhIGluc2NyaWJlZCBvbiB0aGUgUmVwcmVzZW50YXRpdmUgTGlzdCBvZiB0aGUgSW50YW5naWJsZSBDdWx0dXJhbCBIZXJpdGFnZSBvZiBIdW1hbml0eQ==
2170783e76cefff24eb05143	4Z6b4Z+S4Z6B4Z+E4Z6T4oCL4Z6f4Z+S4Z6a4Z6Y4Z+E4Z6b4oCL4Z6f4Z+S4Z6U4Z+C4Z6A4oCLIOGej+GfkuGemuGevOGenOKAi+GelOGetuGek+KAi+GeheGeu+Gfh+KAi+GegOGfkuGek+Geu+GehOKAi+GelOGeieGfkuGeh+GeuOKAi+GelOGfgeGej+Get+GegOKAi+Gel+GejuGfkuGejOGenOGelOGfkuGelOGekuGemOGfjOGeouGemuGevOGelOGeuOGek+Gfg+GemOGek+Geu+Gen+GfkuGen+Geh+GetuGej+GetyDhnoHhnr3hnpThnpvhnr7hnoDhnpHhnrjhn6Lhn6I=	S2htZXIgU2hhZG93IFRoZWF0cmUgaW5zY3JpYmVkIG9uIHRoZSBSZXByZXNlbnRhdGl2ZSBMaXN0IG9mIHRoZSBJbnRhbmdpYmxlIEN1bHR1cmFsIEhlcml0YWdlIG9mIEh1bWFuaXR5
217e6296f8c0373f65a7a5ff	4Z6R4Z634Z6c4Z624oCL4Z6i4Z6A4Z+S4Z6B4Z6a4oCL4Z6A4Z6Y4Z+S4Z6Y4oCL4Z6i4Z6T4Z+S4Z6P4Z6a4oCL4Z6H4Z624Z6P4Z63	SW50ZXJuYXRpb25hbCBMaXRlcmFjeSBEYXk=
218f28b7115f0d79dacc21bf	4Z6R4Z634Z6c4Z624oCL4Z6i4Z6T4Z+S4Z6P4Z6a4oCL4Z6H4Z624Z6P4Z634oCL4Z6A4Z624Z6a4Z6W4Z624Z6a4oCL4Z6f4Z+S4Z6a4Z6R4Z624Z6U4Z+L4oCL4Z6i4Z684oCL4Z6g4Z+S4Z6f4Z684Z6TIOGegeGeveGelOGem+GevuGegOGekeGeuOGfo+GfpA==	SW50ZXJuYXRpb25hbCBEYXkgZm9yIHRoZSBQcmVzZXJ2YXRpb24gb2YgdGhlIE96b25lIExheWVy
21a09a4d0895a4bb01ab1987	4Z6R4Z634Z6c4Z624oCL4Z6i4Z624oCL4Z6A4Z624Z6f4oCL4Z6F4Z6a4Z6O4Z+N4Z6f4Z+K4Z644Z6c4Z634Z6b	Q2l2aWwgQXZpYXRpb24gRGF5
21aa8a4668d197ef24265a28	4Z6U4Z634Z6O4Z+S4Z6MIOGfoeGfog==	QmVuIDEy
21de70db424dca3c751002c1	4Z6R4Z634Z6c4Z624Z6R4Z654Z6AIOGek+Get+GehOGep+Gej+Geu+Gek+Get+GemeGemOGeluGet+Gel+GeluGem+GfhOGegA==	V29ybGQgV2F0ZXIgYW5kIFdvcmxkIE1ldGVvcm9sb2dpY2FsIERheQ==
21fc718f6f597e236d4b83f6	4Z6R4Z634Z6c4Z624oCL4Z6H4Z624Z6P4Z634oCL4Z6Z4Z6b4Z+L4oCL4Z6K4Z654Z6E4oCL4Z6W4Z644oCL4Z6Y4Z644Z6TIOGegeGeveGelOGem+GevuGegOGekeGeuOGfoeGfow==	TmF0aW9uYWwgTWluZSBBd2FyZW5lc3MgRGF5
223382fef3c6a5ed6b421994	4Z6F4Z684Z6b4oCL4Z6W4Z+S4Z6a4Z+H4oCL4Z6c4Z6f4Z+S4Z6f4Z62	QmVnaW5uaW5nIG9mIEJ1ZGRoaXN0IExlbnQ=
2238c70fe3b1c5353050e4f6	4Z6R4Z634Z6c4Z624oCL4Z6f4Z674Z6B4oCL4Z6X4Z624Z6W4oCL4Z6W4Z634Z6X4Z6W4oCL4Z6b4Z+E4Z6A	V29ybGQgSGVhbHRoIERheQ==
224ccfd7bea381bb2096e387	4Z6Q4Z+S4Z6E4Z+D4oCL4Z6f4Z+C4Z6T4oCL4Z6K4Z6A4oCL4Z6H4Z6+4Z6E4oCL4Z6S4Z684Z6U	S2l0Y2hlbiBHb2QgRmVzdGl2YWw=
2252562c8755d0a291eb1aed	4Z6W4Z+S4Z6a4Z+H4oCL4Z6a4Z624Z6H4oCL4Z6W4Z634Z6S4Z644oCL4Z6U4Z674Z6O4Z+S4Z6Z4oCL4Z6F4Z6Y4Z+S4Z6a4Z6+4Z6T4oCL4Z6W4Z+S4Z6a4Z+H4oCL4Z6H4Z6T4Z+S4Z6YIOGen+GemOGfkuGej+GfgeGeheKAi+GeluGfkuGemuGfh+KAi+GemOGeoOGetuGegOGfkuGen+Gej+GfkuGemuGeuCDhnpPhnprhn4Thno/hn5Lhno/hnpgg4Z6Y4Z674Z6T4Z634Z6T4Z624Z6QIOGen+GeuOGeoOGek+GeuyDhnpbhn5Lhnprhn4figIvhnpzhnprhnprhnrbhnofigIvhnpjhnrbhno/hnrbigIvhnofhnrbhno/hnrfigIvhnoHhn5Lhnpjhn4Lhnpog4Z6A4Z+S4Z6T4Z674Z6E4oCL4Z6f4Z+B4Z6a4Z644Z6X4Z624Z6WIOGen+GfgeGeheGegOGfkuGej+GeuOGekOGfkuGem+Gfg+GekOGfkuGek+GevOGemiDhnpPhnrfhnoTigIvhnp/hnrvhnpfhnpjhnoThn5LhnoLhnps=	UXVlZW4gTW90aGVyJ3MgQmlydGhkYXk=
2263d2cd50147811d2017618	4Z6F4Z+B4Z6J4oCL4Z6W4Z+S4Z6a4Z+H4oCL4Z6c4Z6f4Z+S4Z6f4Z62	RW5kaW5nIG9mIEJ1ZGRoaXN0IExlbnQ=
22aaa6149f1086332fbcc6c0	4Z6U4Z6O4Z+S4Z6O4Z6f4Z624Z6a4oCL4Z6f4Z624Z6a4Z6Y4Z6T4Z+S4Z6R4Z644Z6a4oCL4Z6n4Z6A4Z+S4Z6a4Z634Z6K4Z+S4Z6L4Z6A4Z6Y4Z+S4Z6Y4oCL4Z6U4Z+S4Z6a4Z6b4Z+Q4Z6Z4oCL4Z6W4Z684Z6H4Z6f4Z624Z6f4Z6T4Z+N4oCL4Z6R4Z694Z6b4oCL4Z6f4Z+S4Z6b4Z+C4Z6EIOGej+GfkuGemuGevOGenOKAi+GelOGetuGek+KAi+GeheGeu+Gfh+KAi+GegOGfkuGek+Geu+GehOKAi+GelOGeieGfkuGeh+GeuOKAi+Gen+GfkuGemOGetuGemuGej+GeuOKAi+GeheGehOGeheGetuGfhuKAi+Gek+Gfg+KAi+GeluGet+Gel+GeluKAi+Gem+GfhOGegOKAi+GemuGelOGen+Gfi+KAi+GemeGevOGejuGfgeGen+GfkuGegOGevCDhnoHhnr3hnpThnpvhnr7hnoDhnpHhnrjhn6Hhn6Q=	VGhlIGFyY2hpdmVzIG9mIFR1b2wgU2xlbmcgR2Vub2NpZGUgTXVzZXVtIGFyZSByZWdpc3RlcmVkIGFzIHBhcnQgb2YgdGhlIE1lbW9yeSBvZiB0aGUgV29ybGQgYnkgVU5FU0NP
22c42552a22c3600cef75d91	4Z6F4Z684Z6b4oCL4Z6W4Z+S4Z6a4Z+H4oCL4Z6c4Z6f4Z+S4Z6f4Z62	QmVnaW5uaW5nIG9mIEJ1ZGRoaXN0IExlbnQ=
22c743cb5a3c538fcd111ff8	4Z6W4Z634Z6S4Z644oCL4Z6U4Z674Z6O4Z+S4Z6Z4oCL4Z6F4Z684Z6b4oCL4Z6G4Z+S4Z6T4Z624Z+G4oCL4Z6Q4Z+S4Z6Y4Z64IOGelOGfkuGemuGeluGfg+GejuGeuOKAi+Geh+GetuGej+GetyAtIOGemOGeoOGetuKAi+Gen+GehOGfkuGegOGfkuGemuGetuGek+GfkuGejyDhnpjhn4nhn4ThnoQg4Z+g4Z+oOuGfpOGfqCBQTQ==	S2htZXIgTmV3IFllYXIgLSBNb2hhIFNhbmtyYW50YSBhdCAwODo0OCBQTQ==
22d55081827f6fbbc5451791	4Z6A4Z6Y4Z+S4Z6W4Z674Z6H4Z624oCL4Z6F4Z684Z6b4oCL4Z6H4Z624oCL4Z6f4Z6Y4Z624oCL4Z6H4Z634Z6A4oCL4Z6i4Z6E4Z+S4Z6C4oCL4Z6A4Z624Z6a4oCL4Z6f4Z6g4oCL4Z6U4Z+S4Z6a4Z6H4Z624Z6H4Z624Z6P4Z63IOGegeGeveGelOGem+GevuGegOGekeGeuOGfp+GfpA==	Q2FtYm9kaWEgYmVjYW1lIGEgbWVtYmVyIG9mIHRoZSBVbml0ZWQgTmF0aW9ucw==
22dce9d8b6947263212219a4	4Z6W4Z634Z6S4Z644oCL4Z6U4Z674Z6O4Z+S4Z6Z4oCL4Z6c4Z634Z6f4Z624Z6B4oCL4Z6U4Z684Z6H4Z62	VmlzYWsgQm9jaGVh
22e50d975451a7c14b099055	4Z6R4Z634Z6c4Z624oCL4Z6W4Z634Z6X4Z6W4oCL4Z6b4Z+E4Z6A4oCL4Z6A4Z624Z6A4oCL4Z6U4Z624Z6R4oCL4Z6A4Z+S4Z6a4Z6g4Z6YIOGek+Get+GehOKAi+GeouGejOGfkuGejeGeheGek+GfkuGekeGegOGfkuGemuGeoOGemA==	V29ybGQgUmVkIENyb3NzIGFuZCBSZWQgQ3Jlc2NlbnQgRGF5
22fa130eb7fe2df5961ce83c	4Z6W4Z634Z6S4Z644oCL4Z6U4Z674Z6O4Z+S4Z6Z4oCL4Z6X4Z+S4Z6H4Z674Z+G4oCL4Z6U4Z634Z6O4Z+S4Z6M	UGNodW0gQmVuIEZlc3RpdmFs
230202e6309e67453586e380	4Z6W4Z+S4Z6a4Z+H4oCL4Z6a4Z624Z6H4oCL4Z6W4Z634Z6S4Z644oCL4Z6C4Z+S4Z6a4Z6E4oCL4Z6W4Z+S4Z6a4Z+H4oCL4Z6U4Z6a4Z6Y4oCL4Z6a4Z624Z6H4oCL4Z6f4Z6Y4Z+S4Z6U4Z6P4Z+S4Z6P4Z63IOGeluGfkuGemuGfh+KAi+GegOGemuGeu+GejuGetuKAi+GeluGfkuGemuGfh+KAi+GelOGetuGekeKAi+Gen+GemOGfkuGej+GfgeGeheKAi+GeluGfkuGemuGfh+KAi+GelOGemuGemOGek+GetuGekCDhnpPhnprhn4Thno/hn5Lhno/hnpgg4Z6f4Z644Z6g4Z6Y4Z674Z6T4Z64IOGeluGfkuGemuGfh+KAi+GemOGeoOGetuGegOGfkuGen+Gej+GfkuGemuKAi+Gek+Gfg+KAi+GeluGfkuGemuGfh+GemuGetuGeh+GetuGejuGetuGeheGegOGfkuGemuKAi+GegOGemOGfkuGeluGeu+Geh+Getg==	S2luZydzIENvcm9uYXRpb24gRGF5
230ec904beef251f42742eaa	4Z6R4Z634Z6c4Z624oCL4Z6T4Z624Z6a4Z644oCL4Z6i4Z6T4Z+S4Z6P4Z6a4Z6H4Z624Z6P4Z63IOGegeGeveGelOGem+GevuGegOGekeGeuOGfoeGfoOGfoA==	SW50ZXJuYXRpb25hbCBXb21lbidzIERheQ==
231bd31bef8bdc30c9723b28	4Z6R4Z634Z6c4Z624oCL4Z6Y4Z6T4Z674Z6f4Z+S4Z6f4oCL4Z6F4Z624Z6f4Z+L4oCL4Z6A4Z6Y4Z+S4Z6W4Z674Z6H4Z62IOGek+Get+GehOGekeGet+GenOGetuGemOGek+Geu+Gen+GfkuGen+GeheGetuGen+Gfi+GeouGek+GfkuGej+GemuGeh+GetuGej+GetyDhnoHhnr3hnpThnpvhnr7hnoDhnpHhnrjhn6Hhn6U=	Q2FtYm9kaWFuIE9sZGVyIFBlcnNvbnMgRGF5IGFuZCB0aGUgSW50ZXJuYXRpb25hbCBEYXkgb2YgT2xkZXIgUGVyc29ucw==
231f7bd3f93d18e26f2462f7	4Z6R4Z634Z6c4Z624oCL4Z6W4Z634Z6X4Z6W4oCL4Z6b4Z+E4Z6A4oCL4Z6A4Z624Z6A4oCL4Z6U4Z624Z6R4oCL4Z6A4Z+S4Z6a4Z6g4Z6YIOGek+Get+GehOKAi+GeouGejOGfkuGejeGeheGek+GfkuGekeGegOGfkuGemuGeoOGemA==	V29ybGQgUmVkIENyb3NzIGFuZCBSZWQgQ3Jlc2NlbnQgRGF5
23217334eee8bc5611702614	4Z6U4Z634Z6O4Z+S4Z6MIOGfoeGfoA==	QmVuIDEw
233494b4b215dceb08e5f2db	4Z6R4Z634Z6c4Z624oCL4Z6i4Z6T4Z+S4Z6P4Z6a4oCL4Z6H4Z624Z6P4Z634oCL4Z6A4Z624Z6a4Z6W4Z624Z6a4oCL4Z6f4Z+S4Z6a4Z6R4Z624Z6U4Z+L4oCL4Z6i4Z684oCL4Z6g4Z+S4Z6f4Z684Z6TIOGegeGeveGelOGem+GevuGegOGekeGeuOGfoeGfpg==	SW50ZXJuYXRpb25hbCBEYXkgZm9yIHRoZSBQcmVzZXJ2YXRpb24gb2YgdGhlIE96b25lIExheWVy
233b33f8a7a401caa9f50b60	4Z6U4Z634Z6O4Z+S4Z6MIOGfog==	QmVuIDI=
236cb335d1c211cf56a0c5a7	4Z6R4Z634Z6c4Z624oCL4Z6i4Z6T4Z+S4Z6P4Z6a4oCL4Z6H4Z624Z6P4Z634oCL4Z6T4Z+D4oCL4Z6C4Z+S4Z6a4Z694Z6f4Z624Z6a	SW50ZXJuYXRpb25hbCBEYXkgb2YgRmFtaWxpZXM=
236cce087b835dd37db21246	4Z6R4Z634Z6c4Z624oCL4Z6H4Z624Z6P4Z634oCL4Z6T4Z+D4oCL4Z6A4Z624Z6a4oCL4Z6F4Z6E4oCL4Z6F4Z624Z+G	TmF0aW9uYWwgRGF5IG9mIFJlbWVtYnJhbmNl
236f2f74454a38c7c6fcca27	4Z6U4Z634Z6O4Z+S4Z6MIOGfoeGfoA==	QmVuIDEw
2373ecc0b56dd79e38b48556	4Z6W4Z634Z6S4Z644oCL4Z6U4Z674Z6O4Z+S4Z6Z4oCL4Z6X4Z+S4Z6H4Z674Z+G4oCL4Z6U4Z634Z6O4Z+S4Z6M	UGNodW0gQmVuIEZlc3RpdmFs
23816b33da5054d4b673cde5	4Z6f4Z+C4Z6T4oCL4Z6A4Z+S4Z6U4Z624Z6b4oCL4Z6R4Z654Z6A	R2hvc3QgRmVzdGl2YWw=
2387ee22662890df100b3239	4Z6W4Z634Z6S4Z644oCL4Z6U4Z674Z6O4Z+S4Z6Z4oCL4Z6X4Z+S4Z6H4Z674Z+G4oCL4Z6U4Z634Z6O4Z+S4Z6M	UGNodW0gQmVuIEZlc3RpdmFs
238ce8bb7078b864cfd4e1c9	4Z6R4Z634Z6c4Z624oCL4Z6i4Z624oCL4Z6A4Z624Z6f4oCL4Z6F4Z6a4Z6O4Z+N4Z6f4Z+K4Z644Z6c4Z634Z6b	Q2l2aWwgQXZpYXRpb24gRGF5
238e70ed98952c627017b313	4Z6R4Z634Z6c4Z624oCL4Z6W4Z634Z6X4Z6W4oCL4Z6b4Z+E4Z6A4oCL4Z6U4Z+S4Z6a4Z6G4Z624Z+G4Z6E4oCL4Z6W4Z6b4Z6A4Z6Y4Z+S4Z6Y4oCL4Z6A4Z674Z6Y4Z624Z6aIOGegeGeveGelOGem+GevuGegOGekeGeuOGfouGfoQ==	SGFwcHkgV29ybGQgRGF5IEFnYWluc3QgQ2hpbGQgTGFib3Vy
239fa7d2ff56796c84daa4a1	4Z6R4Z634Z6c4Z624oCL4Z6H4Z6T4oCL4Z6Y4Z624Z6T4oCL4Z6W4Z634Z6A4Z624Z6a4Z6X4Z624Z6W4oCL4Z6i4Z6T4Z+S4Z6P4Z6a4Z6H4Z624Z6P4Z63	SW50ZXJuYXRpb25hbCBEYXkgb2YgRGlzYWJsZWQgUGVyc29ucw==
23a16293e6853c413c88e6e9	4Z6U4Z634Z6O4Z+S4Z6MIOGfpg==	QmVuIDY=
23d82f7d61c4547035e092ba	4Z6R4Z634Z6c4Z624oCL4Z6U4Z+S4Z6a4Z624Z6a4Z6W4Z+S4Z6S4oCL4Z6W4Z634Z6S4Z644oCL4Z6C4Z+E4Z6a4Z6W4oCL4Z6W4Z+S4Z6a4Z+H4Z6c4Z634Z6J4Z+S4Z6J4Z624Z6O4Z6A4Z+S4Z6B4Z6T4Z+S4Z6SIOGeluGfkuGemuGfh+GegOGemuGeu+GejuGetuKAi+GeluGfkuGemuGfh+GelOGetuGekeKAi+Gen+GemOGfkuGej+GfgeGeheKAi+GeluGfkuGemuGfhyDhnpPhnprhn4Thno/hn5Lhno/hnpgg4Z6f4Z644Z6g4Z6T4Z67IOGeluGfkuGemuGfh+GemOGeoOGetuGenOGeuOGemuGegOGfkuGen+Gej+GfkuGemiDhnpbhn5Lhnprhn4figIvhnpzhnprhnprhnrbhnofigIvhnpThnrfhno/hnrbigIvhnq/hnoDhnprhnrbhnofhn5Lhnpkg4Z6U4Z684Z6a4Z6O4Z6X4Z624Z6W4oCL4Z6R4Z654Z6A4Z6K4Z64IOGek+Get+GehOKAi+Ger+GegOGel+GetuGeluKAi+Geh+GetuGej+Get+KAi+GegeGfkuGemOGfguGemg==	S2luZyBGYXRoZXIncyBDb21tZW1vcmF0aW9uIERheQ==
23f175441028a13defbad0a2	4Z6R4Z634Z6c4Z624oCL4Z6i4Z6T4Z+S4Z6P4Z6a4oCL4Z6H4Z624Z6P4Z634oCL4Z6A4Z624Z6a4Z6W4Z624Z6a4oCL4Z6f4Z+S4Z6a4Z6R4Z624Z6U4Z+L4oCL4Z6i4Z684oCL4Z6g4Z+S4Z6f4Z684Z6TIOGegeGeveGelOGem+GevuGegOGekeGeuOGfouGfqA==	SW50ZXJuYXRpb25hbCBEYXkgZm9yIHRoZSBQcmVzZXJ2YXRpb24gb2YgdGhlIE96b25lIExheWVy
240671760101a3801842ec29	4Z6R4Z634Z6c4Z624oCL4Z6H4Z624Z6P4Z634oCL4Z6Z4Z6b4Z+L4oCL4Z6K4Z654Z6E4oCL4Z6W4Z644oCL4Z6Y4Z644Z6TIOGegeGeveGelOGem+GevuGegOGekeGeuOGfoeGfpg==	TmF0aW9uYWwgTWluZSBBd2FyZW5lc3MgRGF5
240ac80e8bc35ee8c78851b1	4Z6U4Z634Z6O4Z+S4Z6MIOGfpQ==	QmVuIDU=
24442254f189225746e2f05b	4Z6F4Z624Z6U4Z+J4Z644oCL4Z6K4Z6E4oCL4Z6c4Z+C4Z6EIOGej+GfkuGemuGevOGenOKAi+GelOGetuGek+KAi+GeheGeu+Gfh+KAi+GegOGfkuGek+Geu+GehOKAi+GelOGeieGfkuGeh+GeuOKAi+GelOGfgeGej+Get+GegOKAi+Gel+GejuGfkuGejOKAi+GenOGelOGfkuGelOGekuGemOGfjOGeouGemuGevOGelOGeuOGek+Gfg+GemOGek+Geu+Gen+GfkuGen+Geh+GetuGej+GetyDhnoHhnr3hnpThnpvhnr7hnoDhnpHhnrjhn6Hhn6E=	Q2hhcGVpIERhbmcgVmVuZyBpbnNjcmliZWQgb24gdGhlIExpc3Qgb2YgSW50YW5naWJsZSBDdWx0dXJhbCBIZXJpdGFnZSBpbiBOZWVkIG9mIFVyZ2VudCBTYWZlZ3VhcmRpbmc=
24467ac4d57aee2804d9d75f	4Z6R4Z634Z6c4Z624oCL4Z6H4Z+Q4Z6Z4oCL4Z6H4Z6Y4Z+S4Z6T4Z+H4oCL4Z6b4Z6+4oCL4Z6a4Z6U4Z6U4oCL4Z6U4Z+S4Z6a4Z6b4Z+Q4Z6Z4oCL4Z6W4Z684Z6H4oCL4Z6f4Z624Z6f4Z6T4Z+NIOGegeGeveGelOGem+GevuGegOGekeGeuOGfo+Gfpg==	VmljdG9yeSBPdmVyIEdlbm9jaWRlIERheQ==
24882a04cfb2871ab6e62279	4Z6R4Z634Z6c4Z624oCL4Z6H4Z+Q4Z6Z4oCL4Z6H4Z6Y4Z+S4Z6T4Z+H4oCL4Z6b4Z6+4oCL4Z6a4Z6U4Z6U4oCL4Z6U4Z+S4Z6a4Z6b4Z+Q4Z6Z4oCL4Z6W4Z684Z6H4oCL4Z6f4Z624Z6f4Z6T4Z+NIOGegeGeveGelOGem+GevuGegOGekeGeuOGfpOGfog==	VmljdG9yeSBPdmVyIEdlbm9jaWRlIERheQ==
249c9ce1ce96e2557f5cb5c1	4Z6Q4Z+S4Z6E4Z+D4oCL4Z6f4Z+C4Z6T4oCL4Z6K4Z6A4oCL4Z6H4Z6+4Z6E4oCL4Z6S4Z684Z6U	S2l0Y2hlbiBHb2QgRmVzdGl2YWw=
24ac32c4a5a5f9454c29093e	4Z6U4Z634Z6O4Z+S4Z6MIOGfpA==	QmVuIDQ=
24bc94eda88c4ac7fb90a6b1	4Z6U4Z+S4Z6a4Z624Z6f4Z624Z6R4oCL4Z6W4Z+S4Z6a4Z+H4oCL4Z6c4Z634Z6g4Z624Z6aIOGej+GfkuGemuGevOGenOKAi+GelOGetuGek+KAi+GeheGeu+Gfh+KAi+GegOGfkuGek+Geu+GehOKAi+GelOGeieGfkuGeh+GeuOKAi+GelOGfgeGej+Get+GegOKAi+Gel+GejuGfkuGejOKAi+GeluGet+Gel+GeluGem+GfhOGegOGemuGelOGen+Gfi+GeouGehOGfkuGeguGegOGetuGemuGemeGevOGejuGfgeGen+GfkuGegOGevCDhnoHhnr3hnpThnpvhnr7hnoDhnpHhnrjhn6Hhn6Q=	VGVtcGxlIG9mIFByZWFoIFZpaGVhciB3YXMgaW5zY3JpYmVkIG9uIHRoZSBVTkVTQ08gV29ybGQgSGVyaXRhZ2UgTGlzdA==
24d04dc35b3cceb993f46c8a	4Z6P4Z674Z6b4Z624oCL4Z6A4Z624Z6a4oCL4Z6Z4Z674Z6P4Z+S4Z6P4Z634oCL4Z6S4Z6Y4Z+M4oCL4Z6i4Z6T4Z+S4Z6P4Z6a4oCL4Z6H4Z624Z6P4Z634oCL4Z6A4Z+S4Z6a4Z674Z6E4oCL4Z6h4Z624oCL4Z6i4Z+BIOGen+GemOGfkuGemuGfgeGeheKAi+GeseGfkuGemeKAi+GegOGemOGfkuGeluGeu+Geh+GetuGeh+GetuGemOGfkuGeheGetuGen+Gfi+GegOGemOGfkuGemOGen+Get+GekeGfkuGekuGetyDhnpvhnr7hnpThn5Lhnprhnrbhnp/hnrbhnpHhnpbhn5Lhnprhn4fhnpzhnrfhnqDhnrbhnpog4Z6B4Z694Z6U4Z6b4Z6+4Z6A4Z6R4Z644Z+m4Z+j	SW50ZXJuYXRpb25hbCBDb3VydCBvZiBKdXN0aWNlIGluIFRoZSBIYWd1ZSBkZWNsYXJlZCBDYW1ib2RpYSBpcyB0aGUgb3duZXIgb2YgdGhlIFByZWFoIFZpaGVhciBUZW1wbGU=
24da918cf6480ac000e7b147	4Z6W4Z+S4Z6a4Z+H4oCL4Z6a4Z624Z6H4oCL4Z6W4Z634Z6S4Z644oCL4Z6U4Z674Z6O4Z+S4Z6Z4oCL4Z6F4Z6Y4Z+S4Z6a4Z6+4Z6T4oCL4Z6W4Z+S4Z6a4Z+H4oCL4Z6H4Z6T4Z+S4Z6YIOGeluGfkuGemuGfh+KAi+GegOGemuGeu+GejuGetuKAi+GeluGfkuGemuGfh+KAi+GelOGetuGekeKAi+Gen+GemOGfkuGej+GfgeGeheKAi+GeluGfkuGemuGfh+KAi+GelOGemuGemOKAi+Gek+GetuGekCDhnpPhnprhn4Thno/hn5Lhno/hnpgg4Z6f4Z644Z6g4Z6Y4Z674Z6T4Z64IOGeluGfkuGemuGfh+KAi+GemOGeoOGetuGegOGfkuGen+Gej+GfkuGemuKAi+Gek+Gfg+KAi+GeluGfkuGemuGfh+GemuGetuGeh+GetuGejuGetuGeheGegOGfkuGemuKAi+GegOGemOGfkuGeluGeu+Geh+Getg==	S2luZyBTaWhhbW9uaSdzIEJpcnRoZGF5
250748e2ef24a101010fcff1	4Z6R4Z634Z6c4Z624oCL4Z6H4Z624Z6P4Z634oCL4Z6U4Z+S4Z6a4Z6G4Z624Z+G4Z6E4oCL4Z6A4Z624Z6a4oCL4Z6H4Z694Z6J4oCL4Z6K4Z684Z6a4oCL4Z6Y4Z6T4Z674Z6f4Z+S4Z6f	TmF0aW9uYWwgQW50aS1IdW1hbiBUcmFmZmlja2luZyBEYXk=
252e6a34ad7f55cf409581e9	4Z6A4Z6L4Z634Z6T4oCL4Z6A4Z624Z6b	S2F0aGVuIEthbA==
2539259f393a37503cad3c2e	4Z6R4Z634Z6c4Z624oCL4Z6i4Z6T4Z+S4Z6P4Z6a4oCL4Z6H4Z624Z6P4Z634oCL4Z6U4Z+S4Z6a4Z6Z4Z674Z6R4Z+S4Z6S4oCL4Z6U4Z+S4Z6a4Z6G4Z624Z+G4Z6E4oCL4Z6C4Z+S4Z6a4Z6/4Z6E4oCL4Z6J4Z+A4Z6T	SW50ZXJuYXRpb25hbCBEYXkgQWdhaW5zdCBEcnVnIEFidXNlIGFuZCBJbGxpY2l0IFRyYWZmaWNraW5n
253d6f7793f9be12fb713277	4Z6R4Z634Z6c4Z624oCL4Z6U4Z+S4Z6a4Z624Z6a4Z6W4Z+S4Z6S4oCL4Z6W4Z634Z6S4Z644oCL4Z6C4Z+E4Z6a4Z6W4oCL4Z6W4Z+S4Z6a4Z+H4Z6c4Z634Z6J4Z+S4Z6J4Z624Z6O4Z6A4Z+S4Z6B4Z6T4Z+S4Z6SIOGeluGfkuGemuGfh+GegOGemuGeu+GejuGetuKAi+GeluGfkuGemuGfh+GelOGetuGekeKAi+Gen+GemOGfkuGej+GfgeGeheKAi+GeluGfkuGemuGfhyDhnpPhnprhn4Thno/hn5Lhno/hnpgg4Z6f4Z644Z6g4Z6T4Z67IOGeluGfkuGemuGfh+GemOGeoOGetuGenOGeuOGemuGegOGfkuGen+Gej+GfkuGemiDhnpbhn5Lhnprhn4figIvhnpzhnprhnprhnrbhnofigIvhnpThnrfhno/hnrbigIvhnq/hnoDhnprhnrbhnofhn5Lhnpkg4Z6U4Z684Z6a4Z6O4Z6X4Z624Z6W4oCL4Z6R4Z654Z6A4Z6K4Z64IOGek+Get+GehOKAi+Ger+GegOGel+GetuGeluKAi+Geh+GetuGej+Get+KAi+GegeGfkuGemOGfguGemg==	S2luZyBGYXRoZXIncyBDb21tZW1vcmF0aW9uIERheQ==
253f549fe7e1ba418beff03d	4Z6R4Z634Z6c4Z624oCL4Z6R4Z+B4Z6f4oCL4Z6F4Z6a4Z6O4Z+N4oCL4Z6W4Z634oCL4Z6X4Z6W4oCL4Z6b4Z+E4Z6A	V29ybGQgVG91cmlzbSBEYXk=
2584fe4013d1d37dd3794d32	4Z6F4Z684Z6b4oCL4Z6W4Z+S4Z6a4Z+H4oCL4Z6c4Z6f4Z+S4Z6f4Z62	QmVnaW5uaW5nIG9mIEJ1ZGRoaXN0IExlbnQ=
2595da155f6ae907eec24b3b	4Z6R4Z634Z6c4Z624oCL4Z6f4Z6T4Z+S4Z6P4Z634oCL4Z6X4Z624Z6W4oCL4Z6i4Z6T4Z+S4Z6P4Z6a4oCL4Z6H4Z624Z6P4Z63	SW50ZXJuYXRpb25hbCBEYXkgb2YgUGVhY2U=
25a46136b7827bb70e847547	4Z6U4Z674Z6O4Z+S4Z6Z4oCL4Z6g4Z624Z6h4Z684Z6c4Z644Z6T	SGFsbG93ZWVu
25e6c8776e3165eb047775aa	4Z6R4Z634Z6c4Z624oCL4Z6W4Z634Z6X4Z6W4oCL4Z6b4Z+E4Z6A4oCL4Z6A4Z624Z6A4oCL4Z6U4Z624Z6R4oCL4Z6A4Z+S4Z6a4Z6g4Z6YIOGek+Get+GehOKAi+GeouGejOGfkuGejeGeheGek+GfkuGekeGegOGfkuGemuGeoOGemA==	V29ybGQgUmVkIENyb3NzIGFuZCBSZWQgQ3Jlc2NlbnQgRGF5
25e7a7c3c10e385879330a20	4Z6R4Z634Z6c4Z624oCL4Z6W4Z634Z6X4Z6W4oCL4Z6b4Z+E4Z6A4oCL4Z6U4Z+S4Z6a4Z6Z4Z674Z6R4Z+S4Z6S4oCL4Z6U4Z+S4Z6a4Z6G4Z624Z+G4Z6E4oCL4Z6T4Z654Z6E4oCL4Z6H4Z+G4Z6E4Z664oCL4Z6i4Z+B4Z6K4Z6f4Z+N	V29ybGQgQUlEUyBEYXk=
25ee9ac8da461cd9611fd174	4Z6R4Z634Z6c4Z624oCL4Z6C4Z+S4Z6a4Z684oCL4Z6U4Z6E4Z+S4Z6a4Z+A4Z6T4oCL4Z6W4Z634Z6X4Z6W4oCL4Z6b4Z+E4Z6A	V29ybGQgVGVhY2hlcidzIERheQ==
25eea85b63734434405befb0	4Z6C4Z674Z6T4oCL4Z6b4Z+S4Z6U4Z674Z6A4Z+S4Z6A4oCL4Z6P4Z+EIOGej+GfkuGemuGevOGenOKAi+GelOGetuGek+KAi+GeheGeu+Gfh+GegOGfkuGek+Geu+GehOGelOGeieGfkuGeh+GeuOGelOGfgeGej+Get+GegOGel+GejuGfkuGejOGenOGelOGfkuGelOGekuGemOGfjOGeouGemuGevOGelOGeuOGek+Gfg+GemOGek+Geu+Gen+GfkuGen+Geh+GetuGej+GetyDhnoHhnr3hnpThnpvhnr7hnoDhnpHhnrjhn6U=	S3VuIExib2thdG9yIGluc2NyaWJlZCBvbiB0aGUgUmVwcmVzZW50YXRpdmUgTGlzdCBvZiB0aGUgSW50YW5naWJsZSBDdWx0dXJhbCBIZXJpdGFnZSBvZiBIdW1hbml0eQ==
26064fb8e0756b08a2e925b7	4Z6R4Z634Z6c4Z624oCL4Z6U4Z+S4Z6a4Z6Z4Z674Z6R4Z+S4Z6S4oCL4Z6U4Z+S4Z6a4Z6G4Z624Z+G4Z6E4oCL4Z6i4Z+G4Z6W4Z6+4oCL4Z6W4Z674Z6A4Z6a4Z6b4Z694Z6Z	QW50aS1Db3JydXB0aW9uIERheQ==
264208f3a178c3b5ec9e8007	4Z6U4Z634Z6O4Z+S4Z6MIOGfoQ==	QmVuIDE=
264655c5fc09903c8d0cb397	4Z6R4Z634Z6c4Z624oCL4Z6c4Z6U4Z+S4Z6U4oCL4Z6S4Z6Y4Z+M4oCL4Z6H4Z624Z6P4Z63IOGegeGeveGelOGem+GevuGegOGekeGeuOGfoeGfpw==	TmF0aW9uYWwgQ3VsdHVyZSBEYXk=
264fe29c8108f5faae34f247	4Z6W4Z634Z6S4Z644oCL4Z6U4Z674Z6O4Z+S4Z6Z4oCL4Z6F4Z684Z6b4oCL4Z6G4Z+S4Z6T4Z624Z+G4oCL4Z6Q4Z+S4Z6Y4Z64IOGelOGfkuGemuGeluGfg+GejuGeuOKAi+Geh+GetuGej+GetyAtIOGenOGetuGemuGfiOKAi+GenOGfkOGek+KAi+GelOGejw==	S2htZXIgTmV3IFllYXIgLSBWZWFyZWFrIFZhbmFiYXQ=
2686a87c681a2d90297eba7d	4Z6R4Z634Z6c4Z624oCL4Z6n4Z6R4Z+S4Z6Z4Z624Z6T4Z674oCL4Z6a4Z6A4Z+S4Z6f4Z6W4Z634Z6X4Z6W4Z6b4Z+E4Z6AIOGegeGeveGelOGem+GevuGegOGekeGeuOGfoeGfoQ==	V29ybGQgUmFuZ2VyIERheQ==
268e40902b0289e71df1e555	4Z6F4Z684Z6b4oCL4Z6G4Z+S4Z6T4Z624Z+G4oCL4Z6F4Z634Z6T	Q2hpbmVzZSBOZXcgWWVhcg==
26917ce68a55490723c92722	4Z6R4Z634Z6c4Z624oCL4Z6H4Z6T4oCL4Z6Y4Z624Z6T4oCL4Z6W4Z634Z6A4Z624Z6a4Z6X4Z624Z6W4oCL4Z6i4Z6T4Z+S4Z6P4Z6a4Z6H4Z624Z6P4Z63	SW50ZXJuYXRpb25hbCBEYXkgb2YgRGlzYWJsZWQgUGVyc29ucw==
269a45065558cabef42fcf43	4Z6R4Z634Z6c4Z624oCL4Z6W4Z634Z6X4Z6W4oCL4Z6b4Z+E4Z6A4oCL4Z6A4Z624Z6A4oCL4Z6U4Z624Z6R4oCL4Z6A4Z+S4Z6a4Z6g4Z6YIOGek+Get+GehOKAi+GeouGejOGfkuGejeGeheGek+GfkuGekeGegOGfkuGemuGeoOGemA==	V29ybGQgUmVkIENyb3NzIGFuZCBSZWQgQ3Jlc2NlbnQgRGF5
26bb8b1d70c97fddc80bc66f	4Z6R4Z634Z6c4Z624oCL4Z6W4Z634Z6X4Z6W4Z6b4Z+E4Z6A4oCL4Z6A4Z+G4Z6F4Z624Z6P4Z+L4oCL4Z6a4Z+E4Z6C4oCL4Z6a4Z6U4Z+B4Z6E	V29ybGQgVHViZXJjdWxvc2lzIERheQ==
26d78d1499c05478e587b763	4Z6R4Z634Z6c4Z624oCL4Z6i4Z6T4Z+S4Z6P4Z6a4oCL4Z6H4Z624Z6P4Z634oCL4Z6A4Z624Z6a4Z6W4Z624Z6a4oCL4Z6f4Z+S4Z6a4Z6R4Z624Z6U4Z+L4oCL4Z6i4Z684oCL4Z6g4Z+S4Z6f4Z684Z6TIOGegeGeveGelOGem+GevuGegOGekeGeuOGfouGfpQ==	SW50ZXJuYXRpb25hbCBEYXkgZm9yIHRoZSBQcmVzZXJ2YXRpb24gb2YgdGhlIE96b25lIExheWVy
26d9647e8517cb03b27fcfcb	4Z6W4Z634Z6S4Z644oCL4Z6f4Z634Z6P4oCL4Z6R4Z+A4Z6T4oCL4Z6W4Z+S4Z6a4Z+H4oCL4Z6c4Z6f4Z+S4Z6f4Z62	QnVkZGhpc3QgTGVudCBDYW5kbGVzIE1ha2luZyBEYXk=
270a87364c06d3fc5839fdc7	4Z6f4Z+C4Z6T4Z6T4Z+G4Z6i4Z+K4Z64	V2ludGVyIFNvbHN0aWNlIEZlc3RpdmFs
270dc3921d0fe43361b6437f	4Z6a4Z6U4Z624Z+G4oCL4Z6W4Z+S4Z6a4Z+H4oCL4Z6a4Z624Z6H4oCL4Z6R4Z+S4Z6a4Z6W4Z+S4Z6ZIOGej+GfkuGemuGevOGenOKAi+GelOGetuGek+KAi+GeheGeu+Gfh+KAi+GegOGfkuGek+Geu+GehOKAi+GelOGeieGfkuGeh+GeuOKAi+GelOGfgeGej+Get+KAi+GegOGel+GejuGfkuGejOKAi+GenOGelOGfkuGelOGekuGemOGfjOGeouGemuGevOGelOGeuOGek+Gfg+GemOGek+Geu+Gen+GfkuGen+Geh+GetuGej+GetyDhnoHhnr3hnpThnpvhnr7hnoDhnpHhnrjhn6Lhn6Q=	Um95YWwgQmFsbGV0IG9mIENhbWJvZGlhIGluc2NyaWJlZCBvbiB0aGUgUmVwcmVzZW50YXRpdmUgTGlzdCBvZiB0aGUgSW50YW5naWJsZSBDdWx0dXJhbCBIZXJpdGFnZSBvZiBIdW1hbml0eQ==
2737c16e915ba3fc469c5597	4Z6U4Z634Z6O4Z+S4Z6MIOGfpA==	QmVuIDQ=
274e4afb23cc2f541f1f814b	4Z6W4Z+S4Z6a4Z+H4oCL4Z6a4Z624Z6H4oCL4Z6W4Z634Z6S4Z644oCL4Z6U4Z674Z6O4Z+S4Z6Z4oCL4Z6F4Z6Y4Z+S4Z6a4Z6+4Z6T4oCL4Z6W4Z+S4Z6a4Z+H4oCL4Z6H4Z6T4Z+S4Z6YIOGeluGfkuGemuGfh+KAi+GegOGemuGeu+GejuGetuKAi+GeluGfkuGemuGfh+KAi+GelOGetuGekeKAi+Gen+GemOGfkuGej+GfgeGeheKAi+GeluGfkuGemuGfh+KAi+GelOGemuGemOKAi+Gek+GetuGekCDhnpPhnprhn4Thno/hn5Lhno/hnpgg4Z6f4Z644Z6g4Z6Y4Z674Z6T4Z64IOGeluGfkuGemuGfh+KAi+GemOGeoOGetuGegOGfkuGen+Gej+GfkuGemuKAi+Gek+Gfg+KAi+GeluGfkuGemuGfh+GemuGetuGeh+GetuGejuGetuGeheGegOGfkuGemuKAi+GegOGemOGfkuGeluGeu+Geh+Getg==	S2luZyBTaWhhbW9uaSdzIEJpcnRoZGF5
2753449c23f8a85e470661d9	4Z6A4Z6Y4Z+S4Z6W4Z674Z6H4Z624oCL4Z6F4Z684Z6b4oCL4Z6H4Z624oCL4Z6f4Z6Y4Z624oCL4Z6H4Z634Z6A4oCL4Z6i4Z6E4Z+S4Z6C4oCL4Z6A4Z624Z6a4oCL4Z6Z4Z684Z6O4Z+B4Z6f4Z+S4Z6A4Z68IOGegeGeveGelOGem+GevuGegOGekeGeuOGfpuGfow==	Q2FtYm9kaWEgam9pbmVkIFVORVNDTw==
276b65ae37c70ba980a738fb	4Z6F4Z+B4Z6J4oCL4Z6W4Z+S4Z6a4Z+H4oCL4Z6c4Z6f4Z+S4Z6f4Z62	RW5kaW5nIG9mIEJ1ZGRoaXN0IExlbnQ=
27964e8745c81576e59a241a	4Z6W4Z634Z6S4Z644oCL4Z6U4Z674Z6O4Z+S4Z6Z4oCL4Z6X4Z+S4Z6H4Z674Z+G4oCL4Z6U4Z634Z6O4Z+S4Z6M	UGNodW0gQmVuIEZlc3RpdmFs
27ad77d571738ec6179b54b3	4Z6U4Z634Z6O4Z+S4Z6MIOGfoeGfoQ==	QmVuIDEx
27c3da24d2280c09f1a18e6a	4Z6R4Z634Z6c4Z624oCL4Z6f4Z+B4Z6a4Z644oCL4Z6X4Z624Z6W4oCL4Z6f4Z624Z6a4Z6W4Z+Q4Z6P4Z+M4Z6Y4Z624Z6T4oCL4Z6W4Z634Z6X4Z6W4oCL4Z6b4Z+E4Z6AIOGegeGeveGelOGem+GevuGegOGekeGeuOGfo+Gfow==	V29ybGQgUHJlc3MgRnJlZWRvbSBEYXk=
27df39b90e83f2a00cff5950	4Z6U4Z674Z6O4Z+S4Z6Z4oCL4Z6O4Z684Z6i4Z+C4Z6b	Q2hyaXN0bWFzIERheQ==
27eca5bafdce5c1f950f14ef	4Z6R4Z634Z6c4Z624oCL4Z6U4Z6a4Z634oCL4Z6f4Z+S4Z6Q4Z624Z6T4oCL4Z6H4Z624Z6P4Z63IOGek+Get+GehOKAi+GelOGemuGet+KAi+Gen+GfkuGekOGetuGek+KAi+GeluGet+Gel+GeluKAi+Gem+GfhOGegCDhnoHhnr3hnpThnpvhnr7hnoDhnpHhnrjhn6Hhn6Q=	TmF0aW9uYWwgYW5kIFdvcmxkIEVudmlyb25tZW50IERheQ==
27f657afcb4a3661100bb1ed	4Z6W4Z634Z6S4Z644oCL4Z6U4Z674Z6O4Z+S4Z6Z4oCL4Z6Y4Z624Z6D4Z6U4Z684Z6H4Z62	TWVhayBCb2NoZWE=
27fe0c448ca50902e1552165	4Z6R4Z634Z6c4Z624oCL4Z6Z4Z674Z6c4Z6H4Z6T4oCL4Z6i4Z6T4Z+S4Z6P4Z6a4oCL4Z6H4Z624Z6P4Z63	SW50ZXJuYXRpb25hbCBZb3V0aCBEYXk=
27ffcd15cf70954edaa29724	4Z6A4Z6Y4Z+S4Z6W4Z674Z6H4Z624oCL4Z6F4Z684Z6b4oCL4Z6H4Z624oCL4Z6f4Z6Y4Z624oCL4Z6H4Z634Z6A4oCL4Z6i4Z6E4Z+S4Z6C4oCL4Z6A4Z624Z6a4oCL4Z6Z4Z684Z6O4Z+B4Z6f4Z+S4Z6A4Z68IOGegeGeveGelOGem+GevuGegOGekeGeuOGfp+GfpQ==	Q2FtYm9kaWEgam9pbmVkIFVORVNDTw==
28029f72e2b3340422758d5e	4Z6W4Z634Z6S4Z644oCL4Z6U4Z674Z6O4Z+S4Z6Z4oCL4Z6f4Z+C4Z6T4oCL4Z6W4Z+S4Z6a4Z+H4oCL4Z6B4Z+C	TWlkLUF1dHVtbiBGZXN0aXZhbA==
280952f567ecf0f65c1c6a5c	4Z6R4Z634Z6c4Z624oCL4Z6f4Z674Z6B4oCL4Z6X4Z624Z6W4oCL4Z6W4Z634Z6X4Z6W4oCL4Z6b4Z+E4Z6A	V29ybGQgSGVhbHRoIERheQ==
2823b5a5ac60f014c17e0049	4Z6R4Z634Z6c4Z624oCL4Z6f4Z634Z6R4Z+S4Z6S4Z634oCL4Z6Y4Z6T4Z674Z6f4Z+S4Z6f4oCL4Z6i4Z6T4Z+S4Z6P4Z6a4Z6H4Z624Z6P4Z63IOGegeGeveGelOGem+GevuGegOGekeGeuOGfpuGfqQ==	SW50ZXJuYXRpb25hbCBIdW1hbiBSaWdodHMgRGF5
2834bcff012bb14dadfc6e65	4Z6W4Z+S4Z6a4Z+H4oCL4Z6a4Z624Z6H4oCL4Z6W4Z634Z6S4Z644oCL4Z6U4Z674Z6O4Z+S4Z6Z4oCL4Z6F4Z6Y4Z+S4Z6a4Z6+4Z6T4oCL4Z6W4Z+S4Z6a4Z+H4oCL4Z6H4Z6T4Z+S4Z6YIOGen+GemOGfkuGej+GfgeGeheKAi+GeluGfkuGemuGfh+KAi+GemOGeoOGetuGegOGfkuGen+Gej+GfkuGemuGeuCDhnpPhnprhn4Thno/hn5Lhno/hnpgg4Z6Y4Z674Z6T4Z634Z6T4Z624Z6QIOGen+GeuOGeoOGek+GeuyDhnpbhn5Lhnprhn4figIvhnpzhnprhnprhnrbhnofigIvhnpjhnrbhno/hnrbigIvhnofhnrbhno/hnrfigIvhnoHhn5Lhnpjhn4Lhnpog4Z6A4Z+S4Z6T4Z674Z6E4oCL4Z6f4Z+B4Z6a4Z644Z6X4Z624Z6WIOGen+GfgeGeheGegOGfkuGej+GeuOGekOGfkuGem+Gfg+GekOGfkuGek+GevOGemiDhnpPhnrfhnoTigIvhnp/hnrvhnpfhnpjhnoThn5LhnoLhnps=	UXVlZW4gTW90aGVyJ3MgQmlydGhkYXk=
284690b4069743e82a138979	4Z6R4Z634Z6c4Z624oCL4Z6i4Z6T4Z624oCL4Z6Y4Z+Q4Z6Z4oCL4Z6U4Z6a4Z634oCL4Z6f4Z+S4Z6Q4Z624Z6T4oCL4Z6H4Z624Z6P4Z63	TmF0aW9uYWwgRW52aXJvbm1lbnRhbCBTYW5pdGF0aW9uIERheQ==
286703400743f16e8dc51546	4Z6F4Z624Z6U4Z+J4Z644oCL4Z6K4Z6E4oCL4Z6c4Z+C4Z6EIOGej+GfkuGemuGevOGenOKAi+GelOGetuGek+KAi+GeheGeu+Gfh+KAi+GegOGfkuGek+Geu+GehOKAi+GelOGeieGfkuGeh+GeuOKAi+GelOGfgeGej+Get+GegOKAi+Gel+GejuGfkuGejOKAi+GenOGelOGfkuGelOGekuGemOGfjOGeouGemuGevOGelOGeuOGek+Gfg+GemOGek+Geu+Gen+GfkuGen+Geh+GetuGej+GetyDhnoHhnr3hnpThnpvhnr7hnoDhnpHhnrjhn6Hhn6I=	Q2hhcGVpIERhbmcgVmVuZyBpbnNjcmliZWQgb24gdGhlIExpc3Qgb2YgSW50YW5naWJsZSBDdWx0dXJhbCBIZXJpdGFnZSBpbiBOZWVkIG9mIFVyZ2VudCBTYWZlZ3VhcmRpbmc=
2873e721525b906fc5971fc4	4Z6W4Z634Z6S4Z644oCL4Z6U4Z674Z6O4Z+S4Z6Z4oCL4Z6X4Z+S4Z6H4Z674Z+G4oCL4Z6U4Z634Z6O4Z+S4Z6M	UGNodW0gQmVuIEZlc3RpdmFs
288b64ae62524f180ad370bc	4Z6W4Z634Z6S4Z644oCL4Z6U4Z674Z6O4Z+S4Z6Z4oCL4Z6X4Z+S4Z6H4Z674Z+G4oCL4Z6U4Z634Z6O4Z+S4Z6M	UGNodW0gQmVuIEZlc3RpdmFs
289780e1126e67233b6bc833	4Z6R4Z634Z6c4Z624oCL4Z6R4Z+B4Z6f4oCL4Z6F4Z6a4Z6O4Z+N4oCL4Z6W4Z634oCL4Z6X4Z6W4oCL4Z6b4Z+E4Z6A	V29ybGQgVG91cmlzbSBEYXk=
289da07a0927cecb58539045	4Z6R4Z634Z6c4Z624oCL4Z6W4Z634Z6X4Z6W4oCL4Z6b4Z+E4Z6A4oCL4Z6U4Z+S4Z6a4Z6Z4Z674Z6R4Z+S4Z6S4oCL4Z6U4Z+S4Z6a4Z6G4Z624Z+G4Z6E4oCL4Z6T4Z654Z6E4oCL4Z6H4Z+G4Z6E4Z664oCL4Z6i4Z+B4Z6K4Z6f4Z+N	V29ybGQgQUlEUyBEYXk=
28cc86c88aa5894f7ee45a90	4Z6R4Z634Z6c4Z624oCL4Z6H4Z6T4oCL4Z6Y4Z624Z6T4oCL4Z6W4Z634Z6A4Z624Z6a4Z6X4Z624Z6W4oCL4Z6i4Z6T4Z+S4Z6P4Z6a4Z6H4Z624Z6P4Z63	SW50ZXJuYXRpb25hbCBEYXkgb2YgRGlzYWJsZWQgUGVyc29ucw==
28d7ef342ebfbbb7a4ca355e	4Z6R4Z634Z6c4Z624oCL4Z6H4Z624Z6P4Z634oCL4Z6f4Z674Z6B4Z6X4Z624Z6W4oCL4Z6Y4Z624Z6P4Z62IOGekeGetuGemuGegCDhnpPhnrfhnoTigIvhnoDhnrvhnpjhnrbhnpo=	TmF0aW9uYWwgRGF5IG9uIE1hdGVybmFsLCBOZXdib3JuIGFuZCBDaGlsZCBIZWFsdGg=
28ed485bf16b1589727f1153	4Z6W4Z+S4Z6a4Z+H4oCL4Z6a4Z624Z6H4oCL4Z6W4Z634Z6S4Z644oCL4Z6F4Z+S4Z6a4Z6P4Z+L4oCL4Z6W4Z+S4Z6a4Z+H4oCL4Z6T4Z6E4Z+S4Z6C4Z+Q4Z6b	Um95YWwgUGxvdWdoaW5nIENlcmVtb255
2900d7545c7fadd6e290a82a	4Z6A4Z6Y4Z+S4Z6W4Z674Z6H4Z624oCL4Z6F4Z684Z6b4oCL4Z6H4Z624oCL4Z6f4Z6Y4Z624oCL4Z6H4Z634Z6A4oCL4Z6i4Z6E4Z+S4Z6C4oCL4Z6A4Z624Z6a4oCL4Z6f4Z6g4oCL4Z6U4Z+S4Z6a4Z6H4Z624Z6H4Z624Z6P4Z63IOGegeGeveGelOGem+GevuGegOGekeGeuOGfpOGfqA==	Q2FtYm9kaWEgYmVjYW1lIGEgbWVtYmVyIG9mIHRoZSBVbml0ZWQgTmF0aW9ucw==
291d27883e941e73d053c580	4Z6R4Z634Z6c4Z624oCL4Z6H4Z6T4oCL4Z6Y4Z624Z6T4oCL4Z6W4Z634Z6A4Z624Z6a4Z6X4Z624Z6W4oCL4Z6i4Z6T4Z+S4Z6P4Z6a4Z6H4Z624Z6P4Z63	SW50ZXJuYXRpb25hbCBEYXkgb2YgRGlzYWJsZWQgUGVyc29ucw==
294a364affab824271e6b171	4Z6R4Z634Z6c4Z624oCL4Z6i4Z6T4Z+S4Z6P4Z6a4oCL4Z6H4Z624Z6P4Z634oCL4Z6A4Z624Z6a4Z6W4Z624Z6a4oCL4Z6f4Z+S4Z6a4Z6R4Z624Z6U4Z+L4oCL4Z6i4Z684oCL4Z6g4Z+S4Z6f4Z684Z6TIOGegeGeveGelOGem+GevuGegOGekeGeuOGfo+GfqQ==	SW50ZXJuYXRpb25hbCBEYXkgZm9yIHRoZSBQcmVzZXJ2YXRpb24gb2YgdGhlIE96b25lIExheWVy
2957b7514956f66eaef05858	4Z6f4Z+C4Z6T4oCL4Z6A4Z+S4Z6U4Z624Z6b4oCL4Z6R4Z654Z6A	R2hvc3QgRmVzdGl2YWw=
295fdc39dc68267c26762585	4Z6R4Z634Z6c4Z624oCL4Z6U4Z+S4Z6a4Z624Z6a4Z6W4Z+S4Z6S4oCL4Z6W4Z634Z6S4Z644oCL4Z6C4Z+E4Z6a4Z6W4oCL4Z6W4Z+S4Z6a4Z+H4Z6c4Z634Z6J4Z+S4Z6J4Z624Z6O4Z6A4Z+S4Z6B4Z6T4Z+S4Z6SIOGeluGfkuGemuGfh+GegOGemuGeu+GejuGetuKAi+GeluGfkuGemuGfh+GelOGetuGekeKAi+Gen+GemOGfkuGej+GfgeGeheKAi+GeluGfkuGemuGfhyDhnpPhnprhn4Thno/hn5Lhno/hnpgg4Z6f4Z644Z6g4Z6T4Z67IOGeluGfkuGemuGfh+GemOGeoOGetuGenOGeuOGemuGegOGfkuGen+Gej+GfkuGemiDhnpbhn5Lhnprhn4figIvhnpzhnprhnprhnrbhnofigIvhnpThnrfhno/hnrbigIvhnq/hnoDhnprhnrbhnofhn5Lhnpkg4Z6U4Z684Z6a4Z6O4Z6X4Z624Z6W4oCL4Z6R4Z654Z6A4Z6K4Z64IOGek+Get+GehOKAi+Ger+GegOGel+GetuGeluKAi+Geh+GetuGej+Get+KAi+GegeGfkuGemOGfguGemg==	S2luZyBGYXRoZXIncyBDb21tZW1vcmF0aW9uIERheQ==
29a8e66f358d8f976376123c	4Z6W4Z634Z6S4Z644oCL4Z6U4Z674Z6O4Z+S4Z6Z4oCL4Z6X4Z+S4Z6H4Z674Z+G4oCL4Z6U4Z634Z6O4Z+S4Z6M	UGNodW0gQmVuIEZlc3RpdmFs
29d1d9d5d430db1b77cff08b	4Z6R4Z634Z6c4Z624Z6Y4Z624Z6P4Z62	TW90aGVyJ3MgRGF5
29d84ddac2402404f281bd38	4Z6R4Z634Z6c4Z624oCL4Z6T4Z624Z6a4Z644oCL4Z6i4Z6T4Z+S4Z6P4Z6a4Z6H4Z624Z6P4Z63IOGegeGeveGelOGem+GevuGegOGekeGeuOGfoeGfoeGfpg==	SW50ZXJuYXRpb25hbCBXb21lbidzIERheQ==
29db04e63dc2259cd2e82893	4Z6W4Z+S4Z6a4Z+H4oCL4Z6a4Z624Z6H4oCL4Z6W4Z634Z6S4Z644oCL4Z6U4Z674Z6O4Z+S4Z6Z4oCL4Z6i4Z674Z+G4oCL4Z6R4Z684Z6AIOGelOGejuGfkuGeiuGfguGej+KAi+GelOGfkuGemuGekeGeuOGelCDhnpPhnrfhnoTigIvhnp/hn4bhnpbhn4figIvhnpbhn5Lhnprhn4figIvhnoHhn4Ig4Z6i4Z6A4Z6i4Z+G4Z6U4Z674Z6A	V2F0ZXIgRmVzdGl2YWw=
2a1196885e072ca1d009b7a4	4Z6Q4Z+S4Z6E4Z+D4oCL4Z6U4Z674Z6O4Z+S4Z6Z4oCL4Z6T4Z+D4oCL4Z6f4Z+B4Z6F4Z6A4Z+S4Z6P4Z644oCL4Z6f4Z+S4Z6a4Z6b4Z624Z6J4Z+L	VmFsZW50aW5lJ3MgRGF5
2a40dc331a172feca439fec4	4Z6R4Z634Z6c4Z624oCL4Z6W4Z+S4Z6a4Z+H4oCL4Z6W4Z674Z6R4Z+S4Z6S4oCL4Z6f4Z624Z6f4Z6T4Z624oCL4Z6i4Z6T4Z+S4Z6P4Z6a4Z6H4Z624Z6P4Z63	SW50ZXJuYXRpb25hbCBCdWRkaGlzdCBEYXk=
2a56e8096465d7ce62d1c92a	4Z6R4Z634Z6c4Z624oCL4Z6f4Z6T4Z+S4Z6P4Z634oCL4Z6X4Z624Z6W4oCL4Z6i4Z6T4Z+S4Z6P4Z6a4oCL4Z6H4Z624Z6P4Z63	SW50ZXJuYXRpb25hbCBEYXkgb2YgUGVhY2U=
2a6bef677a305adfdc5544e0	4Z6f4Z+C4Z6T4oCL4Z6A4Z+S4Z6U4Z624Z6b4oCL4Z6R4Z654Z6A	R2hvc3QgRmVzdGl2YWw=
2a72cc1437702950c383251a	4Z6F4Z684Z6b4oCL4Z6G4Z+S4Z6T4Z624Z+G4oCL4Z6F4Z634Z6T	Q2hpbmVzZSBOZXcgWWVhcg==
2a74630356be4e5c9f627eaa	4Z6U4Z634Z6O4Z+S4Z6MIOGfoQ==	QmVuIDE=
2a762b7bb8f0091a1b86b1cf	4Z6W4Z634Z6S4Z644oCL4Z6U4Z+G4Z6U4Z694Z6f4oCL4Z6T4Z624Z6C4oCL4Z6B4Z+S4Z6T4Z624Z6T	VGhlIE9yZGFpbmVkIERyYWdvbiBNb25r
2a9f3690352d91512a593461	4Z6R4Z634Z6c4Z624oCL4Z6f4Z+B4Z6a4Z644oCL4Z6X4Z624Z6W4oCL4Z6f4Z624Z6a4Z6W4Z+Q4Z6P4Z+M4Z6Y4Z624Z6T4oCL4Z6W4Z634Z6X4Z6W4oCL4Z6b4Z+E4Z6AIOGegeGeveGelOGem+GevuGegOGekeGeuOGfo+GfoQ==	V29ybGQgUHJlc3MgRnJlZWRvbSBEYXk=
2aa76753ed5e6739250dfe9f	4Z6a4Z674Z6A4Z+S4Z6B4oCL4Z6R4Z634Z6c4Z62	QXJib3IgRGF5
2ab18a0c4bf7d1bfa803cabf	4Z6U4Z634Z6O4Z+S4Z6MIOGfpQ==	QmVuIDU=
2ac6db2be42e787b6a33bab7	4Z6U4Z674Z6O4Z+S4Z6Z4oCL4Z6g4Z624Z6h4Z684Z6c4Z644Z6T	SGFsbG93ZWVu
2aca4a4431943d7bd6b46667	4Z6W4Z634Z6S4Z644oCL4Z6U4Z674Z6O4Z+S4Z6Z4oCL4Z6F4Z684Z6b4oCL4Z6G4Z+S4Z6T4Z624Z+G4oCL4Z6Q4Z+S4Z6Y4Z64IOGelOGfkuGemuGeluGfg+GejuGeuOKAi+Geh+GetuGej+GetyAtIOGemOGeoOGetuKAi+Gen+GehOGfkuGegOGfkuGemuGetuGek+GfkuGejyDhnpjhn4nhn4ThnoQg4Z+h4Z+gOuGfoOGfoCBBTQ==	S2htZXIgTmV3IFllYXIgLSBNb2hhIFNhbmtyYW50YSBhdCAxMDowMCBBTQ==
2ad5a621cae85c19fb80b844	4Z6A4Z6Y4Z+S4Z6W4Z674Z6H4Z624oCL4Z6F4Z684Z6b4oCL4Z6H4Z624oCL4Z6f4Z6Y4Z624oCL4Z6H4Z634Z6A4oCL4Z6i4Z6E4Z+S4Z6C4oCL4Z6A4Z624Z6a4oCL4Z6Z4Z684Z6O4Z+B4Z6f4Z+S4Z6A4Z68IOGegeGeveGelOGem+GevuGegOGekeGeuOGfpuGfqQ==	Q2FtYm9kaWEgam9pbmVkIFVORVNDTw==
2ad7316ab7834f36cdde356c	4Z6R4Z634Z6c4Z624oCL4Z6C4Z+S4Z6a4Z684oCL4Z6U4Z6E4Z+S4Z6a4Z+A4Z6T4oCL4Z6W4Z634Z6X4Z6W4oCL4Z6b4Z+E4Z6A	V29ybGQgVGVhY2hlcidzIERheQ==
2add9e425b1e2f57d2cd99a7	4Z6a4Z6U4Z624Z+G4oCL4Z6W4Z+S4Z6a4Z+H4oCL4Z6a4Z624Z6H4oCL4Z6R4Z+S4Z6a4Z6W4Z+S4Z6ZIOGej+GfkuGemuGevOGenOKAi+GelOGetuGek+KAi+GeheGeu+Gfh+KAi+GegOGfkuGek+Geu+GehOKAi+GelOGeieGfkuGeh+GeuOKAi+GelOGfgeGej+Get+KAi+GegOGel+GejuGfkuGejOKAi+GenOGelOGfkuGelOGekuGemOGfjOGeouGemuGevOGelOGeuOGek+Gfg+GemOGek+Geu+Gen+GfkuGen+Geh+GetuGej+GetyDhnoHhnr3hnpThnpvhnr7hnoDhnpHhnrjhn6Lhn6Y=	Um95YWwgQmFsbGV0IG9mIENhbWJvZGlhIGluc2NyaWJlZCBvbiB0aGUgUmVwcmVzZW50YXRpdmUgTGlzdCBvZiB0aGUgSW50YW5naWJsZSBDdWx0dXJhbCBIZXJpdGFnZSBvZiBIdW1hbml0eQ==
2ae8ab32b1591f5171697b35	4Z6R4Z634Z6c4Z624oCL4Z6R4Z+B4Z6f4oCL4Z6F4Z6a4Z6O4Z+N4oCL4Z6W4Z634oCL4Z6X4Z6W4oCL4Z6b4Z+E4Z6A	V29ybGQgVG91cmlzbSBEYXk=
2ae974642ba93898f7548554	4Z6U4Z634Z6O4Z+S4Z6MIOGfpA==	QmVuIDQ=
2af8fccfb798a72e2da15ddf	4Z6R4Z634Z6c4Z624oCL4Z6f4Z674Z6B4oCL4Z6X4Z624Z6W4oCL4Z6W4Z634Z6X4Z6W4oCL4Z6b4Z+E4Z6A	V29ybGQgSGVhbHRoIERheQ==
2b068e92c9a33eef03ff5988	4Z6R4Z634Z6c4Z624oCL4Z6H4Z6T4oCL4Z6Y4Z624Z6T4oCL4Z6W4Z634Z6A4Z624Z6a4Z6X4Z624Z6W4oCL4Z6i4Z6T4Z+S4Z6P4Z6a4Z6H4Z624Z6P4Z63	SW50ZXJuYXRpb25hbCBEYXkgb2YgRGlzYWJsZWQgUGVyc29ucw==
2b319689b83b7f445017f16c	4Z6U4Z634Z6O4Z+S4Z6MIOGfqQ==	QmVuIDk=
2b8d5e62bc981d85b52152ec	4Z6R4Z634Z6c4Z624oCL4Z6Y4Z6T4Z674Z6f4Z+S4Z6f4oCL4Z6F4Z624Z6f4Z+L4oCL4Z6A4Z6Y4Z+S4Z6W4Z674Z6H4Z62IOGek+Get+GehOGekeGet+GenOGetuGemOGek+Geu+Gen+GfkuGen+GeheGetuGen+Gfi+GeouGek+GfkuGej+GemuGeh+GetuGej+GetyDhnoHhnr3hnpThnpvhnr7hnoDhnpHhnrjhn6Lhn6A=	Q2FtYm9kaWFuIE9sZGVyIFBlcnNvbnMgRGF5IGFuZCB0aGUgSW50ZXJuYXRpb25hbCBEYXkgb2YgT2xkZXIgUGVyc29ucw==
2b96d648be356ca298219696	4Z6A4Z6Y4Z+S4Z6W4Z674Z6H4Z624oCL4Z6F4Z684Z6b4oCL4Z6H4Z624oCL4Z6f4Z6Y4Z624oCL4Z6H4Z634Z6A4oCL4Z6i4Z624Z6f4Z+K4Z624Z6TIOGegeGeveGelOGem+GevuGegOGekeGeuOGfoeGfpg==	Q2FtYm9kaWEgam9pbmVkIFRoZSBBc3NvY2lhdGlvbiBvZiBTb3V0aGVhc3QgQXNpYW4gTmF0aW9ucyAoQVNFQU4p
2b9a806894aba7f060cacd70	4Z6W4Z634Z6S4Z644oCL4Z6U4Z674Z6O4Z+S4Z6Z4oCL4Z6F4Z684Z6b4oCL4Z6G4Z+S4Z6T4Z624Z+G4oCL4Z6Q4Z+S4Z6Y4Z64IOGelOGfkuGemuGeluGfg+GejuGeuOKAi+Geh+GetuGej+GetyAtIOGenOGetuGemuGfiOKAi+GenOGfkOGek+KAi+GelOGejw==	S2htZXIgTmV3IFllYXIgLSBWZWFyZWFrIFZhbmFiYXQ=
2b9e4fa1f1977b71fc052b0b	4Z6A4Z+S4Z6a4Z6Y4Z62IOGej+GfkuGemuGevOGenOKAi+GelOGetuGek+KAi+GeheGeu+Gfh+GegOGfkuGek+Geu+GehOGelOGeieGfkuGeh+GeuOGelOGfgeGej+Get+GegOGel+GejuGfkuGejOGenOGelOGfkuGelOGekuGemOGfjOGeouGemuGevOGelOGeuOGek+Gfg+GemOGek+Geu+Gen+GfkuGen+Geh+GetuGej+GetyDhnoHhnr3hnpThnpvhnr7hnoDhnpHhnrjhn6E=	S3JhbWEgaW5zY3JpYmVkIG9uIHRoZSBSZXByZXNlbnRhdGl2ZSBMaXN0IG9mIHRoZSBJbnRhbmdpYmxlIEN1bHR1cmFsIEhlcml0YWdlIG9mIEh1bWFuaXR5
2ba7d80c54451b4ace9359bd	4Z6R4Z634Z6c4Z624oCL4Z6W4Z634Z6X4Z6W4oCL4Z6b4Z+E4Z6A4oCL4Z6C4Z+S4Z6Y4Z624Z6T4oCL4Z6Q4Z+S4Z6T4Z624Z+G4oCL4Z6H4Z6A4Z+L	V29ybGQgTm8gVG9iYWNjbyBEYXk=
2bb3260481fb1400c0b469be	4Z6U4Z674Z6O4Z+S4Z6Z4oCL4Z6O4Z684Z6i4Z+C4Z6b	Q2hyaXN0bWFzIERheQ==
2c354d41c45f7ec9215375d0	4Z6W4Z634Z6S4Z644oCL4Z6U4Z674Z6O4Z+S4Z6Z4oCL4Z6X4Z+S4Z6H4Z674Z+G4oCL4Z6U4Z634Z6O4Z+S4Z6M	UGNodW0gQmVuIEZlc3RpdmFs
2c5cd7db44f0cc6ce010d2d4	4Z6U4Z634Z6O4Z+S4Z6MIOGfqA==	QmVuIDg=
2c7ff446a1103e2f82f44778	4Z6G4Z+B4Z6E4oCL4Z6Y4Z+J4Z+B4Z6E	VG9tYi1Td2VlcGluZyBEYXkgKFFpbmdtaW5nIEZlc3RpdmFsKQ==
2c8a6c8af6fa1a27e74bff76	4Z6a4Z674Z6A4Z+S4Z6B4oCL4Z6R4Z634Z6c4Z62	QXJib3IgRGF5
2cac950b309c308f1a43b897	4Z6R4Z634Z6c4Z624oCL4Z6H4Z624Z6P4Z634oCL4Z6U4Z+S4Z6a4Z6G4Z624Z+G4Z6E4oCL4Z6A4Z624Z6a4oCL4Z6H4Z694Z6J4oCL4Z6K4Z684Z6a4oCL4Z6Y4Z6T4Z674Z6f4Z+S4Z6f	TmF0aW9uYWwgQW50aS1IdW1hbiBUcmFmZmlja2luZyBEYXk=
2cb6a88b9efad9345cdf0f0c	4Z6R4Z634Z6c4Z624oCL4Z6H4Z+Q4Z6Z4oCL4Z6H4Z6Y4Z+S4Z6T4Z+H4oCL4Z6b4Z6+4oCL4Z6a4Z6U4Z6U4oCL4Z6U4Z+S4Z6a4Z6b4Z+Q4Z6Z4oCL4Z6W4Z684Z6H4oCL4Z6f4Z624Z6f4Z6T4Z+NIOGegeGeveGelOGem+GevuGegOGekeGeuOGfo+GfoA==	VmljdG9yeSBPdmVyIEdlbm9jaWRlIERheQ==
2cc41c3a8aa0084a62b5c496	4Z6F4Z+B4Z6J4oCL4Z6W4Z+S4Z6a4Z+H4oCL4Z6c4Z6f4Z+S4Z6f4Z62	RW5kaW5nIG9mIEJ1ZGRoaXN0IExlbnQ=
2cd053bd56d01e2a6111336c	4Z6F4Z684Z6b4oCL4Z6G4Z+S4Z6T4Z624Z+G4oCL4Z6F4Z634Z6T	Q2hpbmVzZSBOZXcgWWVhcg==
2cd85b78f3fb34f77c168571	4Z6a4Z6U4Z624Z+G4oCL4Z6W4Z+S4Z6a4Z+H4oCL4Z6a4Z624Z6H4oCL4Z6R4Z+S4Z6a4Z6W4Z+S4Z6ZIOGej+GfkuGemuGevOGenOKAi+GelOGetuGek+KAi+GeheGeu+Gfh+KAi+GegOGfkuGek+Geu+GehOKAi+GelOGeieGfkuGeh+GeuOKAi+GelOGfgeGej+Get+KAi+GegOGel+GejuGfkuGejOKAi+GenOGelOGfkuGelOGekuGemOGfjOGeouGemuGevOGelOGeuOGek+Gfg+GemOGek+Geu+Gen+GfkuGen+Geh+GetuGej+GetyDhnoHhnr3hnpThnpvhnr7hnoDhnpHhnrjhn6M=	Um95YWwgQmFsbGV0IG9mIENhbWJvZGlhIGluc2NyaWJlZCBvbiB0aGUgUmVwcmVzZW50YXRpdmUgTGlzdCBvZiB0aGUgSW50YW5naWJsZSBDdWx0dXJhbCBIZXJpdGFnZSBvZiBIdW1hbml0eQ==
2ce46fa8ebbca2543e05ed5f	4Z6Q4Z+S4Z6E4Z+D4oCL4Z6f4Z+C4Z6T4oCL4Z6K4Z6A4oCL4Z6H4Z6+4Z6E4oCL4Z6S4Z684Z6U	S2l0Y2hlbiBHb2QgRmVzdGl2YWw=
2ce81e134e224cc98ed9bdc8	4Z6U4Z634Z6O4Z+S4Z6MIOGfoeGfoA==	QmVuIDEw
2cedace31ce91c1cadfec540	4Z6U4Z674Z6O4Z+S4Z6Z4oCL4Z6g4Z624Z6h4Z684Z6c4Z644Z6T	SGFsbG93ZWVu
2d06868e87a59dc9802f3e9a	4Z6F4Z684Z6b4oCL4Z6W4Z+S4Z6a4Z+H4oCL4Z6c4Z6f4Z+S4Z6f4Z62	QmVnaW5uaW5nIG9mIEJ1ZGRoaXN0IExlbnQ=
2d079a438cf8008ed1352892	4Z6Q4Z+S4Z6E4Z+D4oCL4Z6f4Z+C4Z6T4oCL4Z6K4Z6A4oCL4Z6H4Z6+4Z6E4oCL4Z6S4Z684Z6U	S2l0Y2hlbiBHb2QgRmVzdGl2YWw=
2d42b959378f11693dfc0761	4Z6a4Z6U4Z624Z+G4oCL4Z6W4Z+S4Z6a4Z+H4oCL4Z6a4Z624Z6H4oCL4Z6R4Z+S4Z6a4Z6W4Z+S4Z6ZIOGej+GfkuGemuGevOGenOKAi+GelOGetuGek+KAi+GeheGeu+Gfh+KAi+GegOGfkuGek+Geu+GehOKAi+GelOGeieGfkuGeh+GeuOKAi+GelOGfgeGej+Get+KAi+GegOGel+GejuGfkuGejOKAi+GenOGelOGfkuGelOGekuGemOGfjOGeouGemuGevOGelOGeuOGek+Gfg+GemOGek+Geu+Gen+GfkuGen+Geh+GetuGej+GetyDhnoHhnr3hnpThnpvhnr7hnoDhnpHhnrjhn6Lhn6U=	Um95YWwgQmFsbGV0IG9mIENhbWJvZGlhIGluc2NyaWJlZCBvbiB0aGUgUmVwcmVzZW50YXRpdmUgTGlzdCBvZiB0aGUgSW50YW5naWJsZSBDdWx0dXJhbCBIZXJpdGFnZSBvZiBIdW1hbml0eQ==
2d467b3d36e3f8e3f3cf05bb	4Z6F4Z684Z6b4oCL4Z6G4Z+S4Z6T4Z624Z+G4oCL4Z6F4Z634Z6T	Q2hpbmVzZSBOZXcgWWVhcg==
2d66066302fe11dbc9604f60	4Z6U4Z634Z6O4Z+S4Z6MIOGfog==	QmVuIDI=
2d677dc2a5cfa001abeb755e	4Z6R4Z634Z6c4Z624oCL4Z6T4Z6Z4Z+E4oCL4Z6U4Z624Z6Z4oCL4Z6I4Z+S4Z6T4Z+HIOGeiOGfkuGek+Gfhw==	V2luLXdpbiBQb2xpY3kgRGF5
2d6a4c54acc57395555036dc	4Z6R4Z634Z6c4Z624oCL4Z6W4Z634Z6X4Z6W4Z6b4Z+E4Z6A4oCL4Z6A4Z+G4Z6F4Z624Z6P4Z+L4oCL4Z6a4Z+E4Z6C4oCL4Z6a4Z6U4Z+B4Z6E	V29ybGQgVHViZXJjdWxvc2lzIERheQ==
2d784a85c8d03e38a859af5f	4Z6R4Z634Z6c4Z624oCL4Z6i4Z6A4Z+S4Z6B4Z6a4oCL4Z6A4Z6Y4Z+S4Z6Y4oCL4Z6i4Z6T4Z+S4Z6P4Z6a4oCL4Z6H4Z624Z6P4Z63	SW50ZXJuYXRpb25hbCBMaXRlcmFjeSBEYXk=
2d7d11e2a1f9ca43a58432c4	4Z6R4Z634Z6c4Z624Z6a4Z+G4Z6b4Z654Z6A4oCL4Z6B4Z694Z6U4oCL4Z6T4Z+D4oCL4Z6A4Z634Z6F4Z+S4Z6F4Z6W4Z+S4Z6a4Z6Y4Z6W4Z+S4Z6a4Z+A4Z6E4oCL4Z6f4Z6T4Z+S4Z6P4Z634Z6X4Z624Z6W4oCL4Z6R4Z644Z6A4Z+S4Z6a4Z674Z6E4oCL4Z6U4Z+J4Z624Z6a4Z644Z6f	UGFyaXMgUGVhY2UgQWdyZWVtZW50IERheQ==
2d7fec7bac22faa38d95df1f	4Z6f4Z+C4Z6T4oCL4Z6T4Z+G4oCL4Z6F4Z624Z+G4Z6E	U3RpY2t5IFJpY2UgRHVtcGxpbmdzIChab25nemkp
2da275fbd398bc5aa1af157c	4Z6U4Z634Z6O4Z+S4Z6MIOGfoeGfow==	QmVuIDEz
2dac5caa742daf69ef09a284	4Z6A4Z+G4Z6O4Z6+4Z6P4oCL4Z6T4Z6C4Z6a4oCL4Z6U4Z624Z6b4oCL4Z6H4Z624Z6P4Z63IOGegeGeveGelOGem+GevuGegOGekeGeuOGfqOGfoQ==	QmlydGggb2YgdGhlIE5hdGlvbmFsIFBvbGljZQ==
2db5678e4b63695493db3b1c	4Z6F4Z684Z6b4oCL4Z6G4Z+S4Z6T4Z624Z+G4oCL4Z6F4Z634Z6T	Q2hpbmVzZSBOZXcgWWVhcg==
2ddad08765c8a95d9b6a5007	4Z6U4Z674Z6O4Z+S4Z6Z4oCL4Z6g4Z624Z6h4Z684Z6c4Z644Z6T	SGFsbG93ZWVu
2ddf3511b6a894d1e00c26ad	4Z6W4Z634Z6S4Z644oCL4Z6U4Z+G4Z6U4Z694Z6f4oCL4Z6T4Z624Z6C4oCL4Z6B4Z+S4Z6T4Z624Z6T	VGhlIE9yZGFpbmVkIERyYWdvbiBNb25r
2de731283c6db72fc69cefbc	4Z6R4Z634Z6c4Z624oCL4Z6R4Z+B4Z6f4oCL4Z6F4Z6a4Z6O4Z+N4oCL4Z6W4Z634oCL4Z6X4Z6W4oCL4Z6b4Z+E4Z6A	V29ybGQgVG91cmlzbSBEYXk=
2deb657ac9ccc1c29775b1d2	4Z6R4Z634Z6c4Z624oCL4Z6R4Z+B4Z6f4oCL4Z6F4Z6a4Z6O4Z+N4oCL4Z6W4Z634oCL4Z6X4Z6W4oCL4Z6b4Z+E4Z6A	V29ybGQgVG91cmlzbSBEYXk=
2e0a4993028f9c7f37592f31	4Z6b4Z+S4Z6B4Z+E4Z6T4oCL4Z6f4Z+S4Z6a4Z6Y4Z+E4Z6b4oCL4Z6f4Z+S4Z6U4Z+C4Z6A4oCLIOGej+GfkuGemuGevOGenOKAi+GelOGetuGek+KAi+GeheGeu+Gfh+KAi+GegOGfkuGek+Geu+GehOKAi+GelOGeieGfkuGeh+GeuOKAi+GelOGfgeGej+Get+GegOKAi+Gel+GejuGfkuGejOGenOGelOGfkuGelOGekuGemOGfjOGeouGemuGevOGelOGeuOGek+Gfg+GemOGek+Geu+Gen+GfkuGen+Geh+GetuGej+GetyDhnoHhnr3hnpThnpvhnr7hnoDhnpHhnrjhn6Hhn6c=	S2htZXIgU2hhZG93IFRoZWF0cmUgaW5zY3JpYmVkIG9uIHRoZSBSZXByZXNlbnRhdGl2ZSBMaXN0IG9mIHRoZSBJbnRhbmdpYmxlIEN1bHR1cmFsIEhlcml0YWdlIG9mIEh1bWFuaXR5
2e0aeca395911400c99eae2e	4Z6F4Z684Z6b4oCL4Z6G4Z+S4Z6T4Z624Z+G4oCL4Z6F4Z634Z6T	Q2hpbmVzZSBOZXcgWWVhcg==
2e158d6a14e149ba7975ec6c	4Z6W4Z634Z6S4Z644oCL4Z6f4Z634Z6P4oCL4Z6R4Z+A4Z6T4oCL4Z6W4Z+S4Z6a4Z+H4oCL4Z6c4Z6f4Z+S4Z6f4Z62	QnVkZGhpc3QgTGVudCBDYW5kbGVzIE1ha2luZyBEYXk=
2e3a7772d03efdf18fbdae76	4Z6W4Z634Z6S4Z644oCL4Z6U4Z674Z6O4Z+S4Z6Z4oCL4Z6F4Z684Z6b4oCL4Z6G4Z+S4Z6T4Z624Z+G4oCL4Z6Q4Z+S4Z6Y4Z64IOGelOGfkuGemuGeluGfg+GejuGeuOKAi+Geh+GetuGej+GetyAtIOGenOGetuGemuGfiOKAi+GenOGfkOGek+KAi+GelOGejw==	S2htZXIgTmV3IFllYXIgLSBWZWFyZWFrIFZhbmFiYXQ=
2e3a7f22d1af99661edb9ed4	4Z6U4Z634Z6O4Z+S4Z6MIOGfoeGfoQ==	QmVuIDEx
2e5b42b9431e8638263d91ab	4Z6R4Z634Z6c4Z624oCL4Z6i4Z6T4Z+S4Z6P4Z6a4oCL4Z6H4Z624Z6P4Z634oCL4Z6U4Z+S4Z6a4Z6Z4Z674Z6R4Z+S4Z6S4oCL4Z6U4Z+S4Z6a4Z6G4Z624Z+G4Z6E4oCL4Z6C4Z+S4Z6a4Z6/4Z6E4oCL4Z6J4Z+A4Z6T	SW50ZXJuYXRpb25hbCBEYXkgQWdhaW5zdCBEcnVnIEFidXNlIGFuZCBJbGxpY2l0IFRyYWZmaWNraW5n
2e8310ff9d4703252fb5074b	4Z6R4Z634Z6c4Z624oCL4Z6f4Z674Z6B4oCL4Z6X4Z624Z6W4oCL4Z6W4Z634Z6X4Z6W4oCL4Z6b4Z+E4Z6A	V29ybGQgSGVhbHRoIERheQ==
2e8dd4302e216fcfe4bc8803	4Z6U4Z634Z6O4Z+S4Z6MIOGfpg==	QmVuIDY=
2e98d325ccf78768b2c3323b	4Z6R4Z634Z6c4Z624oCL4Z6Y4Z6T4Z674Z6f4Z+S4Z6f4oCL4Z6F4Z624Z6f4Z+L4oCL4Z6A4Z6Y4Z+S4Z6W4Z674Z6H4Z62IOGek+Get+GehOGekeGet+GenOGetuGemOGek+Geu+Gen+GfkuGen+GeheGetuGen+Gfi+GeouGek+GfkuGej+GemuGeh+GetuGej+GetyDhnoHhnr3hnpThnpvhnr7hnoDhnpHhnrjhn6Lhn6g=	Q2FtYm9kaWFuIE9sZGVyIFBlcnNvbnMgRGF5IGFuZCB0aGUgSW50ZXJuYXRpb25hbCBEYXkgb2YgT2xkZXIgUGVyc29ucw==
2eb270f3c6a2d68a6a205474	4Z6R4Z634Z6c4Z624oCL4Z6A4Z674Z6Y4Z624Z6a4oCL4Z6i4Z6T4Z+S4Z6P4Z6a4oCL4Z6H4Z624Z6P4Z63IOGegeGeveGelOGem+GevuGegOGekeGeuOGfp+GfpQ==	SW50ZXJuYXRpb25hbCBDaGlsZHJlbidzIERheQ==
2ebc84917737e0805c023aa7	4Z6R4Z634Z6c4Z624oCL4Z6f4Z+B4Z6a4Z644oCL4Z6X4Z624Z6W4oCL4Z6f4Z624Z6a4Z6W4Z+Q4Z6P4Z+M4Z6Y4Z624Z6T4oCL4Z6W4Z634Z6X4Z6W4oCL4Z6b4Z+E4Z6AIOGegeGeveGelOGem+GevuGegOGekeGeuOGfo+Gfog==	V29ybGQgUHJlc3MgRnJlZWRvbSBEYXk=
2ecf3cee122644ba6307d430	4Z6R4Z634Z6c4Z624oCL4Z6H4Z624Z6P4Z634oCL4Z6U4Z+S4Z6a4Z6G4Z624Z+G4Z6E4oCL4Z6A4Z624Z6a4oCL4Z6H4Z694Z6J4oCL4Z6K4Z684Z6a4oCL4Z6Y4Z6T4Z674Z6f4Z+S4Z6f	TmF0aW9uYWwgQW50aS1IdW1hbiBUcmFmZmlja2luZyBEYXk=
2ed35044bc9df4ecfa355395	4Z6R4Z634Z6c4Z624oCL4Z6W4Z634Z6X4Z6W4Z6b4Z+E4Z6A4oCL4Z6A4Z+G4Z6F4Z624Z6P4Z+L4oCL4Z6a4Z+E4Z6C4oCL4Z6a4Z6U4Z+B4Z6E	V29ybGQgVHViZXJjdWxvc2lzIERheQ==
2ee2fe5e747c024137a2f7cc	4Z6P4Z+G4Z6U4Z6T4Z+L4oCL4Z6a4Z6Y4Z6O4Z644oCL4Z6K4Z+S4Z6L4Z624Z6T4oCL4Z6i4Z6E4Z+S4Z6C4Z6aIOGej+GfkuGemuGevOGenOKAi+GelOGetuGek+KAi+GeheGeu+Gfh+KAi+GegOGfkuGek+Geu+GehOKAi+GelOGeieGfkuGeh+GeuOKAi+GelOGfgeGej+Get+GegOKAi+Gel+GejuGfkuGejOKAi+GeluGet+Gel+GeluGem+GfhOGegOGemuGelOGen+Gfi+GeouGehOGfkuGeguGegOGetuGemuGemeGevOGejuGfgeGen+GfkuGegOGevCDhnoHhnr3hnpThnpvhnr7hnoDhnpHhnrjhn6Hhn6A=	QW5na29yIHdhcyBpbnNjcmliZWQgb24gdGhlIFVORVNDTyBXb3JsZCBIZXJpdGFnZSBMaXN0
2ee55b66a3cffed67ffbd8ff	4Z6a4Z6U4Z624Z+G4oCL4Z6W4Z+S4Z6a4Z+H4oCL4Z6a4Z624Z6H4oCL4Z6R4Z+S4Z6a4Z6W4Z+S4Z6ZIOGej+GfkuGemuGevOGenOKAi+GelOGetuGek+KAi+GeheGeu+Gfh+KAi+GegOGfkuGek+Geu+GehOKAi+GelOGeieGfkuGeh+GeuOKAi+GelOGfgeGej+Get+KAi+GegOGel+GejuGfkuGejOKAi+GenOGelOGfkuGelOGekuGemOGfjOGeouGemuGevOGelOGeuOGek+Gfg+GemOGek+Geu+Gen+GfkuGen+Geh+GetuGej+GetyDhnoHhnr3hnpThnpvhnr7hnoDhnpHhnrjhn6U=	Um95YWwgQmFsbGV0IG9mIENhbWJvZGlhIGluc2NyaWJlZCBvbiB0aGUgUmVwcmVzZW50YXRpdmUgTGlzdCBvZiB0aGUgSW50YW5naWJsZSBDdWx0dXJhbCBIZXJpdGFnZSBvZiBIdW1hbml0eQ==
2f0c0ed5bd0b231d654801b6	4Z6W4Z+S4Z6a4Z+H4oCL4Z6a4Z624Z6H4oCL4Z6W4Z634Z6S4Z644oCL4Z6F4Z+S4Z6a4Z6P4Z+L4oCL4Z6W4Z+S4Z6a4Z+H4oCL4Z6T4Z6E4Z+S4Z6C4Z+Q4Z6b	Um95YWwgUGxvdWdoaW5nIENlcmVtb255
2f0c11e9e978db36c5c1ad01	4Z6A4Z6Y4Z+S4Z6W4Z674Z6H4Z624oCL4Z6F4Z684Z6b4oCL4Z6H4Z624oCL4Z6f4Z6Y4Z624oCL4Z6H4Z634Z6A4oCL4Z6i4Z6E4Z+S4Z6C4oCL4Z6A4Z624Z6a4oCL4Z6f4Z6g4oCL4Z6U4Z+S4Z6a4Z6H4Z624Z6H4Z624Z6P4Z63IOGegeGeveGelOGem+GevuGegOGekeGeuOGfpuGfqQ==	Q2FtYm9kaWEgYmVjYW1lIGEgbWVtYmVyIG9mIHRoZSBVbml0ZWQgTmF0aW9ucw==
2f1657f7f398bd36f2308b07	4Z6F4Z684Z6b4oCL4Z6G4Z+S4Z6T4Z624Z+G4oCL4Z6F4Z634Z6T	Q2hpbmVzZSBOZXcgWWVhcg==
2f3ce1399f330c66942b2133	4Z6R4Z634Z6c4Z624oCL4Z6R4Z+B4Z6f4oCL4Z6F4Z6a4Z6O4Z+N4oCL4Z6W4Z634oCL4Z6X4Z6W4oCL4Z6b4Z+E4Z6A	V29ybGQgVG91cmlzbSBEYXk=
2f4cc25d4e9b4c4442654b6a	4Z6R4Z634Z6c4Z624oCL4Z6i4Z6T4Z+S4Z6P4Z6a4oCL4Z6H4Z624Z6P4Z634oCL4Z6H4Z6T4Z6H4Z624Z6P4Z634Z6K4Z6+4Z6Y4Z6X4Z624Z6C4Z6P4Z634Z6F4Z6W4Z634Z6X4Z6W4Z6b4Z+E4Z6A	SW50ZXJuYXRpb25hbCBEYXkgb2YgdGhlIFdvcmxkJ3MgSW5kaWdlbm91cyBQZW9wbGVz
2f4eecf0b2ab705c23fd15e2	4Z6R4Z634Z6c4Z624oCL4Z6f4Z634Z6R4Z+S4Z6S4Z634oCL4Z6Y4Z6T4Z674Z6f4Z+S4Z6f4oCL4Z6i4Z6T4Z+S4Z6P4Z6a4Z6H4Z624Z6P4Z63IOGegeGeveGelOGem+GevuGegOGekeGeuOGfp+Gfpw==	SW50ZXJuYXRpb25hbCBIdW1hbiBSaWdodHMgRGF5
2f7139520452d89d34b822b5	4Z6a4Z6U4Z624Z+G4oCL4Z6W4Z+S4Z6a4Z+H4oCL4Z6a4Z624Z6H4oCL4Z6R4Z+S4Z6a4Z6W4Z+S4Z6ZIOGej+GfkuGemuGevOGenOKAi+GelOGetuGek+KAi+GeheGeu+Gfh+KAi+GegOGfkuGek+Geu+GehOKAi+GelOGeieGfkuGeh+GeuOKAi+GelOGfgeGej+Get+KAi+GegOGel+GejuGfkuGejOKAi+GenOGelOGfkuGelOGekuGemOGfjOGeouGemuGevOGelOGeuOGek+Gfg+GemOGek+Geu+Gen+GfkuGen+Geh+GetuGej+GetyDhnoHhnr3hnpThnpvhnr7hnoDhnpHhnrjhn6Y=	Um95YWwgQmFsbGV0IG9mIENhbWJvZGlhIGluc2NyaWJlZCBvbiB0aGUgUmVwcmVzZW50YXRpdmUgTGlzdCBvZiB0aGUgSW50YW5naWJsZSBDdWx0dXJhbCBIZXJpdGFnZSBvZiBIdW1hbml0eQ==
2f8e98ef69f5253f2ba1b504	4Z6R4Z634Z6c4Z624oCL4Z6f4Z674Z6B4oCL4Z6X4Z624Z6W4oCL4Z6W4Z634Z6X4Z6W4oCL4Z6b4Z+E4Z6A	V29ybGQgSGVhbHRoIERheQ==
2fad926166160bc6289aff32	4Z6R4Z634Z6c4Z624oCL4Z6C4Z+S4Z6a4Z684oCL4Z6U4Z6E4Z+S4Z6a4Z+A4Z6T4oCL4Z6W4Z634Z6X4Z6W4oCL4Z6b4Z+E4Z6A	V29ybGQgVGVhY2hlcidzIERheQ==
2fb000256a17b2e4144ca69d	4Z6W4Z634Z6S4Z644oCL4Z6U4Z674Z6O4Z+S4Z6Z4oCL4Z6v4Z6A4Z6a4Z624Z6H4Z+S4Z6Z4oCL4Z6H4Z624Z6P4Z63IOGegeGeveGelOGem+GevuGegOGekeGeuOGfpeGfpw==	SW5kZXBlbmRlbmNlIERheQ==
2fcadaa04932437a814d1c0e	4Z6R4Z634Z6c4Z624oCL4Z6U4Z+S4Z6a4Z6A4Z624Z6f4oCL4Z6a4Z6K4Z+S4Z6L4oCL4Z6S4Z6Y4Z+S4Z6Y4Z6T4Z674Z6J4Z+S4Z6JIOGegeGeveGelOGem+GevuGegOGekeGeuOGfoeGfpg==	Q29uc3RpdHV0aW9uIERheQ==
2fefb48a81ac40fcaf204cf3	4Z6R4Z634Z6c4Z624Z6R4Z654Z6AIOGek+Get+GehOGep+Gej+Geu+Gek+Get+GemeGemOGeluGet+Gel+GeluGem+GfhOGegA==	V29ybGQgV2F0ZXIgYW5kIFdvcmxkIE1ldGVvcm9sb2dpY2FsIERheQ==
2ff62f5b521846110be011e8	4Z6R4Z634Z6c4Z624oCL4Z6U4Z6a4Z634oCL4Z6f4Z+S4Z6Q4Z624Z6T4oCL4Z6H4Z624Z6P4Z63IOGek+Get+GehOKAi+GelOGemuGet+KAi+Gen+GfkuGekOGetuGek+KAi+GeluGet+Gel+GeluKAi+Gem+GfhOGegCDhnoHhnr3hnpThnpvhnr7hnoDhnpHhnrjhn6Hhn6g=	TmF0aW9uYWwgYW5kIFdvcmxkIEVudmlyb25tZW50IERheQ==
2ffe762f3ce5a03dd0019d3c	4Z6W4Z+S4Z6a4Z+H4oCL4Z6a4Z624Z6H4oCL4Z6W4Z634Z6S4Z644oCL4Z6U4Z674Z6O4Z+S4Z6Z4oCL4Z6F4Z6Y4Z+S4Z6a4Z6+4Z6T4oCL4Z6W4Z+S4Z6a4Z+H4oCL4Z6H4Z6T4Z+S4Z6YIOGen+GemOGfkuGej+GfgeGeheKAi+GeluGfkuGemuGfh+KAi+GemOGeoOGetuGegOGfkuGen+Gej+GfkuGemuGeuCDhnpPhnprhn4Thno/hn5Lhno/hnpgg4Z6Y4Z674Z6T4Z634Z6T4Z624Z6QIOGen+GeuOGeoOGek+GeuyDhnpbhn5Lhnprhn4figIvhnpzhnprhnprhnrbhnofigIvhnpjhnrbhno/hnrbigIvhnofhnrbhno/hnrfigIvhnoHhn5Lhnpjhn4Lhnpog4Z6A4Z+S4Z6T4Z674Z6E4oCL4Z6f4Z+B4Z6a4Z644Z6X4Z624Z6WIOGen+GfgeGeheGegOGfkuGej+GeuOGekOGfkuGem+Gfg+GekOGfkuGek+GevOGemiDhnpPhnrfhnoTigIvhnp/hnrvhnpfhnpjhnoThn5LhnoLhnps=	UXVlZW4gTW90aGVyJ3MgQmlydGhkYXk=
2fff1dc1b59523e641d2e6fa	4Z6W4Z+S4Z6a4Z+H4oCL4Z6a4Z624Z6H4oCL4Z6W4Z634Z6S4Z644oCL4Z6U4Z674Z6O4Z+S4Z6Z4oCL4Z6F4Z6Y4Z+S4Z6a4Z6+4Z6T4oCL4Z6W4Z+S4Z6a4Z+H4oCL4Z6H4Z6T4Z+S4Z6YIOGeluGfkuGemuGfh+KAi+GegOGemuGeu+GejuGetuKAi+GeluGfkuGemuGfh+KAi+GelOGetuGekeKAi+Gen+GemOGfkuGej+GfgeGeheKAi+GeluGfkuGemuGfh+KAi+GelOGemuGemOKAi+Gek+GetuGekCDhnpPhnprhn4Thno/hn5Lhno/hnpgg4Z6f4Z644Z6g4Z6Y4Z674Z6T4Z64IOGeluGfkuGemuGfh+KAi+GemOGeoOGetuGegOGfkuGen+Gej+GfkuGemuKAi+Gek+Gfg+KAi+GeluGfkuGemuGfh+GemuGetuGeh+GetuGejuGetuGeheGegOGfkuGemuKAi+GegOGemOGfkuGeluGeu+Geh+Getg==	S2luZyBTaWhhbW9uaSdzIEJpcnRoZGF5
3017bad5ad75bfe03828f0c6	4Z6U4Z634Z6O4Z+S4Z6MIOGfoeGfoA==	QmVuIDEw
304391f2ef28177acbd2fd5a	4Z6R4Z634Z6c4Z624oCL4Z6i4Z6T4Z624oCL4Z6Y4Z+Q4Z6Z4oCL4Z6U4Z6a4Z634oCL4Z6f4Z+S4Z6Q4Z624Z6T4oCL4Z6H4Z624Z6P4Z63	TmF0aW9uYWwgRW52aXJvbm1lbnRhbCBTYW5pdGF0aW9uIERheQ==
304f0efb7a474cc803ac668d	4Z6U4Z674Z6O4Z+S4Z6Z4oCL4Z6O4Z684Z6i4Z+C4Z6b	Q2hyaXN0bWFzIERheQ==
307254d92b7b272641ecb7ec	4Z6R4Z634Z6c4Z624oCL4Z6Y4Z6F4Z+S4Z6G4Z624oCL4Z6H4Z624Z6P4Z63	TmF0aW9uYWwgRmlzaCBEYXk=
308ac79f5018fac2a0fec345	4Z6R4Z634Z6c4Z624oCL4Z6U4Z6a4Z634oCL4Z6f4Z+S4Z6Q4Z624Z6T4oCL4Z6H4Z624Z6P4Z63IOGek+Get+GehOKAi+GelOGemuGet+KAi+Gen+GfkuGekOGetuGek+KAi+GeluGet+Gel+GeluKAi+Gem+GfhOGegCDhnoHhnr3hnpThnpvhnr7hnoDhnpHhnrjhn6Phn6Q=	TmF0aW9uYWwgYW5kIFdvcmxkIEVudmlyb25tZW50IERheQ==
3097b1ec549177ce40a739d3	4Z6W4Z+S4Z6a4Z+H4oCL4Z6a4Z624Z6H4oCL4Z6W4Z634Z6S4Z644oCL4Z6C4Z+S4Z6a4Z6E4oCL4Z6W4Z+S4Z6a4Z+H4oCL4Z6U4Z6a4Z6Y4oCL4Z6a4Z624Z6H4oCL4Z6f4Z6Y4Z+S4Z6U4Z6P4Z+S4Z6P4Z63IOGeluGfkuGemuGfh+KAi+GegOGemuGeu+GejuGetuKAi+GeluGfkuGemuGfh+KAi+GelOGetuGekeKAi+Gen+GemOGfkuGej+GfgeGeheKAi+GeluGfkuGemuGfh+KAi+GelOGemuGemOGek+GetuGekCDhnpPhnprhn4Thno/hn5Lhno/hnpgg4Z6f4Z644Z6g4Z6Y4Z674Z6T4Z64IOGeluGfkuGemuGfh+KAi+GemOGeoOGetuGegOGfkuGen+Gej+GfkuGemuKAi+Gek+Gfg+KAi+GeluGfkuGemuGfh+GemuGetuGeh+GetuGejuGetuGeheGegOGfkuGemuKAi+GegOGemOGfkuGeluGeu+Geh+Getg==	S2luZydzIENvcm9uYXRpb24gRGF5
30b93d86f71ed1d850976778	4Z6G4Z+B4Z6E4oCL4Z6Y4Z+J4Z+B4Z6E	VG9tYi1Td2VlcGluZyBEYXkgKFFpbmdtaW5nIEZlc3RpdmFsKQ==
30d64677362e88d5c17d96fe	4Z6R4Z634Z6c4Z624oCL4Z6W4Z6b4Z6A4Z6Y4Z+S4Z6Y4oCL4Z6i4Z6T4Z+S4Z6P4Z6a4Z6H4Z624Z6P4Z63IOGegeGeveGelOGem+GevuGegOGekeGeuOGfoeGfpOGfoQ==	SW50ZXJuYXRpb25hbCBMYWJvciBEYXk=
30ea298a00c668265a7ca398	4Z6R4Z634Z6c4Z624oCL4Z6U4Z+S4Z6a4Z624Z6a4Z6W4Z+S4Z6S4oCL4Z6W4Z634Z6S4Z644oCL4Z6C4Z+E4Z6a4Z6W4oCL4Z6W4Z+S4Z6a4Z+H4Z6c4Z634Z6J4Z+S4Z6J4Z624Z6O4Z6A4Z+S4Z6B4Z6T4Z+S4Z6SIOGeluGfkuGemuGfh+GegOGemuGeu+GejuGetuKAi+GeluGfkuGemuGfh+GelOGetuGekeKAi+Gen+GemOGfkuGej+GfgeGeheKAi+GeluGfkuGemuGfhyDhnpPhnprhn4Thno/hn5Lhno/hnpgg4Z6f4Z644Z6g4Z6T4Z67IOGeluGfkuGemuGfh+GemOGeoOGetuGenOGeuOGemuGegOGfkuGen+Gej+GfkuGemiDhnpbhn5Lhnprhn4figIvhnpzhnprhnprhnrbhnofigIvhnpThnrfhno/hnrbigIvhnq/hnoDhnprhnrbhnofhn5Lhnpkg4Z6U4Z684Z6a4Z6O4Z6X4Z624Z6W4oCL4Z6R4Z654Z6A4Z6K4Z64IOGek+Get+GehOKAi+Ger+GegOGel+GetuGeluKAi+Geh+GetuGej+Get+KAi+GegeGfkuGemOGfguGemg==	S2luZyBGYXRoZXIncyBDb21tZW1vcmF0aW9uIERheQ==
31013a66513c210274f4d5a3	4Z6U4Z634Z6O4Z+S4Z6MIOGfqQ==	QmVuIDk=
31107094b8a1aa83c2c82257	4Z6R4Z634Z6c4Z624oCL4Z6H4Z+Q4Z6Z4oCL4Z6H4Z6Y4Z+S4Z6T4Z+H4oCL4Z6b4Z6+4oCL4Z6a4Z6U4Z6U4oCL4Z6U4Z+S4Z6a4Z6b4Z+Q4Z6Z4oCL4Z6W4Z684Z6H4oCL4Z6f4Z624Z6f4Z6T4Z+NIOGegeGeveGelOGem+GevuGegOGekeGeuOGfouGfog==	VmljdG9yeSBPdmVyIEdlbm9jaWRlIERheQ==
31127c6eaffef1021c2e186a	4Z6W4Z634Z6S4Z644oCL4Z6U4Z674Z6O4Z+S4Z6Z4oCL4Z6f4Z+C4Z6T4oCL4Z6W4Z+S4Z6a4Z+H4oCL4Z6B4Z+C	TWlkLUF1dHVtbiBGZXN0aXZhbA==
3112dddc88210340e443de3c	4Z6W4Z+S4Z6a4Z+H4oCL4Z6a4Z624Z6H4oCL4Z6W4Z634Z6S4Z644oCL4Z6U4Z674Z6O4Z+S4Z6Z4oCL4Z6i4Z674Z+G4oCL4Z6R4Z684Z6AIOGelOGejuGfkuGeiuGfguGej+KAi+GelOGfkuGemuGekeGeuOGelCDhnpPhnrfhnoTigIvhnp/hn4bhnpbhn4figIvhnpbhn5Lhnprhn4figIvhnoHhn4Ig4Z6i4Z6A4Z6i4Z+G4Z6U4Z674Z6A	V2F0ZXIgRmVzdGl2YWw=
31268167f3b728e028f404b8	4Z6U4Z634Z6O4Z+S4Z6MIOGfpw==	QmVuIDc=
314a73fe9a8f071f7aaf88be	4Z6W4Z+S4Z6a4Z+H4oCL4Z6a4Z624Z6H4oCL4Z6W4Z634Z6S4Z644oCL4Z6F4Z+S4Z6a4Z6P4Z+L4oCL4Z6W4Z+S4Z6a4Z+H4oCL4Z6T4Z6E4Z+S4Z6C4Z+Q4Z6b	Um95YWwgUGxvdWdoaW5nIENlcmVtb255
316696e6c81c99f19d1fb430	4Z6R4Z634Z6c4Z624Z6a4Z+G4Z6b4Z654Z6A4oCL4Z6B4Z694Z6U4oCL4Z6T4Z+D4oCL4Z6A4Z634Z6F4Z+S4Z6F4Z6W4Z+S4Z6a4Z6Y4Z6W4Z+S4Z6a4Z+A4Z6E4oCL4Z6f4Z6T4Z+S4Z6P4Z634Z6X4Z624Z6W4oCL4Z6R4Z644Z6A4Z+S4Z6a4Z674Z6E4oCL4Z6U4Z+J4Z624Z6a4Z644Z6f	UGFyaXMgUGVhY2UgQWdyZWVtZW50IERheQ==
318b43ce89934521b0e44a5f	4Z6R4Z634Z6c4Z624oCL4Z6i4Z6T4Z+S4Z6P4Z6a4oCL4Z6H4Z624Z6P4Z634oCL4Z6A4Z624Z6a4Z6W4Z624Z6a4oCL4Z6f4Z+S4Z6a4Z6R4Z624Z6U4Z+L4oCL4Z6i4Z684oCL4Z6g4Z+S4Z6f4Z684Z6TIOGegeGeveGelOGem+GevuGegOGekeGeuOGfo+GfoA==	SW50ZXJuYXRpb25hbCBEYXkgZm9yIHRoZSBQcmVzZXJ2YXRpb24gb2YgdGhlIE96b25lIExheWVy
31b2015a8264d7bfbffa2065	4Z6A4Z+G4Z6O4Z6+4Z6P4oCL4Z6T4Z6C4Z6a4oCL4Z6U4Z624Z6b4oCL4Z6H4Z624Z6P4Z63IOGegeGeveGelOGem+GevuGegOGekeGeuOGfpuGfoA==	QmlydGggb2YgdGhlIE5hdGlvbmFsIFBvbGljZQ==
31e116d114665cc577034949	4Z6A4Z6Y4Z+S4Z6W4Z674Z6H4Z624oCL4Z6F4Z684Z6b4oCL4Z6H4Z624oCL4Z6f4Z6Y4Z624oCL4Z6H4Z634Z6A4oCL4Z6i4Z6E4Z+S4Z6C4oCL4Z6A4Z624Z6a4oCL4Z6f4Z6g4oCL4Z6U4Z+S4Z6a4Z6H4Z624Z6H4Z624Z6P4Z63IOGegeGeveGelOGem+GevuGegOGekeGeuOGfp+GfoA==	Q2FtYm9kaWEgYmVjYW1lIGEgbWVtYmVyIG9mIHRoZSBVbml0ZWQgTmF0aW9ucw==
31eb4ca1e1458296aed66ba3	4Z6R4Z634Z6c4Z624oCL4Z6H4Z624Z6P4Z634oCL4Z6U4Z+S4Z6a4Z6G4Z624Z+G4Z6E4oCL4Z6A4Z624Z6a4oCL4Z6H4Z694Z6J4oCL4Z6K4Z684Z6a4oCL4Z6Y4Z6T4Z674Z6f4Z+S4Z6f	TmF0aW9uYWwgQW50aS1IdW1hbiBUcmFmZmlja2luZyBEYXk=
32077826ca9922e451058d11	4Z6R4Z634Z6c4Z624oCL4Z6i4Z624oCL4Z6A4Z624Z6f4oCL4Z6F4Z6a4Z6O4Z+N4Z6f4Z+K4Z644Z6c4Z634Z6b	Q2l2aWwgQXZpYXRpb24gRGF5
321ee484cf87220c1c7c0363	4Z6R4Z634Z6c4Z624oCL4Z6T4Z624Z6a4Z644oCL4Z6i4Z6T4Z+S4Z6P4Z6a4Z6H4Z624Z6P4Z63IOGegeGeveGelOGem+GevuGegOGekeGeuOGfqeGfpw==	SW50ZXJuYXRpb25hbCBXb21lbidzIERheQ==
3230af5d308095bb4f27f4d1	4Z6R4Z634Z6c4Z624oCL4Z6f4Z634Z6R4Z+S4Z6S4Z634oCL4Z6Y4Z6T4Z674Z6f4Z+S4Z6f4oCL4Z6i4Z6T4Z+S4Z6P4Z6a4Z6H4Z624Z6P4Z63IOGegeGeveGelOGem+GevuGegOGekeGeuOGfpuGfpw==	SW50ZXJuYXRpb25hbCBIdW1hbiBSaWdodHMgRGF5
32429c09d902ece89a549b3b	4Z6U4Z634Z6O4Z+S4Z6MIOGfoQ==	QmVuIDE=
3275a2e05f22bb5ba17526d2	4Z6R4Z634Z6c4Z624oCL4Z6H4Z624Z6P4Z634oCL4Z6Z4Z6b4Z+L4oCL4Z6K4Z654Z6E4oCL4Z6W4Z644oCL4Z6Y4Z644Z6TIOGegeGeveGelOGem+GevuGegOGekeGeuOGfoeGfpw==	TmF0aW9uYWwgTWluZSBBd2FyZW5lc3MgRGF5
3277904a7ba5a8c24fc6e8c7	4Z6R4Z634Z6c4Z624oCL4Z6W4Z634Z6X4Z6W4oCL4Z6b4Z+E4Z6A4oCL4Z6U4Z+S4Z6a4Z6Z4Z674Z6R4Z+S4Z6S4oCL4Z6U4Z+S4Z6a4Z6G4Z624Z+G4Z6E4oCL4Z6T4Z654Z6E4oCL4Z6H4Z+G4Z6E4Z664oCL4Z6i4Z+B4Z6K4Z6f4Z+N	V29ybGQgQUlEUyBEYXk=
328de16d9e11f062f075bf06	4Z6F4Z684Z6b4oCL4Z6G4Z+S4Z6T4Z624Z+G4oCL4Z6F4Z634Z6T	Q2hpbmVzZSBOZXcgWWVhcg==
329c73d742226878c769f655	4Z6U4Z634Z6O4Z+S4Z6MIOGfog==	QmVuIDI=
329f034c103bae2d5fddd263	4Z6R4Z634Z6c4Z624oCL4Z6H4Z624Z6P4Z634oCL4Z6U4Z+S4Z6a4Z6G4Z624Z+G4Z6E4oCL4Z6A4Z624Z6a4oCL4Z6H4Z694Z6J4oCL4Z6K4Z684Z6a4oCL4Z6Y4Z6T4Z674Z6f4Z+S4Z6f	TmF0aW9uYWwgQW50aS1IdW1hbiBUcmFmZmlja2luZyBEYXk=
32a907679c932c014e24a828	4Z6b4Z+S4Z6B4Z+E4Z6T4oCL4Z6B4Z+E4Z6b4oCL4Z6c4Z6P4Z+S4Z6P4oCL4Z6f4Z+S4Z6c4Z624Z6Z4oCL4Z6i4Z6O4Z+S4Z6P4Z+C4Z6PIOGej+GfkuGemuGevOGenOKAi+GelOGetuGek+KAi+GeheGeu+Gfh+KAi+GegOGfkuGek+Geu+GehOKAi+GelOGeieGfkuGeh+GeuOKAi+GelOGfgeGej+Get+GegOKAi+Gel+GejuGfkuGejOKAi+GenOGelOGfkuGelOKAi+GekuGemOGfjOKAi+GeouGemuGevOGelOGeuOGek+Gfg+GemOGek+Geu+Gen+GfkuGen+Geh+GetuGej+GetyDhnoHhnr3hnpThnpvhnr7hnoDhnpHhnrjhn6Hhn6E=	TGtob24gS2hvbCBXYXQgU3ZheSBBbmRldCBpbnNjcmliZWQgb24gdGhlIExpc3Qgb2YgSW50YW5naWJsZSBDdWx0dXJhbCBIZXJpdGFnZSBpbiBOZWVkIG9mIFVyZ2VudCBTYWZlZ3VhcmRpbmc=
32f2426e8aab6cd1c6b85f18	4Z6R4Z634Z6c4Z624oCL4Z6i4Z6T4Z+S4Z6P4Z6a4oCL4Z6H4Z624Z6P4Z634oCL4Z6H4Z6T4Z6H4Z624Z6P4Z634Z6K4Z6+4Z6Y4Z6X4Z624Z6C4Z6P4Z634Z6F4Z6W4Z634Z6X4Z6W4Z6b4Z+E4Z6A	SW50ZXJuYXRpb25hbCBEYXkgb2YgdGhlIFdvcmxkJ3MgSW5kaWdlbm91cyBQZW9wbGVz
32f34bbabc899f923ce7ba34	4Z6F4Z684Z6b4oCL4Z6G4Z+S4Z6T4Z624Z+G4oCL4Z6F4Z634Z6T	Q2hpbmVzZSBOZXcgWWVhcg==
330507b404ec6b6c9abd31e8	4Z6W4Z+S4Z6a4Z+H4oCL4Z6a4Z624Z6H4oCL4Z6W4Z634Z6S4Z644oCL4Z6F4Z+S4Z6a4Z6P4Z+L4oCL4Z6W4Z+S4Z6a4Z+H4oCL4Z6T4Z6E4Z+S4Z6C4Z+Q4Z6b	Um95YWwgUGxvdWdoaW5nIENlcmVtb255
333272ec73f501982bedde3c	4Z6R4Z634Z6c4Z624oCL4Z6U4Z+S4Z6a4Z6Z4Z674Z6R4Z+S4Z6S4oCL4Z6U4Z+S4Z6a4Z6G4Z624Z+G4Z6E4oCL4Z6i4Z+G4Z6W4Z6+4oCL4Z6W4Z674Z6A4Z6a4Z6b4Z694Z6Z	QW50aS1Db3JydXB0aW9uIERheQ==
33422073fe2406cddc3c7f8f	4Z6W4Z634Z6S4Z644oCL4Z6U4Z674Z6O4Z+S4Z6Z4oCL4Z6F4Z684Z6b4oCL4Z6G4Z+S4Z6T4Z624Z+G4oCL4Z6Q4Z+S4Z6Y4Z64IOGelOGfkuGemuGeluGfg+GejuGeuOKAi+Geh+GetuGej+GetyAtIOGekOGfkuGehOGfg+KAi+GeoeGevuGehOKAi+Gen+GfkOGegA==	S2htZXIgTmV3IFllYXIgLSBWZWFyZWFrIExhZXVuZyBTYWs=
3352784dad6c555fe35dee2f	4Z6W4Z634Z6S4Z644oCL4Z6f4Z634Z6P4oCL4Z6R4Z+A4Z6T4oCL4Z6W4Z+S4Z6a4Z+H4oCL4Z6c4Z6f4Z+S4Z6f4Z62	QnVkZGhpc3QgTGVudCBDYW5kbGVzIE1ha2luZyBEYXk=
3355bf068db48908c3c5d37b	4Z6F4Z684Z6b4oCL4Z6G4Z+S4Z6T4Z624Z+G4oCL4Z6F4Z634Z6T	Q2hpbmVzZSBOZXcgWWVhcg==
3358da87868f60bca72e376d	4Z6R4Z634Z6c4Z624oCL4Z6f4Z674Z6B4oCL4Z6X4Z624Z6W4oCL4Z6W4Z634Z6X4Z6W4oCL4Z6b4Z+E4Z6A	V29ybGQgSGVhbHRoIERheQ==
3371fda259c0145892c1dce2	4Z6R4Z634Z6c4Z624oCL4Z6H4Z624Z6P4Z634oCL4Z6U4Z+S4Z6a4Z6G4Z624Z+G4Z6E4oCL4Z6A4Z624Z6a4oCL4Z6H4Z694Z6J4oCL4Z6K4Z684Z6a4oCL4Z6Y4Z6T4Z674Z6f4Z+S4Z6f	TmF0aW9uYWwgQW50aS1IdW1hbiBUcmFmZmlja2luZyBEYXk=
3397892aee945316d5684088	4Z6R4Z634Z6c4Z624oCL4Z6f4Z+B4Z6a4Z644oCL4Z6X4Z624Z6W4oCL4Z6f4Z624Z6a4Z6W4Z+Q4Z6P4Z+M4Z6Y4Z624Z6T4oCL4Z6W4Z634Z6X4Z6W4oCL4Z6b4Z+E4Z6AIOGegeGeveGelOGem+GevuGegOGekeGeuOGfouGfog==	V29ybGQgUHJlc3MgRnJlZWRvbSBEYXk=
33a50510b0c670e4f7e8de1c	4Z6W4Z634Z6S4Z644oCL4Z6U4Z674Z6O4Z+S4Z6Z4oCL4Z6c4Z634Z6f4Z624Z6B4oCL4Z6U4Z684Z6H4Z62	VmlzYWsgQm9jaGVh
33a93c1e11923d7abdffb689	4Z6R4Z634Z6c4Z624oCL4Z6H4Z624Z6P4Z634oCL4Z6i4Z+S4Z6T4Z6A4oCL4Z6T4Z634Z6W4Z6T4Z+S4Z6S	TmF0aW9uYWwgQXV0aG9ycycgRGF5
33d4b57014e0fc2ff3945478	4Z6C4Z674Z6T4oCL4Z6b4Z+S4Z6U4Z674Z6A4Z+S4Z6A4oCL4Z6P4Z+EIOGej+GfkuGemuGevOGenOKAi+GelOGetuGek+KAi+GeheGeu+Gfh+GegOGfkuGek+Geu+GehOGelOGeieGfkuGeh+GeuOGelOGfgeGej+Get+GegOGel+GejuGfkuGejOGenOGelOGfkuGelOGekuGemOGfjOGeouGemuGevOGelOGeuOGek+Gfg+GemOGek+Geu+Gen+GfkuGen+Geh+GetuGej+GetyDhnoHhnr3hnpThnpvhnr7hnoDhnpHhnrjhn6g=	S3VuIExib2thdG9yIGluc2NyaWJlZCBvbiB0aGUgUmVwcmVzZW50YXRpdmUgTGlzdCBvZiB0aGUgSW50YW5naWJsZSBDdWx0dXJhbCBIZXJpdGFnZSBvZiBIdW1hbml0eQ==
33f822f0c412b1808a8c53b6	4Z6W4Z634Z6S4Z644oCL4Z6U4Z674Z6O4Z+S4Z6Z4oCL4Z6X4Z+S4Z6H4Z674Z+G4oCL4Z6U4Z634Z6O4Z+S4Z6M	UGNodW0gQmVuIEZlc3RpdmFs
34046ac67a936689d2f33428	4Z6W4Z+S4Z6a4Z+H4oCL4Z6a4Z624Z6H4oCL4Z6W4Z634Z6S4Z644oCL4Z6U4Z674Z6O4Z+S4Z6Z4oCL4Z6i4Z674Z+G4oCL4Z6R4Z684Z6AIOGelOGejuGfkuGeiuGfguGej+KAi+GelOGfkuGemuGekeGeuOGelCDhnpPhnrfhnoTigIvhnp/hn4bhnpbhn4figIvhnpbhn5Lhnprhn4figIvhnoHhn4Ig4Z6i4Z6A4Z6i4Z+G4Z6U4Z674Z6A	V2F0ZXIgRmVzdGl2YWw=
3414a009e3274ba839dd5bd0	4Z6R4Z634Z6c4Z624oCL4Z6C4Z+S4Z6a4Z684oCL4Z6U4Z6E4Z+S4Z6a4Z+A4Z6T4oCL4Z6W4Z634Z6X4Z6W4oCL4Z6b4Z+E4Z6A	V29ybGQgVGVhY2hlcidzIERheQ==
3423ba924d4f324146cd1721	4Z6U4Z634Z6O4Z+S4Z6MIOGfog==	QmVuIDI=
3426ffe20b726eba451c9276	4Z6R4Z634Z6c4Z624oCL4Z6H4Z624Z6P4Z634oCL4Z6T4Z+D4oCL4Z6A4Z624Z6a4oCL4Z6F4Z6E4oCL4Z6F4Z624Z+G	TmF0aW9uYWwgRGF5IG9mIFJlbWVtYnJhbmNl
34501b0ba0cb442709737048	4Z6R4Z634Z6c4Z624oCL4Z6Z4Z674Z6c4Z6H4Z6T4oCL4Z6i4Z6T4Z+S4Z6P4Z6a4oCL4Z6H4Z624Z6P4Z63	SW50ZXJuYXRpb25hbCBZb3V0aCBEYXk=
348cb75c89a5777f5b737860	4Z6F4Z684Z6b4oCL4Z6G4Z+S4Z6T4Z624Z+G4oCL4Z6F4Z634Z6T	Q2hpbmVzZSBOZXcgWWVhcg==
34acaee71ff6ba16448f758f	4Z6W4Z634Z6S4Z644oCL4Z6f4Z634Z6P4oCL4Z6R4Z+A4Z6T4oCL4Z6W4Z+S4Z6a4Z+H4oCL4Z6c4Z6f4Z+S4Z6f4Z62	QnVkZGhpc3QgTGVudCBDYW5kbGVzIE1ha2luZyBEYXk=
34c09a5b27fca11a151b0750	4Z6Q4Z+S4Z6E4Z+D4oCL4Z6f4Z+C4Z6T4oCL4Z6K4Z6A4oCL4Z6H4Z6+4Z6E4oCL4Z6S4Z684Z6U	S2l0Y2hlbiBHb2QgRmVzdGl2YWw=
34c0b0ca70ebd4dbd47106d6	4Z6f4Z+C4Z6T4oCL4Z6T4Z+G4oCL4Z6F4Z624Z+G4Z6E	U3RpY2t5IFJpY2UgRHVtcGxpbmdzIChab25nemkp
34d70e76e0cda89fcb1b3d3f	4Z6A4Z+S4Z6a4Z6Y4Z62IOGej+GfkuGemuGevOGenOKAi+GelOGetuGek+KAi+GeheGeu+Gfh+GegOGfkuGek+Geu+GehOGelOGeieGfkuGeh+GeuOGelOGfgeGej+Get+GegOGel+GejuGfkuGejOGenOGelOGfkuGelOGekuGemOGfjOGeouGemuGevOGelOGeuOGek+Gfg+GemOGek+Geu+Gen+GfkuGen+Geh+GetuGej+GetyDhnoHhnr3hnpThnpvhnr7hnoDhnpHhnrjhn6U=	S3JhbWEgaW5zY3JpYmVkIG9uIHRoZSBSZXByZXNlbnRhdGl2ZSBMaXN0IG9mIHRoZSBJbnRhbmdpYmxlIEN1bHR1cmFsIEhlcml0YWdlIG9mIEh1bWFuaXR5
34f897880c2066f7bfa9435f	4Z6R4Z634Z6c4Z624oCL4Z6i4Z6T4Z+S4Z6P4Z6a4oCL4Z6H4Z624Z6P4Z634oCL4Z6A4Z624Z6a4Z6W4Z624Z6a4oCL4Z6f4Z+S4Z6a4Z6R4Z624Z6U4Z+L4oCL4Z6i4Z684oCL4Z6g4Z+S4Z6f4Z684Z6TIOGegeGeveGelOGem+GevuGegOGekeGeuOGfpOGfpQ==	SW50ZXJuYXRpb25hbCBEYXkgZm9yIHRoZSBQcmVzZXJ2YXRpb24gb2YgdGhlIE96b25lIExheWVy
351dda7e1041e0f96bced075	4Z6U4Z634Z6O4Z+S4Z6MIOGfpw==	QmVuIDc=
353f88ceb8085a62fb4df76a	4Z6F4Z+B4Z6J4oCL4Z6W4Z+S4Z6a4Z+H4oCL4Z6c4Z6f4Z+S4Z6f4Z62	RW5kaW5nIG9mIEJ1ZGRoaXN0IExlbnQ=
354262825e626942cae2324f	4Z6Q4Z+S4Z6E4Z+D4oCL4Z6f4Z+C4Z6T4oCL4Z6K4Z6A4oCL4Z6H4Z6+4Z6E4oCL4Z6S4Z684Z6U	S2l0Y2hlbiBHb2QgRmVzdGl2YWw=
357f24c02db693c933df73eb	4Z6W4Z634Z6S4Z644oCL4Z6U4Z674Z6O4Z+S4Z6Z4oCL4Z6X4Z+S4Z6H4Z674Z+G4oCL4Z6U4Z634Z6O4Z+S4Z6M	UGNodW0gQmVuIEZlc3RpdmFs
3586787a407271a5d4cadaf2	4Z6R4Z634Z6c4Z624oCL4Z6U4Z644Z6P4Z62	RmF0aGVyJ3MgRGF5
35b65511fdbb314966083b87	4Z6R4Z634Z6c4Z624oCL4Z6C4Z+S4Z6a4Z684oCL4Z6U4Z6E4Z+S4Z6a4Z+A4Z6T4oCL4Z6W4Z634Z6X4Z6W4oCL4Z6b4Z+E4Z6A	V29ybGQgVGVhY2hlcidzIERheQ==
35b803d8fd86163f5810455c	4Z6R4Z634Z6c4Z624oCL4Z6U4Z+S4Z6a4Z6Z4Z674Z6R4Z+S4Z6S4oCL4Z6U4Z+S4Z6a4Z6G4Z624Z+G4Z6E4oCL4Z6i4Z+G4Z6W4Z6+4oCL4Z6W4Z674Z6A4Z6a4Z6b4Z694Z6Z	QW50aS1Db3JydXB0aW9uIERheQ==
35bb7d85b48681498ecf3d75	4Z6U4Z634Z6O4Z+S4Z6MIOGfpQ==	QmVuIDU=
35d94291bfd7162fa93ab16d	4Z6A4Z6Y4Z+S4Z6W4Z674Z6H4Z624oCL4Z6F4Z684Z6b4oCL4Z6H4Z624oCL4Z6f4Z6Y4Z624oCL4Z6H4Z634Z6A4oCL4Z6i4Z6E4Z+S4Z6C4oCL4Z6A4Z624Z6a4oCL4Z6f4Z6g4oCL4Z6U4Z+S4Z6a4Z6H4Z624Z6H4Z624Z6P4Z63IOGegeGeveGelOGem+GevuGegOGekeGeuOGfpuGfoQ==	Q2FtYm9kaWEgYmVjYW1lIGEgbWVtYmVyIG9mIHRoZSBVbml0ZWQgTmF0aW9ucw==
35e2e619cd84791c0f71fc71	4Z6R4Z634Z6c4Z624oCL4Z6F4Z684Z6b4oCL4Z6G4Z+S4Z6T4Z624Z+G4oCL4Z6f4Z624Z6A4Z6b	TmV3IFllYXIncyBEYXk=
35f6ca1e59b6acddedb4692e	4Z6R4Z634Z6c4Z624oCL4Z6f4Z6T4Z+S4Z6P4Z634oCL4Z6X4Z624Z6W4oCL4Z6i4Z6T4Z+S4Z6P4Z6a4oCL4Z6H4Z624Z6P4Z63	SW50ZXJuYXRpb25hbCBEYXkgb2YgUGVhY2U=
360d179e248ac36b2d599701	4Z6U4Z684Z6H4Z6T4Z644Z6Z4Z6K4Z+S4Z6L4Z624Z6T4oCL4Z6F4Z6E4Z6F4Z624Z+G4oCL4Z6T4Z+D4oCL4Z6A4Z6Y4Z+S4Z6W4Z674Z6H4Z624Z+WIOGeluGeuOGekeGeuOGej+GetuGfhuGehOKAi+Gep+GegOGfkuGemuGet+GeiuGfkuGei+GegOGemOGfkuGemCDhnpjhnoDhnofhnrbigIvhnpjhno7hn5LhnozhnpvigIvhnpXhn5Lhnp/hn4fhnpXhn5Lhnp/hnrYg4Z6T4Z634Z6E4oCL4Z6f4Z6T4Z+S4Z6P4Z634Z6X4Z624Z6WIOGej+GfkuGemuGevOGenOKAi+GelOGetuGek+KAi+GeheGeu+Gfh+KAi+GegOGfkuGek+Geu+GehOKAi+GelOGeieGfkuGeh+GeuOKAi+GelOGfgeGej+Get+GegOGel+GejuGfkuGejOKAi+GeluGet+Gel+GeluGem+GfhOGegOKAi+GemuGelOGen+Gfi+KAi+GeouGehOGfkuGeguGegOGetuGemuKAi+GemeGevOGejuGfgeGen+GfkuGegOGevCDhnoHhnr3hnpThnpvhnr7hnoDhnpHhnrjhn6U=	TS0xMywgVHVvbCBTbGVuZyBHZW5vY2lkZSBNdXNldW0sIGFuZCBDaG9ldW5nIEVrIHdlcmUgaW5zY3JpYmVkIG9uIHRoZSBVTkVTQ08gV29ybGQgSGVyaXRhZ2UgTGlzdA==
36492913bd15cdc55b0a9332	4Z6R4Z634Z6c4Z624oCL4Z6f4Z674Z6B4oCL4Z6X4Z624Z6W4oCL4Z6W4Z634Z6X4Z6W4oCL4Z6b4Z+E4Z6A	V29ybGQgSGVhbHRoIERheQ==
364c55e75b0757e8a2c70fc6	4Z6Q4Z+S4Z6E4Z+D4oCL4Z6f4Z+C4Z6T4oCL4Z6F4Z684Z6b4oCL4Z6G4Z+S4Z6T4Z624Z+G4oCL4Z6F4Z634Z6T	Q2hpbmVzZSBOZXcgWWVhcidzIEV2ZQ==
368d46ca9a7140694afc38c4	4Z6b4Z+S4Z6B4Z+E4Z6T4oCL4Z6B4Z+E4Z6b4oCL4Z6c4Z6P4Z+S4Z6P4oCL4Z6f4Z+S4Z6c4Z624Z6Z4oCL4Z6i4Z6O4Z+S4Z6P4Z+C4Z6PIOGej+GfkuGemuGevOGenOKAi+GelOGetuGek+KAi+GeheGeu+Gfh+KAi+GegOGfkuGek+Geu+GehOKAi+GelOGeieGfkuGeh+GeuOKAi+GelOGfgeGej+Get+GegOKAi+Gel+GejuGfkuGejOKAi+GenOGelOGfkuGelOKAi+GekuGemOGfjOKAi+GeouGemuGevOGelOGeuOGek+Gfg+GemOGek+Geu+Gen+GfkuGen+Geh+GetuGej+GetyDhnoHhnr3hnpThnpvhnr7hnoDhnpHhnrjhn6Q=	TGtob24gS2hvbCBXYXQgU3ZheSBBbmRldCBpbnNjcmliZWQgb24gdGhlIExpc3Qgb2YgSW50YW5naWJsZSBDdWx0dXJhbCBIZXJpdGFnZSBpbiBOZWVkIG9mIFVyZ2VudCBTYWZlZ3VhcmRpbmc=
369e8554cae59fae5375edda	4Z6F4Z684Z6b4oCL4Z6G4Z+S4Z6T4Z624Z+G4oCL4Z6F4Z634Z6T	Q2hpbmVzZSBOZXcgWWVhcg==
36ba3b1a7927df44548add3f	4Z6U4Z634Z6O4Z+S4Z6MIOGfpA==	QmVuIDQ=
36c948b31d67b002e5e344a1	4Z6W4Z634Z6S4Z644oCL4Z6U4Z674Z6O4Z+S4Z6Z4oCL4Z6F4Z684Z6b4oCL4Z6G4Z+S4Z6T4Z624Z+G4oCL4Z6Q4Z+S4Z6Y4Z64IOGelOGfkuGemuGeluGfg+GejuGeuOKAi+Geh+GetuGej+GetyAtIOGenOGetuGemuGfiOKAi+GenOGfkOGek+KAi+GelOGejw==	S2htZXIgTmV3IFllYXIgLSBWZWFyZWFrIFZhbmFiYXQ=
36ce28738b4dd1b904b824cc	4Z6R4Z634Z6c4Z624oCL4Z6c4Z6U4Z+S4Z6U4oCL4Z6S4Z6Y4Z+M4oCL4Z6H4Z624Z6P4Z63IOGegeGeveGelOGem+GevuGegOGekeGeuOGfouGfpg==	TmF0aW9uYWwgQ3VsdHVyZSBEYXk=
3702d55374a2ce8bb2939dee	4Z6W4Z+S4Z6a4Z+H4oCL4Z6a4Z624Z6H4oCL4Z6W4Z634Z6S4Z644oCL4Z6U4Z674Z6O4Z+S4Z6Z4oCL4Z6F4Z6Y4Z+S4Z6a4Z6+4Z6T4oCL4Z6W4Z+S4Z6a4Z+H4oCL4Z6H4Z6T4Z+S4Z6YIOGeluGfkuGemuGfh+KAi+GegOGemuGeu+GejuGetuKAi+GeluGfkuGemuGfh+KAi+GelOGetuGekeKAi+Gen+GemOGfkuGej+GfgeGeheKAi+GeluGfkuGemuGfh+KAi+GelOGemuGemOKAi+Gek+GetuGekCDhnpPhnprhn4Thno/hn5Lhno/hnpgg4Z6f4Z644Z6g4Z6Y4Z674Z6T4Z64IOGeluGfkuGemuGfh+KAi+GemOGeoOGetuGegOGfkuGen+Gej+GfkuGemuKAi+Gek+Gfg+KAi+GeluGfkuGemuGfh+GemuGetuGeh+GetuGejuGetuGeheGegOGfkuGemuKAi+GegOGemOGfkuGeluGeu+Geh+Getg==	S2luZyBTaWhhbW9uaSdzIEJpcnRoZGF5
370c07a8f1d8c3b8c1e5da03	4Z6W4Z+S4Z6a4Z+H4oCL4Z6a4Z624Z6H4oCL4Z6W4Z634Z6S4Z644oCL4Z6U4Z674Z6O4Z+S4Z6Z4oCL4Z6F4Z6Y4Z+S4Z6a4Z6+4Z6T4oCL4Z6W4Z+S4Z6a4Z+H4oCL4Z6H4Z6T4Z+S4Z6YIOGeluGfkuGemuGfh+KAi+GegOGemuGeu+GejuGetuKAi+GeluGfkuGemuGfh+KAi+GelOGetuGekeKAi+Gen+GemOGfkuGej+GfgeGeheKAi+GeluGfkuGemuGfh+KAi+GelOGemuGemOKAi+Gek+GetuGekCDhnpPhnprhn4Thno/hn5Lhno/hnpgg4Z6f4Z644Z6g4Z6Y4Z674Z6T4Z64IOGeluGfkuGemuGfh+KAi+GemOGeoOGetuGegOGfkuGen+Gej+GfkuGemuKAi+Gek+Gfg+KAi+GeluGfkuGemuGfh+GemuGetuGeh+GetuGejuGetuGeheGegOGfkuGemuKAi+GegOGemOGfkuGeluGeu+Geh+Getg==	S2luZyBTaWhhbW9uaSdzIEJpcnRoZGF5
3717f646bbe265c70549ac84	4Z6R4Z634Z6c4Z624oCL4Z6f4Z6T4Z+S4Z6P4Z634oCL4Z6X4Z624Z6W4oCL4Z6i4Z6T4Z+S4Z6P4Z6a4oCL4Z6H4Z624Z6P4Z63	SW50ZXJuYXRpb25hbCBEYXkgb2YgUGVhY2U=
371d5e86bf81b30fe73e9230	4Z6R4Z634Z6c4Z624oCL4Z6i4Z6T4Z+S4Z6P4Z6a4oCL4Z6H4Z624Z6P4Z634oCL4Z6U4Z+S4Z6a4Z6Z4Z674Z6R4Z+S4Z6S4oCL4Z6U4Z+S4Z6a4Z6G4Z624Z+G4Z6E4oCL4Z6C4Z+S4Z6a4Z6/4Z6E4oCL4Z6J4Z+A4Z6T	SW50ZXJuYXRpb25hbCBEYXkgQWdhaW5zdCBEcnVnIEFidXNlIGFuZCBJbGxpY2l0IFRyYWZmaWNraW5n
373319dfda774018c2d16c26	4Z6R4Z634Z6c4Z624oCL4Z6f4Z634Z6R4Z+S4Z6S4Z634oCL4Z6Y4Z6T4Z674Z6f4Z+S4Z6f4oCL4Z6i4Z6T4Z+S4Z6P4Z6a4Z6H4Z624Z6P4Z63IOGegeGeveGelOGem+GevuGegOGekeGeuOGfqOGfoQ==	SW50ZXJuYXRpb25hbCBIdW1hbiBSaWdodHMgRGF5
373e4c2d66b7a3b55ee626fb	4Z6A4Z6Y4Z+S4Z6W4Z674Z6H4Z624oCL4Z6F4Z684Z6b4oCL4Z6H4Z624oCL4Z6f4Z6Y4Z624oCL4Z6H4Z634Z6A4oCL4Z6i4Z6E4Z+S4Z6C4oCL4Z6A4Z624Z6a4oCL4Z6Z4Z684Z6O4Z+B4Z6f4Z+S4Z6A4Z68IOGegeGeveGelOGem+GevuGegOGekeGeuOGfp+Gfpg==	Q2FtYm9kaWEgam9pbmVkIFVORVNDTw==
37422a403c7ca381957ec81a	4Z6F4Z684Z6b4oCL4Z6W4Z+S4Z6a4Z+H4oCL4Z6c4Z6f4Z+S4Z6f4Z62	QmVnaW5uaW5nIG9mIEJ1ZGRoaXN0IExlbnQ=
374d399fdcfe46db88dfd8ef	4Z6U4Z+S4Z6a4Z624Z6f4Z624Z6R4oCL4Z6W4Z+S4Z6a4Z+H4oCL4Z6c4Z634Z6g4Z624Z6aIOGej+GfkuGemuGevOGenOKAi+GelOGetuGek+KAi+GeheGeu+Gfh+KAi+GegOGfkuGek+Geu+GehOKAi+GelOGeieGfkuGeh+GeuOKAi+GelOGfgeGej+Get+GegOKAi+Gel+GejuGfkuGejOKAi+GeluGet+Gel+GeluGem+GfhOGegOGemuGelOGen+Gfi+GeouGehOGfkuGeguGegOGetuGemuGemeGevOGejuGfgeGen+GfkuGegOGevCDhnoHhnr3hnpThnpvhnr7hnoDhnpHhnrjhn6U=	VGVtcGxlIG9mIFByZWFoIFZpaGVhciB3YXMgaW5zY3JpYmVkIG9uIHRoZSBVTkVTQ08gV29ybGQgSGVyaXRhZ2UgTGlzdA==
37540589584f1fdbc5f32ffc	4Z6R4Z634Z6c4Z624oCL4Z6W4Z634Z6X4Z6W4oCL4Z6b4Z+E4Z6A4oCL4Z6C4Z+S4Z6Y4Z624Z6T4oCL4Z6Q4Z+S4Z6T4Z624Z+G4oCL4Z6H4Z6A4Z+L	V29ybGQgTm8gVG9iYWNjbyBEYXk=
3755ebbfd417fbabe642dd7e	4Z6R4Z634Z6c4Z624oCL4Z6i4Z6T4Z+S4Z6P4Z6a4oCL4Z6H4Z624Z6P4Z634oCL4Z6A4Z624Z6a4Z6W4Z624Z6a4oCL4Z6f4Z+S4Z6a4Z6R4Z624Z6U4Z+L4oCL4Z6i4Z684oCL4Z6g4Z+S4Z6f4Z684Z6TIOGegeGeveGelOGem+GevuGegOGekeGeuOGfouGfpg==	SW50ZXJuYXRpb25hbCBEYXkgZm9yIHRoZSBQcmVzZXJ2YXRpb24gb2YgdGhlIE96b25lIExheWVy
3759d946de04d3b8fe111b15	4Z6W4Z634Z6S4Z644oCL4Z6U4Z674Z6O4Z+S4Z6Z4oCL4Z6X4Z+S4Z6H4Z674Z+G4oCL4Z6U4Z634Z6O4Z+S4Z6M	UGNodW0gQmVuIEZlc3RpdmFs
375e85331ab3191e76c6ff94	4Z6U4Z634Z6O4Z+S4Z6MIOGfog==	QmVuIDI=
377b4065e1857cc331796e07	4Z6R4Z634Z6c4Z624oCL4Z6f4Z6T4Z+S4Z6P4Z634oCL4Z6X4Z624Z6W4oCL4Z6i4Z6T4Z+S4Z6P4Z6a4oCL4Z6H4Z624Z6P4Z63	SW50ZXJuYXRpb25hbCBEYXkgb2YgUGVhY2U=
37a21ed378621eb10aecda2c	4Z6R4Z634Z6c4Z624oCL4Z6f4Z6T4Z+S4Z6P4Z634oCL4Z6X4Z624Z6W4oCL4Z6i4Z6T4Z+S4Z6P4Z6a4oCL4Z6H4Z624Z6P4Z63	SW50ZXJuYXRpb25hbCBEYXkgb2YgUGVhY2U=
37e1b87191383322ee54ff4c	4Z6W4Z634Z6S4Z644oCL4Z6U4Z674Z6O4Z+S4Z6Z4oCL4Z6F4Z684Z6b4oCL4Z6G4Z+S4Z6T4Z624Z+G4oCL4Z6Q4Z+S4Z6Y4Z64IOGelOGfkuGemuGeluGfg+GejuGeuOKAi+Geh+GetuGej+GetyAtIOGenOGetuGemuGfiOKAi+GenOGfkOGek+KAi+GelOGejw==	S2htZXIgTmV3IFllYXIgLSBWZWFyZWFrIFZhbmFiYXQ=
37ebc44607ceacd7bc2566e3	4Z6R4Z634Z6c4Z624oCL4Z6W4Z6b4Z6A4Z6Y4Z+S4Z6Y4oCL4Z6i4Z6T4Z+S4Z6P4Z6a4Z6H4Z624Z6P4Z63IOGegeGeveGelOGem+GevuGegOGekeGeuOGfoeGfoeGfqA==	SW50ZXJuYXRpb25hbCBMYWJvciBEYXk=
37ed3e21843e5c9991cc3694	4Z6Q4Z+S4Z6E4Z+D4oCL4Z6f4Z+C4Z6T4oCL4Z6K4Z6A4oCL4Z6H4Z6+4Z6E4oCL4Z6S4Z684Z6U	S2l0Y2hlbiBHb2QgRmVzdGl2YWw=
37f55240480d4a78748bbcdf	4Z6W4Z+S4Z6a4Z+H4oCL4Z6a4Z624Z6H4oCL4Z6W4Z634Z6S4Z644oCL4Z6F4Z+S4Z6a4Z6P4Z+L4oCL4Z6W4Z+S4Z6a4Z+H4oCL4Z6T4Z6E4Z+S4Z6C4Z+Q4Z6b	Um95YWwgUGxvdWdoaW5nIENlcmVtb255
381b1d0bee688223617e4ddc	4Z6R4Z634Z6c4Z624oCL4Z6f4Z+B4Z6a4Z644oCL4Z6X4Z624Z6W4oCL4Z6f4Z624Z6a4Z6W4Z+Q4Z6P4Z+M4Z6Y4Z624Z6T4oCL4Z6W4Z634Z6X4Z6W4oCL4Z6b4Z+E4Z6AIOGegeGeveGelOGem+GevuGegOGekeGeuOGfouGfoQ==	V29ybGQgUHJlc3MgRnJlZWRvbSBEYXk=
3832f6fa6f672ca9e9366ae8	4Z6G4Z+B4Z6E4oCL4Z6Y4Z+J4Z+B4Z6E	VG9tYi1Td2VlcGluZyBEYXkgKFFpbmdtaW5nIEZlc3RpdmFsKQ==
3855fbacbb1e88b94b8b4790	4Z6R4Z634Z6c4Z624Z6R4Z654Z6AIOGek+Get+GehOGep+Gej+Geu+Gek+Get+GemeGemOGeluGet+Gel+GeluGem+GfhOGegA==	V29ybGQgV2F0ZXIgYW5kIFdvcmxkIE1ldGVvcm9sb2dpY2FsIERheQ==
386467cd876d9937a0531165	4Z6R4Z634Z6c4Z624oCL4Z6T4Z624Z6a4Z644oCL4Z6i4Z6T4Z+S4Z6P4Z6a4Z6H4Z624Z6P4Z63IOGegeGeveGelOGem+GevuGegOGekeGeuOGfqeGfpg==	SW50ZXJuYXRpb25hbCBXb21lbidzIERheQ==
387a15c080b758c707546576	4Z6R4Z634Z6c4Z624oCL4Z6i4Z6T4Z+S4Z6P4Z6a4oCL4Z6H4Z624Z6P4Z634oCL4Z6A4Z624Z6a4Z6W4Z624Z6a4oCL4Z6f4Z+S4Z6a4Z6R4Z624Z6U4Z+L4oCL4Z6i4Z684oCL4Z6g4Z+S4Z6f4Z684Z6TIOGegeGeveGelOGem+GevuGegOGekeGeuOGfo+GfpQ==	SW50ZXJuYXRpb25hbCBEYXkgZm9yIHRoZSBQcmVzZXJ2YXRpb24gb2YgdGhlIE96b25lIExheWVy
3886df715045d6b6cba54fbe	4Z6R4Z634Z6c4Z624Z6R4Z654Z6AIOGek+Get+GehOGep+Gej+Geu+Gek+Get+GemeGemOGeluGet+Gel+GeluGem+GfhOGegA==	V29ybGQgV2F0ZXIgYW5kIFdvcmxkIE1ldGVvcm9sb2dpY2FsIERheQ==
388b454ff24e9bea8996fe38	4Z6R4Z634Z6c4Z624oCL4Z6Y4Z6F4Z+S4Z6G4Z624oCL4Z6H4Z624Z6P4Z63	TmF0aW9uYWwgRmlzaCBEYXk=
388b5e26f5e04f3259f9a7a1	4Z6W4Z634Z6S4Z644oCL4Z6U4Z674Z6O4Z+S4Z6Z4oCL4Z6F4Z684Z6b4oCL4Z6G4Z+S4Z6T4Z624Z+G4oCL4Z6Q4Z+S4Z6Y4Z64IOGelOGfkuGemuGeluGfg+GejuGeuOKAi+Geh+GetuGej+GetyAtIOGenOGetuGemuGfiOKAi+GenOGfkOGek+KAi+GelOGejw==	S2htZXIgTmV3IFllYXIgLSBWZWFyZWFrIFZhbmFiYXQ=
3899e13794e966ebffe6dc0b	4Z6R4Z634Z6c4Z624oCL4Z6H4Z+Q4Z6Z4oCL4Z6H4Z6Y4Z+S4Z6T4Z+H4oCL4Z6b4Z6+4oCL4Z6a4Z6U4Z6U4oCL4Z6U4Z+S4Z6a4Z6b4Z+Q4Z6Z4oCL4Z6W4Z684Z6H4oCL4Z6f4Z624Z6f4Z6T4Z+NIOGegeGeveGelOGem+GevuGegOGekeGeuOGfpeGfoQ==	VmljdG9yeSBPdmVyIEdlbm9jaWRlIERheQ==
38b95d5192d76182c79067a9	4Z6U4Z634Z6O4Z+S4Z6MIOGfpg==	QmVuIDY=
38bfe61603f5f247f78200b1	4Z6W4Z+S4Z6a4Z+H4oCL4Z6a4Z624Z6H4oCL4Z6W4Z634Z6S4Z644oCL4Z6C4Z+S4Z6a4Z6E4oCL4Z6W4Z+S4Z6a4Z+H4oCL4Z6U4Z6a4Z6Y4oCL4Z6a4Z624Z6H4oCL4Z6f4Z6Y4Z+S4Z6U4Z6P4Z+S4Z6P4Z63IOGeluGfkuGemuGfh+KAi+GegOGemuGeu+GejuGetuKAi+GeluGfkuGemuGfh+KAi+GelOGetuGekeKAi+Gen+GemOGfkuGej+GfgeGeheKAi+GeluGfkuGemuGfh+KAi+GelOGemuGemOGek+GetuGekCDhnpPhnprhn4Thno/hn5Lhno/hnpgg4Z6f4Z644Z6g4Z6Y4Z674Z6T4Z64IOGeluGfkuGemuGfh+KAi+GemOGeoOGetuGegOGfkuGen+Gej+GfkuGemuKAi+Gek+Gfg+KAi+GeluGfkuGemuGfh+GemuGetuGeh+GetuGejuGetuGeheGegOGfkuGemuKAi+GegOGemOGfkuGeluGeu+Geh+Getg==	S2luZydzIENvcm9uYXRpb24gRGF5
38c2517751a8e03aef4f6595	4Z6R4Z634Z6c4Z624oCL4Z6H4Z624Z6P4Z634oCL4Z6Z4Z6b4Z+L4oCL4Z6K4Z654Z6E4oCL4Z6W4Z644oCL4Z6Y4Z644Z6TIOGegeGeveGelOGem+GevuGegOGekeGeuOGfpA==	TmF0aW9uYWwgTWluZSBBd2FyZW5lc3MgRGF5
38fc53ad54a5940d27879b4b	4Z6U4Z634Z6O4Z+S4Z6MIOGfpg==	QmVuIDY=
390f9771d0544ed749657a92	4Z6R4Z634Z6c4Z624oCL4Z6W4Z634Z6X4Z6W4oCL4Z6b4Z+E4Z6A4oCL4Z6C4Z+S4Z6Y4Z624Z6T4oCL4Z6Q4Z+S4Z6T4Z624Z+G4oCL4Z6H4Z6A4Z+L	V29ybGQgTm8gVG9iYWNjbyBEYXk=
391c7890e31ad7be7dd1ff2e	4Z6R4Z634Z6c4Z624oCL4Z6W4Z634Z6X4Z6W4oCL4Z6b4Z+E4Z6A4oCL4Z6U4Z+S4Z6a4Z6G4Z624Z+G4Z6E4oCL4Z6W4Z6b4Z6A4Z6Y4Z+S4Z6Y4oCL4Z6A4Z674Z6Y4Z624Z6aIOGegeGeveGelOGem+GevuGegOGekeGeuOGfpg==	SGFwcHkgV29ybGQgRGF5IEFnYWluc3QgQ2hpbGQgTGFib3Vy
3923d0cfb4eea27022efd277	4Z6R4Z634Z6c4Z624Z6a4Z+G4Z6b4Z654Z6A4oCL4Z6B4Z694Z6U4oCL4Z6T4Z+D4oCL4Z6A4Z634Z6F4Z+S4Z6F4Z6W4Z+S4Z6a4Z6Y4Z6W4Z+S4Z6a4Z+A4Z6E4oCL4Z6f4Z6T4Z+S4Z6P4Z634Z6X4Z624Z6W4oCL4Z6R4Z644Z6A4Z+S4Z6a4Z674Z6E4oCL4Z6U4Z+J4Z624Z6a4Z644Z6f	UGFyaXMgUGVhY2UgQWdyZWVtZW50IERheQ==
3963f4c5bba6f17101954dbb	4Z6U4Z634Z6O4Z+S4Z6MIOGfow==	QmVuIDM=
397d4b7a6d28f89371318ba0	4Z6R4Z634Z6c4Z624oCL4Z6i4Z6A4Z+S4Z6B4Z6a4oCL4Z6A4Z6Y4Z+S4Z6Y4oCL4Z6i4Z6T4Z+S4Z6P4Z6a4oCL4Z6H4Z624Z6P4Z63	SW50ZXJuYXRpb25hbCBMaXRlcmFjeSBEYXk=
39861dfb5db6d1e7514d5b83	4Z6R4Z634Z6c4Z624oCL4Z6f4Z6T4Z+S4Z6P4Z634oCL4Z6X4Z624Z6W4oCL4Z6i4Z6T4Z+S4Z6P4Z6a4oCL4Z6H4Z624Z6P4Z63	SW50ZXJuYXRpb25hbCBEYXkgb2YgUGVhY2U=
399cde47dcff0e12d081076f	4Z6P4Z674Z6b4Z624oCL4Z6A4Z624Z6a4oCL4Z6Z4Z674Z6P4Z+S4Z6P4Z634oCL4Z6S4Z6Y4Z+M4oCL4Z6i4Z6T4Z+S4Z6P4Z6a4oCL4Z6H4Z624Z6P4Z634oCL4Z6A4Z+S4Z6a4Z674Z6E4oCL4Z6h4Z624oCL4Z6i4Z+BIOGen+GemOGfkuGemuGfgeGeheKAi+GeseGfkuGemeKAi+GegOGemOGfkuGeluGeu+Geh+GetuGeh+GetuGemOGfkuGeheGetuGen+Gfi+GegOGemOGfkuGemOGen+Get+GekeGfkuGekuGetyDhnpvhnr7hnpThn5Lhnprhnrbhnp/hnrbhnpHhnpbhn5Lhnprhn4fhnpzhnrfhnqDhnrbhnpog4Z6B4Z694Z6U4Z6b4Z6+4Z6A4Z6R4Z644Z+l4Z+l	SW50ZXJuYXRpb25hbCBDb3VydCBvZiBKdXN0aWNlIGluIFRoZSBIYWd1ZSBkZWNsYXJlZCBDYW1ib2RpYSBpcyB0aGUgb3duZXIgb2YgdGhlIFByZWFoIFZpaGVhciBUZW1wbGU=
39a3cdb0f125fa579ede0372	4Z6A4Z6Y4Z+S4Z6W4Z674Z6H4Z624oCL4Z6F4Z684Z6b4oCL4Z6H4Z624oCL4Z6f4Z6Y4Z624oCL4Z6H4Z634Z6A4oCL4Z6i4Z6E4Z+S4Z6C4oCL4Z6A4Z624Z6a4oCL4Z6Z4Z684Z6O4Z+B4Z6f4Z+S4Z6A4Z68IOGegeGeveGelOGem+GevuGegOGekeGeuOGfpOGfqQ==	Q2FtYm9kaWEgam9pbmVkIFVORVNDTw==
39aab1a66cba17af20232799	4Z6A4Z6Y4Z+S4Z6W4Z674Z6H4Z624oCL4Z6F4Z684Z6b4oCL4Z6H4Z624oCL4Z6f4Z6Y4Z624oCL4Z6H4Z634Z6A4oCL4Z6i4Z6E4Z+S4Z6C4oCL4Z6A4Z624Z6a4oCL4Z6Z4Z684Z6O4Z+B4Z6f4Z+S4Z6A4Z68IOGegeGeveGelOGem+GevuGegOGekeGeuOGfpuGfpA==	Q2FtYm9kaWEgam9pbmVkIFVORVNDTw==
39ac41ef6aa723861b9bfea5	4Z6W4Z634Z6S4Z644oCL4Z6U4Z674Z6O4Z+S4Z6Z4oCL4Z6F4Z684Z6b4oCL4Z6G4Z+S4Z6T4Z624Z+G4oCL4Z6Q4Z+S4Z6Y4Z64IOGelOGfkuGemuGeluGfg+GejuGeuOKAi+Geh+GetuGej+GetyAtIOGenOGetuGemuGfiOKAi+GenOGfkOGek+KAi+GelOGejw==	S2htZXIgTmV3IFllYXIgLSBWZWFyZWFrIFZhbmFiYXQ=
39ce3f14b1524a58ca63f9f9	4Z6R4Z634Z6c4Z624oCL4Z6H4Z624Z6P4Z634oCL4Z6f4Z674Z6B4Z6X4Z624Z6W4oCL4Z6Y4Z624Z6P4Z62IOGekeGetuGemuGegCDhnpPhnrfhnoTigIvhnoDhnrvhnpjhnrbhnpo=	TmF0aW9uYWwgRGF5IG9uIE1hdGVybmFsLCBOZXdib3JuIGFuZCBDaGlsZCBIZWFsdGg=
39e5decb0166e8b2032531e4	4Z6R4Z634Z6c4Z624oCL4Z6i4Z6T4Z+S4Z6P4Z6a4oCL4Z6H4Z624Z6P4Z634oCL4Z6U4Z+S4Z6a4Z6Z4Z674Z6R4Z+S4Z6S4oCL4Z6U4Z+S4Z6a4Z6G4Z624Z+G4Z6E4oCL4Z6C4Z+S4Z6a4Z6/4Z6E4oCL4Z6J4Z+A4Z6T	SW50ZXJuYXRpb25hbCBEYXkgQWdhaW5zdCBEcnVnIEFidXNlIGFuZCBJbGxpY2l0IFRyYWZmaWNraW5n
39ed45e0553948b4129ded05	4Z6U4Z634Z6O4Z+S4Z6MIOGfqA==	QmVuIDg=
39f2f25014f26528d150462e	4Z6U4Z634Z6O4Z+S4Z6MIOGfoeGfog==	QmVuIDEy
39f512b70aacf3fec26a3bb7	4Z6R4Z634Z6c4Z624oCL4Z6W4Z634Z6X4Z6W4oCL4Z6b4Z+E4Z6A4oCL4Z6U4Z+S4Z6a4Z6G4Z624Z+G4Z6E4oCL4Z6W4Z6b4Z6A4Z6Y4Z+S4Z6Y4oCL4Z6A4Z674Z6Y4Z624Z6aIOGegeGeveGelOGem+GevuGegOGekeGeuOGfouGfqA==	SGFwcHkgV29ybGQgRGF5IEFnYWluc3QgQ2hpbGQgTGFib3Vy
3a041fec7a6dd77f3062f5b2	4Z6W4Z+S4Z6a4Z+H4oCL4Z6a4Z624Z6H4oCL4Z6W4Z634Z6S4Z644oCL4Z6U4Z674Z6O4Z+S4Z6Z4oCL4Z6F4Z6Y4Z+S4Z6a4Z6+4Z6T4oCL4Z6W4Z+S4Z6a4Z+H4oCL4Z6H4Z6T4Z+S4Z6YIOGen+GemOGfkuGej+GfgeGeheKAi+GeluGfkuGemuGfh+KAi+GemOGeoOGetuGegOGfkuGen+Gej+GfkuGemuGeuCDhnpPhnprhn4Thno/hn5Lhno/hnpgg4Z6Y4Z674Z6T4Z634Z6T4Z624Z6QIOGen+GeuOGeoOGek+GeuyDhnpbhn5Lhnprhn4figIvhnpzhnprhnprhnrbhnofigIvhnpjhnrbhno/hnrbigIvhnofhnrbhno/hnrfigIvhnoHhn5Lhnpjhn4Lhnpog4Z6A4Z+S4Z6T4Z674Z6E4oCL4Z6f4Z+B4Z6a4Z644Z6X4Z624Z6WIOGen+GfgeGeheGegOGfkuGej+GeuOGekOGfkuGem+Gfg+GekOGfkuGek+GevOGemiDhnpPhnrfhnoTigIvhnp/hnrvhnpfhnpjhnoThn5LhnoLhnps=	UXVlZW4gTW90aGVyJ3MgQmlydGhkYXk=
3a46840dd835651d0def1ee5	4Z6Q4Z+S4Z6E4Z+D4oCL4Z6f4Z+C4Z6T4oCL4Z6F4Z684Z6b4oCL4Z6G4Z+S4Z6T4Z624Z+G4oCL4Z6F4Z634Z6T	Q2hpbmVzZSBOZXcgWWVhcidzIEV2ZQ==
3a6a384286e1875c0c3a3d92	4Z6W4Z634Z6S4Z644oCL4Z6U4Z674Z6O4Z+S4Z6Z4oCL4Z6c4Z634Z6f4Z624Z6B4oCL4Z6U4Z684Z6H4Z62	VmlzYWsgQm9jaGVh
3a6d7144ed53acffefba3de0	4Z6R4Z634Z6c4Z624oCL4Z6T4Z6Z4Z+E4Z6U4Z624Z6Z4oCL4Z6R4Z654Z6A	V2F0ZXIgUG9saWN5IERheQ==
3a6feadaca25b53265c9e3cb	4Z6R4Z634Z6c4Z624oCL4Z6H4Z624Z6P4Z634oCL4Z6U4Z+S4Z6a4Z6G4Z624Z+G4Z6E4oCL4Z6A4Z624Z6a4oCL4Z6H4Z694Z6J4oCL4Z6K4Z684Z6a4oCL4Z6Y4Z6T4Z674Z6f4Z+S4Z6f	TmF0aW9uYWwgQW50aS1IdW1hbiBUcmFmZmlja2luZyBEYXk=
3a8332bc1225acade5a06078	4Z6R4Z634Z6c4Z624oCL4Z6W4Z634Z6X4Z6W4oCL4Z6b4Z+E4Z6A4oCL4Z6U4Z+S4Z6a4Z6G4Z624Z+G4Z6E4oCL4Z6W4Z6b4Z6A4Z6Y4Z+S4Z6Y4oCL4Z6A4Z674Z6Y4Z624Z6aIOGegeGeveGelOGem+GevuGegOGekeGeuOGfqQ==	SGFwcHkgV29ybGQgRGF5IEFnYWluc3QgQ2hpbGQgTGFib3Vy
3aa6cc06b7d403bbcc2091de	4Z6R4Z634Z6c4Z624oCL4Z6F4Z684Z6b4oCL4Z6G4Z+S4Z6T4Z624Z+G4oCL4Z6f4Z624Z6A4Z6b	TmV3IFllYXIncyBEYXk=
3ae1bf900b0248d0266ad7a2	4Z6R4Z634Z6c4Z624oCL4Z6W4Z634Z6X4Z6W4oCL4Z6b4Z+E4Z6A4oCL4Z6A4Z624Z6A4oCL4Z6U4Z624Z6R4oCL4Z6A4Z+S4Z6a4Z6g4Z6YIOGek+Get+GehOKAi+GeouGejOGfkuGejeGeheGek+GfkuGekeGegOGfkuGemuGeoOGemA==	V29ybGQgUmVkIENyb3NzIGFuZCBSZWQgQ3Jlc2NlbnQgRGF5
3ae205517a67d8ebb48cfa7f	4Z6W4Z634Z6S4Z644oCL4Z6U4Z674Z6O4Z+S4Z6Z4oCL4Z6F4Z684Z6b4oCL4Z6G4Z+S4Z6T4Z624Z+G4oCL4Z6Q4Z+S4Z6Y4Z64IOGelOGfkuGemuGeluGfg+GejuGeuOKAi+Geh+GetuGej+GetyAtIOGekOGfkuGehOGfg+KAi+GeoeGevuGehOKAi+Gen+GfkOGegA==	S2htZXIgTmV3IFllYXIgLSBWZWFyZWFrIExhZXVuZyBTYWs=
3ae20dc6d65a3d93b81dcd14	4Z6R4Z634Z6c4Z624Z6Y4Z624Z6P4Z62	TW90aGVyJ3MgRGF5
3aed9c138cc7f18550f14373	4Z6f4Z+C4Z6T4Z6T4Z+G4Z6i4Z+K4Z64	V2ludGVyIFNvbHN0aWNlIEZlc3RpdmFs
3afcc95ff745c86612488b06	4Z6R4Z634Z6c4Z624oCL4Z6W4Z634Z6X4Z6W4oCL4Z6b4Z+E4Z6A4oCL4Z6U4Z+S4Z6a4Z6Z4Z674Z6R4Z+S4Z6S4oCL4Z6U4Z+S4Z6a4Z6G4Z624Z+G4Z6E4oCL4Z6T4Z654Z6E4oCL4Z6H4Z+G4Z6E4Z664oCL4Z6i4Z+B4Z6K4Z6f4Z+N	V29ybGQgQUlEUyBEYXk=
3b1ace5900d31656bb2af79e	4Z6Q4Z+S4Z6E4Z+D4oCL4Z6f4Z+C4Z6T4oCL4Z6F4Z684Z6b4oCL4Z6G4Z+S4Z6T4Z624Z+G4oCL4Z6F4Z634Z6T	Q2hpbmVzZSBOZXcgWWVhcidzIEV2ZQ==
3b36f2990845c6311d56136b	4Z6W4Z+S4Z6a4Z+H4oCL4Z6a4Z624Z6H4oCL4Z6W4Z634Z6S4Z644oCL4Z6U4Z674Z6O4Z+S4Z6Z4oCL4Z6F4Z6Y4Z+S4Z6a4Z6+4Z6T4oCL4Z6W4Z+S4Z6a4Z+H4oCL4Z6H4Z6T4Z+S4Z6YIOGen+GemOGfkuGej+GfgeGeheKAi+GeluGfkuGemuGfh+KAi+GemOGeoOGetuGegOGfkuGen+Gej+GfkuGemuGeuCDhnpPhnprhn4Thno/hn5Lhno/hnpgg4Z6Y4Z674Z6T4Z634Z6T4Z624Z6QIOGen+GeuOGeoOGek+GeuyDhnpbhn5Lhnprhn4figIvhnpzhnprhnprhnrbhnofigIvhnpjhnrbhno/hnrbigIvhnofhnrbhno/hnrfigIvhnoHhn5Lhnpjhn4Lhnpog4Z6A4Z+S4Z6T4Z674Z6E4oCL4Z6f4Z+B4Z6a4Z644Z6X4Z624Z6WIOGen+GfgeGeheGegOGfkuGej+GeuOGekOGfkuGem+Gfg+GekOGfkuGek+GevOGemiDhnpPhnrfhnoTigIvhnp/hnrvhnpfhnpjhnoThn5LhnoLhnps=	UXVlZW4gTW90aGVyJ3MgQmlydGhkYXk=
3b6c4110500a0bd0a4b336bc	4Z6W4Z634Z6S4Z644oCL4Z6U4Z674Z6O4Z+S4Z6Z4oCL4Z6X4Z+S4Z6H4Z674Z+G4oCL4Z6U4Z634Z6O4Z+S4Z6M	UGNodW0gQmVuIEZlc3RpdmFs
3b72cdea611c3be4f4c8a5a7	4Z6R4Z634Z6c4Z624oCL4Z6C4Z+S4Z6a4Z684oCL4Z6U4Z6E4Z+S4Z6a4Z+A4Z6T4oCL4Z6W4Z634Z6X4Z6W4oCL4Z6b4Z+E4Z6A	V29ybGQgVGVhY2hlcidzIERheQ==
3b8ac9effc7354c921c5011a	4Z6R4Z634Z6c4Z624oCL4oCL4Z6U4Z+S4Z6a4Z6H4Z624Z6H4Z6T4Z6H4Z624Z6P4Z63IOGek+Get+GehOKAi+KAi+GelOGfkuGemuGeh+GetuGeh+Gek+KAi+GeluGet+Gel+GeluKAi+Gem+GfhOGegA==	TmF0aW9uYWwgUG9wdWxhdGlvbiBEYXkgYW5kIFdvcmxkIFBvcHVsYXRpb24gRGF5
3b8f969412208139821c3c37	4Z6A4Z6Y4Z+S4Z6W4Z674Z6H4Z624oCL4Z6F4Z684Z6b4oCL4Z6H4Z624oCL4Z6f4Z6Y4Z624oCL4Z6H4Z634Z6A4oCL4Z6i4Z624Z6f4Z+K4Z624Z6TIOGegeGeveGelOGem+GevuGegOGekeGeuOGfouGfoQ==	Q2FtYm9kaWEgam9pbmVkIFRoZSBBc3NvY2lhdGlvbiBvZiBTb3V0aGVhc3QgQXNpYW4gTmF0aW9ucyAoQVNFQU4p
3b9f15f05c6457dc3cc3da72	4Z6R4Z634Z6c4Z624oCL4Z6Z4Z674Z6c4Z6H4Z6T4oCL4Z6i4Z6T4Z+S4Z6P4Z6a4oCL4Z6H4Z624Z6P4Z63	SW50ZXJuYXRpb25hbCBZb3V0aCBEYXk=
3b9fbd70df58a86bc8161913	4Z6R4Z634Z6c4Z624oCL4Z6U4Z+S4Z6a4Z624Z6a4Z6W4Z+S4Z6S4oCL4Z6W4Z634Z6S4Z644oCL4Z6C4Z+E4Z6a4Z6W4oCL4Z6W4Z+S4Z6a4Z+H4Z6c4Z634Z6J4Z+S4Z6J4Z624Z6O4Z6A4Z+S4Z6B4Z6T4Z+S4Z6SIOGeluGfkuGemuGfh+GegOGemuGeu+GejuGetuKAi+GeluGfkuGemuGfh+GelOGetuGekeKAi+Gen+GemOGfkuGej+GfgeGeheKAi+GeluGfkuGemuGfhyDhnpPhnprhn4Thno/hn5Lhno/hnpgg4Z6f4Z644Z6g4Z6T4Z67IOGeluGfkuGemuGfh+GemOGeoOGetuGenOGeuOGemuGegOGfkuGen+Gej+GfkuGemiDhnpbhn5Lhnprhn4figIvhnpzhnprhnprhnrbhnofigIvhnpThnrfhno/hnrbigIvhnq/hnoDhnprhnrbhnofhn5Lhnpkg4Z6U4Z684Z6a4Z6O4Z6X4Z624Z6W4oCL4Z6R4Z654Z6A4Z6K4Z64IOGek+Get+GehOKAi+Ger+GegOGel+GetuGeluKAi+Geh+GetuGej+Get+KAi+GegeGfkuGemOGfguGemg==	S2luZyBGYXRoZXIncyBDb21tZW1vcmF0aW9uIERheQ==
3ba2b22f962022b53a5b94bb	4Z6R4Z634Z6c4Z624Z6R4Z654Z6AIOGek+Get+GehOGep+Gej+Geu+Gek+Get+GemeGemOGeluGet+Gel+GeluGem+GfhOGegA==	V29ybGQgV2F0ZXIgYW5kIFdvcmxkIE1ldGVvcm9sb2dpY2FsIERheQ==
3baceb5bc43a764ed238038e	4Z6b4Z+S4Z6B4Z+E4Z6T4oCL4Z6f4Z+S4Z6a4Z6Y4Z+E4Z6b4oCL4Z6f4Z+S4Z6U4Z+C4Z6A4oCLIOGej+GfkuGemuGevOGenOKAi+GelOGetuGek+KAi+GeheGeu+Gfh+KAi+GegOGfkuGek+Geu+GehOKAi+GelOGeieGfkuGeh+GeuOKAi+GelOGfgeGej+Get+GegOKAi+Gel+GejuGfkuGejOGenOGelOGfkuGelOGekuGemOGfjOGeouGemuGevOGelOGeuOGek+Gfg+GemOGek+Geu+Gen+GfkuGen+Geh+GetuGej+GetyDhnoHhnr3hnpThnpvhnr7hnoDhnpHhnrjhn6Hhn6Q=	S2htZXIgU2hhZG93IFRoZWF0cmUgaW5zY3JpYmVkIG9uIHRoZSBSZXByZXNlbnRhdGl2ZSBMaXN0IG9mIHRoZSBJbnRhbmdpYmxlIEN1bHR1cmFsIEhlcml0YWdlIG9mIEh1bWFuaXR5
3bb6621ccecc4ee41015d1bc	4Z6R4Z634Z6c4Z624oCL4Z6i4Z6T4Z+S4Z6P4Z6a4oCL4Z6H4Z624Z6P4Z634oCL4Z6H4Z6T4Z6H4Z624Z6P4Z634Z6K4Z6+4Z6Y4Z6X4Z624Z6C4Z6P4Z634Z6F4Z6W4Z634Z6X4Z6W4Z6b4Z+E4Z6A	SW50ZXJuYXRpb25hbCBEYXkgb2YgdGhlIFdvcmxkJ3MgSW5kaWdlbm91cyBQZW9wbGVz
3bb82b17d5df8299193c2b10	4Z6R4Z634Z6c4Z624oCL4Z6i4Z624oCL4Z6A4Z624Z6f4oCL4Z6F4Z6a4Z6O4Z+N4Z6f4Z+K4Z644Z6c4Z634Z6b	Q2l2aWwgQXZpYXRpb24gRGF5
3bd00a99dba3ced5f53ae001	4Z6R4Z634Z6c4Z624oCL4Z6U4Z+S4Z6a4Z624Z6a4Z6W4Z+S4Z6S4oCL4Z6W4Z634Z6S4Z644oCL4Z6C4Z+E4Z6a4Z6W4oCL4Z6W4Z+S4Z6a4Z+H4Z6c4Z634Z6J4Z+S4Z6J4Z624Z6O4Z6A4Z+S4Z6B4Z6T4Z+S4Z6SIOGeluGfkuGemuGfh+GegOGemuGeu+GejuGetuKAi+GeluGfkuGemuGfh+GelOGetuGekeKAi+Gen+GemOGfkuGej+GfgeGeheKAi+GeluGfkuGemuGfhyDhnpPhnprhn4Thno/hn5Lhno/hnpgg4Z6f4Z644Z6g4Z6T4Z67IOGeluGfkuGemuGfh+GemOGeoOGetuGenOGeuOGemuGegOGfkuGen+Gej+GfkuGemiDhnpbhn5Lhnprhn4figIvhnpzhnprhnprhnrbhnofigIvhnpThnrfhno/hnrbigIvhnq/hnoDhnprhnrbhnofhn5Lhnpkg4Z6U4Z684Z6a4Z6O4Z6X4Z624Z6W4oCL4Z6R4Z654Z6A4Z6K4Z64IOGek+Get+GehOKAi+Ger+GegOGel+GetuGeluKAi+Geh+GetuGej+Get+KAi+GegeGfkuGemOGfguGemg==	S2luZyBGYXRoZXIncyBDb21tZW1vcmF0aW9uIERheQ==
3beb3087fc1eea2687b19cd4	4Z6R4Z634Z6c4Z624oCL4Z6U4Z+S4Z6a4Z6A4Z624Z6f4oCL4Z6a4Z6K4Z+S4Z6L4oCL4Z6S4Z6Y4Z+S4Z6Y4Z6T4Z674Z6J4Z+S4Z6JIOGegeGeveGelOGem+GevuGegOGekeGeuOGfo+Gfow==	Q29uc3RpdHV0aW9uIERheQ==
3bf75888d599c92e75437b44	4Z6W4Z634Z6S4Z644oCL4Z6U4Z+G4Z6U4Z694Z6f4oCL4Z6T4Z624Z6C4oCL4Z6B4Z+S4Z6T4Z624Z6T	VGhlIE9yZGFpbmVkIERyYWdvbiBNb25r
3c0bf01ce167d714a8275fd8	4Z6U4Z674Z6O4Z+S4Z6Z4oCL4Z6g4Z624Z6h4Z684Z6c4Z644Z6T	SGFsbG93ZWVu
3c3989ad383db01dd7c3df14	4Z6U4Z634Z6O4Z+S4Z6MIOGfoQ==	QmVuIDE=
3c3ecb1b488b50b3ca90f888	4Z6U4Z+S4Z6a4Z624Z6f4Z624Z6R4oCL4Z6W4Z+S4Z6a4Z+H4oCL4Z6c4Z634Z6g4Z624Z6aIOGej+GfkuGemuGevOGenOKAi+GelOGetuGek+KAi+GeheGeu+Gfh+KAi+GegOGfkuGek+Geu+GehOKAi+GelOGeieGfkuGeh+GeuOKAi+GelOGfgeGej+Get+GegOKAi+Gel+GejuGfkuGejOKAi+GeluGet+Gel+GeluGem+GfhOGegOGemuGelOGen+Gfi+GeouGehOGfkuGeguGegOGetuGemuGemeGevOGejuGfgeGen+GfkuGegOGevCDhnoHhnr3hnpThnpvhnr7hnoDhnpHhnrjhn6Hhn6c=	VGVtcGxlIG9mIFByZWFoIFZpaGVhciB3YXMgaW5zY3JpYmVkIG9uIHRoZSBVTkVTQ08gV29ybGQgSGVyaXRhZ2UgTGlzdA==
3c7fc14cbc5b009676c34089	4Z6A4Z6L4Z634Z6T4oCL4Z6A4Z624Z6b	S2F0aGVuIEthbA==
3c81f5ddd586f110a56bbeb9	4Z6R4Z634Z6c4Z624oCL4Z6W4Z634Z6X4Z6W4oCL4Z6b4Z+E4Z6A4oCL4Z6A4Z624Z6A4oCL4Z6U4Z624Z6R4oCL4Z6A4Z+S4Z6a4Z6g4Z6YIOGek+Get+GehOKAi+GeouGejOGfkuGejeGeheGek+GfkuGekeGegOGfkuGemuGeoOGemA==	V29ybGQgUmVkIENyb3NzIGFuZCBSZWQgQ3Jlc2NlbnQgRGF5
3c95ddaf671dba47d710346f	4Z6W4Z+S4Z6a4Z+H4oCL4Z6a4Z624Z6H4oCL4Z6W4Z634Z6S4Z644oCL4Z6C4Z+S4Z6a4Z6E4oCL4Z6W4Z+S4Z6a4Z+H4oCL4Z6U4Z6a4Z6Y4oCL4Z6a4Z624Z6H4oCL4Z6f4Z6Y4Z+S4Z6U4Z6P4Z+S4Z6P4Z63IOGeluGfkuGemuGfh+KAi+GegOGemuGeu+GejuGetuKAi+GeluGfkuGemuGfh+KAi+GelOGetuGekeKAi+Gen+GemOGfkuGej+GfgeGeheKAi+GeluGfkuGemuGfh+KAi+GelOGemuGemOGek+GetuGekCDhnpPhnprhn4Thno/hn5Lhno/hnpgg4Z6f4Z644Z6g4Z6Y4Z674Z6T4Z64IOGeluGfkuGemuGfh+KAi+GemOGeoOGetuGegOGfkuGen+Gej+GfkuGemuKAi+Gek+Gfg+KAi+GeluGfkuGemuGfh+GemuGetuGeh+GetuGejuGetuGeheGegOGfkuGemuKAi+GegOGemOGfkuGeluGeu+Geh+Getg==	S2luZydzIENvcm9uYXRpb24gRGF5
3c972d207dd4324f5bee336a	4Z6U4Z634Z6O4Z+S4Z6MIOGfoeGfow==	QmVuIDEz
3c97df97ba184d48c9bbb816	4Z6R4Z634Z6c4Z624oCL4Z6i4Z6T4Z+S4Z6P4Z6a4oCL4Z6H4Z624Z6P4Z634oCL4Z6U4Z+S4Z6a4Z6Z4Z674Z6R4Z+S4Z6S4oCL4Z6U4Z+S4Z6a4Z6G4Z624Z+G4Z6E4oCL4Z6C4Z+S4Z6a4Z6/4Z6E4oCL4Z6J4Z+A4Z6T	SW50ZXJuYXRpb25hbCBEYXkgQWdhaW5zdCBEcnVnIEFidXNlIGFuZCBJbGxpY2l0IFRyYWZmaWNraW5n
3cab829c245a149b5190344f	4Z6P4Z+G4Z6U4Z6T4Z+L4oCL4Z6a4Z6Y4Z6O4Z644oCL4Z6K4Z+S4Z6L4Z624Z6T4oCL4Z6i4Z6E4Z+S4Z6C4Z6aIOGej+GfkuGemuGevOGenOKAi+GelOGetuGek+KAi+GeheGeu+Gfh+KAi+GegOGfkuGek+Geu+GehOKAi+GelOGeieGfkuGeh+GeuOKAi+GelOGfgeGej+Get+GegOKAi+Gel+GejuGfkuGejOKAi+GeluGet+Gel+GeluGem+GfhOGegOGemuGelOGen+Gfi+GeouGehOGfkuGeguGegOGetuGemuGemeGevOGejuGfgeGen+GfkuGegOGevCDhnoHhnr3hnpThnpvhnr7hnoDhnpHhnrjhn6Phn6I=	QW5na29yIHdhcyBpbnNjcmliZWQgb24gdGhlIFVORVNDTyBXb3JsZCBIZXJpdGFnZSBMaXN0
3cc1bb9734df09fcbde7ade0	4Z6R4Z634Z6c4Z624oCL4Z6W4Z634Z6X4Z6W4oCL4Z6b4Z+E4Z6A4oCL4Z6A4Z624Z6A4oCL4Z6U4Z624Z6R4oCL4Z6A4Z+S4Z6a4Z6g4Z6YIOGek+Get+GehOKAi+GeouGejOGfkuGejeGeheGek+GfkuGekeGegOGfkuGemuGeoOGemA==	V29ybGQgUmVkIENyb3NzIGFuZCBSZWQgQ3Jlc2NlbnQgRGF5
3ccb1a446647098b7755828e	4Z6A4Z6Y4Z+S4Z6W4Z674Z6H4Z624oCL4Z6F4Z684Z6b4oCL4Z6H4Z624oCL4Z6f4Z6Y4Z624oCL4Z6H4Z634Z6A4oCL4Z6i4Z6E4Z+S4Z6C4oCL4Z6A4Z624Z6a4oCL4Z6f4Z6g4oCL4Z6U4Z+S4Z6a4Z6H4Z624Z6H4Z624Z6P4Z63IOGegeGeveGelOGem+GevuGegOGekeGeuOGfpeGfqQ==	Q2FtYm9kaWEgYmVjYW1lIGEgbWVtYmVyIG9mIHRoZSBVbml0ZWQgTmF0aW9ucw==
3cd0f6b75c621b249ad6b50d	4Z6A4Z+G4Z6O4Z6+4Z6P4oCL4Z6T4Z6C4Z6a4oCL4Z6U4Z624Z6b4oCL4Z6H4Z624Z6P4Z63IOGegeGeveGelOGem+GevuGegOGekeGeuOGfpuGfpg==	QmlydGggb2YgdGhlIE5hdGlvbmFsIFBvbGljZQ==
3ceba071893228228e235b50	4Z6U4Z634Z6O4Z+S4Z6MIOGfoeGfoQ==	QmVuIDEx
3d10fb0cb1f2ab525bee2b16	4Z6R4Z634Z6c4Z624oCL4Z6H4Z624Z6P4Z634oCL4Z6Z4Z6b4Z+L4oCL4Z6K4Z654Z6E4oCL4Z6W4Z644oCL4Z6Y4Z644Z6TIOGegeGeveGelOGem+GevuGegOGekeGeuOGfow==	TmF0aW9uYWwgTWluZSBBd2FyZW5lc3MgRGF5
3d13e1a2d02da96c4519cd5c	4Z6R4Z634Z6c4Z624oCL4Z6W4Z+S4Z6a4Z+H4oCL4Z6W4Z674Z6R4Z+S4Z6S4oCL4Z6f4Z624Z6f4Z6T4Z624oCL4Z6i4Z6T4Z+S4Z6P4Z6a4Z6H4Z624Z6P4Z63	SW50ZXJuYXRpb25hbCBCdWRkaGlzdCBEYXk=
3d2e67678a3cac87926f8978	4Z6W4Z+S4Z6a4Z+H4oCL4Z6a4Z624Z6H4oCL4Z6W4Z634Z6S4Z644oCL4Z6U4Z674Z6O4Z+S4Z6Z4oCL4Z6i4Z674Z+G4oCL4Z6R4Z684Z6AIOGelOGejuGfkuGeiuGfguGej+KAi+GelOGfkuGemuGekeGeuOGelCDhnpPhnrfhnoTigIvhnp/hn4bhnpbhn4figIvhnpbhn5Lhnprhn4figIvhnoHhn4Ig4Z6i4Z6A4Z6i4Z+G4Z6U4Z674Z6A	V2F0ZXIgRmVzdGl2YWw=
3d51e8fa83c27f889f17b7b5	4Z6R4Z634Z6c4Z624oCL4Z6H4Z6T4oCL4Z6Y4Z624Z6T4oCL4Z6W4Z634Z6A4Z624Z6a4Z6X4Z624Z6W4oCL4Z6i4Z6T4Z+S4Z6P4Z6a4Z6H4Z624Z6P4Z63	SW50ZXJuYXRpb25hbCBEYXkgb2YgRGlzYWJsZWQgUGVyc29ucw==
3d5c43e0ad9a433013abe564	4Z6R4Z634Z6c4Z624Z6a4Z+G4Z6b4Z654Z6A4oCL4Z6B4Z694Z6U4oCL4Z6T4Z+D4oCL4Z6A4Z634Z6F4Z+S4Z6F4Z6W4Z+S4Z6a4Z6Y4Z6W4Z+S4Z6a4Z+A4Z6E4oCL4Z6f4Z6T4Z+S4Z6P4Z634Z6X4Z624Z6W4oCL4Z6R4Z644Z6A4Z+S4Z6a4Z674Z6E4oCL4Z6U4Z+J4Z624Z6a4Z644Z6f	UGFyaXMgUGVhY2UgQWdyZWVtZW50IERheQ==
3d78caa6e7afc2ff598ee4c8	4Z6U4Z674Z6O4Z+S4Z6Z4oCL4Z6g4Z624Z6h4Z684Z6c4Z644Z6T	SGFsbG93ZWVu
3d9bf6de4f47aa59583f9c69	4Z6R4Z634Z6c4Z624oCL4Z6f4Z634Z6R4Z+S4Z6S4Z634oCL4Z6Y4Z6T4Z674Z6f4Z+S4Z6f4oCL4Z6i4Z6T4Z+S4Z6P4Z6a4Z6H4Z624Z6P4Z63IOGegeGeveGelOGem+GevuGegOGekeGeuOGfpeGfow==	SW50ZXJuYXRpb25hbCBIdW1hbiBSaWdodHMgRGF5
3da260f28fe993a6cafa8e22	4Z6A4Z+G4Z6O4Z6+4Z6P4oCL4Z6T4Z6C4Z6a4oCL4Z6U4Z624Z6b4oCL4Z6H4Z624Z6P4Z63IOGegeGeveGelOGem+GevuGegOGekeGeuOGfqOGfoA==	QmlydGggb2YgdGhlIE5hdGlvbmFsIFBvbGljZQ==
3da324e185f007fade7b1334	4Z6W4Z634Z6S4Z644oCL4Z6U4Z674Z6O4Z+S4Z6Z4oCL4Z6c4Z634Z6f4Z624Z6B4oCL4Z6U4Z684Z6H4Z62	VmlzYWsgQm9jaGVh
3db7fd60bd8567b019c4db36	4Z6Q4Z+S4Z6E4Z+D4oCL4Z6f4Z+C4Z6T4oCL4Z6F4Z684Z6b4oCL4Z6G4Z+S4Z6T4Z624Z+G4oCL4Z6F4Z634Z6T	Q2hpbmVzZSBOZXcgWWVhcidzIEV2ZQ==
3dbe5bd53b737919aeb18dd0	4Z6R4Z634Z6c4Z624oCL4Z6U4Z6a4Z634oCL4Z6f4Z+S4Z6Q4Z624Z6T4oCL4Z6H4Z624Z6P4Z63IOGek+Get+GehOKAi+GelOGemuGet+KAi+Gen+GfkuGekOGetuGek+KAi+GeluGet+Gel+GeluKAi+Gem+GfhOGegCDhnoHhnr3hnpThnpvhnr7hnoDhnpHhnrjhn6Phn6I=	TmF0aW9uYWwgYW5kIFdvcmxkIEVudmlyb25tZW50IERheQ==
3dc061f747ada2f91a760b69	4Z6U4Z634Z6O4Z+S4Z6MIOGfog==	QmVuIDI=
3dc826261ae3423afc339d2d	4Z6A4Z6Y4Z+S4Z6W4Z674Z6H4Z624oCL4Z6F4Z684Z6b4oCL4Z6H4Z624oCL4Z6f4Z6Y4Z624oCL4Z6H4Z634Z6A4oCL4Z6i4Z6E4Z+S4Z6C4oCL4Z6A4Z624Z6a4oCL4Z6f4Z6g4oCL4Z6U4Z+S4Z6a4Z6H4Z624Z6H4Z624Z6P4Z63IOGegeGeveGelOGem+GevuGegOGekeGeuOGfpeGfog==	Q2FtYm9kaWEgYmVjYW1lIGEgbWVtYmVyIG9mIHRoZSBVbml0ZWQgTmF0aW9ucw==
3dcc2a58b25464b42a82dc7f	4Z6a4Z6U4Z624Z+G4oCL4Z6W4Z+S4Z6a4Z+H4oCL4Z6a4Z624Z6H4oCL4Z6R4Z+S4Z6a4Z6W4Z+S4Z6ZIOGej+GfkuGemuGevOGenOKAi+GelOGetuGek+KAi+GeheGeu+Gfh+KAi+GegOGfkuGek+Geu+GehOKAi+GelOGeieGfkuGeh+GeuOKAi+GelOGfgeGej+Get+KAi+GegOGel+GejuGfkuGejOKAi+GenOGelOGfkuGelOGekuGemOGfjOGeouGemuGevOGelOGeuOGek+Gfg+GemOGek+Geu+Gen+GfkuGen+Geh+GetuGej+GetyDhnoHhnr3hnpThnpvhnr7hnoDhnpHhnrjhn6Lhn6M=	Um95YWwgQmFsbGV0IG9mIENhbWJvZGlhIGluc2NyaWJlZCBvbiB0aGUgUmVwcmVzZW50YXRpdmUgTGlzdCBvZiB0aGUgSW50YW5naWJsZSBDdWx0dXJhbCBIZXJpdGFnZSBvZiBIdW1hbml0eQ==
3df6143fadf6e794fa2031a4	4Z6A4Z6Y4Z+S4Z6W4Z674Z6H4Z624oCL4Z6F4Z684Z6b4oCL4Z6H4Z624oCL4Z6f4Z6Y4Z624oCL4Z6H4Z634Z6A4oCL4Z6i4Z624Z6f4Z+K4Z624Z6TIOGegeGeveGelOGem+GevuGegOGekeGeuOGfpw==	Q2FtYm9kaWEgam9pbmVkIFRoZSBBc3NvY2lhdGlvbiBvZiBTb3V0aGVhc3QgQXNpYW4gTmF0aW9ucyAoQVNFQU4p
3e0dbe863166fa15940cd2dd	4Z6W4Z634Z6S4Z644oCL4Z6U4Z+G4Z6U4Z694Z6f4oCL4Z6T4Z624Z6C4oCL4Z6B4Z+S4Z6T4Z624Z6T	VGhlIE9yZGFpbmVkIERyYWdvbiBNb25r
3e30aaebf031e5510e3d79a4	4Z6R4Z634Z6c4Z624oCL4Z6T4Z624Z6a4Z644oCL4Z6i4Z6T4Z+S4Z6P4Z6a4Z6H4Z624Z6P4Z63IOGegeGeveGelOGem+GevuGegOGekeGeuOGfoeGfoeGfoA==	SW50ZXJuYXRpb25hbCBXb21lbidzIERheQ==
3e50277dbf102588ef3f81a5	4Z6U4Z634Z6O4Z+S4Z6MIOGfpg==	QmVuIDY=
3e6c4157d0fcae97528fa41e	4Z6R4Z634Z6c4Z624oCL4Z6f4Z674Z6B4oCL4Z6X4Z624Z6W4oCL4Z6W4Z634Z6X4Z6W4oCL4Z6b4Z+E4Z6A	V29ybGQgSGVhbHRoIERheQ==
3e7205a289361b7579c71c9d	4Z6U4Z634Z6O4Z+S4Z6MIOGfog==	QmVuIDI=
3e76c6daa962e6eb555a4684	4Z6R4Z634Z6c4Z624oCL4Z6W4Z6b4Z6A4Z6Y4Z+S4Z6Y4oCL4Z6i4Z6T4Z+S4Z6P4Z6a4Z6H4Z624Z6P4Z63IOGegeGeveGelOGem+GevuGegOGekeGeuOGfoeGfpOGfpA==	SW50ZXJuYXRpb25hbCBMYWJvciBEYXk=
3eaaeef22618e87532588cf3	4Z6b4Z+S4Z6B4Z+E4Z6T4oCL4Z6f4Z+S4Z6a4Z6Y4Z+E4Z6b4oCL4Z6f4Z+S4Z6U4Z+C4Z6A4oCLIOGej+GfkuGemuGevOGenOKAi+GelOGetuGek+KAi+GeheGeu+Gfh+KAi+GegOGfkuGek+Geu+GehOKAi+GelOGeieGfkuGeh+GeuOKAi+GelOGfgeGej+Get+GegOKAi+Gel+GejuGfkuGejOGenOGelOGfkuGelOGekuGemOGfjOGeouGemuGevOGelOGeuOGek+Gfg+GemOGek+Geu+Gen+GfkuGen+Geh+GetuGej+Getw==	S2htZXIgU2hhZG93IFRoZWF0cmUgaW5zY3JpYmVkIG9uIHRoZSBSZXByZXNlbnRhdGl2ZSBMaXN0IG9mIHRoZSBJbnRhbmdpYmxlIEN1bHR1cmFsIEhlcml0YWdlIG9mIEh1bWFuaXR5
3eac55d03a9660f1dfe8d2c9	4Z6A4Z+G4Z6O4Z6+4Z6P4oCL4Z6T4Z6C4Z6a4oCL4Z6U4Z624Z6b4oCL4Z6H4Z624Z6P4Z63IOGegeGeveGelOGem+GevuGegOGekeGeuOGfpeGfpQ==	QmlydGggb2YgdGhlIE5hdGlvbmFsIFBvbGljZQ==
3eadbab99ad86f047ff8dc17	4Z6W4Z634Z6S4Z644oCL4Z6U4Z674Z6O4Z+S4Z6Z4oCL4Z6F4Z684Z6b4oCL4Z6G4Z+S4Z6T4Z624Z+G4oCL4Z6Q4Z+S4Z6Y4Z64IOGelOGfkuGemuGeluGfg+GejuGeuOKAi+Geh+GetuGej+GetyAtIOGenOGetuGemuGfiOKAi+GenOGfkOGek+KAi+GelOGejw==	S2htZXIgTmV3IFllYXIgLSBWZWFyZWFrIFZhbmFiYXQ=
3eb6a7e980e414d8ea26dc2a	4Z6A4Z6Y4Z+S4Z6W4Z674Z6H4Z624oCL4Z6F4Z684Z6b4oCL4Z6H4Z624oCL4Z6f4Z6Y4Z624oCL4Z6H4Z634Z6A4oCL4Z6i4Z624Z6f4Z+K4Z624Z6TIOGegeGeveGelOGem+GevuGegOGekeGeuOGfoeGfow==	Q2FtYm9kaWEgam9pbmVkIFRoZSBBc3NvY2lhdGlvbiBvZiBTb3V0aGVhc3QgQXNpYW4gTmF0aW9ucyAoQVNFQU4p
3ed7ea1f4a5ff19add252d3b	4Z6a4Z674Z6A4Z+S4Z6B4oCL4Z6R4Z634Z6c4Z62	QXJib3IgRGF5
3edc3825e8b618081a22300d	4Z6R4Z634Z6c4Z624oCL4Z6W4Z634Z6X4Z6W4oCL4Z6b4Z+E4Z6A4oCL4Z6C4Z+S4Z6Y4Z624Z6T4oCL4Z6Q4Z+S4Z6T4Z624Z+G4oCL4Z6H4Z6A4Z+L	V29ybGQgTm8gVG9iYWNjbyBEYXk=
3ee7929d8bfaa75a1e011171	4Z6F4Z684Z6b4oCL4Z6G4Z+S4Z6T4Z624Z+G4oCL4Z6F4Z634Z6T	Q2hpbmVzZSBOZXcgWWVhcg==
3eea40830c2d246109ee1a89	4Z6f4Z+C4Z6T4Z6T4Z+G4Z6i4Z+K4Z64	V2ludGVyIFNvbHN0aWNlIEZlc3RpdmFs
3eed7f1fd4be6a01391ae351	4Z6Q4Z+S4Z6E4Z+D4oCL4Z6f4Z+C4Z6T4oCL4Z6K4Z6A4oCL4Z6H4Z6+4Z6E4oCL4Z6S4Z684Z6U	S2l0Y2hlbiBHb2QgRmVzdGl2YWw=
3eeec4e4548ed653071bbc7c	4Z6R4Z634Z6c4Z624oCL4Z6U4Z+S4Z6a4Z6A4Z624Z6f4oCL4Z6a4Z6K4Z+S4Z6L4oCL4Z6S4Z6Y4Z+S4Z6Y4Z6T4Z674Z6J4Z+S4Z6JIOGegeGeveGelOGem+GevuGegOGekeGeuOGfouGfqQ==	Q29uc3RpdHV0aW9uIERheQ==
3ef0a8e67bd5e0717f8ae371	4Z6R4Z634Z6c4Z624oCL4Z6H4Z624Z6P4Z634oCL4Z6T4Z+D4oCL4Z6A4Z624Z6a4oCL4Z6F4Z6E4oCL4Z6F4Z624Z+G	TmF0aW9uYWwgRGF5IG9mIFJlbWVtYnJhbmNl
3efc9aff50f284c0a7f4c15b	4Z6R4Z634Z6c4Z624oCL4Z6H4Z624Z6P4Z634oCL4Z6T4Z+D4oCL4Z6A4Z624Z6a4oCL4Z6F4Z6E4oCL4Z6F4Z624Z+G	TmF0aW9uYWwgRGF5IG9mIFJlbWVtYnJhbmNl
3f130c957df808fd687625d1	4Z6R4Z634Z6c4Z624oCL4Z6n4Z6R4Z+S4Z6Z4Z624Z6T4Z674oCL4Z6a4Z6A4Z+S4Z6f4Z6W4Z634Z6X4Z6W4Z6b4Z+E4Z6AIOGegeGeveGelOGem+GevuGegOGekeGeuOGfouGfoA==	V29ybGQgUmFuZ2VyIERheQ==
3f28fe1af4988b6313931010	4Z6R4Z634Z6c4Z624Z6a4Z+G4Z6b4Z654Z6A4oCL4Z6B4Z694Z6U4oCL4Z6T4Z+D4oCL4Z6A4Z634Z6F4Z+S4Z6F4Z6W4Z+S4Z6a4Z6Y4Z6W4Z+S4Z6a4Z+A4Z6E4oCL4Z6f4Z6T4Z+S4Z6P4Z634Z6X4Z624Z6W4oCL4Z6R4Z644Z6A4Z+S4Z6a4Z674Z6E4oCL4Z6U4Z+J4Z624Z6a4Z644Z6f	UGFyaXMgUGVhY2UgQWdyZWVtZW50IERheQ==
3f5502e6527ae0c1c5849932	4Z6W4Z+S4Z6a4Z+H4oCL4Z6a4Z624Z6H4oCL4Z6W4Z634Z6S4Z644oCL4Z6U4Z674Z6O4Z+S4Z6Z4oCL4Z6i4Z674Z+G4oCL4Z6R4Z684Z6AIOGelOGejuGfkuGeiuGfguGej+KAi+GelOGfkuGemuGekeGeuOGelCDhnpPhnrfhnoTigIvhnp/hn4bhnpbhn4figIvhnpbhn5Lhnprhn4figIvhnoHhn4Ig4Z6i4Z6A4Z6i4Z+G4Z6U4Z674Z6A	V2F0ZXIgRmVzdGl2YWw=
3f8516159c9f3f85d4b3338e	4Z6R4Z634Z6c4Z624oCL4Z6Y4Z6T4Z674Z6f4Z+S4Z6f4oCL4Z6F4Z624Z6f4Z+L4oCL4Z6A4Z6Y4Z+S4Z6W4Z674Z6H4Z62IOGek+Get+GehOGekeGet+GenOGetuGemOGek+Geu+Gen+GfkuGen+GeheGetuGen+Gfi+GeouGek+GfkuGej+GemuGeh+GetuGej+GetyDhnoHhnr3hnpThnpvhnr7hnoDhnpHhnrjhn6Hhn6g=	Q2FtYm9kaWFuIE9sZGVyIFBlcnNvbnMgRGF5IGFuZCB0aGUgSW50ZXJuYXRpb25hbCBEYXkgb2YgT2xkZXIgUGVyc29ucw==
3f8b9ae7f5ad574b681bec74	4Z6F4Z684Z6b4oCL4Z6G4Z+S4Z6T4Z624Z+G4oCL4Z6F4Z634Z6T	Q2hpbmVzZSBOZXcgWWVhcg==
3fa1662627b5bb5d8d31fd73	4Z6F4Z684Z6b4oCL4Z6W4Z+S4Z6a4Z+H4oCL4Z6c4Z6f4Z+S4Z6f4Z62	QmVnaW5uaW5nIG9mIEJ1ZGRoaXN0IExlbnQ=
3fadce1e3d22b182a220cd1c	4Z6b4Z+S4Z6B4Z+E4Z6T4oCL4Z6f4Z+S4Z6a4Z6Y4Z+E4Z6b4oCL4Z6f4Z+S4Z6U4Z+C4Z6A4oCLIOGej+GfkuGemuGevOGenOKAi+GelOGetuGek+KAi+GeheGeu+Gfh+KAi+GegOGfkuGek+Geu+GehOKAi+GelOGeieGfkuGeh+GeuOKAi+GelOGfgeGej+Get+GegOKAi+Gel+GejuGfkuGejOGenOGelOGfkuGelOGekuGemOGfjOGeouGemuGevOGelOGeuOGek+Gfg+GemOGek+Geu+Gen+GfkuGen+Geh+GetuGej+GetyDhnoHhnr3hnpThnpvhnr7hnoDhnpHhnrjhn6Y=	S2htZXIgU2hhZG93IFRoZWF0cmUgaW5zY3JpYmVkIG9uIHRoZSBSZXByZXNlbnRhdGl2ZSBMaXN0IG9mIHRoZSBJbnRhbmdpYmxlIEN1bHR1cmFsIEhlcml0YWdlIG9mIEh1bWFuaXR5
3fd2e7ec9a9eff4fa28dc68d	4Z6F4Z684Z6b4oCL4Z6W4Z+S4Z6a4Z+H4oCL4Z6c4Z6f4Z+S4Z6f4Z62	QmVnaW5uaW5nIG9mIEJ1ZGRoaXN0IExlbnQ=
3fdce93be2638fb43c0fbf40	4Z6Q4Z+S4Z6E4Z+D4oCL4Z6f4Z+C4Z6T4oCL4Z6F4Z684Z6b4oCL4Z6G4Z+S4Z6T4Z624Z+G4oCL4Z6F4Z634Z6T	Q2hpbmVzZSBOZXcgWWVhcidzIEV2ZQ==
3fde8c224b6836b90cd4d5d5	4Z6F4Z684Z6b4oCL4Z6G4Z+S4Z6T4Z624Z+G4oCL4Z6F4Z634Z6T	Q2hpbmVzZSBOZXcgWWVhcg==
403a417ed4551d64205c730e	4Z6U4Z634Z6O4Z+S4Z6MIOGfqQ==	QmVuIDk=
404118b5afc3b2f66bcfeddb	4Z6W4Z+S4Z6a4Z+H4oCL4Z6a4Z624Z6H4oCL4Z6W4Z634Z6S4Z644oCL4Z6U4Z674Z6O4Z+S4Z6Z4oCL4Z6F4Z6Y4Z+S4Z6a4Z6+4Z6T4oCL4Z6W4Z+S4Z6a4Z+H4oCL4Z6H4Z6T4Z+S4Z6YIOGen+GemOGfkuGej+GfgeGeheKAi+GeluGfkuGemuGfh+KAi+GemOGeoOGetuGegOGfkuGen+Gej+GfkuGemuGeuCDhnpPhnprhn4Thno/hn5Lhno/hnpgg4Z6Y4Z674Z6T4Z634Z6T4Z624Z6QIOGen+GeuOGeoOGek+GeuyDhnpbhn5Lhnprhn4figIvhnpzhnprhnprhnrbhnofigIvhnpjhnrbhno/hnrbigIvhnofhnrbhno/hnrfigIvhnoHhn5Lhnpjhn4Lhnpog4Z6A4Z+S4Z6T4Z674Z6E4oCL4Z6f4Z+B4Z6a4Z644Z6X4Z624Z6WIOGen+GfgeGeheGegOGfkuGej+GeuOGekOGfkuGem+Gfg+GekOGfkuGek+GevOGemiDhnpPhnrfhnoTigIvhnp/hnrvhnpfhnpjhnoThn5LhnoLhnps=	UXVlZW4gTW90aGVyJ3MgQmlydGhkYXk=
40789e7c251d2cc024c2c16e	4Z6W4Z634Z6S4Z644oCL4Z6U4Z674Z6O4Z+S4Z6Z4oCL4Z6c4Z634Z6f4Z624Z6B4oCL4Z6U4Z684Z6H4Z62	VmlzYWsgQm9jaGVh
407aea64346cff7bd35b28a4	4Z6R4Z634Z6c4Z624oCL4Z6H4Z624Z6P4Z634oCL4Z6U4Z+S4Z6a4Z6G4Z624Z+G4Z6E4oCL4Z6A4Z624Z6a4oCL4Z6H4Z694Z6J4oCL4Z6K4Z684Z6a4oCL4Z6Y4Z6T4Z674Z6f4Z+S4Z6f	TmF0aW9uYWwgQW50aS1IdW1hbiBUcmFmZmlja2luZyBEYXk=
4083c1a3a7b1f90b7ec15f0e	4Z6R4Z634Z6c4Z624oCL4Z6W4Z+S4Z6a4Z+H4oCL4Z6W4Z674Z6R4Z+S4Z6S4oCL4Z6f4Z624Z6f4Z6T4Z624oCL4Z6i4Z6T4Z+S4Z6P4Z6a4Z6H4Z624Z6P4Z63	SW50ZXJuYXRpb25hbCBCdWRkaGlzdCBEYXk=
40b77e7b5d536e684dabe61e	4Z6R4Z634Z6c4Z624oCL4Z6H4Z624Z6P4Z634oCL4Z6T4Z+D4oCL4Z6A4Z624Z6a4oCL4Z6F4Z6E4oCL4Z6F4Z624Z+G	TmF0aW9uYWwgRGF5IG9mIFJlbWVtYnJhbmNl
40cf1e91e33d7bc2c9edfefd	4Z6W4Z634Z6S4Z644oCL4Z6f4Z634Z6P4oCL4Z6R4Z+A4Z6T4oCL4Z6W4Z+S4Z6a4Z+H4oCL4Z6c4Z6f4Z+S4Z6f4Z62	QnVkZGhpc3QgTGVudCBDYW5kbGVzIE1ha2luZyBEYXk=
40d32033810d1605b7c096f9	4Z6W4Z+S4Z6a4Z+H4oCL4Z6a4Z624Z6H4oCL4Z6W4Z634Z6S4Z644oCL4Z6U4Z674Z6O4Z+S4Z6Z4oCL4Z6F4Z6Y4Z+S4Z6a4Z6+4Z6T4oCL4Z6W4Z+S4Z6a4Z+H4oCL4Z6H4Z6T4Z+S4Z6YIOGeluGfkuGemuGfh+KAi+GegOGemuGeu+GejuGetuKAi+GeluGfkuGemuGfh+KAi+GelOGetuGekeKAi+Gen+GemOGfkuGej+GfgeGeheKAi+GeluGfkuGemuGfh+KAi+GelOGemuGemOKAi+Gek+GetuGekCDhnpPhnprhn4Thno/hn5Lhno/hnpgg4Z6f4Z644Z6g4Z6Y4Z674Z6T4Z64IOGeluGfkuGemuGfh+KAi+GemOGeoOGetuGegOGfkuGen+Gej+GfkuGemuKAi+Gek+Gfg+KAi+GeluGfkuGemuGfh+GemuGetuGeh+GetuGejuGetuGeheGegOGfkuGemuKAi+GegOGemOGfkuGeluGeu+Geh+Getg==	S2luZyBTaWhhbW9uaSdzIEJpcnRoZGF5
40edce769c2485d31fb86bc9	4Z6U4Z+S4Z6a4Z624Z6f4Z624Z6R4oCL4Z6W4Z+S4Z6a4Z+H4oCL4Z6c4Z634Z6g4Z624Z6aIOGej+GfkuGemuGevOGenOKAi+GelOGetuGek+KAi+GeheGeu+Gfh+KAi+GegOGfkuGek+Geu+GehOKAi+GelOGeieGfkuGeh+GeuOKAi+GelOGfgeGej+Get+GegOKAi+Gel+GejuGfkuGejOKAi+GeluGet+Gel+GeluGem+GfhOGegOGemuGelOGen+Gfi+GeouGehOGfkuGeguGegOGetuGemuGemeGevOGejuGfgeGen+GfkuGegOGevCDhnoHhnr3hnpThnpvhnr7hnoDhnpHhnrjhn6Hhn6E=	VGVtcGxlIG9mIFByZWFoIFZpaGVhciB3YXMgaW5zY3JpYmVkIG9uIHRoZSBVTkVTQ08gV29ybGQgSGVyaXRhZ2UgTGlzdA==
40fbb5bd769e9ca943623d52	4Z6R4Z634Z6c4Z624oCL4Z6f4Z634Z6R4Z+S4Z6S4Z634oCL4Z6Y4Z6T4Z674Z6f4Z+S4Z6f4oCL4Z6i4Z6T4Z+S4Z6P4Z6a4Z6H4Z624Z6P4Z63IOGegeGeveGelOGem+GevuGegOGekeGeuOGfpuGfpg==	SW50ZXJuYXRpb25hbCBIdW1hbiBSaWdodHMgRGF5
4108d2aaffe734c5744c7568	4Z6a4Z674Z6A4Z+S4Z6B4oCL4Z6R4Z634Z6c4Z62	QXJib3IgRGF5
41115978f982a914a5c0ae49	4Z6R4Z634Z6c4Z624oCL4Z6W4Z634Z6X4Z6W4oCL4Z6b4Z+E4Z6A4oCL4Z6U4Z+S4Z6a4Z6G4Z624Z+G4Z6E4oCL4Z6W4Z6b4Z6A4Z6Y4Z+S4Z6Y4oCL4Z6A4Z674Z6Y4Z624Z6aIOGegeGeveGelOGem+GevuGegOGekeGeuOGfoQ==	SGFwcHkgV29ybGQgRGF5IEFnYWluc3QgQ2hpbGQgTGFib3Vy
411d85b3633a880251a1d86d	4Z6F4Z684Z6b4oCL4Z6G4Z+S4Z6T4Z624Z+G4oCL4Z6F4Z634Z6T	Q2hpbmVzZSBOZXcgWWVhcg==
41326120eba9fe81f0aa35fd	4Z6W4Z634Z6S4Z644oCL4Z6U4Z674Z6O4Z+S4Z6Z4oCL4Z6Y4Z624Z6D4Z6U4Z684Z6H4Z62	TWVhayBCb2NoZWE=
4141bc081d1a7bc87d6cb8a8	4Z6a4Z674Z6A4Z+S4Z6B4oCL4Z6R4Z634Z6c4Z62	QXJib3IgRGF5
414b8edbb01c16f5190d3c7e	4Z6P4Z+G4Z6U4Z6T4Z+L4oCL4Z6a4Z6Y4Z6O4Z644oCL4Z6K4Z+S4Z6L4Z624Z6T4oCL4Z6i4Z6E4Z+S4Z6C4Z6aIOGej+GfkuGemuGevOGenOKAi+GelOGetuGek+KAi+GeheGeu+Gfh+KAi+GegOGfkuGek+Geu+GehOKAi+GelOGeieGfkuGeh+GeuOKAi+GelOGfgeGej+Get+GegOKAi+Gel+GejuGfkuGejOKAi+GeluGet+Gel+GeluGem+GfhOGegOGemuGelOGen+Gfi+GeouGehOGfkuGeguGegOGetuGemuGemeGevOGejuGfgeGen+GfkuGegOGevCDhnoHhnr3hnpThnpvhnr7hnoDhnpHhnrjhn6g=	QW5na29yIHdhcyBpbnNjcmliZWQgb24gdGhlIFVORVNDTyBXb3JsZCBIZXJpdGFnZSBMaXN0
41585f50d6e54c0c11142d12	4Z6W4Z634Z6S4Z644oCL4Z6U4Z674Z6O4Z+S4Z6Z4oCL4Z6F4Z684Z6b4oCL4Z6G4Z+S4Z6T4Z624Z+G4oCL4Z6Q4Z+S4Z6Y4Z64IOGelOGfkuGemuGeluGfg+GejuGeuOKAi+Geh+GetuGej+GetyAtIOGekOGfkuGehOGfg+KAi+GeoeGevuGehOKAi+Gen+GfkOGegA==	S2htZXIgTmV3IFllYXIgLSBWZWFyZWFrIExhZXVuZyBTYWs=
4160a24a428a38dd2174cbd1	4Z6W4Z634Z6S4Z644oCL4Z6U4Z674Z6O4Z+S4Z6Z4oCL4Z6c4Z634Z6f4Z624Z6B4oCL4Z6U4Z684Z6H4Z62	VmlzYWsgQm9jaGVh
4168dbdf3dd5d82eb3a78f6d	4Z6W4Z634Z6S4Z644oCL4Z6f4Z634Z6P4oCL4Z6R4Z+A4Z6T4oCL4Z6W4Z+S4Z6a4Z+H4oCL4Z6c4Z6f4Z+S4Z6f4Z62	QnVkZGhpc3QgTGVudCBDYW5kbGVzIE1ha2luZyBEYXk=
418157d504921079ba1e3322	4Z6W4Z+S4Z6a4Z+H4oCL4Z6a4Z624Z6H4oCL4Z6W4Z634Z6S4Z644oCL4Z6U4Z674Z6O4Z+S4Z6Z4oCL4Z6F4Z6Y4Z+S4Z6a4Z6+4Z6T4oCL4Z6W4Z+S4Z6a4Z+H4oCL4Z6H4Z6T4Z+S4Z6YIOGen+GemOGfkuGej+GfgeGeheKAi+GeluGfkuGemuGfh+KAi+GemOGeoOGetuGegOGfkuGen+Gej+GfkuGemuGeuCDhnpPhnprhn4Thno/hn5Lhno/hnpgg4Z6Y4Z674Z6T4Z634Z6T4Z624Z6QIOGen+GeuOGeoOGek+GeuyDhnpbhn5Lhnprhn4figIvhnpzhnprhnprhnrbhnofigIvhnpjhnrbhno/hnrbigIvhnofhnrbhno/hnrfigIvhnoHhn5Lhnpjhn4Lhnpog4Z6A4Z+S4Z6T4Z674Z6E4oCL4Z6f4Z+B4Z6a4Z644Z6X4Z624Z6WIOGen+GfgeGeheGegOGfkuGej+GeuOGekOGfkuGem+Gfg+GekOGfkuGek+GevOGemiDhnpPhnrfhnoTigIvhnp/hnrvhnpfhnpjhnoThn5LhnoLhnps=	UXVlZW4gTW90aGVyJ3MgQmlydGhkYXk=
41840c89a3bad761c9b2b0ee	4Z6U4Z674Z6O4Z+S4Z6Z4oCL4Z6g4Z624Z6h4Z684Z6c4Z644Z6T	SGFsbG93ZWVu
41b41c94b4b94234144eb732	4Z6g4Z+C4oCL4Z6i4Z+S4Z6T4Z6A4oCL4Z6P4Z624oCL4Z6F4Z634Z6T	U3Bpcml0IFBhcmFkZQ==
41d3bea1c0038fc7bb95108b	4Z6W4Z634Z6S4Z644oCL4Z6U4Z674Z6O4Z+S4Z6Z4oCL4Z6F4Z684Z6b4oCL4Z6G4Z+S4Z6T4Z624Z+G4oCL4Z6Q4Z+S4Z6Y4Z64IOGelOGfkuGemuGeluGfg+GejuGeuOKAi+Geh+GetuGej+GetyAtIOGekOGfkuGehOGfg+KAi+GeoeGevuGehOKAi+Gen+GfkOGegA==	S2htZXIgTmV3IFllYXIgLSBWZWFyZWFrIExhZXVuZyBTYWs=
41d52273eef44e178607723c	4Z6R4Z634Z6c4Z624oCL4Z6Y4Z6F4Z+S4Z6G4Z624oCL4Z6H4Z624Z6P4Z63	TmF0aW9uYWwgRmlzaCBEYXk=
41e755e85dd1b16fca4a7c9f	4Z6R4Z634Z6c4Z624oCL4Z6H4Z624Z6P4Z634oCL4Z6U4Z+S4Z6a4Z6G4Z624Z+G4Z6E4oCL4Z6A4Z624Z6a4oCL4Z6H4Z694Z6J4oCL4Z6K4Z684Z6a4oCL4Z6Y4Z6T4Z674Z6f4Z+S4Z6f	TmF0aW9uYWwgQW50aS1IdW1hbiBUcmFmZmlja2luZyBEYXk=
41f9ddac146be9a11e827c0a	4Z6R4Z634Z6c4Z624oCL4Z6i4Z6T4Z+S4Z6P4Z6a4oCL4Z6H4Z624Z6P4Z634oCL4Z6H4Z6T4Z6H4Z624Z6P4Z634Z6K4Z6+4Z6Y4Z6X4Z624Z6C4Z6P4Z634Z6F4Z6W4Z634Z6X4Z6W4Z6b4Z+E4Z6A	SW50ZXJuYXRpb25hbCBEYXkgb2YgdGhlIFdvcmxkJ3MgSW5kaWdlbm91cyBQZW9wbGVz
420cbc6f45d224242216507c	4Z6Q4Z+S4Z6E4Z+D4oCL4Z6U4Z674Z6O4Z+S4Z6Z4oCL4Z6T4Z+D4oCL4Z6f4Z+B4Z6F4Z6A4Z+S4Z6P4Z644oCL4Z6f4Z+S4Z6a4Z6b4Z624Z6J4Z+L	VmFsZW50aW5lJ3MgRGF5
4218bb99020bda4180553145	4Z6W4Z+S4Z6a4Z+H4oCL4Z6a4Z624Z6H4oCL4Z6W4Z634Z6S4Z644oCL4Z6F4Z+S4Z6a4Z6P4Z+L4oCL4Z6W4Z+S4Z6a4Z+H4oCL4Z6T4Z6E4Z+S4Z6C4Z+Q4Z6b	Um95YWwgUGxvdWdoaW5nIENlcmVtb255
422aabd36e8a3c15639ebfe9	4Z6R4Z634Z6c4Z624oCL4Z6Y4Z6T4Z674Z6f4Z+S4Z6f4oCL4Z6F4Z624Z6f4Z+L4oCL4Z6A4Z6Y4Z+S4Z6W4Z674Z6H4Z62IOGek+Get+GehOGekeGet+GenOGetuGemOGek+Geu+Gen+GfkuGen+GeheGetuGen+Gfi+GeouGek+GfkuGej+GemuGeh+GetuGej+GetyDhnoHhnr3hnpThnpvhnr7hnoDhnpHhnrjhn6Hhn6Q=	Q2FtYm9kaWFuIE9sZGVyIFBlcnNvbnMgRGF5IGFuZCB0aGUgSW50ZXJuYXRpb25hbCBEYXkgb2YgT2xkZXIgUGVyc29ucw==
423922b5f73abe1497354b4f	4Z6R4Z634Z6c4Z624oCL4Z6R4Z+B4Z6f4oCL4Z6F4Z6a4Z6O4Z+N4oCL4Z6W4Z634oCL4Z6X4Z6W4oCL4Z6b4Z+E4Z6A	V29ybGQgVG91cmlzbSBEYXk=
425822cb35779095d6c2561b	4Z6W4Z634Z6S4Z644oCL4Z6U4Z674Z6O4Z+S4Z6Z4oCL4Z6X4Z+S4Z6H4Z674Z+G4oCL4Z6U4Z634Z6O4Z+S4Z6M	UGNodW0gQmVuIEZlc3RpdmFs
4278b470fdb64fedd4b3b900	4Z6Q4Z+S4Z6E4Z+D4oCL4Z6U4Z674Z6O4Z+S4Z6Z4oCL4Z6T4Z+D4oCL4Z6f4Z+B4Z6F4Z6A4Z+S4Z6P4Z644oCL4Z6f4Z+S4Z6a4Z6b4Z624Z6J4Z+L	VmFsZW50aW5lJ3MgRGF5
429a3c695c90d3b640a836f2	4Z6R4Z634Z6c4Z624oCL4Z6T4Z6Z4Z+E4Z6U4Z624Z6Z4oCL4Z6R4Z654Z6A	V2F0ZXIgUG9saWN5IERheQ==
42b6fb2c50ebc3980c7b1218	4Z6U4Z634Z6O4Z+S4Z6MIOGfqQ==	QmVuIDk=
42c1154c1334e7186afba659	4Z6R4Z634Z6c4Z624oCL4Z6T4Z624Z6a4Z644oCL4Z6i4Z6T4Z+S4Z6P4Z6a4Z6H4Z624Z6P4Z63IOGegeGeveGelOGem+GevuGegOGekeGeuOGfoeGfoeGfoQ==	SW50ZXJuYXRpb25hbCBXb21lbidzIERheQ==
42f936878c600acd7ffa8808	4Z6R4Z634Z6c4Z624oCL4Z6F4Z684Z6b4oCL4Z6G4Z+S4Z6T4Z624Z+G4oCL4Z6f4Z624Z6A4Z6b	TmV3IFllYXIncyBEYXk=
43159f3830141dafccfa08c8	4Z6R4Z634Z6c4Z624oCL4Z6f4Z634Z6R4Z+S4Z6S4Z634oCL4Z6Y4Z6T4Z674Z6f4Z+S4Z6f4oCL4Z6i4Z6T4Z+S4Z6P4Z6a4Z6H4Z624Z6P4Z63IOGegeGeveGelOGem+GevuGegOGekeGeuOGfpeGfpA==	SW50ZXJuYXRpb25hbCBIdW1hbiBSaWdodHMgRGF5
43430d0f952b743a4d47bfec	4Z6W4Z+S4Z6a4Z+H4oCL4Z6a4Z624Z6H4oCL4Z6W4Z634Z6S4Z644oCL4Z6U4Z674Z6O4Z+S4Z6Z4oCL4Z6i4Z674Z+G4oCL4Z6R4Z684Z6AIOGelOGejuGfkuGeiuGfguGej+KAi+GelOGfkuGemuGekeGeuOGelCDhnpPhnrfhnoTigIvhnp/hn4bhnpbhn4figIvhnpbhn5Lhnprhn4figIvhnoHhn4Ig4Z6i4Z6A4Z6i4Z+G4Z6U4Z674Z6A	V2F0ZXIgRmVzdGl2YWw=
435b9e92baba883901235249	4Z6U4Z+S4Z6a4Z624Z6f4Z624Z6R4oCL4Z6W4Z+S4Z6a4Z+H4oCL4Z6c4Z634Z6g4Z624Z6aIOGej+GfkuGemuGevOGenOKAi+GelOGetuGek+KAi+GeheGeu+Gfh+KAi+GegOGfkuGek+Geu+GehOKAi+GelOGeieGfkuGeh+GeuOKAi+GelOGfgeGej+Get+GegOKAi+Gel+GejuGfkuGejOKAi+GeluGet+Gel+GeluGem+GfhOGegOGemuGelOGen+Gfi+GeouGehOGfkuGeguGegOGetuGemuGemeGevOGejuGfgeGen+GfkuGegOGevCDhnoHhnr3hnpThnpvhnr7hnoDhnpHhnrjhn6M=	VGVtcGxlIG9mIFByZWFoIFZpaGVhciB3YXMgaW5zY3JpYmVkIG9uIHRoZSBVTkVTQ08gV29ybGQgSGVyaXRhZ2UgTGlzdA==
4376fd2ad35d09c93657762c	4Z6R4Z634Z6c4Z624oCL4Z6U4Z6a4Z634oCL4Z6f4Z+S4Z6Q4Z624Z6T4oCL4Z6H4Z624Z6P4Z63IOGek+Get+GehOKAi+GelOGemuGet+KAi+Gen+GfkuGekOGetuGek+KAi+GeluGet+Gel+GeluKAi+Gem+GfhOGegCDhnoHhnr3hnpThnpvhnr7hnoDhnpHhnrjhn6Lhn6k=	TmF0aW9uYWwgYW5kIFdvcmxkIEVudmlyb25tZW50IERheQ==
437f7e97d32475f51988d32d	4Z6R4Z634Z6c4Z624Z6Y4Z624Z6P4Z62	TW90aGVyJ3MgRGF5
43ae1a80d0f1b3126160505a	4Z6U4Z634Z6O4Z+S4Z6MIOGfoeGfoA==	QmVuIDEw
43b76a525e06d10cbb5dea9f	4Z6W4Z634Z6S4Z644oCL4Z6U4Z674Z6O4Z+S4Z6Z4oCL4Z6c4Z634Z6f4Z624Z6B4oCL4Z6U4Z684Z6H4Z62	VmlzYWsgQm9jaGVh
43bec65afaefe750d44badf4	4Z6R4Z634Z6c4Z624Z6Y4Z624Z6P4Z62	TW90aGVyJ3MgRGF5
43d6e963218cd3ed44bf3af2	4Z6W4Z+S4Z6a4Z+H4oCL4Z6a4Z624Z6H4oCL4Z6W4Z634Z6S4Z644oCL4Z6C4Z+S4Z6a4Z6E4oCL4Z6W4Z+S4Z6a4Z+H4oCL4Z6U4Z6a4Z6Y4oCL4Z6a4Z624Z6H4oCL4Z6f4Z6Y4Z+S4Z6U4Z6P4Z+S4Z6P4Z63IOGeluGfkuGemuGfh+KAi+GegOGemuGeu+GejuGetuKAi+GeluGfkuGemuGfh+KAi+GelOGetuGekeKAi+Gen+GemOGfkuGej+GfgeGeheKAi+GeluGfkuGemuGfh+KAi+GelOGemuGemOGek+GetuGekCDhnpPhnprhn4Thno/hn5Lhno/hnpgg4Z6f4Z644Z6g4Z6Y4Z674Z6T4Z64IOGeluGfkuGemuGfh+KAi+GemOGeoOGetuGegOGfkuGen+Gej+GfkuGemuKAi+Gek+Gfg+KAi+GeluGfkuGemuGfh+GemuGetuGeh+GetuGejuGetuGeheGegOGfkuGemuKAi+GegOGemOGfkuGeluGeu+Geh+Getg==	S2luZydzIENvcm9uYXRpb24gRGF5
43d8af58920be833424339e1	4Z6R4Z634Z6c4Z624oCL4Z6R4Z+B4Z6f4oCL4Z6F4Z6a4Z6O4Z+N4oCL4Z6W4Z634oCL4Z6X4Z6W4oCL4Z6b4Z+E4Z6A	V29ybGQgVG91cmlzbSBEYXk=
43e958e45542b00bfc351698	4Z6F4Z684Z6b4oCL4Z6G4Z+S4Z6T4Z624Z+G4oCL4Z6F4Z634Z6T	Q2hpbmVzZSBOZXcgWWVhcg==
43ef9fa8497c6078832aeb20	4Z6R4Z634Z6c4Z624oCL4Z6H4Z624Z6P4Z634oCL4Z6Z4Z6b4Z+L4oCL4Z6K4Z654Z6E4oCL4Z6W4Z644oCL4Z6Y4Z644Z6TIOGegeGeveGelOGem+GevuGegOGekeGeuOGfoeGfoA==	TmF0aW9uYWwgTWluZSBBd2FyZW5lc3MgRGF5
4412c33c468820c64b12d055	4Z6R4Z634Z6c4Z624oCL4Z6f4Z634Z6R4Z+S4Z6S4Z634oCL4Z6Y4Z6T4Z674Z6f4Z+S4Z6f4oCL4Z6i4Z6T4Z+S4Z6P4Z6a4Z6H4Z624Z6P4Z63IOGegeGeveGelOGem+GevuGegOGekeGeuOGfpuGfoA==	SW50ZXJuYXRpb25hbCBIdW1hbiBSaWdodHMgRGF5
443f13f0d43dfbaf2b6767a2	4Z6W4Z634Z6S4Z644oCL4Z6U4Z674Z6O4Z+S4Z6Z4oCL4Z6Y4Z624Z6D4Z6U4Z684Z6H4Z62	TWVhayBCb2NoZWE=
44459c0f6f1ea091560a8908	4Z6R4Z634Z6c4Z624oCL4Z6W4Z634Z6X4Z6W4oCL4Z6b4Z+E4Z6A4oCL4Z6U4Z+S4Z6a4Z6G4Z624Z+G4Z6E4oCL4Z6W4Z6b4Z6A4Z6Y4Z+S4Z6Y4oCL4Z6A4Z674Z6Y4Z624Z6aIOGegeGeveGelOGem+GevuGegOGekeGeuOGfouGfpw==	SGFwcHkgV29ybGQgRGF5IEFnYWluc3QgQ2hpbGQgTGFib3Vy
44545806e46944f327f7e8f0	4Z6R4Z634Z6c4Z624oCL4Z6i4Z6T4Z+S4Z6P4Z6a4oCL4Z6H4Z624Z6P4Z634oCL4Z6T4Z+D4oCL4Z6C4Z+S4Z6a4Z694Z6f4Z624Z6a	SW50ZXJuYXRpb25hbCBEYXkgb2YgRmFtaWxpZXM=
445dae03393ee59639fe552e	4Z6U4Z634Z6O4Z+S4Z6MIOGfpA==	QmVuIDQ=
447844c066bad296b420bde0	4Z6Q4Z+S4Z6E4Z+D4oCL4Z6U4Z674Z6O4Z+S4Z6Z4oCL4Z6T4Z+D4oCL4Z6f4Z+B4Z6F4Z6A4Z+S4Z6P4Z644oCL4Z6f4Z+S4Z6a4Z6b4Z624Z6J4Z+L	VmFsZW50aW5lJ3MgRGF5
4484be898c8a0041d9459ff5	4Z6R4Z634Z6c4Z624oCL4Z6i4Z6T4Z624oCL4Z6Y4Z+Q4Z6Z4oCL4Z6U4Z6a4Z634oCL4Z6f4Z+S4Z6Q4Z624Z6T4oCL4Z6H4Z624Z6P4Z63	TmF0aW9uYWwgRW52aXJvbm1lbnRhbCBTYW5pdGF0aW9uIERheQ==
4489d90a97a6ee8d7e43261f	4Z6R4Z634Z6c4Z624oCL4Z6A4Z674Z6Y4Z624Z6a4oCL4Z6i4Z6T4Z+S4Z6P4Z6a4oCL4Z6H4Z624Z6P4Z63IOGegeGeveGelOGem+GevuGegOGekeGeuOGfpuGfpg==	SW50ZXJuYXRpb25hbCBDaGlsZHJlbidzIERheQ==
44911b32aa2bd98e17e58537	4Z6R4Z634Z6c4Z624Z6R4Z654Z6AIOGek+Get+GehOGep+Gej+Geu+Gek+Get+GemeGemOGeluGet+Gel+GeluGem+GfhOGegA==	V29ybGQgV2F0ZXIgYW5kIFdvcmxkIE1ldGVvcm9sb2dpY2FsIERheQ==
449638bc3bba4d8ba0d74153	4Z6R4Z634Z6c4Z624oCL4Z6f4Z634Z6R4Z+S4Z6S4Z634oCL4Z6Y4Z6T4Z674Z6f4Z+S4Z6f4oCL4Z6i4Z6T4Z+S4Z6P4Z6a4Z6H4Z624Z6P4Z63IOGegeGeveGelOGem+GevuGegOGekeGeuOGfqOGfog==	SW50ZXJuYXRpb25hbCBIdW1hbiBSaWdodHMgRGF5
44df3e45fc873acffffe223a	4Z6R4Z634Z6c4Z624oCL4Z6Y4Z6T4Z674Z6f4Z+S4Z6f4oCL4Z6F4Z624Z6f4Z+L4oCL4Z6A4Z6Y4Z+S4Z6W4Z674Z6H4Z62IOGek+Get+GehOGekeGet+GenOGetuGemOGek+Geu+Gen+GfkuGen+GeheGetuGen+Gfi+GeouGek+GfkuGej+GemuGeh+GetuGej+GetyDhnoHhnr3hnpThnpvhnr7hnoDhnpHhnrjhn6Hhn6c=	Q2FtYm9kaWFuIE9sZGVyIFBlcnNvbnMgRGF5IGFuZCB0aGUgSW50ZXJuYXRpb25hbCBEYXkgb2YgT2xkZXIgUGVyc29ucw==
44f4ef46e743e17ef0d66f69	4Z6R4Z634Z6c4Z624oCL4oCL4Z6U4Z+S4Z6a4Z6H4Z624Z6H4Z6T4Z6H4Z624Z6P4Z63IOGek+Get+GehOKAi+KAi+GelOGfkuGemuGeh+GetuGeh+Gek+KAi+GeluGet+Gel+GeluKAi+Gem+GfhOGegA==	TmF0aW9uYWwgUG9wdWxhdGlvbiBEYXkgYW5kIFdvcmxkIFBvcHVsYXRpb24gRGF5
44fa76015b46db5af9382756	4Z6W4Z634Z6S4Z644oCL4Z6f4Z634Z6P4oCL4Z6R4Z+A4Z6T4oCL4Z6W4Z+S4Z6a4Z+H4oCL4Z6c4Z6f4Z+S4Z6f4Z62	QnVkZGhpc3QgTGVudCBDYW5kbGVzIE1ha2luZyBEYXk=
450a961f8b35ff18dfa4468b	4Z6Q4Z+S4Z6E4Z+D4oCL4Z6f4Z+C4Z6T4oCL4Z6F4Z684Z6b4oCL4Z6G4Z+S4Z6T4Z624Z+G4oCL4Z6F4Z634Z6T	Q2hpbmVzZSBOZXcgWWVhcidzIEV2ZQ==
4515b6abf9bff0c3de632329	4Z6C4Z674Z6T4oCL4Z6b4Z+S4Z6U4Z674Z6A4Z+S4Z6A4oCL4Z6P4Z+EIOGej+GfkuGemuGevOGenOKAi+GelOGetuGek+KAi+GeheGeu+Gfh+GegOGfkuGek+Geu+GehOGelOGeieGfkuGeh+GeuOGelOGfgeGej+Get+GegOGel+GejuGfkuGejOGenOGelOGfkuGelOGekuGemOGfjOGeouGemuGevOGelOGeuOGek+Gfg+GemOGek+Geu+Gen+GfkuGen+Geh+GetuGej+GetyDhnoHhnr3hnpThnpvhnr7hnoDhnpHhnrjhn6c=	S3VuIExib2thdG9yIGluc2NyaWJlZCBvbiB0aGUgUmVwcmVzZW50YXRpdmUgTGlzdCBvZiB0aGUgSW50YW5naWJsZSBDdWx0dXJhbCBIZXJpdGFnZSBvZiBIdW1hbml0eQ==
452f6451e436022d14c07b73	4Z6W4Z+S4Z6a4Z+H4oCL4Z6a4Z624Z6H4oCL4Z6W4Z634Z6S4Z644oCL4Z6U4Z674Z6O4Z+S4Z6Z4oCL4Z6i4Z674Z+G4oCL4Z6R4Z684Z6AIOGelOGejuGfkuGeiuGfguGej+KAi+GelOGfkuGemuGekeGeuOGelCDhnpPhnrfhnoTigIvhnp/hn4bhnpbhn4figIvhnpbhn5Lhnprhn4figIvhnoHhn4Ig4Z6i4Z6A4Z6i4Z+G4Z6U4Z674Z6A	V2F0ZXIgRmVzdGl2YWw=
454b5743bac2ce12dc125b8c	4Z6U4Z634Z6O4Z+S4Z6MIOGfow==	QmVuIDM=
4557034866ead3ec76c9e7dc	4Z6U4Z+S4Z6a4Z624Z6f4Z624Z6R4oCL4Z6W4Z+S4Z6a4Z+H4oCL4Z6c4Z634Z6g4Z624Z6aIOGej+GfkuGemuGevOGenOKAi+GelOGetuGek+KAi+GeheGeu+Gfh+KAi+GegOGfkuGek+Geu+GehOKAi+GelOGeieGfkuGeh+GeuOKAi+GelOGfgeGej+Get+GegOKAi+Gel+GejuGfkuGejOKAi+GeluGet+Gel+GeluGem+GfhOGegOGemuGelOGen+Gfi+GeouGehOGfkuGeguGegOGetuGemuGemeGevOGejuGfgeGen+GfkuGegOGevCDhnoHhnr3hnpThnpvhnr7hnoDhnpHhnrjhn6c=	VGVtcGxlIG9mIFByZWFoIFZpaGVhciB3YXMgaW5zY3JpYmVkIG9uIHRoZSBVTkVTQ08gV29ybGQgSGVyaXRhZ2UgTGlzdA==
456924560c385cec5fee5015	4Z6f4Z+C4Z6T4oCL4Z6T4Z+G4oCL4Z6F4Z624Z+G4Z6E	U3RpY2t5IFJpY2UgRHVtcGxpbmdzIChab25nemkp
457ef38644181575dcb35c30	4Z6R4Z634Z6c4Z624oCL4Z6c4Z6U4Z+S4Z6U4oCL4Z6S4Z6Y4Z+M4oCL4Z6H4Z624Z6P4Z63IOGegeGeveGelOGem+GevuGegOGekeGeuOGfoeGfow==	TmF0aW9uYWwgQ3VsdHVyZSBEYXk=
45867462d06ccb12084e2da5	4Z6U4Z634Z6O4Z+S4Z6MIOGfqQ==	QmVuIDk=
458dc445ed6323030d7253a0	4Z6R4Z634Z6c4Z624oCL4Z6Z4Z674Z6c4Z6H4Z6T4oCL4Z6i4Z6T4Z+S4Z6P4Z6a4oCL4Z6H4Z624Z6P4Z63	SW50ZXJuYXRpb25hbCBZb3V0aCBEYXk=
45a1fd922b29fa9c3de74711	4Z6F4Z684Z6b4oCL4Z6G4Z+S4Z6T4Z624Z+G4oCL4Z6F4Z634Z6T	Q2hpbmVzZSBOZXcgWWVhcg==
45a605d91c90ca767cf5c9af	4Z6R4Z634Z6c4Z624oCL4Z6U4Z+S4Z6a4Z6Z4Z674Z6R4Z+S4Z6S4oCL4Z6U4Z+S4Z6a4Z6G4Z624Z+G4Z6E4oCL4Z6i4Z+G4Z6W4Z6+4oCL4Z6W4Z674Z6A4Z6a4Z6b4Z694Z6Z	QW50aS1Db3JydXB0aW9uIERheQ==
45ac9dac8d1cf3a43a889ad8	4Z6R4Z634Z6c4Z624oCL4Z6H4Z624Z6P4Z634oCL4Z6Z4Z6b4Z+L4oCL4Z6K4Z654Z6E4oCL4Z6W4Z644oCL4Z6Y4Z644Z6TIOGegeGeveGelOGem+GevuGegOGekeGeuOGfoeGfpQ==	TmF0aW9uYWwgTWluZSBBd2FyZW5lc3MgRGF5
4609022973eb66bb0b21fe26	4Z6f4Z+C4Z6T4oCL4Z6T4Z+G4oCL4Z6F4Z624Z+G4Z6E	U3RpY2t5IFJpY2UgRHVtcGxpbmdzIChab25nemkp
4614e51695c9f4faced5ed85	4Z6U4Z634Z6O4Z+S4Z6MIOGfoeGfoA==	QmVuIDEw
4620545e978608536dbdcac8	4Z6W4Z634Z6S4Z644oCL4Z6U4Z674Z6O4Z+S4Z6Z4oCL4Z6X4Z+S4Z6H4Z674Z+G4oCL4Z6U4Z634Z6O4Z+S4Z6M	UGNodW0gQmVuIEZlc3RpdmFs
462b786b41da29f5dd10241f	4Z6W4Z+S4Z6a4Z+H4oCL4Z6a4Z624Z6H4oCL4Z6W4Z634Z6S4Z644oCL4Z6U4Z674Z6O4Z+S4Z6Z4oCL4Z6F4Z6Y4Z+S4Z6a4Z6+4Z6T4oCL4Z6W4Z+S4Z6a4Z+H4oCL4Z6H4Z6T4Z+S4Z6YIOGen+GemOGfkuGej+GfgeGeheKAi+GeluGfkuGemuGfh+KAi+GemOGeoOGetuGegOGfkuGen+Gej+GfkuGemuGeuCDhnpPhnprhn4Thno/hn5Lhno/hnpgg4Z6Y4Z674Z6T4Z634Z6T4Z624Z6QIOGen+GeuOGeoOGek+GeuyDhnpbhn5Lhnprhn4figIvhnpzhnprhnprhnrbhnofigIvhnpjhnrbhno/hnrbigIvhnofhnrbhno/hnrfigIvhnoHhn5Lhnpjhn4Lhnpog4Z6A4Z+S4Z6T4Z674Z6E4oCL4Z6f4Z+B4Z6a4Z644Z6X4Z624Z6WIOGen+GfgeGeheGegOGfkuGej+GeuOGekOGfkuGem+Gfg+GekOGfkuGek+GevOGemiDhnpPhnrfhnoTigIvhnp/hnrvhnpfhnpjhnoThn5LhnoLhnps=	UXVlZW4gTW90aGVyJ3MgQmlydGhkYXk=
462bf1e4ba5cb3d250223374	4Z6A4Z6L4Z634Z6T4oCL4Z6A4Z624Z6b	S2F0aGVuIEthbA==
4632e6587536a539835dca02	4Z6f4Z+C4Z6T4Z6T4Z+G4Z6i4Z+K4Z64	V2ludGVyIFNvbHN0aWNlIEZlc3RpdmFs
463b6776db0b75f7f7213a86	4Z6W4Z634Z6S4Z644oCL4Z6U4Z674Z6O4Z+S4Z6Z4oCL4Z6F4Z684Z6b4oCL4Z6G4Z+S4Z6T4Z624Z+G4oCL4Z6Q4Z+S4Z6Y4Z64IOGelOGfkuGemuGeluGfg+GejuGeuOKAi+Geh+GetuGej+GetyAtIOGemOGeoOGetuKAi+Gen+GehOGfkuGegOGfkuGemuGetuGek+GfkuGejyDhnpjhn4nhn4ThnoQg4Z+g4Z+mOuGfouGfpCBQTQ==	S2htZXIgTmV3IFllYXIgLSBNb2hhIFNhbmtyYW50YSBhdCAwNjoyNCBQTQ==
463bd7ad116589788150c0d8	4Z6R4Z634Z6c4Z624oCL4Z6i4Z6T4Z+S4Z6P4Z6a4oCL4Z6H4Z624Z6P4Z634oCL4Z6T4Z+D4oCL4Z6C4Z+S4Z6a4Z694Z6f4Z624Z6a	SW50ZXJuYXRpb25hbCBEYXkgb2YgRmFtaWxpZXM=
464d8c69dcf8c83278b11742	4Z6b4Z+S4Z6B4Z+E4Z6T4oCL4Z6f4Z+S4Z6a4Z6Y4Z+E4Z6b4oCL4Z6f4Z+S4Z6U4Z+C4Z6A4oCLIOGej+GfkuGemuGevOGenOKAi+GelOGetuGek+KAi+GeheGeu+Gfh+KAi+GegOGfkuGek+Geu+GehOKAi+GelOGeieGfkuGeh+GeuOKAi+GelOGfgeGej+Get+GegOKAi+Gel+GejuGfkuGejOGenOGelOGfkuGelOGekuGemOGfjOGeouGemuGevOGelOGeuOGek+Gfg+GemOGek+Geu+Gen+GfkuGen+Geh+GetuGej+GetyDhnoHhnr3hnpThnpvhnr7hnoDhnpHhnrjhn6Hhn6g=	S2htZXIgU2hhZG93IFRoZWF0cmUgaW5zY3JpYmVkIG9uIHRoZSBSZXByZXNlbnRhdGl2ZSBMaXN0IG9mIHRoZSBJbnRhbmdpYmxlIEN1bHR1cmFsIEhlcml0YWdlIG9mIEh1bWFuaXR5
46a9c67d7d2dfeaf366bc896	4Z6R4Z634Z6c4Z624oCL4Z6W4Z634Z6X4Z6W4Z6b4Z+E4Z6A4oCL4Z6A4Z+G4Z6F4Z624Z6P4Z+L4oCL4Z6a4Z+E4Z6C4oCL4Z6a4Z6U4Z+B4Z6E	V29ybGQgVHViZXJjdWxvc2lzIERheQ==
46b405fdc3c42961e9dea85f	4Z6a4Z6U4Z624Z+G4oCL4Z6W4Z+S4Z6a4Z+H4oCL4Z6a4Z624Z6H4oCL4Z6R4Z+S4Z6a4Z6W4Z+S4Z6ZIOGej+GfkuGemuGevOGenOKAi+GelOGetuGek+KAi+GeheGeu+Gfh+KAi+GegOGfkuGek+Geu+GehOKAi+GelOGeieGfkuGeh+GeuOKAi+GelOGfgeGej+Get+KAi+GegOGel+GejuGfkuGejOKAi+GenOGelOGfkuGelOGekuGemOGfjOGeouGemuGevOGelOGeuOGek+Gfg+GemOGek+Geu+Gen+GfkuGen+Geh+GetuGej+GetyDhnoHhnr3hnpThnpvhnr7hnoDhnpHhnrjhn6I=	Um95YWwgQmFsbGV0IG9mIENhbWJvZGlhIGluc2NyaWJlZCBvbiB0aGUgUmVwcmVzZW50YXRpdmUgTGlzdCBvZiB0aGUgSW50YW5naWJsZSBDdWx0dXJhbCBIZXJpdGFnZSBvZiBIdW1hbml0eQ==
46dc27345bb128be2a5ca9f3	4Z6W4Z634Z6S4Z644oCL4Z6U4Z674Z6O4Z+S4Z6Z4oCL4Z6F4Z684Z6b4oCL4Z6G4Z+S4Z6T4Z624Z+G4oCL4Z6Q4Z+S4Z6Y4Z64IOGelOGfkuGemuGeluGfg+GejuGeuOKAi+Geh+GetuGej+GetyAtIOGemOGeoOGetuKAi+Gen+GehOGfkuGegOGfkuGemuGetuGek+GfkuGejyDhnpjhn4nhn4ThnoQg4Z+g4Z+jOuGfoeGfoiBBTQ==	S2htZXIgTmV3IFllYXIgLSBNb2hhIFNhbmtyYW50YSBhdCAwMzoxMiBBTQ==
46e3dd959a4c218fde8046e5	4Z6R4Z634Z6c4Z624oCL4Z6i4Z6T4Z+S4Z6P4Z6a4oCL4Z6H4Z624Z6P4Z634oCL4Z6U4Z+S4Z6a4Z6Z4Z674Z6R4Z+S4Z6S4oCL4Z6U4Z+S4Z6a4Z6G4Z624Z+G4Z6E4oCL4Z6C4Z+S4Z6a4Z6/4Z6E4oCL4Z6J4Z+A4Z6T	SW50ZXJuYXRpb25hbCBEYXkgQWdhaW5zdCBEcnVnIEFidXNlIGFuZCBJbGxpY2l0IFRyYWZmaWNraW5n
46e6129891cb411d5c6a62e7	4Z6F4Z684Z6b4oCL4Z6G4Z+S4Z6T4Z624Z+G4oCL4Z6F4Z634Z6T	Q2hpbmVzZSBOZXcgWWVhcg==
46e7e53b91bcccefba6b741f	4Z6W4Z634Z6S4Z644oCL4Z6U4Z674Z6O4Z+S4Z6Z4oCL4Z6Y4Z624Z6D4Z6U4Z684Z6H4Z62	TWVhayBCb2NoZWE=
47102cccfc78639a3e579aa0	4Z6P4Z674Z6b4Z624oCL4Z6A4Z624Z6a4oCL4Z6Z4Z674Z6P4Z+S4Z6P4Z634oCL4Z6S4Z6Y4Z+M4oCL4Z6i4Z6T4Z+S4Z6P4Z6a4oCL4Z6H4Z624Z6P4Z634oCL4Z6A4Z+S4Z6a4Z674Z6E4oCL4Z6h4Z624oCL4Z6i4Z+BIOGen+GemOGfkuGemuGfgeGeheKAi+GeseGfkuGemeKAi+GegOGemOGfkuGeluGeu+Geh+GetuGeh+GetuGemOGfkuGeheGetuGen+Gfi+GegOGemOGfkuGemOGen+Get+GekeGfkuGekuGetyDhnpvhnr7hnpThn5Lhnprhnrbhnp/hnrbhnpHhnpbhn5Lhnprhn4fhnpzhnrfhnqDhnrbhnpog4Z6B4Z694Z6U4Z6b4Z6+4Z6A4Z6R4Z644Z+l4Z+n	SW50ZXJuYXRpb25hbCBDb3VydCBvZiBKdXN0aWNlIGluIFRoZSBIYWd1ZSBkZWNsYXJlZCBDYW1ib2RpYSBpcyB0aGUgb3duZXIgb2YgdGhlIFByZWFoIFZpaGVhciBUZW1wbGU=
471091f866fc679ffeb7fa62	4Z6g4Z+C4oCL4Z6i4Z+S4Z6T4Z6A4oCL4Z6P4Z624oCL4Z6F4Z634Z6T	U3Bpcml0IFBhcmFkZQ==
471525a54de8dde691f1a8a8	4Z6R4Z634Z6c4Z624oCL4Z6H4Z624Z6P4Z634oCL4Z6T4Z+D4oCL4Z6A4Z624Z6a4oCL4Z6F4Z6E4oCL4Z6F4Z624Z+G	TmF0aW9uYWwgRGF5IG9mIFJlbWVtYnJhbmNl
471ddf1556274ba0198f9681	4Z6W4Z634Z6S4Z644oCL4Z6U4Z674Z6O4Z+S4Z6Z4oCL4Z6f4Z+C4Z6T4oCL4Z6W4Z+S4Z6a4Z+H4oCL4Z6B4Z+C	TWlkLUF1dHVtbiBGZXN0aXZhbA==
471ec9e5ea5d474dfe4add84	4Z6U4Z634Z6O4Z+S4Z6MIOGfpA==	QmVuIDQ=
4736cc1486afe91a8d8c5fe8	4Z6a4Z674Z6A4Z+S4Z6B4oCL4Z6R4Z634Z6c4Z62	QXJib3IgRGF5
4740f72210ac64b68d5a0869	4Z6R4Z634Z6c4Z624oCL4Z6W4Z634Z6X4Z6W4oCL4Z6b4Z+E4Z6A4oCL4Z6U4Z+S4Z6a4Z6G4Z624Z+G4Z6E4oCL4Z6W4Z6b4Z6A4Z6Y4Z+S4Z6Y4oCL4Z6A4Z674Z6Y4Z624Z6aIOGegeGeveGelOGem+GevuGegOGekeGeuOGfouGfpg==	SGFwcHkgV29ybGQgRGF5IEFnYWluc3QgQ2hpbGQgTGFib3Vy
476c185537d22daf2e1ceae8	4Z6R4Z634Z6c4Z624oCL4Z6W4Z+S4Z6a4Z+H4oCL4Z6W4Z674Z6R4Z+S4Z6S4oCL4Z6f4Z624Z6f4Z6T4Z624oCL4Z6i4Z6T4Z+S4Z6P4Z6a4Z6H4Z624Z6P4Z63	SW50ZXJuYXRpb25hbCBCdWRkaGlzdCBEYXk=
476c82c1eb310e5150218967	4Z6R4Z634Z6c4Z624oCL4Z6T4Z6Z4Z+E4Z6U4Z624Z6Z4oCL4Z6R4Z654Z6A	V2F0ZXIgUG9saWN5IERheQ==
477246e9a801af8128c23cc2	4Z6W4Z634Z6S4Z644oCL4Z6U4Z674Z6O4Z+S4Z6Z4oCL4Z6c4Z634Z6f4Z624Z6B4oCL4Z6U4Z684Z6H4Z62	VmlzYWsgQm9jaGVh
47752029e65ead1f7f0df27e	4Z6U4Z+S4Z6a4Z624Z6f4Z624Z6R4oCL4Z6W4Z+S4Z6a4Z+H4oCL4Z6c4Z634Z6g4Z624Z6aIOGej+GfkuGemuGevOGenOKAi+GelOGetuGek+KAi+GeheGeu+Gfh+KAi+GegOGfkuGek+Geu+GehOKAi+GelOGeieGfkuGeh+GeuOKAi+GelOGfgeGej+Get+GegOKAi+Gel+GejuGfkuGejOKAi+GeluGet+Gel+GeluGem+GfhOGegOGemuGelOGen+Gfi+GeouGehOGfkuGeguGegOGetuGemuGemeGevOGejuGfgeGen+GfkuGegOGevCDhnoHhnr3hnpThnpvhnr7hnoDhnpHhnrjhn6Lhn6A=	VGVtcGxlIG9mIFByZWFoIFZpaGVhciB3YXMgaW5zY3JpYmVkIG9uIHRoZSBVTkVTQ08gV29ybGQgSGVyaXRhZ2UgTGlzdA==
47987768557f2d1422fe344b	4Z6Q4Z+S4Z6E4Z+D4oCL4Z6U4Z674Z6O4Z+S4Z6Z4oCL4Z6T4Z+D4oCL4Z6f4Z+B4Z6F4Z6A4Z+S4Z6P4Z644oCL4Z6f4Z+S4Z6a4Z6b4Z624Z6J4Z+L	VmFsZW50aW5lJ3MgRGF5
47b4cf11143ce2e9c2b25764	4Z6R4Z634Z6c4Z624oCL4Z6A4Z674Z6Y4Z624Z6a4oCL4Z6i4Z6T4Z+S4Z6P4Z6a4oCL4Z6H4Z624Z6P4Z63IOGegeGeveGelOGem+GevuGegOGekeGeuOGfpuGfoA==	SW50ZXJuYXRpb25hbCBDaGlsZHJlbidzIERheQ==
47d3bcc7fda92144d0e92076	4Z6W4Z+S4Z6a4Z+H4oCL4Z6a4Z624Z6H4oCL4Z6W4Z634Z6S4Z644oCL4Z6U4Z674Z6O4Z+S4Z6Z4oCL4Z6F4Z6Y4Z+S4Z6a4Z6+4Z6T4oCL4Z6W4Z+S4Z6a4Z+H4oCL4Z6H4Z6T4Z+S4Z6YIOGeluGfkuGemuGfh+KAi+GegOGemuGeu+GejuGetuKAi+GeluGfkuGemuGfh+KAi+GelOGetuGekeKAi+Gen+GemOGfkuGej+GfgeGeheKAi+GeluGfkuGemuGfh+KAi+GelOGemuGemOKAi+Gek+GetuGekCDhnpPhnprhn4Thno/hn5Lhno/hnpgg4Z6f4Z644Z6g4Z6Y4Z674Z6T4Z64IOGeluGfkuGemuGfh+KAi+GemOGeoOGetuGegOGfkuGen+Gej+GfkuGemuKAi+Gek+Gfg+KAi+GeluGfkuGemuGfh+GemuGetuGeh+GetuGejuGetuGeheGegOGfkuGemuKAi+GegOGemOGfkuGeluGeu+Geh+Getg==	S2luZyBTaWhhbW9uaSdzIEJpcnRoZGF5
47da217fbf8ab16e42b779b9	4Z6R4Z634Z6c4Z624oCL4Z6F4Z684Z6b4oCL4Z6G4Z+S4Z6T4Z624Z+G4oCL4Z6f4Z624Z6A4Z6b	TmV3IFllYXIncyBEYXk=
47e6f9a0472a7c4ede8596ac	4Z6R4Z634Z6c4Z624oCL4Z6W4Z634Z6X4Z6W4oCL4Z6b4Z+E4Z6AIOGeiuGevuGemOGfkuGelOGeuOGen+Geu+GenOGej+GfkuGekOGet+Gel+GetuGeliDhnpPhnrfhnoThnp/hnrvhnoHhnpfhnrbhnpbhnoDhnrbhnprhnoThnrbhnpog4Z6B4Z694Z6U4Z6b4Z6+4Z6A4Z6R4Z644Z+i4Z+j	V29ybGQgRGF5IGZvciBTYWZldHkgYW5kIEhlYWx0aCBhdCBXb3Jr
47f40eef7c9378dcead66639	4Z6F4Z624Z6U4Z+J4Z644oCL4Z6K4Z6E4oCL4Z6c4Z+C4Z6EIOGej+GfkuGemuGevOGenOKAi+GelOGetuGek+KAi+GeheGeu+Gfh+KAi+GegOGfkuGek+Geu+GehOKAi+GelOGeieGfkuGeh+GeuOKAi+GelOGfgeGej+Get+GegOKAi+Gel+GejuGfkuGejOKAi+GenOGelOGfkuGelOGekuGemOGfjOGeouGemuGevOGelOGeuOGek+Gfg+GemOGek+Geu+Gen+GfkuGen+Geh+GetuGej+GetyDhnoHhnr3hnpThnpvhnr7hnoDhnpHhnrjhn6Hhn6A=	Q2hhcGVpIERhbmcgVmVuZyBpbnNjcmliZWQgb24gdGhlIExpc3Qgb2YgSW50YW5naWJsZSBDdWx0dXJhbCBIZXJpdGFnZSBpbiBOZWVkIG9mIFVyZ2VudCBTYWZlZ3VhcmRpbmc=
480fbc5124f9015137af45c7	4Z6R4Z634Z6c4Z624oCL4Z6H4Z624Z6P4Z634oCL4Z6f4Z674Z6B4Z6X4Z624Z6W4oCL4Z6Y4Z624Z6P4Z62IOGekeGetuGemuGegCDhnpPhnrfhnoTigIvhnoDhnrvhnpjhnrbhnpo=	TmF0aW9uYWwgRGF5IG9uIE1hdGVybmFsLCBOZXdib3JuIGFuZCBDaGlsZCBIZWFsdGg=
4821c8853b7cd7596ae867a0	4Z6G4Z+B4Z6E4oCL4Z6Y4Z+J4Z+B4Z6E	VG9tYi1Td2VlcGluZyBEYXkgKFFpbmdtaW5nIEZlc3RpdmFsKQ==
4827638d2bfd6295af9f8dc2	4Z6f4Z+C4Z6T4oCL4Z6T4Z+G4oCL4Z6F4Z624Z+G4Z6E	U3RpY2t5IFJpY2UgRHVtcGxpbmdzIChab25nemkp
4827be566ab79775c060dc82	4Z6U4Z634Z6O4Z+S4Z6MIOGfow==	QmVuIDM=
4838369cf0edae573d2b9b45	4Z6F4Z624Z6U4Z+J4Z644oCL4Z6K4Z6E4oCL4Z6c4Z+C4Z6EIOGej+GfkuGemuGevOGenOKAi+GelOGetuGek+KAi+GeheGeu+Gfh+KAi+GegOGfkuGek+Geu+GehOKAi+GelOGeieGfkuGeh+GeuOKAi+GelOGfgeGej+Get+GegOKAi+Gel+GejuGfkuGejOKAi+GenOGelOGfkuGelOGekuGemOGfjOGeouGemuGevOGelOGeuOGek+Gfg+GemOGek+Geu+Gen+GfkuGen+Geh+GetuGej+GetyDhnoHhnr3hnpThnpvhnr7hnoDhnpHhnrjhn6M=	Q2hhcGVpIERhbmcgVmVuZyBpbnNjcmliZWQgb24gdGhlIExpc3Qgb2YgSW50YW5naWJsZSBDdWx0dXJhbCBIZXJpdGFnZSBpbiBOZWVkIG9mIFVyZ2VudCBTYWZlZ3VhcmRpbmc=
48487171e834b71f1ab349fa	4Z6R4Z634Z6c4Z624oCL4Z6n4Z6R4Z+S4Z6Z4Z624Z6T4Z674oCL4Z6a4Z6A4Z+S4Z6f4Z6W4Z634Z6X4Z6W4Z6b4Z+E4Z6AIOGegeGeveGelOGem+GevuGegOGekeGeuOGfqQ==	V29ybGQgUmFuZ2VyIERheQ==
4856e43410b0e3a2f1c76b8d	4Z6R4Z634Z6c4Z624oCL4Z6H4Z+Q4Z6Z4oCL4Z6H4Z6Y4Z+S4Z6T4Z+H4oCL4Z6b4Z6+4oCL4Z6a4Z6U4Z6U4oCL4Z6U4Z+S4Z6a4Z6b4Z+Q4Z6Z4oCL4Z6W4Z684Z6H4oCL4Z6f4Z624Z6f4Z6T4Z+NIOGegeGeveGelOGem+GevuGegOGekeGeuOGfouGfpg==	VmljdG9yeSBPdmVyIEdlbm9jaWRlIERheQ==
486391d0fb4a35a82ecd705f	4Z6R4Z634Z6c4Z624oCL4Z6U4Z+S4Z6a4Z6Z4Z674Z6R4Z+S4Z6S4oCL4Z6U4Z+S4Z6a4Z6G4Z624Z+G4Z6E4oCL4Z6i4Z+G4Z6W4Z6+4oCL4Z6W4Z674Z6A4Z6a4Z6b4Z694Z6Z	QW50aS1Db3JydXB0aW9uIERheQ==
486d6f8f388974a0aad262b5	4Z6U4Z634Z6O4Z+S4Z6MIOGfpA==	QmVuIDQ=
488c4559149dc83ba483eeb6	4Z6W4Z634Z6S4Z644oCL4Z6f4Z634Z6P4oCL4Z6R4Z+A4Z6T4oCL4Z6W4Z+S4Z6a4Z+H4oCL4Z6c4Z6f4Z+S4Z6f4Z62	QnVkZGhpc3QgTGVudCBDYW5kbGVzIE1ha2luZyBEYXk=
48a242264d275bedf6b5b6ee	4Z6F4Z684Z6b4oCL4Z6G4Z+S4Z6T4Z624Z+G4oCL4Z6F4Z634Z6T	Q2hpbmVzZSBOZXcgWWVhcg==
48a25420eb960464878b5d79	4Z6Q4Z+S4Z6E4Z+D4oCL4Z6f4Z+C4Z6T4oCL4Z6K4Z6A4oCL4Z6H4Z6+4Z6E4oCL4Z6S4Z684Z6U	S2l0Y2hlbiBHb2QgRmVzdGl2YWw=
48cc04454c00b894221c3e1b	4Z6W4Z634Z6S4Z644oCL4Z6U4Z674Z6O4Z+S4Z6Z4oCL4Z6v4Z6A4Z6a4Z624Z6H4Z+S4Z6Z4oCL4Z6H4Z624Z6P4Z63IOGegeGeveGelOGem+GevuGegOGekeGeuOGfpeGfqQ==	SW5kZXBlbmRlbmNlIERheQ==
48f62c9dc881d5e33455f9af	4Z6R4Z634Z6c4Z624oCL4Z6W4Z6b4Z6A4Z6Y4Z+S4Z6Y4oCL4Z6i4Z6T4Z+S4Z6P4Z6a4Z6H4Z624Z6P4Z63IOGegeGeveGelOGem+GevuGegOGekeGeuOGfoeGfo+GfoQ==	SW50ZXJuYXRpb25hbCBMYWJvciBEYXk=
48fc3d83e1afbf157016c332	4Z6R4Z634Z6c4Z624oCL4Z6W4Z634Z6X4Z6W4oCL4Z6b4Z+E4Z6A4oCL4Z6C4Z+S4Z6Y4Z624Z6T4oCL4Z6Q4Z+S4Z6T4Z624Z+G4oCL4Z6H4Z6A4Z+L	V29ybGQgTm8gVG9iYWNjbyBEYXk=
4918953303d654406cc0ee67	4Z6R4Z634Z6c4Z624oCL4Z6W4Z634Z6X4Z6W4oCL4Z6b4Z+E4Z6A4oCL4Z6U4Z+S4Z6a4Z6Z4Z674Z6R4Z+S4Z6S4oCL4Z6U4Z+S4Z6a4Z6G4Z624Z+G4Z6E4oCL4Z6T4Z654Z6E4oCL4Z6H4Z+G4Z6E4Z664oCL4Z6i4Z+B4Z6K4Z6f4Z+N	V29ybGQgQUlEUyBEYXk=
4927a0a515c5f7379429a454	4Z6F4Z624Z6U4Z+J4Z644oCL4Z6K4Z6E4oCL4Z6c4Z+C4Z6EIOGej+GfkuGemuGevOGenOKAi+GelOGetuGek+KAi+GeheGeu+Gfh+KAi+GegOGfkuGek+Geu+GehOKAi+GelOGeieGfkuGeh+GeuOKAi+GelOGfgeGej+Get+GegOKAi+Gel+GejuGfkuGejOKAi+GenOGelOGfkuGelOGekuGemOGfjOGeouGemuGevOGelOGeuOGek+Gfg+GemOGek+Geu+Gen+GfkuGen+Geh+GetuGej+GetyDhnoHhnr3hnpThnpvhnr7hnoDhnpHhnrjhn6c=	Q2hhcGVpIERhbmcgVmVuZyBpbnNjcmliZWQgb24gdGhlIExpc3Qgb2YgSW50YW5naWJsZSBDdWx0dXJhbCBIZXJpdGFnZSBpbiBOZWVkIG9mIFVyZ2VudCBTYWZlZ3VhcmRpbmc=
494b8ffeb7424d0ac4a694ba	4Z6W4Z+S4Z6a4Z+H4oCL4Z6a4Z624Z6H4oCL4Z6W4Z634Z6S4Z644oCL4Z6U4Z674Z6O4Z+S4Z6Z4oCL4Z6i4Z674Z+G4oCL4Z6R4Z684Z6AIOGelOGejuGfkuGeiuGfguGej+KAi+GelOGfkuGemuGekeGeuOGelCDhnpPhnrfhnoTigIvhnp/hn4bhnpbhn4figIvhnpbhn5Lhnprhn4figIvhnoHhn4Ig4Z6i4Z6A4Z6i4Z+G4Z6U4Z674Z6A	V2F0ZXIgRmVzdGl2YWw=
4959e6d9a29228f0f261e9b3	4Z6F4Z684Z6b4oCL4Z6G4Z+S4Z6T4Z624Z+G4oCL4Z6F4Z634Z6T	Q2hpbmVzZSBOZXcgWWVhcg==
495d84c5e0dd3e7f8e7bf23e	4Z6R4Z634Z6c4Z624oCL4Z6F4Z684Z6b4oCL4Z6G4Z+S4Z6T4Z624Z+G4oCL4Z6f4Z624Z6A4Z6b	TmV3IFllYXIncyBEYXk=
49720f98d9f72cec537addf1	4Z6W4Z+S4Z6a4Z+H4oCL4Z6a4Z624Z6H4oCL4Z6W4Z634Z6S4Z644oCL4Z6U4Z674Z6O4Z+S4Z6Z4oCL4Z6i4Z674Z+G4oCL4Z6R4Z684Z6AIOGelOGejuGfkuGeiuGfguGej+KAi+GelOGfkuGemuGekeGeuOGelCDhnpPhnrfhnoTigIvhnp/hn4bhnpbhn4figIvhnpbhn5Lhnprhn4figIvhnoHhn4Ig4Z6i4Z6A4Z6i4Z+G4Z6U4Z674Z6A	V2F0ZXIgRmVzdGl2YWw=
49785add417b0d35128a2f0a	4Z6A4Z+G4Z6O4Z6+4Z6P4oCL4Z6T4Z6C4Z6a4oCL4Z6U4Z624Z6b4oCL4Z6H4Z624Z6P4Z63IOGegeGeveGelOGem+GevuGegOGekeGeuOGfpeGfqA==	QmlydGggb2YgdGhlIE5hdGlvbmFsIFBvbGljZQ==
498613729ab52f1bca4c7910	4Z6F4Z684Z6b4oCL4Z6G4Z+S4Z6T4Z624Z+G4oCL4Z6F4Z634Z6T	Q2hpbmVzZSBOZXcgWWVhcg==
498e4b9bb68f5dc5600942b5	4Z6P4Z+G4Z6U4Z6T4Z+L4oCL4Z6a4Z6Y4Z6O4Z644oCL4Z6K4Z+S4Z6L4Z624Z6T4oCL4Z6i4Z6E4Z+S4Z6C4Z6aIOGej+GfkuGemuGevOGenOKAi+GelOGetuGek+KAi+GeheGeu+Gfh+KAi+GegOGfkuGek+Geu+GehOKAi+GelOGeieGfkuGeh+GeuOKAi+GelOGfgeGej+Get+GegOKAi+Gel+GejuGfkuGejOKAi+GeluGet+Gel+GeluGem+GfhOGegOGemuGelOGen+Gfi+GeouGehOGfkuGeguGegOGetuGemuGemeGevOGejuGfgeGen+GfkuGegOGevCDhnoHhnr3hnpThnpvhnr7hnoDhnpHhnrjhn6Lhn6c=	QW5na29yIHdhcyBpbnNjcmliZWQgb24gdGhlIFVORVNDTyBXb3JsZCBIZXJpdGFnZSBMaXN0
49952024d679d190a84a5a6c	4Z6W4Z634Z6S4Z644oCL4Z6U4Z674Z6O4Z+S4Z6Z4oCL4Z6F4Z684Z6b4oCL4Z6G4Z+S4Z6T4Z624Z+G4oCL4Z6Q4Z+S4Z6Y4Z64IOGelOGfkuGemuGeluGfg+GejuGeuOKAi+Geh+GetuGej+GetyAtIOGekOGfkuGehOGfg+KAi+GeoeGevuGehOKAi+Gen+GfkOGegA==	S2htZXIgTmV3IFllYXIgLSBWZWFyZWFrIExhZXVuZyBTYWs=
49ae03f6a0d4f28f243d8098	4Z6F4Z+B4Z6J4oCL4Z6W4Z+S4Z6a4Z+H4oCL4Z6c4Z6f4Z+S4Z6f4Z62	RW5kaW5nIG9mIEJ1ZGRoaXN0IExlbnQ=
49f0f58feb34f8ae2e79b30d	4Z6R4Z634Z6c4Z624oCL4Z6T4Z6Z4Z+E4oCL4Z6U4Z624Z6Z4oCL4Z6I4Z+S4Z6T4Z+HIOGeiOGfkuGek+Gfhw==	V2luLXdpbiBQb2xpY3kgRGF5
4a4e922e63740fb65426e6f5	4Z6F4Z624Z6U4Z+J4Z644oCL4Z6K4Z6E4oCL4Z6c4Z+C4Z6EIOGej+GfkuGemuGevOGenOKAi+GelOGetuGek+KAi+GeheGeu+Gfh+KAi+GegOGfkuGek+Geu+GehOKAi+GelOGeieGfkuGeh+GeuOKAi+GelOGfgeGej+Get+GegOKAi+Gel+GejuGfkuGejOKAi+GenOGelOGfkuGelOGekuGemOGfjOGeouGemuGevOGelOGeuOGek+Gfg+GemOGek+Geu+Gen+GfkuGen+Geh+GetuGej+GetyDhnoHhnr3hnpThnpvhnr7hnoDhnpHhnrjhn6I=	Q2hhcGVpIERhbmcgVmVuZyBpbnNjcmliZWQgb24gdGhlIExpc3Qgb2YgSW50YW5naWJsZSBDdWx0dXJhbCBIZXJpdGFnZSBpbiBOZWVkIG9mIFVyZ2VudCBTYWZlZ3VhcmRpbmc=
4a6c7e11095130847b1a79fc	4Z6R4Z634Z6c4Z624oCL4Z6f4Z+B4Z6a4Z644oCL4Z6X4Z624Z6W4oCL4Z6f4Z624Z6a4Z6W4Z+Q4Z6P4Z+M4Z6Y4Z624Z6T4oCL4Z6W4Z634Z6X4Z6W4oCL4Z6b4Z+E4Z6AIOGegeGeveGelOGem+GevuGegOGekeGeuOGfoeGfqQ==	V29ybGQgUHJlc3MgRnJlZWRvbSBEYXk=
4a7739386fc0fb3888973645	4Z6R4Z634Z6c4Z624Z6Y4Z624Z6P4Z62	TW90aGVyJ3MgRGF5
4a7d0d2f4d683b2fc062a733	4Z6W4Z634Z6S4Z644oCL4Z6U4Z+G4Z6U4Z694Z6f4oCL4Z6T4Z624Z6C4oCL4Z6B4Z+S4Z6T4Z624Z6T	VGhlIE9yZGFpbmVkIERyYWdvbiBNb25r
4aac97ff98cb313330f59914	4Z6R4Z634Z6c4Z624oCL4Z6i4Z6T4Z+S4Z6P4Z6a4oCL4Z6H4Z624Z6P4Z634oCL4Z6U4Z+S4Z6a4Z6Z4Z674Z6R4Z+S4Z6S4oCL4Z6U4Z+S4Z6a4Z6G4Z624Z+G4Z6E4oCL4Z6C4Z+S4Z6a4Z6/4Z6E4oCL4Z6J4Z+A4Z6T	SW50ZXJuYXRpb25hbCBEYXkgQWdhaW5zdCBEcnVnIEFidXNlIGFuZCBJbGxpY2l0IFRyYWZmaWNraW5n
4abf935b2295958e61727061	4Z6R4Z634Z6c4Z624oCL4Z6W4Z634Z6X4Z6W4oCL4Z6b4Z+E4Z6AIOGeiuGevuGemOGfkuGelOGeuOGen+Geu+GenOGej+GfkuGekOGet+Gel+GetuGeliDhnpPhnrfhnoThnp/hnrvhnoHhnpfhnrbhnpbhnoDhnrbhnprhnoThnrbhnpog4Z6B4Z694Z6U4Z6b4Z6+4Z6A4Z6R4Z644Z+h4Z+m	V29ybGQgRGF5IGZvciBTYWZldHkgYW5kIEhlYWx0aCBhdCBXb3Jr
4ad1952bd1ba00ed19a8841b	4Z6R4Z634Z6c4Z624oCL4Z6C4Z+S4Z6a4Z684oCL4Z6U4Z6E4Z+S4Z6a4Z+A4Z6T4oCL4Z6W4Z634Z6X4Z6W4oCL4Z6b4Z+E4Z6A	V29ybGQgVGVhY2hlcidzIERheQ==
4ad5a73860b3e6d624a2ce2a	4Z6F4Z684Z6b4oCL4Z6W4Z+S4Z6a4Z+H4oCL4Z6c4Z6f4Z+S4Z6f4Z62	QmVnaW5uaW5nIG9mIEJ1ZGRoaXN0IExlbnQ=
4aff6d1edcf870561f94a73f	4Z6W4Z634Z6S4Z644oCL4Z6U4Z674Z6O4Z+S4Z6Z4oCL4Z6X4Z+S4Z6H4Z674Z+G4oCL4Z6U4Z634Z6O4Z+S4Z6M	UGNodW0gQmVuIEZlc3RpdmFs
4b0ada55d9bd548cec6a5588	4Z6R4Z634Z6c4Z624Z6R4Z654Z6AIOGek+Get+GehOGep+Gej+Geu+Gek+Get+GemeGemOGeluGet+Gel+GeluGem+GfhOGegA==	V29ybGQgV2F0ZXIgYW5kIFdvcmxkIE1ldGVvcm9sb2dpY2FsIERheQ==
4b2970aa8d7fe43c12b7444c	4Z6R4Z634Z6c4Z624oCL4Z6T4Z624Z6a4Z644oCL4Z6i4Z6T4Z+S4Z6P4Z6a4Z6H4Z624Z6P4Z63IOGegeGeveGelOGem+GevuGegOGekeGeuOGfoeGfoeGfog==	SW50ZXJuYXRpb25hbCBXb21lbidzIERheQ==
4b594a7ad92730afc9af17dc	4Z6F4Z684Z6b4oCL4Z6G4Z+S4Z6T4Z624Z+G4oCL4Z6F4Z634Z6T	Q2hpbmVzZSBOZXcgWWVhcg==
4b69c1ce2002d264b5c7a5b8	4Z6W4Z+S4Z6a4Z+H4oCL4Z6a4Z624Z6H4oCL4Z6W4Z634Z6S4Z644oCL4Z6U4Z674Z6O4Z+S4Z6Z4oCL4Z6i4Z674Z+G4oCL4Z6R4Z684Z6AIOGelOGejuGfkuGeiuGfguGej+KAi+GelOGfkuGemuGekeGeuOGelCDhnpPhnrfhnoTigIvhnp/hn4bhnpbhn4figIvhnpbhn5Lhnprhn4figIvhnoHhn4Ig4Z6i4Z6A4Z6i4Z+G4Z6U4Z674Z6A	V2F0ZXIgRmVzdGl2YWw=
4b8b4fe541ff0759746fad06	4Z6R4Z634Z6c4Z624Z6a4Z+G4Z6b4Z654Z6A4oCL4Z6B4Z694Z6U4oCL4Z6T4Z+D4oCL4Z6A4Z634Z6F4Z+S4Z6F4Z6W4Z+S4Z6a4Z6Y4Z6W4Z+S4Z6a4Z+A4Z6E4oCL4Z6f4Z6T4Z+S4Z6P4Z634Z6X4Z624Z6W4oCL4Z6R4Z644Z6A4Z+S4Z6a4Z674Z6E4oCL4Z6U4Z+J4Z624Z6a4Z644Z6f	UGFyaXMgUGVhY2UgQWdyZWVtZW50IERheQ==
4b8d84ea38498fe0097e34e6	4Z6P4Z+G4Z6U4Z6T4Z+L4oCL4Z6a4Z6Y4Z6O4Z644oCL4Z6K4Z+S4Z6L4Z624Z6T4oCL4Z6i4Z6E4Z+S4Z6C4Z6aIOGej+GfkuGemuGevOGenOKAi+GelOGetuGek+KAi+GeheGeu+Gfh+KAi+GegOGfkuGek+Geu+GehOKAi+GelOGeieGfkuGeh+GeuOKAi+GelOGfgeGej+Get+GegOKAi+Gel+GejuGfkuGejOKAi+GeluGet+Gel+GeluGem+GfhOGegOGemuGelOGen+Gfi+GeouGehOGfkuGeguGegOGetuGemuGemeGevOGejuGfgeGen+GfkuGegOGevCDhnoHhnr3hnpThnpvhnr7hnoDhnpHhnrjhn6Lhn6U=	QW5na29yIHdhcyBpbnNjcmliZWQgb24gdGhlIFVORVNDTyBXb3JsZCBIZXJpdGFnZSBMaXN0
4b9260516c5c417a0742fcfb	4Z6P4Z+G4Z6U4Z6T4Z+L4oCL4Z6a4Z6Y4Z6O4Z644oCL4Z6K4Z+S4Z6L4Z624Z6T4oCL4Z6i4Z6E4Z+S4Z6C4Z6aIOGej+GfkuGemuGevOGenOKAi+GelOGetuGek+KAi+GeheGeu+Gfh+KAi+GegOGfkuGek+Geu+GehOKAi+GelOGeieGfkuGeh+GeuOKAi+GelOGfgeGej+Get+GegOKAi+Gel+GejuGfkuGejOKAi+GeluGet+Gel+GeluGem+GfhOGegOGemuGelOGen+Gfi+GeouGehOGfkuGeguGegOGetuGemuGemeGevOGejuGfgeGen+GfkuGegOGevCDhnoHhnr3hnpThnpvhnr7hnoDhnpHhnrjhn6Phn6c=	QW5na29yIHdhcyBpbnNjcmliZWQgb24gdGhlIFVORVNDTyBXb3JsZCBIZXJpdGFnZSBMaXN0
4ba272c67e84f8a58028ae38	4Z6R4Z634Z6c4Z624oCL4Z6i4Z6T4Z+S4Z6P4Z6a4oCL4Z6H4Z624Z6P4Z634oCL4Z6U4Z+S4Z6a4Z6Z4Z674Z6R4Z+S4Z6S4oCL4Z6U4Z+S4Z6a4Z6G4Z624Z+G4Z6E4oCL4Z6C4Z+S4Z6a4Z6/4Z6E4oCL4Z6J4Z+A4Z6T	SW50ZXJuYXRpb25hbCBEYXkgQWdhaW5zdCBEcnVnIEFidXNlIGFuZCBJbGxpY2l0IFRyYWZmaWNraW5n
4bae776da92f018b622b8776	4Z6W4Z634Z6S4Z644oCL4Z6U4Z674Z6O4Z+S4Z6Z4oCL4Z6X4Z+S4Z6H4Z674Z+G4oCL4Z6U4Z634Z6O4Z+S4Z6M	UGNodW0gQmVuIEZlc3RpdmFs
4bc1e19dc86ca07100ea2022	4Z6W4Z634Z6S4Z644oCL4Z6U4Z674Z6O4Z+S4Z6Z4oCL4Z6F4Z684Z6b4oCL4Z6G4Z+S4Z6T4Z624Z+G4oCL4Z6Q4Z+S4Z6Y4Z64IOGelOGfkuGemuGeluGfg+GejuGeuOKAi+Geh+GetuGej+GetyAtIOGenOGetuGemuGfiOKAi+GenOGfkOGek+KAi+GelOGejw==	S2htZXIgTmV3IFllYXIgLSBWZWFyZWFrIFZhbmFiYXQ=
4bdc7ee2232076c8707c65cf	4Z6R4Z634Z6c4Z624oCL4Z6W4Z6b4Z6A4Z6Y4Z+S4Z6Y4oCL4Z6i4Z6T4Z+S4Z6P4Z6a4Z6H4Z624Z6P4Z63IOGegeGeveGelOGem+GevuGegOGekeGeuOGfoeGfo+GfqQ==	SW50ZXJuYXRpb25hbCBMYWJvciBEYXk=
4bdcf2e4e28b724ee5cb060b	4Z6U4Z634Z6O4Z+S4Z6MIOGfqA==	QmVuIDg=
4be69cf233325f908b4541e5	4Z6a4Z674Z6A4Z+S4Z6B4oCL4Z6R4Z634Z6c4Z62	QXJib3IgRGF5
4be7e237b1551da83d04d37c	4Z6P4Z+G4Z6U4Z6T4Z+L4oCL4Z6U4Z+S4Z6a4Z624Z6f4Z624Z6R4oCL4Z6f4Z+G4Z6U4Z684Z6a4oCL4Z6W4Z+S4Z6a4Z+D4oCL4Z6C4Z674Z6AIOGej+GfkuGemuGevOGenOKAi+GelOGetuGek+KAi+GeheGeu+Gfh+KAi+GegOGfkuGek+Geu+GehOKAi+GelOGeieGfkuGeh+GeuOKAi+GelOGfgeGej+Get+GegOKAi+Gel+GejuGfkuGejOKAi+GeluGet+Gel+GeluGem+GfhOGegOGemuGelOGen+Gfi+GeouGehOGfkuGeguGegOGetuGemuGemeGevOGejuGfgeGen+GfkuGegOGevCDhnoHhnr3hnpThnpvhnr7hnoDhnpHhnrjhn6g=	VGVtcGxlIFpvbmUgb2YgU2FtYm9yIFByZWkgS3VrIHdhcyBpbnNjcmliZWQgb24gdGhlIFVORVNDTyBXb3JsZCBIZXJpdGFnZSBMaXN0
4c148bd09246dc6086757afd	4Z6Q4Z+S4Z6E4Z+D4oCL4Z6U4Z674Z6O4Z+S4Z6Z4oCL4Z6T4Z+D4oCL4Z6f4Z+B4Z6F4Z6A4Z+S4Z6P4Z644oCL4Z6f4Z+S4Z6a4Z6b4Z624Z6J4Z+L	VmFsZW50aW5lJ3MgRGF5
4c244a88d88fe9c22f7e06da	4Z6U4Z6O4Z+S4Z6O4Z6f4Z624Z6a4oCL4Z6f4Z624Z6a4Z6Y4Z6T4Z+S4Z6R4Z644Z6a4oCL4Z6n4Z6A4Z+S4Z6a4Z634Z6K4Z+S4Z6L4Z6A4Z6Y4Z+S4Z6Y4oCL4Z6U4Z+S4Z6a4Z6b4Z+Q4Z6Z4oCL4Z6W4Z684Z6H4Z6f4Z624Z6f4Z6T4Z+N4oCL4Z6R4Z694Z6b4oCL4Z6f4Z+S4Z6b4Z+C4Z6EIOGej+GfkuGemuGevOGenOKAi+GelOGetuGek+KAi+GeheGeu+Gfh+KAi+GegOGfkuGek+Geu+GehOKAi+GelOGeieGfkuGeh+GeuOKAi+Gen+GfkuGemOGetuGemuGej+GeuOKAi+GeheGehOGeheGetuGfhuKAi+Gek+Gfg+KAi+GeluGet+Gel+GeluKAi+Gem+GfhOGegOKAi+GemuGelOGen+Gfi+KAi+GemeGevOGejuGfgeGen+GfkuGegOGevCDhnoHhnr3hnpThnpvhnr7hnoDhnpHhnrjhn6Hhn6U=	VGhlIGFyY2hpdmVzIG9mIFR1b2wgU2xlbmcgR2Vub2NpZGUgTXVzZXVtIGFyZSByZWdpc3RlcmVkIGFzIHBhcnQgb2YgdGhlIE1lbW9yeSBvZiB0aGUgV29ybGQgYnkgVU5FU0NP
4c4b03772342d76ba8861310	4Z6Q4Z+S4Z6E4Z+D4oCL4Z6U4Z674Z6O4Z+S4Z6Z4oCL4Z6T4Z+D4oCL4Z6f4Z+B4Z6F4Z6A4Z+S4Z6P4Z644oCL4Z6f4Z+S4Z6a4Z6b4Z624Z6J4Z+L	VmFsZW50aW5lJ3MgRGF5
4c5053f79c31205faccfbc75	4Z6R4Z634Z6c4Z624oCL4Z6i4Z6T4Z+S4Z6P4Z6a4oCL4Z6H4Z624Z6P4Z634oCL4Z6T4Z+D4oCL4Z6C4Z+S4Z6a4Z694Z6f4Z624Z6a	SW50ZXJuYXRpb25hbCBEYXkgb2YgRmFtaWxpZXM=
4c7d8d2f0a36cedd9b39e7d7	4Z6W4Z634Z6S4Z644oCL4Z6U4Z+G4Z6U4Z694Z6f4oCL4Z6T4Z624Z6C4oCL4Z6B4Z+S4Z6T4Z624Z6T	VGhlIE9yZGFpbmVkIERyYWdvbiBNb25r
4c8b40113c918e0fad1c8a81	4Z6F4Z684Z6b4oCL4Z6G4Z+S4Z6T4Z624Z+G4oCL4Z6F4Z634Z6T	Q2hpbmVzZSBOZXcgWWVhcg==
4c8e4c4648b1c3e91ff317e4	4Z6R4Z634Z6c4Z624oCL4Z6i4Z624oCL4Z6A4Z624Z6f4oCL4Z6F4Z6a4Z6O4Z+N4Z6f4Z+K4Z644Z6c4Z634Z6b	Q2l2aWwgQXZpYXRpb24gRGF5
4c9fb831d388afe320d6416c	4Z6U4Z6O4Z+S4Z6O4Z6f4Z624Z6a4oCL4Z6f4Z624Z6a4Z6Y4Z6T4Z+S4Z6R4Z644Z6a4oCL4Z6n4Z6A4Z+S4Z6a4Z634Z6K4Z+S4Z6L4Z6A4Z6Y4Z+S4Z6Y4oCL4Z6U4Z+S4Z6a4Z6b4Z+Q4Z6Z4oCL4Z6W4Z684Z6H4Z6f4Z624Z6f4Z6T4Z+N4oCL4Z6R4Z694Z6b4oCL4Z6f4Z+S4Z6b4Z+C4Z6EIOGej+GfkuGemuGevOGenOKAi+GelOGetuGek+KAi+GeheGeu+Gfh+KAi+GegOGfkuGek+Geu+GehOKAi+GelOGeieGfkuGeh+GeuOKAi+Gen+GfkuGemOGetuGemuGej+GeuOKAi+GeheGehOGeheGetuGfhuKAi+Gek+Gfg+KAi+GeluGet+Gel+GeluKAi+Gem+GfhOGegOKAi+GemuGelOGen+Gfi+KAi+GemeGevOGejuGfgeGen+GfkuGegOGevCDhnoHhnr3hnpThnpvhnr7hnoDhnpHhnrjhn6Hhn6g=	VGhlIGFyY2hpdmVzIG9mIFR1b2wgU2xlbmcgR2Vub2NpZGUgTXVzZXVtIGFyZSByZWdpc3RlcmVkIGFzIHBhcnQgb2YgdGhlIE1lbW9yeSBvZiB0aGUgV29ybGQgYnkgVU5FU0NP
4cba14c98f1fd00f04fd7c63	4Z6W4Z+S4Z6a4Z+H4oCL4Z6a4Z624Z6H4oCL4Z6W4Z634Z6S4Z644oCL4Z6U4Z674Z6O4Z+S4Z6Z4oCL4Z6i4Z674Z+G4oCL4Z6R4Z684Z6AIOGelOGejuGfkuGeiuGfguGej+KAi+GelOGfkuGemuGekeGeuOGelCDhnpPhnrfhnoTigIvhnp/hn4bhnpbhn4figIvhnpbhn5Lhnprhn4figIvhnoHhn4Ig4Z6i4Z6A4Z6i4Z+G4Z6U4Z674Z6A	V2F0ZXIgRmVzdGl2YWw=
4cc9d67a272aa1ac68a6d00b	4Z6P4Z+G4Z6U4Z6T4Z+L4oCL4Z6U4Z+S4Z6a4Z624Z6f4Z624Z6R4oCL4Z6f4Z+G4Z6U4Z684Z6a4oCL4Z6W4Z+S4Z6a4Z+D4oCL4Z6C4Z674Z6AIOGej+GfkuGemuGevOGenOKAi+GelOGetuGek+KAi+GeheGeu+Gfh+KAi+GegOGfkuGek+Geu+GehOKAi+GelOGeieGfkuGeh+GeuOKAi+GelOGfgeGej+Get+GegOKAi+Gel+GejuGfkuGejOKAi+GeluGet+Gel+GeluGem+GfhOGegOGemuGelOGen+Gfi+GeouGehOGfkuGeguGegOGetuGemuGemeGevOGejuGfgeGen+GfkuGegOGevCDhnoHhnr3hnpThnpvhnr7hnoDhnpHhnrjhn6I=	VGVtcGxlIFpvbmUgb2YgU2FtYm9yIFByZWkgS3VrIHdhcyBpbnNjcmliZWQgb24gdGhlIFVORVNDTyBXb3JsZCBIZXJpdGFnZSBMaXN0
4cd641910efe51da21ba07e5	4Z6U4Z634Z6O4Z+S4Z6MIOGfoeGfoA==	QmVuIDEw
4cf581c42a825d7d0423ab6f	4Z6R4Z634Z6c4Z624oCL4Z6i4Z6T4Z+S4Z6P4Z6a4oCL4Z6H4Z624Z6P4Z634oCL4Z6U4Z+S4Z6a4Z6Z4Z674Z6R4Z+S4Z6S4oCL4Z6U4Z+S4Z6a4Z6G4Z624Z+G4Z6E4oCL4Z6C4Z+S4Z6a4Z6/4Z6E4oCL4Z6J4Z+A4Z6T	SW50ZXJuYXRpb25hbCBEYXkgQWdhaW5zdCBEcnVnIEFidXNlIGFuZCBJbGxpY2l0IFRyYWZmaWNraW5n
4d0671f7b64490d987a964f2	4Z6W4Z+S4Z6a4Z+H4oCL4Z6a4Z624Z6H4oCL4Z6W4Z634Z6S4Z644oCL4Z6U4Z674Z6O4Z+S4Z6Z4oCL4Z6F4Z6Y4Z+S4Z6a4Z6+4Z6T4oCL4Z6W4Z+S4Z6a4Z+H4oCL4Z6H4Z6T4Z+S4Z6YIOGeluGfkuGemuGfh+KAi+GegOGemuGeu+GejuGetuKAi+GeluGfkuGemuGfh+KAi+GelOGetuGekeKAi+Gen+GemOGfkuGej+GfgeGeheKAi+GeluGfkuGemuGfh+KAi+GelOGemuGemOKAi+Gek+GetuGekCDhnpPhnprhn4Thno/hn5Lhno/hnpgg4Z6f4Z644Z6g4Z6Y4Z674Z6T4Z64IOGeluGfkuGemuGfh+KAi+GemOGeoOGetuGegOGfkuGen+Gej+GfkuGemuKAi+Gek+Gfg+KAi+GeluGfkuGemuGfh+GemuGetuGeh+GetuGejuGetuGeheGegOGfkuGemuKAi+GegOGemOGfkuGeluGeu+Geh+Getg==	S2luZyBTaWhhbW9uaSdzIEJpcnRoZGF5
4d0bbaad4c28d8787c57d61f	4Z6W4Z+S4Z6a4Z+H4oCL4Z6a4Z624Z6H4oCL4Z6W4Z634Z6S4Z644oCL4Z6U4Z674Z6O4Z+S4Z6Z4oCL4Z6F4Z6Y4Z+S4Z6a4Z6+4Z6T4oCL4Z6W4Z+S4Z6a4Z+H4oCL4Z6H4Z6T4Z+S4Z6YIOGeluGfkuGemuGfh+KAi+GegOGemuGeu+GejuGetuKAi+GeluGfkuGemuGfh+KAi+GelOGetuGekeKAi+Gen+GemOGfkuGej+GfgeGeheKAi+GeluGfkuGemuGfh+KAi+GelOGemuGemOKAi+Gek+GetuGekCDhnpPhnprhn4Thno/hn5Lhno/hnpgg4Z6f4Z644Z6g4Z6Y4Z674Z6T4Z64IOGeluGfkuGemuGfh+KAi+GemOGeoOGetuGegOGfkuGen+Gej+GfkuGemuKAi+Gek+Gfg+KAi+GeluGfkuGemuGfh+GemuGetuGeh+GetuGejuGetuGeheGegOGfkuGemuKAi+GegOGemOGfkuGeluGeu+Geh+Getg==	S2luZyBTaWhhbW9uaSdzIEJpcnRoZGF5
4d1a4441bf1b64fe9897d43b	4Z6R4Z634Z6c4Z624oCL4Z6i4Z6T4Z+S4Z6P4Z6a4oCL4Z6H4Z624Z6P4Z634oCL4Z6T4Z+D4oCL4Z6C4Z+S4Z6a4Z694Z6f4Z624Z6a	SW50ZXJuYXRpb25hbCBEYXkgb2YgRmFtaWxpZXM=
4d39e804ad9b93726869d41f	4Z6R4Z634Z6c4Z624oCL4Z6F4Z684Z6b4oCL4Z6G4Z+S4Z6T4Z624Z+G4oCL4Z6f4Z624Z6A4Z6b	TmV3IFllYXIncyBEYXk=
4d4ad11386a75e6e2dc688ee	4Z6f4Z+C4Z6T4oCL4Z6A4Z+S4Z6U4Z624Z6b4oCL4Z6R4Z654Z6A	R2hvc3QgRmVzdGl2YWw=
4d55a1977350b0f7e6602184	4Z6U4Z634Z6O4Z+S4Z6MIOGfqA==	QmVuIDg=
4d5604754febac287580837a	4Z6R4Z634Z6c4Z624oCL4Z6H4Z624Z6P4Z634oCL4Z6U4Z+S4Z6a4Z6G4Z624Z+G4Z6E4oCL4Z6A4Z624Z6a4oCL4Z6H4Z694Z6J4oCL4Z6K4Z684Z6a4oCL4Z6Y4Z6T4Z674Z6f4Z+S4Z6f	TmF0aW9uYWwgQW50aS1IdW1hbiBUcmFmZmlja2luZyBEYXk=
4d6b88d65cde40cfca7d87f5	4Z6R4Z634Z6c4Z624oCL4Z6H4Z624Z6P4Z634oCL4Z6Z4Z6b4Z+L4oCL4Z6K4Z654Z6E4oCL4Z6W4Z644oCL4Z6Y4Z644Z6TIOGegeGeveGelOGem+GevuGegOGekeGeuOGfqQ==	TmF0aW9uYWwgTWluZSBBd2FyZW5lc3MgRGF5
4d7178fadaf741c0298eaf7e	4Z6F4Z684Z6b4oCL4Z6W4Z+S4Z6a4Z+H4oCL4Z6c4Z6f4Z+S4Z6f4Z62	QmVnaW5uaW5nIG9mIEJ1ZGRoaXN0IExlbnQ=
4d81109beba4a36b85a5bf6e	4Z6R4Z634Z6c4Z624oCL4Z6i4Z6T4Z+S4Z6P4Z6a4oCL4Z6H4Z624Z6P4Z634oCL4Z6T4Z+D4oCL4Z6C4Z+S4Z6a4Z694Z6f4Z624Z6a	SW50ZXJuYXRpb25hbCBEYXkgb2YgRmFtaWxpZXM=
4dd25b660ac4ee49f83ccf3a	4Z6W4Z634Z6S4Z644oCL4Z6U4Z674Z6O4Z+S4Z6Z4oCL4Z6Y4Z624Z6D4Z6U4Z684Z6H4Z62	TWVhayBCb2NoZWE=
4dd6e68572de4a5ef27cb3bd	4Z6W4Z634Z6S4Z644oCL4Z6U4Z674Z6O4Z+S4Z6Z4oCL4Z6v4Z6A4Z6a4Z624Z6H4Z+S4Z6Z4oCL4Z6H4Z624Z6P4Z63IOGegeGeveGelOGem+GevuGegOGekeGeuOGfpuGfpQ==	SW5kZXBlbmRlbmNlIERheQ==
4deedafa63e5dcc93cb2cf93	4Z6R4Z634Z6c4Z624oCL4Z6C4Z+S4Z6a4Z684oCL4Z6U4Z6E4Z+S4Z6a4Z+A4Z6T4oCL4Z6W4Z634Z6X4Z6W4oCL4Z6b4Z+E4Z6A	V29ybGQgVGVhY2hlcidzIERheQ==
4dfa1379727e40fb4db66ccc	4Z6W4Z634Z6S4Z644oCL4Z6U4Z674Z6O4Z+S4Z6Z4oCL4Z6Y4Z624Z6D4Z6U4Z684Z6H4Z62	TWVhayBCb2NoZWE=
4dfbdfc87ca4ad435b575f3c	4Z6R4Z634Z6c4Z624oCL4Z6T4Z6Z4Z+E4oCL4Z6U4Z624Z6Z4oCL4Z6I4Z+S4Z6T4Z+HIOGeiOGfkuGek+Gfhw==	V2luLXdpbiBQb2xpY3kgRGF5
4e0335c6c2b8ad7aed31ea75	4Z6U4Z634Z6O4Z+S4Z6MIOGfqQ==	QmVuIDk=
4e0b26a5d8a110eb2db62ad4	4Z6b4Z+S4Z6B4Z+E4Z6T4oCL4Z6f4Z+S4Z6a4Z6Y4Z+E4Z6b4oCL4Z6f4Z+S4Z6U4Z+C4Z6A4oCLIOGej+GfkuGemuGevOGenOKAi+GelOGetuGek+KAi+GeheGeu+Gfh+KAi+GegOGfkuGek+Geu+GehOKAi+GelOGeieGfkuGeh+GeuOKAi+GelOGfgeGej+Get+GegOKAi+Gel+GejuGfkuGejOGenOGelOGfkuGelOGekuGemOGfjOGeouGemuGevOGelOGeuOGek+Gfg+GemOGek+Geu+Gen+GfkuGen+Geh+GetuGej+GetyDhnoHhnr3hnpThnpvhnr7hnoDhnpHhnrjhn6M=	S2htZXIgU2hhZG93IFRoZWF0cmUgaW5zY3JpYmVkIG9uIHRoZSBSZXByZXNlbnRhdGl2ZSBMaXN0IG9mIHRoZSBJbnRhbmdpYmxlIEN1bHR1cmFsIEhlcml0YWdlIG9mIEh1bWFuaXR5
4e1a2b290890cf73dfea4a94	4Z6b4Z+S4Z6B4Z+E4Z6T4oCL4Z6B4Z+E4Z6b4oCL4Z6c4Z6P4Z+S4Z6P4oCL4Z6f4Z+S4Z6c4Z624Z6Z4oCL4Z6i4Z6O4Z+S4Z6P4Z+C4Z6PIOGej+GfkuGemuGevOGenOKAi+GelOGetuGek+KAi+GeheGeu+Gfh+KAi+GegOGfkuGek+Geu+GehOKAi+GelOGeieGfkuGeh+GeuOKAi+GelOGfgeGej+Get+GegOKAi+Gel+GejuGfkuGejOKAi+GenOGelOGfkuGelOKAi+GekuGemOGfjOKAi+GeouGemuGevOGelOGeuOGek+Gfg+GemOGek+Geu+Gen+GfkuGen+Geh+GetuGej+GetyDhnoHhnr3hnpThnpvhnr7hnoDhnpHhnrjhn6k=	TGtob24gS2hvbCBXYXQgU3ZheSBBbmRldCBpbnNjcmliZWQgb24gdGhlIExpc3Qgb2YgSW50YW5naWJsZSBDdWx0dXJhbCBIZXJpdGFnZSBpbiBOZWVkIG9mIFVyZ2VudCBTYWZlZ3VhcmRpbmc=
4e3a0df706ba9ad326353472	4Z6W4Z+S4Z6a4Z+H4oCL4Z6a4Z624Z6H4oCL4Z6W4Z634Z6S4Z644oCL4Z6U4Z674Z6O4Z+S4Z6Z4oCL4Z6i4Z674Z+G4oCL4Z6R4Z684Z6AIOGelOGejuGfkuGeiuGfguGej+KAi+GelOGfkuGemuGekeGeuOGelCDhnpPhnrfhnoTigIvhnp/hn4bhnpbhn4figIvhnpbhn5Lhnprhn4figIvhnoHhn4Ig4Z6i4Z6A4Z6i4Z+G4Z6U4Z674Z6A	V2F0ZXIgRmVzdGl2YWw=
4e536f29a831656cb556401c	4Z6A4Z6Y4Z+S4Z6W4Z674Z6H4Z624oCL4Z6F4Z684Z6b4oCL4Z6H4Z624oCL4Z6f4Z6Y4Z624oCL4Z6H4Z634Z6A4oCL4Z6i4Z624Z6f4Z+K4Z624Z6TIOGegeGeveGelOGem+GevuGegOGekeGeuOGfouGfqA==	Q2FtYm9kaWEgam9pbmVkIFRoZSBBc3NvY2lhdGlvbiBvZiBTb3V0aGVhc3QgQXNpYW4gTmF0aW9ucyAoQVNFQU4p
4e6a50962e56c27c7b2d7bc3	4Z6R4Z634Z6c4Z624oCL4Z6W4Z634Z6X4Z6W4oCL4Z6b4Z+E4Z6A4oCL4Z6A4Z624Z6A4oCL4Z6U4Z624Z6R4oCL4Z6A4Z+S4Z6a4Z6g4Z6YIOGek+Get+GehOKAi+GeouGejOGfkuGejeGeheGek+GfkuGekeGegOGfkuGemuGeoOGemA==	V29ybGQgUmVkIENyb3NzIGFuZCBSZWQgQ3Jlc2NlbnQgRGF5
4e76cba2d2996aef3dbeb58b	4Z6W4Z634Z6S4Z644oCL4Z6U4Z674Z6O4Z+S4Z6Z4oCL4Z6F4Z684Z6b4oCL4Z6G4Z+S4Z6T4Z624Z+G4oCL4Z6Q4Z+S4Z6Y4Z64IOGelOGfkuGemuGeluGfg+GejuGeuOKAi+Geh+GetuGej+GetyAtIOGemOGeoOGetuKAi+Gen+GehOGfkuGegOGfkuGemuGetuGek+GfkuGejyDhnpjhn4nhn4ThnoQg4Z+g4Z+nOuGfoeGfoiBQTQ==	S2htZXIgTmV3IFllYXIgLSBNb2hhIFNhbmtyYW50YSBhdCAwNzoxMiBQTQ==
4e8a4621b7195caf0fa834b6	4Z6U4Z634Z6O4Z+S4Z6MIOGfqQ==	QmVuIDk=
4e9676769b4e34a9b5c62535	4Z6W4Z634Z6S4Z644oCL4Z6U4Z674Z6O4Z+S4Z6Z4oCL4Z6X4Z+S4Z6H4Z674Z+G4oCL4Z6U4Z634Z6O4Z+S4Z6M	UGNodW0gQmVuIEZlc3RpdmFs
4eab0cb7b2f558a3d30f14cc	4Z6A4Z6Y4Z+S4Z6W4Z674Z6H4Z624oCL4Z6F4Z684Z6b4oCL4Z6H4Z624oCL4Z6f4Z6Y4Z624oCL4Z6H4Z634Z6A4oCL4Z6i4Z6E4Z+S4Z6C4oCL4Z6A4Z624Z6a4oCL4Z6f4Z6g4oCL4Z6U4Z+S4Z6a4Z6H4Z624Z6H4Z624Z6P4Z63IOGegeGeveGelOGem+GevuGegOGekeGeuOGfpuGfpw==	Q2FtYm9kaWEgYmVjYW1lIGEgbWVtYmVyIG9mIHRoZSBVbml0ZWQgTmF0aW9ucw==
4eac23a05f45fe4f840561ad	4Z6R4Z634Z6c4Z624oCL4Z6i4Z624oCL4Z6A4Z624Z6f4oCL4Z6F4Z6a4Z6O4Z+N4Z6f4Z+K4Z644Z6c4Z634Z6b	Q2l2aWwgQXZpYXRpb24gRGF5
4ec04391a9744d1b8c4d638d	4Z6U4Z634Z6O4Z+S4Z6MIOGfoeGfog==	QmVuIDEy
4ec6e2895e92d7f2a3ad391c	4Z6R4Z634Z6c4Z624Z6R4Z654Z6AIOGek+Get+GehOGep+Gej+Geu+Gek+Get+GemeGemOGeluGet+Gel+GeluGem+GfhOGegA==	V29ybGQgV2F0ZXIgYW5kIFdvcmxkIE1ldGVvcm9sb2dpY2FsIERheQ==
4ec76a8e347b632479bd452a	4Z6U4Z6O4Z+S4Z6O4Z6f4Z624Z6a4oCL4Z6f4Z624Z6a4Z6Y4Z6T4Z+S4Z6R4Z644Z6a4oCL4Z6n4Z6A4Z+S4Z6a4Z634Z6K4Z+S4Z6L4Z6A4Z6Y4Z+S4Z6Y4oCL4Z6U4Z+S4Z6a4Z6b4Z+Q4Z6Z4oCL4Z6W4Z684Z6H4Z6f4Z624Z6f4Z6T4Z+N4oCL4Z6R4Z694Z6b4oCL4Z6f4Z+S4Z6b4Z+C4Z6EIOGej+GfkuGemuGevOGenOKAi+GelOGetuGek+KAi+GeheGeu+Gfh+KAi+GegOGfkuGek+Geu+GehOKAi+GelOGeieGfkuGeh+GeuOKAi+Gen+GfkuGemOGetuGemuGej+GeuOKAi+GeheGehOGeheGetuGfhuKAi+Gek+Gfg+KAi+GeluGet+Gel+GeluKAi+Gem+GfhOGegOKAi+GemuGelOGen+Gfi+KAi+GemeGevOGejuGfgeGen+GfkuGegOGevCDhnoHhnr3hnpThnpvhnr7hnoDhnpHhnrjhn6Hhn6k=	VGhlIGFyY2hpdmVzIG9mIFR1b2wgU2xlbmcgR2Vub2NpZGUgTXVzZXVtIGFyZSByZWdpc3RlcmVkIGFzIHBhcnQgb2YgdGhlIE1lbW9yeSBvZiB0aGUgV29ybGQgYnkgVU5FU0NP
4ec9618347bdcf68afafbb76	4Z6f4Z+C4Z6T4Z6T4Z+G4Z6i4Z+K4Z64	V2ludGVyIFNvbHN0aWNlIEZlc3RpdmFs
4ed18ad710252e3c49c68229	4Z6R4Z634Z6c4Z624oCL4Z6n4Z6R4Z+S4Z6Z4Z624Z6T4Z674oCL4Z6a4Z6A4Z+S4Z6f4Z6W4Z634Z6X4Z6W4Z6b4Z+E4Z6AIOGegeGeveGelOGem+GevuGegOGekeGeuOGfpQ==	V29ybGQgUmFuZ2VyIERheQ==
4ee3c933fe90eeaa0913aea2	4Z6g4Z+C4oCL4Z6i4Z+S4Z6T4Z6A4oCL4Z6P4Z624oCL4Z6F4Z634Z6T	U3Bpcml0IFBhcmFkZQ==
4ee92bf5911e97ef8e91536d	4Z6Q4Z+S4Z6E4Z+D4oCL4Z6U4Z674Z6O4Z+S4Z6Z4oCL4Z6T4Z+D4oCL4Z6f4Z+B4Z6F4Z6A4Z+S4Z6P4Z644oCL4Z6f4Z+S4Z6a4Z6b4Z624Z6J4Z+L	VmFsZW50aW5lJ3MgRGF5
4f18173fddb5c5f745ac70fa	4Z6F4Z+B4Z6J4oCL4Z6W4Z+S4Z6a4Z+H4oCL4Z6c4Z6f4Z+S4Z6f4Z62	RW5kaW5nIG9mIEJ1ZGRoaXN0IExlbnQ=
4f3326940aea2555bb1d5a5e	4Z6R4Z634Z6c4Z624oCL4Z6T4Z6Z4Z+E4oCL4Z6U4Z624Z6Z4oCL4Z6I4Z+S4Z6T4Z+HIOGeiOGfkuGek+Gfhw==	V2luLXdpbiBQb2xpY3kgRGF5
4f4bc4e6d24beb3898556dba	4Z6R4Z634Z6c4Z624oCL4Z6T4Z6Z4Z+E4oCL4Z6U4Z624Z6Z4oCL4Z6I4Z+S4Z6T4Z+HIOGeiOGfkuGek+Gfhw==	V2luLXdpbiBQb2xpY3kgRGF5
4f4f1230c0f626808778b6a2	4Z6F4Z684Z6b4oCL4Z6G4Z+S4Z6T4Z624Z+G4oCL4Z6F4Z634Z6T	Q2hpbmVzZSBOZXcgWWVhcg==
4f77ad41cb48e511a8532816	4Z6W4Z+S4Z6a4Z+H4oCL4Z6a4Z624Z6H4oCL4Z6W4Z634Z6S4Z644oCL4Z6U4Z674Z6O4Z+S4Z6Z4oCL4Z6F4Z6Y4Z+S4Z6a4Z6+4Z6T4oCL4Z6W4Z+S4Z6a4Z+H4oCL4Z6H4Z6T4Z+S4Z6YIOGen+GemOGfkuGej+GfgeGeheKAi+GeluGfkuGemuGfh+KAi+GemOGeoOGetuGegOGfkuGen+Gej+GfkuGemuGeuCDhnpPhnprhn4Thno/hn5Lhno/hnpgg4Z6Y4Z674Z6T4Z634Z6T4Z624Z6QIOGen+GeuOGeoOGek+GeuyDhnpbhn5Lhnprhn4figIvhnpzhnprhnprhnrbhnofigIvhnpjhnrbhno/hnrbigIvhnofhnrbhno/hnrfigIvhnoHhn5Lhnpjhn4Lhnpog4Z6A4Z+S4Z6T4Z674Z6E4oCL4Z6f4Z+B4Z6a4Z644Z6X4Z624Z6WIOGen+GfgeGeheGegOGfkuGej+GeuOGekOGfkuGem+Gfg+GekOGfkuGek+GevOGemiDhnpPhnrfhnoTigIvhnp/hnrvhnpfhnpjhnoThn5LhnoLhnps=	UXVlZW4gTW90aGVyJ3MgQmlydGhkYXk=
4f841aeb78901d54b088f1ca	4Z6Q4Z+S4Z6E4Z+D4oCL4Z6f4Z+C4Z6T4oCL4Z6K4Z6A4oCL4Z6H4Z6+4Z6E4oCL4Z6S4Z684Z6U	S2l0Y2hlbiBHb2QgRmVzdGl2YWw=
4f85a4e728df979fbb2f7cb4	4Z6b4Z+S4Z6B4Z+E4Z6T4oCL4Z6B4Z+E4Z6b4oCL4Z6c4Z6P4Z+S4Z6P4oCL4Z6f4Z+S4Z6c4Z624Z6Z4oCL4Z6i4Z6O4Z+S4Z6P4Z+C4Z6PIOGej+GfkuGemuGevOGenOKAi+GelOGetuGek+KAi+GeheGeu+Gfh+KAi+GegOGfkuGek+Geu+GehOKAi+GelOGeieGfkuGeh+GeuOKAi+GelOGfgeGej+Get+GegOKAi+Gel+GejuGfkuGejOKAi+GenOGelOGfkuGelOKAi+GekuGemOGfjOKAi+GeouGemuGevOGelOGeuOGek+Gfg+GemOGek+Geu+Gen+GfkuGen+Geh+GetuGej+GetyDhnoHhnr3hnpThnpvhnr7hnoDhnpHhnrjhn6E=	TGtob24gS2hvbCBXYXQgU3ZheSBBbmRldCBpbnNjcmliZWQgb24gdGhlIExpc3Qgb2YgSW50YW5naWJsZSBDdWx0dXJhbCBIZXJpdGFnZSBpbiBOZWVkIG9mIFVyZ2VudCBTYWZlZ3VhcmRpbmc=
4f87ee31cf264943e0f1bc96	4Z6R4Z634Z6c4Z624oCL4Z6H4Z624Z6P4Z634oCL4Z6T4Z+D4oCL4Z6A4Z624Z6a4oCL4Z6F4Z6E4oCL4Z6F4Z624Z+G	TmF0aW9uYWwgRGF5IG9mIFJlbWVtYnJhbmNl
4f9be4613469b317e4129f98	4Z6R4Z634Z6c4Z624oCL4Z6n4Z6R4Z+S4Z6Z4Z624Z6T4Z674oCL4Z6a4Z6A4Z+S4Z6f4Z6W4Z634Z6X4Z6W4Z6b4Z+E4Z6AIOGegeGeveGelOGem+GevuGegOGekeGeuOGfouGfow==	V29ybGQgUmFuZ2VyIERheQ==
4fa192413b0f16b55623c0fa	4Z6U4Z6O4Z+S4Z6O4Z6f4Z624Z6a4oCL4Z6f4Z624Z6a4Z6Y4Z6T4Z+S4Z6R4Z644Z6a4oCL4Z6n4Z6A4Z+S4Z6a4Z634Z6K4Z+S4Z6L4Z6A4Z6Y4Z+S4Z6Y4oCL4Z6U4Z+S4Z6a4Z6b4Z+Q4Z6Z4oCL4Z6W4Z684Z6H4Z6f4Z624Z6f4Z6T4Z+N4oCL4Z6R4Z694Z6b4oCL4Z6f4Z+S4Z6b4Z+C4Z6EIOGej+GfkuGemuGevOGenOKAi+GelOGetuGek+KAi+GeheGeu+Gfh+KAi+GegOGfkuGek+Geu+GehOKAi+GelOGeieGfkuGeh+GeuOKAi+Gen+GfkuGemOGetuGemuGej+GeuOKAi+GeheGehOGeheGetuGfhuKAi+Gek+Gfg+KAi+GeluGet+Gel+GeluKAi+Gem+GfhOGegOKAi+GemuGelOGen+Gfi+KAi+GemeGevOGejuGfgeGen+GfkuGegOGevCDhnoHhnr3hnpThnpvhnr7hnoDhnpHhnrjhn6Q=	VGhlIGFyY2hpdmVzIG9mIFR1b2wgU2xlbmcgR2Vub2NpZGUgTXVzZXVtIGFyZSByZWdpc3RlcmVkIGFzIHBhcnQgb2YgdGhlIE1lbW9yeSBvZiB0aGUgV29ybGQgYnkgVU5FU0NP
4fbe219b01f78b189fd311b0	4Z6R4Z634Z6c4Z624oCL4Z6R4Z+B4Z6f4oCL4Z6F4Z6a4Z6O4Z+N4oCL4Z6W4Z634oCL4Z6X4Z6W4oCL4Z6b4Z+E4Z6A	V29ybGQgVG91cmlzbSBEYXk=
4fd8d518c5f37eb675c6e84d	4Z6U4Z634Z6O4Z+S4Z6MIOGfoeGfog==	QmVuIDEy
4fd90871fab1809a0840bc4a	4Z6R4Z634Z6c4Z624oCL4Z6f4Z+B4Z6a4Z644oCL4Z6X4Z624Z6W4oCL4Z6f4Z624Z6a4Z6W4Z+Q4Z6P4Z+M4Z6Y4Z624Z6T4oCL4Z6W4Z634Z6X4Z6W4oCL4Z6b4Z+E4Z6AIOGegeGeveGelOGem+GevuGegOGekeGeuOGfoeGfpA==	V29ybGQgUHJlc3MgRnJlZWRvbSBEYXk=
4ff40bb91d43f8628fae94b9	4Z6W4Z634Z6S4Z644oCL4Z6U4Z674Z6O4Z+S4Z6Z4oCL4Z6X4Z+S4Z6H4Z674Z+G4oCL4Z6U4Z634Z6O4Z+S4Z6M	UGNodW0gQmVuIEZlc3RpdmFs
5003250cf5ae1461a40128bd	4Z6A4Z+G4Z6O4Z6+4Z6P4oCL4Z6T4Z6C4Z6a4oCL4Z6U4Z624Z6b4oCL4Z6H4Z624Z6P4Z63IOGegeGeveGelOGem+GevuGegOGekeGeuOGfpuGfow==	QmlydGggb2YgdGhlIE5hdGlvbmFsIFBvbGljZQ==
500b92e16d1d8c5656cf48c9	4Z6U4Z634Z6O4Z+S4Z6MIOGfqA==	QmVuIDg=
505ca920067ccef44030fd47	4Z6R4Z634Z6c4Z624oCL4Z6W4Z634Z6X4Z6W4oCL4Z6b4Z+E4Z6A4oCL4Z6A4Z624Z6A4oCL4Z6U4Z624Z6R4oCL4Z6A4Z+S4Z6a4Z6g4Z6YIOGek+Get+GehOKAi+GeouGejOGfkuGejeGeheGek+GfkuGekeGegOGfkuGemuGeoOGemA==	V29ybGQgUmVkIENyb3NzIGFuZCBSZWQgQ3Jlc2NlbnQgRGF5
5075cccd3191abcef8ebcf16	4Z6R4Z634Z6c4Z624oCL4Z6i4Z624oCL4Z6A4Z624Z6f4oCL4Z6F4Z6a4Z6O4Z+N4Z6f4Z+K4Z644Z6c4Z634Z6b	Q2l2aWwgQXZpYXRpb24gRGF5
5082b1f41ff1446e5eaa9833	4Z6U4Z634Z6O4Z+S4Z6MIOGfpg==	QmVuIDY=
5090e3f8ea3558dcefa4faaf	4Z6R4Z634Z6c4Z624oCL4Z6H4Z624Z6P4Z634oCL4Z6Z4Z6b4Z+L4oCL4Z6K4Z654Z6E4oCL4Z6W4Z644oCL4Z6Y4Z644Z6TIOGegeGeveGelOGem+GevuGegOGekeGeuOGfouGfpw==	TmF0aW9uYWwgTWluZSBBd2FyZW5lc3MgRGF5
50a569a075b555cb26c9945a	4Z6R4Z634Z6c4Z624oCL4Z6i4Z6T4Z+S4Z6P4Z6a4oCL4Z6H4Z624Z6P4Z634oCL4Z6U4Z+S4Z6a4Z6Z4Z674Z6R4Z+S4Z6S4oCL4Z6U4Z+S4Z6a4Z6G4Z624Z+G4Z6E4oCL4Z6C4Z+S4Z6a4Z6/4Z6E4oCL4Z6J4Z+A4Z6T	SW50ZXJuYXRpb25hbCBEYXkgQWdhaW5zdCBEcnVnIEFidXNlIGFuZCBJbGxpY2l0IFRyYWZmaWNraW5n
50a5f932ba21092ca94ef393	4Z6W4Z+S4Z6a4Z+H4oCL4Z6a4Z624Z6H4oCL4Z6W4Z634Z6S4Z644oCL4Z6U4Z674Z6O4Z+S4Z6Z4oCL4Z6F4Z6Y4Z+S4Z6a4Z6+4Z6T4oCL4Z6W4Z+S4Z6a4Z+H4oCL4Z6H4Z6T4Z+S4Z6YIOGen+GemOGfkuGej+GfgeGeheKAi+GeluGfkuGemuGfh+KAi+GemOGeoOGetuGegOGfkuGen+Gej+GfkuGemuGeuCDhnpPhnprhn4Thno/hn5Lhno/hnpgg4Z6Y4Z674Z6T4Z634Z6T4Z624Z6QIOGen+GeuOGeoOGek+GeuyDhnpbhn5Lhnprhn4figIvhnpzhnprhnprhnrbhnofigIvhnpjhnrbhno/hnrbigIvhnofhnrbhno/hnrfigIvhnoHhn5Lhnpjhn4Lhnpog4Z6A4Z+S4Z6T4Z674Z6E4oCL4Z6f4Z+B4Z6a4Z644Z6X4Z624Z6WIOGen+GfgeGeheGegOGfkuGej+GeuOGekOGfkuGem+Gfg+GekOGfkuGek+GevOGemiDhnpPhnrfhnoTigIvhnp/hnrvhnpfhnpjhnoThn5LhnoLhnps=	UXVlZW4gTW90aGVyJ3MgQmlydGhkYXk=
50a6ca897c97bb8a51b4a133	4Z6R4Z634Z6c4Z624oCL4Z6U4Z+S4Z6a4Z6A4Z624Z6f4oCL4Z6a4Z6K4Z+S4Z6L4oCL4Z6S4Z6Y4Z+S4Z6Y4Z6T4Z674Z6J4Z+S4Z6JIOGegeGeveGelOGem+GevuGegOGekeGeuOGfouGfow==	Q29uc3RpdHV0aW9uIERheQ==
50b821417f8f18e4fd857067	4Z6W4Z634Z6S4Z644oCL4Z6U4Z674Z6O4Z+S4Z6Z4oCL4Z6c4Z634Z6f4Z624Z6B4oCL4Z6U4Z684Z6H4Z62	VmlzYWsgQm9jaGVh
50c602f83fba346fce437cf0	4Z6R4Z634Z6c4Z624oCL4Z6i4Z6T4Z+S4Z6P4Z6a4oCL4Z6H4Z624Z6P4Z634oCL4Z6H4Z6T4Z6H4Z624Z6P4Z634Z6K4Z6+4Z6Y4Z6X4Z624Z6C4Z6P4Z634Z6F4Z6W4Z634Z6X4Z6W4Z6b4Z+E4Z6A	SW50ZXJuYXRpb25hbCBEYXkgb2YgdGhlIFdvcmxkJ3MgSW5kaWdlbm91cyBQZW9wbGVz
50ce8dd2581a3ff94b003b39	4Z6R4Z634Z6c4Z624oCL4Z6U4Z+S4Z6a4Z624Z6a4Z6W4Z+S4Z6S4oCL4Z6W4Z634Z6S4Z644oCL4Z6C4Z+E4Z6a4Z6W4oCL4Z6W4Z+S4Z6a4Z+H4Z6c4Z634Z6J4Z+S4Z6J4Z624Z6O4Z6A4Z+S4Z6B4Z6T4Z+S4Z6SIOGeluGfkuGemuGfh+GegOGemuGeu+GejuGetuKAi+GeluGfkuGemuGfh+GelOGetuGekeKAi+Gen+GemOGfkuGej+GfgeGeheKAi+GeluGfkuGemuGfhyDhnpPhnprhn4Thno/hn5Lhno/hnpgg4Z6f4Z644Z6g4Z6T4Z67IOGeluGfkuGemuGfh+GemOGeoOGetuGenOGeuOGemuGegOGfkuGen+Gej+GfkuGemiDhnpbhn5Lhnprhn4figIvhnpzhnprhnprhnrbhnofigIvhnpThnrfhno/hnrbigIvhnq/hnoDhnprhnrbhnofhn5Lhnpkg4Z6U4Z684Z6a4Z6O4Z6X4Z624Z6W4oCL4Z6R4Z654Z6A4Z6K4Z64IOGek+Get+GehOKAi+Ger+GegOGel+GetuGeluKAi+Geh+GetuGej+Get+KAi+GegeGfkuGemOGfguGemg==	S2luZyBGYXRoZXIncyBDb21tZW1vcmF0aW9uIERheQ==
50dced60b360d3cf0b3a9d09	4Z6R4Z634Z6c4Z624oCL4Z6U4Z+S4Z6a4Z6A4Z624Z6f4oCL4Z6a4Z6K4Z+S4Z6L4oCL4Z6S4Z6Y4Z+S4Z6Y4Z6T4Z674Z6J4Z+S4Z6JIOGegeGeveGelOGem+GevuGegOGekeGeuOGfoeGfpA==	Q29uc3RpdHV0aW9uIERheQ==
511648b603a0b1aea760f550	4Z6R4Z634Z6c4Z624oCL4Z6W4Z634Z6X4Z6W4oCL4Z6b4Z+E4Z6AIOGeiuGevuGemOGfkuGelOGeuOGen+Geu+GenOGej+GfkuGekOGet+Gel+GetuGeliDhnpPhnrfhnoThnp/hnrvhnoHhnpfhnrbhnpbhnoDhnrbhnprhnoThnrbhnpog4Z6B4Z694Z6U4Z6b4Z6+4Z6A4Z6R4Z644Z+l	V29ybGQgRGF5IGZvciBTYWZldHkgYW5kIEhlYWx0aCBhdCBXb3Jr
511fd31633af14b61d2b3fe0	4Z6b4Z+S4Z6B4Z+E4Z6T4oCL4Z6f4Z+S4Z6a4Z6Y4Z+E4Z6b4oCL4Z6f4Z+S4Z6U4Z+C4Z6A4oCLIOGej+GfkuGemuGevOGenOKAi+GelOGetuGek+KAi+GeheGeu+Gfh+KAi+GegOGfkuGek+Geu+GehOKAi+GelOGeieGfkuGeh+GeuOKAi+GelOGfgeGej+Get+GegOKAi+Gel+GejuGfkuGejOGenOGelOGfkuGelOGekuGemOGfjOGeouGemuGevOGelOGeuOGek+Gfg+GemOGek+Geu+Gen+GfkuGen+Geh+GetuGej+GetyDhnoHhnr3hnpThnpvhnr7hnoDhnpHhnrjhn6Lhn6U=	S2htZXIgU2hhZG93IFRoZWF0cmUgaW5zY3JpYmVkIG9uIHRoZSBSZXByZXNlbnRhdGl2ZSBMaXN0IG9mIHRoZSBJbnRhbmdpYmxlIEN1bHR1cmFsIEhlcml0YWdlIG9mIEh1bWFuaXR5
5124283cce79ca6f241ed141	4Z6U4Z634Z6O4Z+S4Z6MIOGfqA==	QmVuIDg=
515a9a4abd6a2f379a957983	4Z6F4Z684Z6b4oCL4Z6G4Z+S4Z6T4Z624Z+G4oCL4Z6F4Z634Z6T	Q2hpbmVzZSBOZXcgWWVhcg==
5189375c2912884a17913e7d	4Z6R4Z634Z6c4Z624oCL4Z6T4Z624Z6a4Z644oCL4Z6i4Z6T4Z+S4Z6P4Z6a4Z6H4Z624Z6P4Z63IOGegeGeveGelOGem+GevuGegOGekeGeuOGfoeGfoeGfpQ==	SW50ZXJuYXRpb25hbCBXb21lbidzIERheQ==
518cd18e413dc59b8b10006e	4Z6R4Z634Z6c4Z624oCL4Z6T4Z6Z4Z+E4Z6U4Z624Z6Z4oCL4Z6R4Z654Z6A	V2F0ZXIgUG9saWN5IERheQ==
519306f9bfaa6b4f7b74acbf	4Z6R4Z634Z6c4Z624oCL4Z6U4Z+S4Z6a4Z6Z4Z674Z6R4Z+S4Z6S4oCL4Z6U4Z+S4Z6a4Z6G4Z624Z+G4Z6E4oCL4Z6i4Z+G4Z6W4Z6+4oCL4Z6W4Z674Z6A4Z6a4Z6b4Z694Z6Z	QW50aS1Db3JydXB0aW9uIERheQ==
5193ee60e4264eec938813fb	4Z6g4Z+C4oCL4Z6i4Z+S4Z6T4Z6A4oCL4Z6P4Z624oCL4Z6F4Z634Z6T	U3Bpcml0IFBhcmFkZQ==
519ad2cbb399832e8dc79ada	4Z6R4Z634Z6c4Z624oCL4Z6Z4Z674Z6c4Z6H4Z6T4oCL4Z6i4Z6T4Z+S4Z6P4Z6a4oCL4Z6H4Z624Z6P4Z63	SW50ZXJuYXRpb25hbCBZb3V0aCBEYXk=
51a3e5433cd058fc02fb12bb	4Z6R4Z634Z6c4Z624oCL4oCL4Z6U4Z+S4Z6a4Z6H4Z624Z6H4Z6T4Z6H4Z624Z6P4Z63IOGek+Get+GehOKAi+KAi+GelOGfkuGemuGeh+GetuGeh+Gek+KAi+GeluGet+Gel+GeluKAi+Gem+GfhOGegA==	TmF0aW9uYWwgUG9wdWxhdGlvbiBEYXkgYW5kIFdvcmxkIFBvcHVsYXRpb24gRGF5
51cc96b6a47f1142aa17fae0	4Z6b4Z+S4Z6B4Z+E4Z6T4oCL4Z6f4Z+S4Z6a4Z6Y4Z+E4Z6b4oCL4Z6f4Z+S4Z6U4Z+C4Z6A4oCLIOGej+GfkuGemuGevOGenOKAi+GelOGetuGek+KAi+GeheGeu+Gfh+KAi+GegOGfkuGek+Geu+GehOKAi+GelOGeieGfkuGeh+GeuOKAi+GelOGfgeGej+Get+GegOKAi+Gel+GejuGfkuGejOGenOGelOGfkuGelOGekuGemOGfjOGeouGemuGevOGelOGeuOGek+Gfg+GemOGek+Geu+Gen+GfkuGen+Geh+GetuGej+GetyDhnoHhnr3hnpThnpvhnr7hnoDhnpHhnrjhn6Lhn6E=	S2htZXIgU2hhZG93IFRoZWF0cmUgaW5zY3JpYmVkIG9uIHRoZSBSZXByZXNlbnRhdGl2ZSBMaXN0IG9mIHRoZSBJbnRhbmdpYmxlIEN1bHR1cmFsIEhlcml0YWdlIG9mIEh1bWFuaXR5
51db0f39d770eb2c9d0512f9	4Z6R4Z634Z6c4Z624oCL4Z6W4Z634Z6X4Z6W4Z6b4Z+E4Z6A4oCL4Z6A4Z+G4Z6F4Z624Z6P4Z+L4oCL4Z6a4Z+E4Z6C4oCL4Z6a4Z6U4Z+B4Z6E	V29ybGQgVHViZXJjdWxvc2lzIERheQ==
51decab6e11866248ac14422	4Z6W4Z634Z6S4Z644oCL4Z6U4Z674Z6O4Z+S4Z6Z4oCL4Z6v4Z6A4Z6a4Z624Z6H4Z+S4Z6Z4oCL4Z6H4Z624Z6P4Z63IOGegeGeveGelOGem+GevuGegOGekeGeuOGfpuGfqA==	SW5kZXBlbmRlbmNlIERheQ==
51efc9afdecc960d4993ff99	4Z6W4Z+S4Z6a4Z+H4oCL4Z6a4Z624Z6H4oCL4Z6W4Z634Z6S4Z644oCL4Z6U4Z674Z6O4Z+S4Z6Z4oCL4Z6F4Z6Y4Z+S4Z6a4Z6+4Z6T4oCL4Z6W4Z+S4Z6a4Z+H4oCL4Z6H4Z6T4Z+S4Z6YIOGen+GemOGfkuGej+GfgeGeheKAi+GeluGfkuGemuGfh+KAi+GemOGeoOGetuGegOGfkuGen+Gej+GfkuGemuGeuCDhnpPhnprhn4Thno/hn5Lhno/hnpgg4Z6Y4Z674Z6T4Z634Z6T4Z624Z6QIOGen+GeuOGeoOGek+GeuyDhnpbhn5Lhnprhn4figIvhnpzhnprhnprhnrbhnofigIvhnpjhnrbhno/hnrbigIvhnofhnrbhno/hnrfigIvhnoHhn5Lhnpjhn4Lhnpog4Z6A4Z+S4Z6T4Z674Z6E4oCL4Z6f4Z+B4Z6a4Z644Z6X4Z624Z6WIOGen+GfgeGeheGegOGfkuGej+GeuOGekOGfkuGem+Gfg+GekOGfkuGek+GevOGemiDhnpPhnrfhnoTigIvhnp/hnrvhnpfhnpjhnoThn5LhnoLhnps=	UXVlZW4gTW90aGVyJ3MgQmlydGhkYXk=
51f83ec27c8dbf7c030852b7	4Z6F4Z+B4Z6J4oCL4Z6W4Z+S4Z6a4Z+H4oCL4Z6c4Z6f4Z+S4Z6f4Z62	RW5kaW5nIG9mIEJ1ZGRoaXN0IExlbnQ=
52023a712f4d8ee1c4e412fc	4Z6R4Z634Z6c4Z624oCL4Z6W4Z634Z6X4Z6W4oCL4Z6b4Z+E4Z6A4oCL4Z6U4Z+S4Z6a4Z6Z4Z674Z6R4Z+S4Z6S4oCL4Z6U4Z+S4Z6a4Z6G4Z624Z+G4Z6E4oCL4Z6T4Z654Z6E4oCL4Z6H4Z+G4Z6E4Z664oCL4Z6i4Z+B4Z6K4Z6f4Z+N	V29ybGQgQUlEUyBEYXk=
521138e94a6a86eb45ac9102	4Z6R4Z634Z6c4Z624oCL4Z6C4Z+S4Z6a4Z684oCL4Z6U4Z6E4Z+S4Z6a4Z+A4Z6T4oCL4Z6W4Z634Z6X4Z6W4oCL4Z6b4Z+E4Z6A	V29ybGQgVGVhY2hlcidzIERheQ==
521e6f9f5b4eb49a87fa9a4b	4Z6U4Z634Z6O4Z+S4Z6MIOGfog==	QmVuIDI=
52293d198e2f79db8052f9ad	4Z6F4Z+B4Z6J4oCL4Z6W4Z+S4Z6a4Z+H4oCL4Z6c4Z6f4Z+S4Z6f4Z62	RW5kaW5nIG9mIEJ1ZGRoaXN0IExlbnQ=
522b73ab68c959be7e3ea4e5	4Z6R4Z634Z6c4Z624oCL4Z6i4Z624oCL4Z6A4Z624Z6f4oCL4Z6F4Z6a4Z6O4Z+N4Z6f4Z+K4Z644Z6c4Z634Z6b	Q2l2aWwgQXZpYXRpb24gRGF5
523dc65623b010dd3d93208e	4Z6F4Z684Z6b4oCL4Z6W4Z+S4Z6a4Z+H4oCL4Z6c4Z6f4Z+S4Z6f4Z62	QmVnaW5uaW5nIG9mIEJ1ZGRoaXN0IExlbnQ=
525a8fd7d01f122a36c5e202	4Z6U4Z634Z6O4Z+S4Z6MIOGfqA==	QmVuIDg=
526abda0f1eb60fb1ad9bcd7	4Z6f4Z+C4Z6T4oCL4Z6A4Z+S4Z6U4Z624Z6b4oCL4Z6R4Z654Z6A	R2hvc3QgRmVzdGl2YWw=
52a042810cf9299770e2be53	4Z6U4Z634Z6O4Z+S4Z6MIOGfpw==	QmVuIDc=
52bc26133cbbe5b3f625109c	4Z6F4Z684Z6b4oCL4Z6W4Z+S4Z6a4Z+H4oCL4Z6c4Z6f4Z+S4Z6f4Z62	QmVnaW5uaW5nIG9mIEJ1ZGRoaXN0IExlbnQ=
52bc7872f78e02a82619cd94	4Z6R4Z634Z6c4Z624oCL4Z6T4Z6Z4Z+E4Z6U4Z624Z6Z4oCL4Z6R4Z654Z6A	V2F0ZXIgUG9saWN5IERheQ==
52bf94286c27463424d99a06	4Z6a4Z6U4Z624Z+G4oCL4Z6W4Z+S4Z6a4Z+H4oCL4Z6a4Z624Z6H4oCL4Z6R4Z+S4Z6a4Z6W4Z+S4Z6ZIOGej+GfkuGemuGevOGenOKAi+GelOGetuGek+KAi+GeheGeu+Gfh+KAi+GegOGfkuGek+Geu+GehOKAi+GelOGeieGfkuGeh+GeuOKAi+GelOGfgeGej+Get+KAi+GegOGel+GejuGfkuGejOKAi+GenOGelOGfkuGelOGekuGemOGfjOGeouGemuGevOGelOGeuOGek+Gfg+GemOGek+Geu+Gen+GfkuGen+Geh+GetuGej+GetyDhnoHhnr3hnpThnpvhnr7hnoDhnpHhnrjhn6Hhn6g=	Um95YWwgQmFsbGV0IG9mIENhbWJvZGlhIGluc2NyaWJlZCBvbiB0aGUgUmVwcmVzZW50YXRpdmUgTGlzdCBvZiB0aGUgSW50YW5naWJsZSBDdWx0dXJhbCBIZXJpdGFnZSBvZiBIdW1hbml0eQ==
52cc9dae3841e2d7f8a143cf	4Z6R4Z634Z6c4Z624oCL4Z6F4Z684Z6b4oCL4Z6G4Z+S4Z6T4Z624Z+G4oCL4Z6f4Z624Z6A4Z6b	TmV3IFllYXIncyBEYXk=
52f2a04a1e77bed53e7e63a3	4Z6U4Z634Z6O4Z+S4Z6MIOGfpQ==	QmVuIDU=
5300d8af60a9e0093d52cb5f	4Z6R4Z634Z6c4Z624oCL4Z6Y4Z6F4Z+S4Z6G4Z624oCL4Z6H4Z624Z6P4Z63	TmF0aW9uYWwgRmlzaCBEYXk=
53071f140f8489401e201ca8	4Z6A4Z+G4Z6O4Z6+4Z6P4oCL4Z6T4Z6C4Z6a4oCL4Z6U4Z624Z6b4oCL4Z6H4Z624Z6P4Z63IOGegeGeveGelOGem+GevuGegOGekeGeuOGfpuGfpw==	QmlydGggb2YgdGhlIE5hdGlvbmFsIFBvbGljZQ==
5310a7ce4540e6e6ec77a1a6	4Z6R4Z634Z6c4Z624oCL4Z6U4Z+S4Z6a4Z6Z4Z674Z6R4Z+S4Z6S4oCL4Z6U4Z+S4Z6a4Z6G4Z624Z+G4Z6E4oCL4Z6i4Z+G4Z6W4Z6+4oCL4Z6W4Z674Z6A4Z6a4Z6b4Z694Z6Z	QW50aS1Db3JydXB0aW9uIERheQ==
532c820585074f73b21ffa44	4Z6Q4Z+S4Z6E4Z+D4oCL4Z6f4Z+C4Z6T4oCL4Z6F4Z684Z6b4oCL4Z6G4Z+S4Z6T4Z624Z+G4oCL4Z6F4Z634Z6T	Q2hpbmVzZSBOZXcgWWVhcidzIEV2ZQ==
533d1d9870dd705acfdc95b3	4Z6W4Z634Z6S4Z644oCL4Z6f4Z634Z6P4oCL4Z6R4Z+A4Z6T4oCL4Z6W4Z+S4Z6a4Z+H4oCL4Z6c4Z6f4Z+S4Z6f4Z62	QnVkZGhpc3QgTGVudCBDYW5kbGVzIE1ha2luZyBEYXk=
534209a68f0b86aab1839a70	4Z6R4Z634Z6c4Z624Z6Y4Z624Z6P4Z62	TW90aGVyJ3MgRGF5
5351356473d11a503b1651ec	4Z6U4Z634Z6O4Z+S4Z6MIOGfoeGfow==	QmVuIDEz
538261795a8cad9fb096d037	4Z6U4Z634Z6O4Z+S4Z6MIOGfpw==	QmVuIDc=
538ed760f6d662c32162c386	4Z6R4Z634Z6c4Z624Z6Y4Z624Z6P4Z62	TW90aGVyJ3MgRGF5
539e95b25201a851c2e876f6	4Z6R4Z634Z6c4Z624oCL4Z6c4Z6U4Z+S4Z6U4oCL4Z6S4Z6Y4Z+M4oCL4Z6H4Z624Z6P4Z63IOGegeGeveGelOGem+GevuGegOGekeGeuOGfqQ==	TmF0aW9uYWwgQ3VsdHVyZSBEYXk=
53b59175cfe7ba4ba2fbbfd2	4Z6W4Z+S4Z6a4Z+H4oCL4Z6a4Z624Z6H4oCL4Z6W4Z634Z6S4Z644oCL4Z6U4Z674Z6O4Z+S4Z6Z4oCL4Z6i4Z674Z+G4oCL4Z6R4Z684Z6AIOGelOGejuGfkuGeiuGfguGej+KAi+GelOGfkuGemuGekeGeuOGelCDhnpPhnrfhnoTigIvhnp/hn4bhnpbhn4figIvhnpbhn5Lhnprhn4figIvhnoHhn4Ig4Z6i4Z6A4Z6i4Z+G4Z6U4Z674Z6A	V2F0ZXIgRmVzdGl2YWw=
53c913a8b441416e2ea5254d	4Z6U4Z634Z6O4Z+S4Z6MIOGfpQ==	QmVuIDU=
53eaf210c92a9a52d17df86e	4Z6U4Z634Z6O4Z+S4Z6MIOGfoeGfoQ==	QmVuIDEx
54149503db7e2d93b829a7f7	4Z6W4Z+S4Z6a4Z+H4oCL4Z6a4Z624Z6H4oCL4Z6W4Z634Z6S4Z644oCL4Z6U4Z674Z6O4Z+S4Z6Z4oCL4Z6i4Z674Z+G4oCL4Z6R4Z684Z6AIOGelOGejuGfkuGeiuGfguGej+KAi+GelOGfkuGemuGekeGeuOGelCDhnpPhnrfhnoTigIvhnp/hn4bhnpbhn4figIvhnpbhn5Lhnprhn4figIvhnoHhn4Ig4Z6i4Z6A4Z6i4Z+G4Z6U4Z674Z6A	V2F0ZXIgRmVzdGl2YWw=
542367a3a4eb98a46729e4cb	4Z6b4Z+S4Z6U4Z+C4Z6E4oCL4Z6R4Z624Z6J4oCL4Z6W4Z+S4Z6a4Z+Q4Z6P4Z+S4Z6aIOGej+GfkuGemuGevOGenOKAi+GelOGetuGek+KAi+GeheGeu+Gfh+KAi+GegOGfkuGek+Geu+GehOKAi+GelOGeieGfkuGeh+GeuOKAi+GelOGfgeGej+Get+GegOKAi+Gel+GejuGfkuGejOKAi+GenOGelOGfkuGelOGekuGemOGfjOGeouGemuGevOGelOGeuOGek+Gfg+GemOGek+Geu+Gen+GfkuGen+Geh+GetuGej+GetyDhnoHhnr3hnpThnpvhnr7hnoDhnpHhnrjhn6g=	VHVnIG9mIFdhciBpbnNjcmliZWQgb24gdGhlIFJlcHJlc2VudGF0aXZlIExpc3Qgb2YgdGhlIEludGFuZ2libGUgQ3VsdHVyYWwgSGVyaXRhZ2Ugb2YgSHVtYW5pdHk=
54520bcfbd8a814d7c011b96	4Z6A4Z6L4Z634Z6T4oCL4Z6A4Z624Z6b	S2F0aGVuIEthbA==
5471fd028940b7ae3735c258	4Z6R4Z634Z6c4Z624oCL4Z6T4Z624Z6a4Z644oCL4Z6i4Z6T4Z+S4Z6P4Z6a4Z6H4Z624Z6P4Z63IOGegeGeveGelOGem+GevuGegOGekeGeuOGfoeGfoOGfoQ==	SW50ZXJuYXRpb25hbCBXb21lbidzIERheQ==
5476bde6e3704b3403976cc0	4Z6R4Z634Z6c4Z624oCL4Z6U4Z+S4Z6a4Z6A4Z624Z6f4oCL4Z6a4Z6K4Z+S4Z6L4oCL4Z6S4Z6Y4Z+S4Z6Y4Z6T4Z674Z6J4Z+S4Z6JIOGegeGeveGelOGem+GevuGegOGekeGeuOGfoeGfoQ==	Q29uc3RpdHV0aW9uIERheQ==
5482b9e7efca848e7fc675cf	4Z6U4Z674Z6O4Z+S4Z6Z4oCL4Z6g4Z624Z6h4Z684Z6c4Z644Z6T	SGFsbG93ZWVu
54ab756a3f0485f2cfd8ff7b	4Z6R4Z634Z6c4Z624oCL4Z6W4Z634Z6X4Z6W4oCL4Z6b4Z+E4Z6A4oCL4Z6C4Z+S4Z6Y4Z624Z6T4oCL4Z6Q4Z+S4Z6T4Z624Z+G4oCL4Z6H4Z6A4Z+L	V29ybGQgTm8gVG9iYWNjbyBEYXk=
54b31bf6547a17a734c8f95c	4Z6U4Z674Z6O4Z+S4Z6Z4oCL4Z6g4Z624Z6h4Z684Z6c4Z644Z6T	SGFsbG93ZWVu
54b9e5d2865909c35a80afa9	4Z6U4Z634Z6O4Z+S4Z6MIOGfoeGfog==	QmVuIDEy
54bc0c1e69652d20cebeba5e	4Z6U4Z634Z6O4Z+S4Z6MIOGfoeGfog==	QmVuIDEy
54d71a6cacb9c12adc5ddaad	4Z6a4Z6U4Z624Z+G4oCL4Z6W4Z+S4Z6a4Z+H4oCL4Z6a4Z624Z6H4oCL4Z6R4Z+S4Z6a4Z6W4Z+S4Z6ZIOGej+GfkuGemuGevOGenOKAi+GelOGetuGek+KAi+GeheGeu+Gfh+KAi+GegOGfkuGek+Geu+GehOKAi+GelOGeieGfkuGeh+GeuOKAi+GelOGfgeGej+Get+KAi+GegOGel+GejuGfkuGejOKAi+GenOGelOGfkuGelOGekuGemOGfjOGeouGemuGevOGelOGeuOGek+Gfg+GemOGek+Geu+Gen+GfkuGen+Geh+GetuGej+GetyDhnoHhnr3hnpThnpvhnr7hnoDhnpHhnrjhn6Lhn6A=	Um95YWwgQmFsbGV0IG9mIENhbWJvZGlhIGluc2NyaWJlZCBvbiB0aGUgUmVwcmVzZW50YXRpdmUgTGlzdCBvZiB0aGUgSW50YW5naWJsZSBDdWx0dXJhbCBIZXJpdGFnZSBvZiBIdW1hbml0eQ==
54dec3c619106b5bfe86aa3d	4Z6U4Z634Z6O4Z+S4Z6MIOGfoeGfoQ==	QmVuIDEx
54e6b108d36900b2971a61a9	4Z6R4Z634Z6c4Z624oCL4Z6i4Z6T4Z+S4Z6P4Z6a4oCL4Z6H4Z624Z6P4Z634oCL4Z6A4Z624Z6a4Z6W4Z624Z6a4oCL4Z6f4Z+S4Z6a4Z6R4Z624Z6U4Z+L4oCL4Z6i4Z684oCL4Z6g4Z+S4Z6f4Z684Z6TIOGegeGeveGelOGem+GevuGegOGekeGeuOGfpOGfoQ==	SW50ZXJuYXRpb25hbCBEYXkgZm9yIHRoZSBQcmVzZXJ2YXRpb24gb2YgdGhlIE96b25lIExheWVy
551956103b064eea0608a110	4Z6f4Z+C4Z6T4oCL4Z6A4Z+S4Z6U4Z624Z6b4oCL4Z6R4Z654Z6A	R2hvc3QgRmVzdGl2YWw=
55302da68d243590fccb93a0	4Z6P4Z+G4Z6U4Z6T4Z+L4oCL4Z6U4Z+S4Z6a4Z624Z6f4Z624Z6R4oCL4Z6f4Z+G4Z6U4Z684Z6a4oCL4Z6W4Z+S4Z6a4Z+D4oCL4Z6C4Z674Z6AIOGej+GfkuGemuGevOGenOKAi+GelOGetuGek+KAi+GeheGeu+Gfh+KAi+GegOGfkuGek+Geu+GehOKAi+GelOGeieGfkuGeh+GeuOKAi+GelOGfgeGej+Get+GegOKAi+Gel+GejuGfkuGejOKAi+GeluGet+Gel+GeluGem+GfhOGegOGemuGelOGen+Gfi+GeouGehOGfkuGeguGegOGetuGemuGemeGevOGejuGfgeGen+GfkuGegOGevCDhnoHhnr3hnpThnpvhnr7hnoDhnpHhnrjhn6U=	VGVtcGxlIFpvbmUgb2YgU2FtYm9yIFByZWkgS3VrIHdhcyBpbnNjcmliZWQgb24gdGhlIFVORVNDTyBXb3JsZCBIZXJpdGFnZSBMaXN0
553821df836aa0bfc5c0d464	4Z6W4Z+S4Z6a4Z+H4oCL4Z6a4Z624Z6H4oCL4Z6W4Z634Z6S4Z644oCL4Z6U4Z674Z6O4Z+S4Z6Z4oCL4Z6i4Z674Z+G4oCL4Z6R4Z684Z6AIOGelOGejuGfkuGeiuGfguGej+KAi+GelOGfkuGemuGekeGeuOGelCDhnpPhnrfhnoTigIvhnp/hn4bhnpbhn4figIvhnpbhn5Lhnprhn4figIvhnoHhn4Ig4Z6i4Z6A4Z6i4Z+G4Z6U4Z674Z6A	V2F0ZXIgRmVzdGl2YWw=
553ef5334549046df53bd219	4Z6f4Z+C4Z6T4oCL4Z6A4Z+S4Z6U4Z624Z6b4oCL4Z6R4Z654Z6A	R2hvc3QgRmVzdGl2YWw=
555a78cebd02e9b9fc92eaa7	4Z6R4Z634Z6c4Z624oCL4Z6W4Z634Z6X4Z6W4oCL4Z6b4Z+E4Z6A4oCL4Z6U4Z+S4Z6a4Z6Z4Z674Z6R4Z+S4Z6S4oCL4Z6U4Z+S4Z6a4Z6G4Z624Z+G4Z6E4oCL4Z6T4Z654Z6E4oCL4Z6H4Z+G4Z6E4Z664oCL4Z6i4Z+B4Z6K4Z6f4Z+N	V29ybGQgQUlEUyBEYXk=
555ac7989cde0d3fc07ef459	4Z6f4Z+C4Z6T4oCL4Z6A4Z+S4Z6U4Z624Z6b4oCL4Z6R4Z654Z6A	R2hvc3QgRmVzdGl2YWw=
5598c2f08fa07ae9418ae572	4Z6F4Z684Z6b4oCL4Z6G4Z+S4Z6T4Z624Z+G4oCL4Z6F4Z634Z6T	Q2hpbmVzZSBOZXcgWWVhcg==
55b20e807a2a557de47fdc9c	4Z6R4Z634Z6c4Z624oCL4Z6i4Z624oCL4Z6A4Z624Z6f4oCL4Z6F4Z6a4Z6O4Z+N4Z6f4Z+K4Z644Z6c4Z634Z6b	Q2l2aWwgQXZpYXRpb24gRGF5
55cd2b50b4568f3075a7d172	4Z6U4Z634Z6O4Z+S4Z6MIOGfpA==	QmVuIDQ=
55eb794594b9612ec93d4536	4Z6a4Z6U4Z624Z+G4oCL4Z6W4Z+S4Z6a4Z+H4oCL4Z6a4Z624Z6H4oCL4Z6R4Z+S4Z6a4Z6W4Z+S4Z6ZIOGej+GfkuGemuGevOGenOKAi+GelOGetuGek+KAi+GeheGeu+Gfh+KAi+GegOGfkuGek+Geu+GehOKAi+GelOGeieGfkuGeh+GeuOKAi+GelOGfgeGej+Get+KAi+GegOGel+GejuGfkuGejOKAi+GenOGelOGfkuGelOGekuGemOGfjOGeouGemuGevOGelOGeuOGek+Gfg+GemOGek+Geu+Gen+GfkuGen+Geh+GetuGej+GetyDhnoHhnr3hnpThnpvhnr7hnoDhnpHhnrjhn6c=	Um95YWwgQmFsbGV0IG9mIENhbWJvZGlhIGluc2NyaWJlZCBvbiB0aGUgUmVwcmVzZW50YXRpdmUgTGlzdCBvZiB0aGUgSW50YW5naWJsZSBDdWx0dXJhbCBIZXJpdGFnZSBvZiBIdW1hbml0eQ==
560932dd05b9692095755aed	4Z6g4Z+C4oCL4Z6i4Z+S4Z6T4Z6A4oCL4Z6P4Z624oCL4Z6F4Z634Z6T	U3Bpcml0IFBhcmFkZQ==
56230ded47ec594185373533	4Z6R4Z634Z6c4Z624oCL4Z6i4Z6T4Z+S4Z6P4Z6a4oCL4Z6H4Z624Z6P4Z634oCL4Z6A4Z624Z6a4Z6W4Z624Z6a4oCL4Z6f4Z+S4Z6a4Z6R4Z624Z6U4Z+L4oCL4Z6i4Z684oCL4Z6g4Z+S4Z6f4Z684Z6TIOGegeGeveGelOGem+GevuGegOGekeGeuOGfouGfqQ==	SW50ZXJuYXRpb25hbCBEYXkgZm9yIHRoZSBQcmVzZXJ2YXRpb24gb2YgdGhlIE96b25lIExheWVy
56267218af85eed8225359cc	4Z6R4Z634Z6c4Z624oCL4Z6i4Z6T4Z+S4Z6P4Z6a4oCL4Z6H4Z624Z6P4Z634oCL4Z6T4Z+D4oCL4Z6C4Z+S4Z6a4Z694Z6f4Z624Z6a	SW50ZXJuYXRpb25hbCBEYXkgb2YgRmFtaWxpZXM=
5635a8db6d4dddf046991a99	4Z6R4Z634Z6c4Z624oCL4Z6H4Z6T4oCL4Z6Y4Z624Z6T4oCL4Z6W4Z634Z6A4Z624Z6a4Z6X4Z624Z6W4oCL4Z6i4Z6T4Z+S4Z6P4Z6a4Z6H4Z624Z6P4Z63	SW50ZXJuYXRpb25hbCBEYXkgb2YgRGlzYWJsZWQgUGVyc29ucw==
563b72d2eef9d0fb3d7ebf2b	4Z6R4Z634Z6c4Z624oCL4Z6c4Z6U4Z+S4Z6U4oCL4Z6S4Z6Y4Z+M4oCL4Z6H4Z624Z6P4Z63IOGegeGeveGelOGem+GevuGegOGekeGeuOGfouGfoA==	TmF0aW9uYWwgQ3VsdHVyZSBEYXk=
563c84298009d304902af197	4Z6R4Z634Z6c4Z624oCL4Z6Y4Z6T4Z674Z6f4Z+S4Z6f4oCL4Z6F4Z624Z6f4Z+L4oCL4Z6A4Z6Y4Z+S4Z6W4Z674Z6H4Z62IOGek+Get+GehOGekeGet+GenOGetuGemOGek+Geu+Gen+GfkuGen+GeheGetuGen+Gfi+GeouGek+GfkuGej+GemuGeh+GetuGej+GetyDhnoHhnr3hnpThnpvhnr7hnoDhnpHhnrjhn6Hhn6I=	Q2FtYm9kaWFuIE9sZGVyIFBlcnNvbnMgRGF5IGFuZCB0aGUgSW50ZXJuYXRpb25hbCBEYXkgb2YgT2xkZXIgUGVyc29ucw==
5641940255f27bbd837a85d2	4Z6W4Z+S4Z6a4Z+H4oCL4Z6a4Z624Z6H4oCL4Z6W4Z634Z6S4Z644oCL4Z6U4Z674Z6O4Z+S4Z6Z4oCL4Z6i4Z674Z+G4oCL4Z6R4Z684Z6AIOGelOGejuGfkuGeiuGfguGej+KAi+GelOGfkuGemuGekeGeuOGelCDhnpPhnrfhnoTigIvhnp/hn4bhnpbhn4figIvhnpbhn5Lhnprhn4figIvhnoHhn4Ig4Z6i4Z6A4Z6i4Z+G4Z6U4Z674Z6A	V2F0ZXIgRmVzdGl2YWw=
56520aeb5f69e753b62bdb98	4Z6U4Z634Z6O4Z+S4Z6MIOGfog==	QmVuIDI=
565fe2f0f7dbcc5f39aafe54	4Z6U4Z634Z6O4Z+S4Z6MIOGfoeGfog==	QmVuIDEy
5678fd4a9ad518e8be561104	4Z6W4Z634Z6S4Z644oCL4Z6U4Z674Z6O4Z+S4Z6Z4oCL4Z6X4Z+S4Z6H4Z674Z+G4oCL4Z6U4Z634Z6O4Z+S4Z6M	UGNodW0gQmVuIEZlc3RpdmFs
567ace0917f466cb56f2d5d0	4Z6R4Z634Z6c4Z624oCL4Z6f4Z6T4Z+S4Z6P4Z634oCL4Z6X4Z624Z6W4oCL4Z6i4Z6T4Z+S4Z6P4Z6a4oCL4Z6H4Z624Z6P4Z63	SW50ZXJuYXRpb25hbCBEYXkgb2YgUGVhY2U=
56864d60e38d4ad9336bd488	4Z6P4Z+G4Z6U4Z6T4Z+L4oCL4Z6a4Z6Y4Z6O4Z644oCL4Z6K4Z+S4Z6L4Z624Z6T4oCL4Z6i4Z6E4Z+S4Z6C4Z6aIOGej+GfkuGemuGevOGenOKAi+GelOGetuGek+KAi+GeheGeu+Gfh+KAi+GegOGfkuGek+Geu+GehOKAi+GelOGeieGfkuGeh+GeuOKAi+GelOGfgeGej+Get+GegOKAi+Gel+GejuGfkuGejOKAi+GeluGet+Gel+GeluGem+GfhOGegOGemuGelOGen+Gfi+GeouGehOGfkuGeguGegOGetuGemuGemeGevOGejuGfgeGen+GfkuGegOGevCDhnoHhnr3hnpThnpvhnr7hnoDhnpHhnrjhn6Phn6Y=	QW5na29yIHdhcyBpbnNjcmliZWQgb24gdGhlIFVORVNDTyBXb3JsZCBIZXJpdGFnZSBMaXN0
568ca329f4f00be5f5b76199	4Z6U4Z684Z6H4Z6T4Z644Z6Z4Z6K4Z+S4Z6L4Z624Z6T4oCL4Z6F4Z6E4Z6F4Z624Z+G4oCL4Z6T4Z+D4oCL4Z6A4Z6Y4Z+S4Z6W4Z674Z6H4Z624Z+WIOGeluGeuOGekeGeuOGej+GetuGfhuGehOKAi+Gep+GegOGfkuGemuGet+GeiuGfkuGei+GegOGemOGfkuGemCDhnpjhnoDhnofhnrbigIvhnpjhno7hn5LhnozhnpvigIvhnpXhn5Lhnp/hn4fhnpXhn5Lhnp/hnrYg4Z6T4Z634Z6E4oCL4Z6f4Z6T4Z+S4Z6P4Z634Z6X4Z624Z6WIOGej+GfkuGemuGevOGenOKAi+GelOGetuGek+KAi+GeheGeu+Gfh+KAi+GegOGfkuGek+Geu+GehOKAi+GelOGeieGfkuGeh+GeuOKAi+GelOGfgeGej+Get+GegOGel+GejuGfkuGejOKAi+GeluGet+Gel+GeluGem+GfhOGegOKAi+GemuGelOGen+Gfi+KAi+GeouGehOGfkuGeguGegOGetuGemuKAi+GemeGevOGejuGfgeGen+GfkuGegOGevCDhnoHhnr3hnpThnpvhnr7hnoDhnpHhnrjhn6I=	TS0xMywgVHVvbCBTbGVuZyBHZW5vY2lkZSBNdXNldW0sIGFuZCBDaG9ldW5nIEVrIHdlcmUgaW5zY3JpYmVkIG9uIHRoZSBVTkVTQ08gV29ybGQgSGVyaXRhZ2UgTGlzdA==
568d9822bf6858b02845a73b	4Z6W4Z+S4Z6a4Z+H4oCL4Z6a4Z624Z6H4oCL4Z6W4Z634Z6S4Z644oCL4Z6U4Z674Z6O4Z+S4Z6Z4oCL4Z6F4Z6Y4Z+S4Z6a4Z6+4Z6T4oCL4Z6W4Z+S4Z6a4Z+H4oCL4Z6H4Z6T4Z+S4Z6YIOGeluGfkuGemuGfh+KAi+GegOGemuGeu+GejuGetuKAi+GeluGfkuGemuGfh+KAi+GelOGetuGekeKAi+Gen+GemOGfkuGej+GfgeGeheKAi+GeluGfkuGemuGfh+KAi+GelOGemuGemOKAi+Gek+GetuGekCDhnpPhnprhn4Thno/hn5Lhno/hnpgg4Z6f4Z644Z6g4Z6Y4Z674Z6T4Z64IOGeluGfkuGemuGfh+KAi+GemOGeoOGetuGegOGfkuGen+Gej+GfkuGemuKAi+Gek+Gfg+KAi+GeluGfkuGemuGfh+GemuGetuGeh+GetuGejuGetuGeheGegOGfkuGemuKAi+GegOGemOGfkuGeluGeu+Geh+Getg==	S2luZyBTaWhhbW9uaSdzIEJpcnRoZGF5
5698ea7619096ac2d2ac85c2	4Z6R4Z634Z6c4Z624oCL4Z6H4Z+Q4Z6Z4oCL4Z6H4Z6Y4Z+S4Z6T4Z+H4oCL4Z6b4Z6+4oCL4Z6a4Z6U4Z6U4oCL4Z6U4Z+S4Z6a4Z6b4Z+Q4Z6Z4oCL4Z6W4Z684Z6H4oCL4Z6f4Z624Z6f4Z6T4Z+NIOGegeGeveGelOGem+GevuGegOGekeGeuOGfouGfow==	VmljdG9yeSBPdmVyIEdlbm9jaWRlIERheQ==
56a1bcae0268f9c42e9b39c0	4Z6W4Z634Z6S4Z644oCL4Z6U4Z674Z6O4Z+S4Z6Z4oCL4Z6F4Z684Z6b4oCL4Z6G4Z+S4Z6T4Z624Z+G4oCL4Z6Q4Z+S4Z6Y4Z64IOGelOGfkuGemuGeluGfg+GejuGeuOKAi+Geh+GetuGej+GetyAtIOGemOGeoOGetuKAi+Gen+GehOGfkuGegOGfkuGemuGetuGek+GfkuGejyDhnpjhn4nhn4ThnoQg4Z+g4Z+nOuGfo+GfpiBBTQ==	S2htZXIgTmV3IFllYXIgLSBNb2hhIFNhbmtyYW50YSBhdCAwNzozNiBBTQ==
56ac750a50c320fff37f0919	4Z6R4Z634Z6c4Z624oCL4Z6H4Z624Z6P4Z634oCL4Z6f4Z674Z6B4Z6X4Z624Z6W4oCL4Z6Y4Z624Z6P4Z62IOGekeGetuGemuGegCDhnpPhnrfhnoTigIvhnoDhnrvhnpjhnrbhnpo=	TmF0aW9uYWwgRGF5IG9uIE1hdGVybmFsLCBOZXdib3JuIGFuZCBDaGlsZCBIZWFsdGg=
56b1653e65f402caf9465fff	4Z6R4Z634Z6c4Z624oCL4Z6T4Z6Z4Z+E4Z6U4Z624Z6Z4oCL4Z6R4Z654Z6A	V2F0ZXIgUG9saWN5IERheQ==
56b7f7a7ee8c724faaf2819d	4Z6R4Z634Z6c4Z624oCL4Z6R4Z+B4Z6f4oCL4Z6F4Z6a4Z6O4Z+N4oCL4Z6W4Z634oCL4Z6X4Z6W4oCL4Z6b4Z+E4Z6A	V29ybGQgVG91cmlzbSBEYXk=
56b9f8806727afe94164ecea	4Z6P4Z674Z6b4Z624oCL4Z6A4Z624Z6a4oCL4Z6Z4Z674Z6P4Z+S4Z6P4Z634oCL4Z6S4Z6Y4Z+M4oCL4Z6i4Z6T4Z+S4Z6P4Z6a4oCL4Z6H4Z624Z6P4Z634oCL4Z6A4Z+S4Z6a4Z674Z6E4oCL4Z6h4Z624oCL4Z6i4Z+BIOGen+GemOGfkuGemuGfgeGeheKAi+GeseGfkuGemeKAi+GegOGemOGfkuGeluGeu+Geh+GetuGeh+GetuGemOGfkuGeheGetuGen+Gfi+GegOGemOGfkuGemOGen+Get+GekeGfkuGekuGetyDhnpvhnr7hnpThn5Lhnprhnrbhnp/hnrbhnpHhnpbhn5Lhnprhn4fhnpzhnrfhnqDhnrbhnpog4Z6B4Z694Z6U4Z6b4Z6+4Z6A4Z6R4Z644Z+k4Z+l	SW50ZXJuYXRpb25hbCBDb3VydCBvZiBKdXN0aWNlIGluIFRoZSBIYWd1ZSBkZWNsYXJlZCBDYW1ib2RpYSBpcyB0aGUgb3duZXIgb2YgdGhlIFByZWFoIFZpaGVhciBUZW1wbGU=
56c1877af70f583f88765376	4Z6Q4Z+S4Z6E4Z+D4oCL4Z6f4Z+C4Z6T4oCL4Z6F4Z684Z6b4oCL4Z6G4Z+S4Z6T4Z624Z+G4oCL4Z6F4Z634Z6T	Q2hpbmVzZSBOZXcgWWVhcidzIEV2ZQ==
56cad8813ce4033f251ce3c1	4Z6R4Z634Z6c4Z624oCL4Z6H4Z6T4oCL4Z6Y4Z624Z6T4oCL4Z6W4Z634Z6A4Z624Z6a4Z6X4Z624Z6W4oCL4Z6i4Z6T4Z+S4Z6P4Z6a4Z6H4Z624Z6P4Z63	SW50ZXJuYXRpb25hbCBEYXkgb2YgRGlzYWJsZWQgUGVyc29ucw==
56e829206c42a9b3e2dc1366	4Z6W4Z634Z6S4Z644oCL4Z6U4Z674Z6O4Z+S4Z6Z4oCL4Z6v4Z6A4Z6a4Z624Z6H4Z+S4Z6Z4oCL4Z6H4Z624Z6P4Z63IOGegeGeveGelOGem+GevuGegOGekeGeuOGfp+Gfpg==	SW5kZXBlbmRlbmNlIERheQ==
56ebbd9699941d64a13b1f4c	4Z6Q4Z+S4Z6E4Z+D4oCL4Z6f4Z+C4Z6T4oCL4Z6K4Z6A4oCL4Z6H4Z6+4Z6E4oCL4Z6S4Z684Z6U	S2l0Y2hlbiBHb2QgRmVzdGl2YWw=
56ec398baa5eb963be8d18ea	4Z6R4Z634Z6c4Z624oCL4Z6Z4Z674Z6c4Z6H4Z6T4oCL4Z6i4Z6T4Z+S4Z6P4Z6a4oCL4Z6H4Z624Z6P4Z63	SW50ZXJuYXRpb25hbCBZb3V0aCBEYXk=
56f542e787a52dd8f6304457	4Z6R4Z634Z6c4Z624oCL4Z6i4Z6T4Z+S4Z6P4Z6a4oCL4Z6H4Z624Z6P4Z634oCL4Z6H4Z6T4Z6H4Z624Z6P4Z634Z6K4Z6+4Z6Y4Z6X4Z624Z6C4Z6P4Z634Z6F4Z6W4Z634Z6X4Z6W4Z6b4Z+E4Z6A	SW50ZXJuYXRpb25hbCBEYXkgb2YgdGhlIFdvcmxkJ3MgSW5kaWdlbm91cyBQZW9wbGVz
5728a74979dd087f4b994184	4Z6R4Z634Z6c4Z624oCL4Z6U4Z644Z6P4Z62	RmF0aGVyJ3MgRGF5
572a96c049f74376080fa35f	4Z6U4Z+S4Z6a4Z624Z6f4Z624Z6R4oCL4Z6W4Z+S4Z6a4Z+H4oCL4Z6c4Z634Z6g4Z624Z6aIOGej+GfkuGemuGevOGenOKAi+GelOGetuGek+KAi+GeheGeu+Gfh+KAi+GegOGfkuGek+Geu+GehOKAi+GelOGeieGfkuGeh+GeuOKAi+GelOGfgeGej+Get+GegOKAi+Gel+GejuGfkuGejOKAi+GeluGet+Gel+GeluGem+GfhOGegOGemuGelOGen+Gfi+GeouGehOGfkuGeguGegOGetuGemuGemeGevOGejuGfgeGen+GfkuGegOGevCDhnoHhnr3hnpThnpvhnr7hnoDhnpHhnrjhn6Hhn6A=	VGVtcGxlIG9mIFByZWFoIFZpaGVhciB3YXMgaW5zY3JpYmVkIG9uIHRoZSBVTkVTQ08gV29ybGQgSGVyaXRhZ2UgTGlzdA==
576e1f5c856f3e66488a2e8f	4Z6U4Z634Z6O4Z+S4Z6MIOGfog==	QmVuIDI=
5779c1fb4e1eb4b96f533601	4Z6F4Z684Z6b4oCL4Z6G4Z+S4Z6T4Z624Z+G4oCL4Z6F4Z634Z6T	Q2hpbmVzZSBOZXcgWWVhcg==
578366e777d60cdfaffaf080	4Z6U4Z634Z6O4Z+S4Z6MIOGfoQ==	QmVuIDE=
579bff893718ef0a9410c32c	4Z6U4Z634Z6O4Z+S4Z6MIOGfoeGfoQ==	QmVuIDEx
57a5169118444674859d0184	4Z6R4Z634Z6c4Z624Z6Y4Z624Z6P4Z62	TW90aGVyJ3MgRGF5
57c8db237190b59a093a51d3	4Z6F4Z684Z6b4oCL4Z6G4Z+S4Z6T4Z624Z+G4oCL4Z6F4Z634Z6T	Q2hpbmVzZSBOZXcgWWVhcg==
57d2f3ed1416e53fef5d5c7b	4Z6U4Z634Z6O4Z+S4Z6MIOGfpQ==	QmVuIDU=
57d45700d364bdfe42e3beac	4Z6R4Z634Z6c4Z624oCL4Z6i4Z6A4Z+S4Z6B4Z6a4oCL4Z6A4Z6Y4Z+S4Z6Y4oCL4Z6i4Z6T4Z+S4Z6P4Z6a4oCL4Z6H4Z624Z6P4Z63	SW50ZXJuYXRpb25hbCBMaXRlcmFjeSBEYXk=
57f64ab48f4b3b6b48bf704b	4Z6Q4Z+S4Z6E4Z+D4oCL4Z6f4Z+C4Z6T4oCL4Z6F4Z684Z6b4oCL4Z6G4Z+S4Z6T4Z624Z+G4oCL4Z6F4Z634Z6T	Q2hpbmVzZSBOZXcgWWVhcidzIEV2ZQ==
580a0f2df207a1e3df18cee8	4Z6U4Z634Z6O4Z+S4Z6MIOGfow==	QmVuIDM=
58182941d01df261d274637c	4Z6Q4Z+S4Z6E4Z+D4oCL4Z6f4Z+C4Z6T4oCL4Z6F4Z684Z6b4oCL4Z6G4Z+S4Z6T4Z624Z+G4oCL4Z6F4Z634Z6T	Q2hpbmVzZSBOZXcgWWVhcidzIEV2ZQ==
5840cf1968ffec39ee0bf4a7	4Z6A4Z6Y4Z+S4Z6W4Z674Z6H4Z624oCL4Z6F4Z684Z6b4oCL4Z6H4Z624oCL4Z6f4Z6Y4Z624oCL4Z6H4Z634Z6A4oCL4Z6i4Z6E4Z+S4Z6C4oCL4Z6A4Z624Z6a4oCL4Z6Z4Z684Z6O4Z+B4Z6f4Z+S4Z6A4Z68IOGegeGeveGelOGem+GevuGegOGekeGeuOGfpeGfqA==	Q2FtYm9kaWEgam9pbmVkIFVORVNDTw==
585af7851de5a0726137c77d	4Z6U4Z634Z6O4Z+S4Z6MIOGfpw==	QmVuIDc=
5868bcafdca9681d99f92332	4Z6W4Z634Z6S4Z644oCL4Z6U4Z674Z6O4Z+S4Z6Z4oCL4Z6c4Z634Z6f4Z624Z6B4oCL4Z6U4Z684Z6H4Z62	VmlzYWsgQm9jaGVh
589b9f9da201ecc04c20c320	4Z6R4Z634Z6c4Z624oCL4Z6W4Z634Z6X4Z6W4oCL4Z6b4Z+E4Z6A4oCL4Z6C4Z+S4Z6Y4Z624Z6T4oCL4Z6Q4Z+S4Z6T4Z624Z+G4oCL4Z6H4Z6A4Z+L	V29ybGQgTm8gVG9iYWNjbyBEYXk=
58c5bbbd49c444b998d50da1	4Z6W4Z634Z6S4Z644oCL4Z6U4Z674Z6O4Z+S4Z6Z4oCL4Z6X4Z+S4Z6H4Z674Z+G4oCL4Z6U4Z634Z6O4Z+S4Z6M	UGNodW0gQmVuIEZlc3RpdmFs
58d47dd5c7539455ced2b5c5	4Z6R4Z634Z6c4Z624oCL4Z6W4Z634Z6X4Z6W4oCL4Z6b4Z+E4Z6A4oCL4Z6U4Z+S4Z6a4Z6Z4Z674Z6R4Z+S4Z6S4oCL4Z6U4Z+S4Z6a4Z6G4Z624Z+G4Z6E4oCL4Z6T4Z654Z6E4oCL4Z6H4Z+G4Z6E4Z664oCL4Z6i4Z+B4Z6K4Z6f4Z+N	V29ybGQgQUlEUyBEYXk=
58f969ff2c3e436c52a6d1c3	4Z6U4Z634Z6O4Z+S4Z6MIOGfoeGfoQ==	QmVuIDEx
5913d30dd7bd8a6ad2d94896	4Z6W4Z634Z6S4Z644oCL4Z6f4Z634Z6P4oCL4Z6R4Z+A4Z6T4oCL4Z6W4Z+S4Z6a4Z+H4oCL4Z6c4Z6f4Z+S4Z6f4Z62	QnVkZGhpc3QgTGVudCBDYW5kbGVzIE1ha2luZyBEYXk=
5946a847deb3af9dad7a317b	4Z6R4Z634Z6c4Z624oCL4Z6W4Z+S4Z6a4Z+H4oCL4Z6W4Z674Z6R4Z+S4Z6S4oCL4Z6f4Z624Z6f4Z6T4Z624oCL4Z6i4Z6T4Z+S4Z6P4Z6a4Z6H4Z624Z6P4Z63	SW50ZXJuYXRpb25hbCBCdWRkaGlzdCBEYXk=
594fe4b15d89a65426d869bd	4Z6R4Z634Z6c4Z624oCL4Z6F4Z684Z6b4oCL4Z6G4Z+S4Z6T4Z624Z+G4oCL4Z6f4Z624Z6A4Z6b	TmV3IFllYXIncyBEYXk=
599bbd78248660e734a0bc5c	4Z6f4Z+C4Z6T4Z6T4Z+G4Z6i4Z+K4Z64	V2ludGVyIFNvbHN0aWNlIEZlc3RpdmFs
599de13bad19bab764184bb3	4Z6A4Z+G4Z6O4Z6+4Z6P4oCL4Z6T4Z6C4Z6a4oCL4Z6U4Z624Z6b4oCL4Z6H4Z624Z6P4Z63IOGegeGeveGelOGem+GevuGegOGekeGeuOGfp+GfqQ==	QmlydGggb2YgdGhlIE5hdGlvbmFsIFBvbGljZQ==
59b970edaab47bff1c3dc635	4Z6R4Z634Z6c4Z624oCL4Z6c4Z6U4Z+S4Z6U4oCL4Z6S4Z6Y4Z+M4oCL4Z6H4Z624Z6P4Z63IOGegeGeveGelOGem+GevuGegOGekeGeuOGfog==	TmF0aW9uYWwgQ3VsdHVyZSBEYXk=
59c0383fe557d1445cb6927c	4Z6R4Z634Z6c4Z624oCL4Z6W4Z634Z6X4Z6W4oCL4Z6b4Z+E4Z6A4oCL4Z6U4Z+S4Z6a4Z6G4Z624Z+G4Z6E4oCL4Z6W4Z6b4Z6A4Z6Y4Z+S4Z6Y4oCL4Z6A4Z674Z6Y4Z624Z6aIOGegeGeveGelOGem+GevuGegOGekeGeuOGfoeGfpQ==	SGFwcHkgV29ybGQgRGF5IEFnYWluc3QgQ2hpbGQgTGFib3Vy
59cb9ec86998c150715f42f5	4Z6W4Z634Z6S4Z644oCL4Z6U4Z+G4Z6U4Z694Z6f4oCL4Z6T4Z624Z6C4oCL4Z6B4Z+S4Z6T4Z624Z6T	VGhlIE9yZGFpbmVkIERyYWdvbiBNb25r
59e35307730936abcd5f5472	4Z6U4Z634Z6O4Z+S4Z6MIOGfqA==	QmVuIDg=
59fde1682b948f2f5604d864	4Z6a4Z674Z6A4Z+S4Z6B4oCL4Z6R4Z634Z6c4Z62	QXJib3IgRGF5
5a04f63e677b58c2e217e578	4Z6U4Z634Z6O4Z+S4Z6MIOGfpw==	QmVuIDc=
5a1795ba8cda3a9812c948e3	4Z6W4Z+S4Z6a4Z+H4oCL4Z6a4Z624Z6H4oCL4Z6W4Z634Z6S4Z644oCL4Z6U4Z674Z6O4Z+S4Z6Z4oCL4Z6i4Z674Z+G4oCL4Z6R4Z684Z6AIOGelOGejuGfkuGeiuGfguGej+KAi+GelOGfkuGemuGekeGeuOGelCDhnpPhnrfhnoTigIvhnp/hn4bhnpbhn4figIvhnpbhn5Lhnprhn4figIvhnoHhn4Ig4Z6i4Z6A4Z6i4Z+G4Z6U4Z674Z6A	V2F0ZXIgRmVzdGl2YWw=
5a21aa6f7304a17b9f05dc31	4Z6R4Z634Z6c4Z624oCL4Z6W4Z634Z6X4Z6W4oCL4Z6b4Z+E4Z6A4oCL4Z6C4Z+S4Z6Y4Z624Z6T4oCL4Z6Q4Z+S4Z6T4Z624Z+G4oCL4Z6H4Z6A4Z+L	V29ybGQgTm8gVG9iYWNjbyBEYXk=
5a25173c4a46443cab52deea	4Z6U4Z634Z6O4Z+S4Z6MIOGfpg==	QmVuIDY=
5a41233fad7bbd6aa8498482	4Z6R4Z634Z6c4Z624oCL4Z6i4Z624oCL4Z6A4Z624Z6f4oCL4Z6F4Z6a4Z6O4Z+N4Z6f4Z+K4Z644Z6c4Z634Z6b	Q2l2aWwgQXZpYXRpb24gRGF5
5a77ef332ed1964c062ec971	4Z6R4Z634Z6c4Z624oCL4Z6R4Z+B4Z6f4oCL4Z6F4Z6a4Z6O4Z+N4oCL4Z6W4Z634oCL4Z6X4Z6W4oCL4Z6b4Z+E4Z6A	V29ybGQgVG91cmlzbSBEYXk=
5a874096c7698d2388eed01e	4Z6R4Z634Z6c4Z624oCL4Z6Y4Z6F4Z+S4Z6G4Z624oCL4Z6H4Z624Z6P4Z63	TmF0aW9uYWwgRmlzaCBEYXk=
5a875527a5599a7c840ba50d	4Z6F4Z684Z6b4oCL4Z6G4Z+S4Z6T4Z624Z+G4oCL4Z6F4Z634Z6T	Q2hpbmVzZSBOZXcgWWVhcg==
5a9d330042221521a2cdca75	4Z6R4Z634Z6c4Z624Z6Y4Z624Z6P4Z62	TW90aGVyJ3MgRGF5
5aa3662b4b1b3063b4bf2241	4Z6R4Z634Z6c4Z624oCL4Z6i4Z624oCL4Z6A4Z624Z6f4oCL4Z6F4Z6a4Z6O4Z+N4Z6f4Z+K4Z644Z6c4Z634Z6b	Q2l2aWwgQXZpYXRpb24gRGF5
5aad23f68f3b9ce9d6435df8	4Z6U4Z634Z6O4Z+S4Z6MIOGfog==	QmVuIDI=
5ab5b7d85c085714231fd4ef	4Z6R4Z634Z6c4Z624Z6R4Z654Z6AIOGek+Get+GehOGep+Gej+Geu+Gek+Get+GemeGemOGeluGet+Gel+GeluGem+GfhOGegA==	V29ybGQgV2F0ZXIgYW5kIFdvcmxkIE1ldGVvcm9sb2dpY2FsIERheQ==
5ab69bd3ff7870967a8de3f1	4Z6R4Z634Z6c4Z624oCL4Z6W4Z634Z6X4Z6W4oCL4Z6b4Z+E4Z6A4oCL4Z6A4Z624Z6A4oCL4Z6U4Z624Z6R4oCL4Z6A4Z+S4Z6a4Z6g4Z6YIOGek+Get+GehOKAi+GeouGejOGfkuGejeGeheGek+GfkuGekeGegOGfkuGemuGeoOGemA==	V29ybGQgUmVkIENyb3NzIGFuZCBSZWQgQ3Jlc2NlbnQgRGF5
5ad0c8bfe4347bc978cdf1df	4Z6a4Z674Z6A4Z+S4Z6B4oCL4Z6R4Z634Z6c4Z62	QXJib3IgRGF5
5ad172164f5cf988756dbe9c	4Z6R4Z634Z6c4Z624Z6Y4Z624Z6P4Z62	TW90aGVyJ3MgRGF5
5ae066071da3f9ca223824d0	4Z6f4Z+C4Z6T4Z6T4Z+G4Z6i4Z+K4Z64	V2ludGVyIFNvbHN0aWNlIEZlc3RpdmFs
5aec6cc4350c8288491c0f65	4Z6U4Z634Z6O4Z+S4Z6MIOGfpg==	QmVuIDY=
5b149c9767ea8102834d3927	4Z6W4Z634Z6S4Z644oCL4Z6U4Z674Z6O4Z+S4Z6Z4oCL4Z6f4Z+C4Z6T4oCL4Z6W4Z+S4Z6a4Z+H4oCL4Z6B4Z+C	TWlkLUF1dHVtbiBGZXN0aXZhbA==
5b3a5cbffbe16c5a44076e49	4Z6R4Z634Z6c4Z624oCL4Z6U4Z644Z6P4Z62	RmF0aGVyJ3MgRGF5
5b4be87222a843a6ddecd7b2	4Z6U4Z634Z6O4Z+S4Z6MIOGfoeGfow==	QmVuIDEz
5b4ef075a59197b7e319f9eb	4Z6R4Z634Z6c4Z624oCL4Z6f4Z6T4Z+S4Z6P4Z634oCL4Z6X4Z624Z6W4oCL4Z6T4Z+F4oCL4Z6A4Z6Y4Z+S4Z6W4Z674Z6H4Z62	UGVhY2UgRGF5IGluIENhbWJvZGlh
5b5d9797eccd26d19a9c5e91	4Z6R4Z634Z6c4Z624oCL4Z6W4Z634Z6X4Z6W4oCL4Z6b4Z+E4Z6A4oCL4Z6A4Z624Z6A4oCL4Z6U4Z624Z6R4oCL4Z6A4Z+S4Z6a4Z6g4Z6YIOGek+Get+GehOKAi+GeouGejOGfkuGejeGeheGek+GfkuGekeGegOGfkuGemuGeoOGemA==	V29ybGQgUmVkIENyb3NzIGFuZCBSZWQgQ3Jlc2NlbnQgRGF5
5b7873a70503ca9dca60b31b	4Z6R4Z634Z6c4Z624oCL4Z6f4Z634Z6R4Z+S4Z6S4Z634oCL4Z6Y4Z6T4Z674Z6f4Z+S4Z6f4oCL4Z6i4Z6T4Z+S4Z6P4Z6a4Z6H4Z624Z6P4Z63IOGegeGeveGelOGem+GevuGegOGekeGeuOGfp+GfoQ==	SW50ZXJuYXRpb25hbCBIdW1hbiBSaWdodHMgRGF5
5b7a8ac4da861ae96de3cf7f	4Z6f4Z+C4Z6T4oCL4Z6A4Z+S4Z6U4Z624Z6b4oCL4Z6R4Z654Z6A	R2hvc3QgRmVzdGl2YWw=
5be5cabc4545103d9145814a	4Z6W4Z+S4Z6a4Z+H4oCL4Z6a4Z624Z6H4oCL4Z6W4Z634Z6S4Z644oCL4Z6F4Z+S4Z6a4Z6P4Z+L4oCL4Z6W4Z+S4Z6a4Z+H4oCL4Z6T4Z6E4Z+S4Z6C4Z+Q4Z6b	Um95YWwgUGxvdWdoaW5nIENlcmVtb255
5bffc6bcac93450a1b40da51	4Z6F4Z684Z6b4oCL4Z6G4Z+S4Z6T4Z624Z+G4oCL4Z6F4Z634Z6T	Q2hpbmVzZSBOZXcgWWVhcg==
5c047f37fd6880ac022742af	4Z6f4Z+C4Z6T4Z6T4Z+G4Z6i4Z+K4Z64	V2ludGVyIFNvbHN0aWNlIEZlc3RpdmFs
5c0be0921cec4c223e2d1e8f	4Z6R4Z634Z6c4Z624oCL4Z6T4Z6Z4Z+E4oCL4Z6U4Z624Z6Z4oCL4Z6I4Z+S4Z6T4Z+HIOGeiOGfkuGek+Gfhw==	V2luLXdpbiBQb2xpY3kgRGF5
5c2c1134752757fa1d42576e	4Z6R4Z634Z6c4Z624oCL4Z6H4Z624Z6P4Z634oCL4Z6f4Z674Z6B4Z6X4Z624Z6W4oCL4Z6Y4Z624Z6P4Z62IOGekeGetuGemuGegCDhnpPhnrfhnoTigIvhnoDhnrvhnpjhnrbhnpo=	TmF0aW9uYWwgRGF5IG9uIE1hdGVybmFsLCBOZXdib3JuIGFuZCBDaGlsZCBIZWFsdGg=
5c41c5955713b16a97be65c6	4Z6U4Z634Z6O4Z+S4Z6MIOGfpw==	QmVuIDc=
5c42f589f8396e5cc56881a2	4Z6R4Z634Z6c4Z624oCL4Z6Z4Z674Z6c4Z6H4Z6T4oCL4Z6i4Z6T4Z+S4Z6P4Z6a4oCL4Z6H4Z624Z6P4Z63	SW50ZXJuYXRpb25hbCBZb3V0aCBEYXk=
5c48c80fa668dd2c0a4d90ef	4Z6U4Z634Z6O4Z+S4Z6MIOGfpA==	QmVuIDQ=
5c973d39fb56dc9b7c98dcb5	4Z6W4Z+S4Z6a4Z+H4oCL4Z6a4Z624Z6H4oCL4Z6W4Z634Z6S4Z644oCL4Z6U4Z674Z6O4Z+S4Z6Z4oCL4Z6i4Z674Z+G4oCL4Z6R4Z684Z6AIOGelOGejuGfkuGeiuGfguGej+KAi+GelOGfkuGemuGekeGeuOGelCDhnpPhnrfhnoTigIvhnp/hn4bhnpbhn4figIvhnpbhn5Lhnprhn4figIvhnoHhn4Ig4Z6i4Z6A4Z6i4Z+G4Z6U4Z674Z6A	V2F0ZXIgRmVzdGl2YWw=
5cddaaafad8d5da5d0ede8fe	4Z6U4Z634Z6O4Z+S4Z6MIOGfqA==	QmVuIDg=
5d0a3a5efb08d3670942268f	4Z6A4Z6L4Z634Z6T4oCL4Z6A4Z624Z6b	S2F0aGVuIEthbA==
5d1f842d9a064b70552f802d	4Z6A4Z6L4Z634Z6T4oCL4Z6A4Z624Z6b	S2F0aGVuIEthbA==
5d2b75dc65cf810fd72cf42f	4Z6W4Z634Z6S4Z644oCL4Z6f4Z634Z6P4oCL4Z6R4Z+A4Z6T4oCL4Z6W4Z+S4Z6a4Z+H4oCL4Z6c4Z6f4Z+S4Z6f4Z62	QnVkZGhpc3QgTGVudCBDYW5kbGVzIE1ha2luZyBEYXk=
5d39ab6e1491653b380bfb97	4Z6F4Z684Z6b4oCL4Z6G4Z+S4Z6T4Z624Z+G4oCL4Z6F4Z634Z6T	Q2hpbmVzZSBOZXcgWWVhcg==
5d439a136ad3d88014fb1b6e	4Z6U4Z634Z6O4Z+S4Z6MIOGfoeGfoA==	QmVuIDEw
5d5bedd2e87a86ed12795702	4Z6U4Z634Z6O4Z+S4Z6MIOGfpQ==	QmVuIDU=
5d71650fc0f5b22017be984a	4Z6R4Z634Z6c4Z624oCL4Z6A4Z674Z6Y4Z624Z6a4oCL4Z6i4Z6T4Z+S4Z6P4Z6a4oCL4Z6H4Z624Z6P4Z63IOGegeGeveGelOGem+GevuGegOGekeGeuOGfpuGfpw==	SW50ZXJuYXRpb25hbCBDaGlsZHJlbidzIERheQ==
5d7fc8f2da6e6417259ac007	4Z6R4Z634Z6c4Z624oCL4Z6f4Z634Z6R4Z+S4Z6S4Z634oCL4Z6Y4Z6T4Z674Z6f4Z+S4Z6f4oCL4Z6i4Z6T4Z+S4Z6P4Z6a4Z6H4Z624Z6P4Z63IOGegeGeveGelOGem+GevuGegOGekeGeuOGfpeGfqQ==	SW50ZXJuYXRpb25hbCBIdW1hbiBSaWdodHMgRGF5
5d838ed7cdca9897c492918c	4Z6R4Z634Z6c4Z624oCL4Z6f4Z674Z6B4oCL4Z6X4Z624Z6W4oCL4Z6W4Z634Z6X4Z6W4oCL4Z6b4Z+E4Z6A	V29ybGQgSGVhbHRoIERheQ==
5d9a30ff49aadd9355d68552	4Z6R4Z634Z6c4Z624oCL4Z6U4Z+S4Z6a4Z624Z6a4Z6W4Z+S4Z6S4oCL4Z6W4Z634Z6S4Z644oCL4Z6C4Z+E4Z6a4Z6W4oCL4Z6W4Z+S4Z6a4Z+H4Z6c4Z634Z6J4Z+S4Z6J4Z624Z6O4Z6A4Z+S4Z6B4Z6T4Z+S4Z6SIOGeluGfkuGemuGfh+GegOGemuGeu+GejuGetuKAi+GeluGfkuGemuGfh+GelOGetuGekeKAi+Gen+GemOGfkuGej+GfgeGeheKAi+GeluGfkuGemuGfhyDhnpPhnprhn4Thno/hn5Lhno/hnpgg4Z6f4Z644Z6g4Z6T4Z67IOGeluGfkuGemuGfh+GemOGeoOGetuGenOGeuOGemuGegOGfkuGen+Gej+GfkuGemiDhnpbhn5Lhnprhn4figIvhnpzhnprhnprhnrbhnofigIvhnpThnrfhno/hnrbigIvhnq/hnoDhnprhnrbhnofhn5Lhnpkg4Z6U4Z684Z6a4Z6O4Z6X4Z624Z6W4oCL4Z6R4Z654Z6A4Z6K4Z64IOGek+Get+GehOKAi+Ger+GegOGel+GetuGeluKAi+Geh+GetuGej+Get+KAi+GegeGfkuGemOGfguGemg==	S2luZyBGYXRoZXIncyBDb21tZW1vcmF0aW9uIERheQ==
5dab64c65b3ec7a5bfe73305	4Z6R4Z634Z6c4Z624oCL4Z6U4Z+S4Z6a4Z6Z4Z674Z6R4Z+S4Z6S4oCL4Z6U4Z+S4Z6a4Z6G4Z624Z+G4Z6E4oCL4Z6i4Z+G4Z6W4Z6+4oCL4Z6W4Z674Z6A4Z6a4Z6b4Z694Z6Z	QW50aS1Db3JydXB0aW9uIERheQ==
5db8e3be16e58afda83ae731	4Z6g4Z+C4oCL4Z6i4Z+S4Z6T4Z6A4oCL4Z6P4Z624oCL4Z6F4Z634Z6T	U3Bpcml0IFBhcmFkZQ==
5dc0533d468b22a9c14aaf49	4Z6R4Z634Z6c4Z624oCL4Z6U4Z6a4Z634oCL4Z6f4Z+S4Z6Q4Z624Z6T4oCL4Z6H4Z624Z6P4Z63IOGek+Get+GehOKAi+GelOGemuGet+KAi+Gen+GfkuGekOGetuGek+KAi+GeluGet+Gel+GeluKAi+Gem+GfhOGegCDhnoHhnr3hnpThnpvhnr7hnoDhnpHhnrjhn6Phn6M=	TmF0aW9uYWwgYW5kIFdvcmxkIEVudmlyb25tZW50IERheQ==
5deed4bacd507483dbab655d	4Z6R4Z634Z6c4Z624oCL4Z6c4Z6U4Z+S4Z6U4oCL4Z6S4Z6Y4Z+M4oCL4Z6H4Z624Z6P4Z63IOGegeGeveGelOGem+GevuGegOGekeGeuOGfoeGfoQ==	TmF0aW9uYWwgQ3VsdHVyZSBEYXk=
5df325ae52e8bad3dd8d3ce7	4Z6P4Z674Z6b4Z624oCL4Z6A4Z624Z6a4oCL4Z6Z4Z674Z6P4Z+S4Z6P4Z634oCL4Z6S4Z6Y4Z+M4oCL4Z6i4Z6T4Z+S4Z6P4Z6a4oCL4Z6H4Z624Z6P4Z634oCL4Z6A4Z+S4Z6a4Z674Z6E4oCL4Z6h4Z624oCL4Z6i4Z+BIOGen+GemOGfkuGemuGfgeGeheKAi+GeseGfkuGemeKAi+GegOGemOGfkuGeluGeu+Geh+GetuGeh+GetuGemOGfkuGeheGetuGen+Gfi+GegOGemOGfkuGemOGen+Get+GekeGfkuGekuGetyDhnpvhnr7hnpThn5Lhnprhnrbhnp/hnrbhnpHhnpbhn5Lhnprhn4fhnpzhnrfhnqDhnrbhnpog4Z6B4Z694Z6U4Z6b4Z6+4Z6A4Z6R4Z644Z+k4Z+i	SW50ZXJuYXRpb25hbCBDb3VydCBvZiBKdXN0aWNlIGluIFRoZSBIYWd1ZSBkZWNsYXJlZCBDYW1ib2RpYSBpcyB0aGUgb3duZXIgb2YgdGhlIFByZWFoIFZpaGVhciBUZW1wbGU=
5e05d79625b191eca12a6b38	4Z6R4Z634Z6c4Z624oCL4Z6C4Z+S4Z6a4Z684oCL4Z6U4Z6E4Z+S4Z6a4Z+A4Z6T4oCL4Z6W4Z634Z6X4Z6W4oCL4Z6b4Z+E4Z6A	V29ybGQgVGVhY2hlcidzIERheQ==
5e0d3d565ede0c41a216f494	4Z6R4Z634Z6c4Z624oCL4Z6H4Z624Z6P4Z634oCL4Z6U4Z+S4Z6a4Z6G4Z624Z+G4Z6E4oCL4Z6A4Z624Z6a4oCL4Z6H4Z694Z6J4oCL4Z6K4Z684Z6a4oCL4Z6Y4Z6T4Z674Z6f4Z+S4Z6f	TmF0aW9uYWwgQW50aS1IdW1hbiBUcmFmZmlja2luZyBEYXk=
5e14ed99988efecf1d7e9eb4	4Z6W4Z+S4Z6a4Z+H4oCL4Z6a4Z624Z6H4oCL4Z6W4Z634Z6S4Z644oCL4Z6U4Z674Z6O4Z+S4Z6Z4oCL4Z6i4Z674Z+G4oCL4Z6R4Z684Z6AIOGelOGejuGfkuGeiuGfguGej+KAi+GelOGfkuGemuGekeGeuOGelCDhnpPhnrfhnoTigIvhnp/hn4bhnpbhn4figIvhnpbhn5Lhnprhn4figIvhnoHhn4Ig4Z6i4Z6A4Z6i4Z+G4Z6U4Z674Z6A	V2F0ZXIgRmVzdGl2YWw=
5e2c22a80e8897ea49b67462	4Z6R4Z634Z6c4Z624oCL4Z6W4Z634Z6X4Z6W4oCL4Z6b4Z+E4Z6A4oCL4Z6A4Z624Z6A4oCL4Z6U4Z624Z6R4oCL4Z6A4Z+S4Z6a4Z6g4Z6YIOGek+Get+GehOKAi+GeouGejOGfkuGejeGeheGek+GfkuGekeGegOGfkuGemuGeoOGemA==	V29ybGQgUmVkIENyb3NzIGFuZCBSZWQgQ3Jlc2NlbnQgRGF5
5e3108b60a8f3d89b55b513d	4Z6R4Z634Z6c4Z624Z6Y4Z624Z6P4Z62	TW90aGVyJ3MgRGF5
5e6632a09def045e804f650e	4Z6R4Z634Z6c4Z624oCL4Z6f4Z6T4Z+S4Z6P4Z634oCL4Z6X4Z624Z6W4oCL4Z6T4Z+F4oCL4Z6A4Z6Y4Z+S4Z6W4Z674Z6H4Z62	UGVhY2UgRGF5IGluIENhbWJvZGlh
5e6d890e85cf80ecfd59644c	4Z6R4Z634Z6c4Z624oCL4Z6H4Z624Z6P4Z634oCL4Z6T4Z+D4oCL4Z6A4Z624Z6a4oCL4Z6F4Z6E4oCL4Z6F4Z624Z+G	TmF0aW9uYWwgRGF5IG9mIFJlbWVtYnJhbmNl
5eb09d7543f77db0acfb57e4	4Z6W4Z634Z6S4Z644oCL4Z6U4Z674Z6O4Z+S4Z6Z4oCL4Z6Y4Z624Z6D4Z6U4Z684Z6H4Z62	TWVhayBCb2NoZWE=
5ed071958eb59710bc89b1ee	4Z6W4Z+S4Z6a4Z+H4oCL4Z6a4Z624Z6H4oCL4Z6W4Z634Z6S4Z644oCL4Z6U4Z674Z6O4Z+S4Z6Z4oCL4Z6i4Z674Z+G4oCL4Z6R4Z684Z6AIOGelOGejuGfkuGeiuGfguGej+KAi+GelOGfkuGemuGekeGeuOGelCDhnpPhnrfhnoTigIvhnp/hn4bhnpbhn4figIvhnpbhn5Lhnprhn4figIvhnoHhn4Ig4Z6i4Z6A4Z6i4Z+G4Z6U4Z674Z6A	V2F0ZXIgRmVzdGl2YWw=
5efd4b3af87a35a3bf6fac4b	4Z6W4Z+S4Z6a4Z+H4oCL4Z6a4Z624Z6H4oCL4Z6W4Z634Z6S4Z644oCL4Z6U4Z674Z6O4Z+S4Z6Z4oCL4Z6i4Z674Z+G4oCL4Z6R4Z684Z6AIOGelOGejuGfkuGeiuGfguGej+KAi+GelOGfkuGemuGekeGeuOGelCDhnpPhnrfhnoTigIvhnp/hn4bhnpbhn4figIvhnpbhn5Lhnprhn4figIvhnoHhn4Ig4Z6i4Z6A4Z6i4Z+G4Z6U4Z674Z6A	V2F0ZXIgRmVzdGl2YWw=
5f249b84e53e5055572b8266	4Z6U4Z634Z6O4Z+S4Z6MIOGfoeGfow==	QmVuIDEz
5f3998b91b6d7aed9817c4b0	4Z6W4Z+S4Z6a4Z+H4oCL4Z6a4Z624Z6H4oCL4Z6W4Z634Z6S4Z644oCL4Z6U4Z674Z6O4Z+S4Z6Z4oCL4Z6F4Z6Y4Z+S4Z6a4Z6+4Z6T4oCL4Z6W4Z+S4Z6a4Z+H4oCL4Z6H4Z6T4Z+S4Z6YIOGeluGfkuGemuGfh+KAi+GegOGemuGeu+GejuGetuKAi+GeluGfkuGemuGfh+KAi+GelOGetuGekeKAi+Gen+GemOGfkuGej+GfgeGeheKAi+GeluGfkuGemuGfh+KAi+GelOGemuGemOKAi+Gek+GetuGekCDhnpPhnprhn4Thno/hn5Lhno/hnpgg4Z6f4Z644Z6g4Z6Y4Z674Z6T4Z64IOGeluGfkuGemuGfh+KAi+GemOGeoOGetuGegOGfkuGen+Gej+GfkuGemuKAi+Gek+Gfg+KAi+GeluGfkuGemuGfh+GemuGetuGeh+GetuGejuGetuGeheGegOGfkuGemuKAi+GegOGemOGfkuGeluGeu+Geh+Getg==	S2luZyBTaWhhbW9uaSdzIEJpcnRoZGF5
5f3c690c141393283a510565	4Z6R4Z634Z6c4Z624oCL4Z6W4Z634Z6X4Z6W4oCL4Z6b4Z+E4Z6AIOGeiuGevuGemOGfkuGelOGeuOGen+Geu+GenOGej+GfkuGekOGet+Gel+GetuGeliDhnpPhnrfhnoThnp/hnrvhnoHhnpfhnrbhnpbhnoDhnrbhnprhnoThnrbhnpog4Z6B4Z694Z6U4Z6b4Z6+4Z6A4Z6R4Z644Z+i4Z+n	V29ybGQgRGF5IGZvciBTYWZldHkgYW5kIEhlYWx0aCBhdCBXb3Jr
5f3e3a00567073047a16d53a	4Z6P4Z+G4Z6U4Z6T4Z+L4oCL4Z6a4Z6Y4Z6O4Z644oCL4Z6K4Z+S4Z6L4Z624Z6T4oCL4Z6i4Z6E4Z+S4Z6C4Z6aIOGej+GfkuGemuGevOGenOKAi+GelOGetuGek+KAi+GeheGeu+Gfh+KAi+GegOGfkuGek+Geu+GehOKAi+GelOGeieGfkuGeh+GeuOKAi+GelOGfgeGej+Get+GegOKAi+Gel+GejuGfkuGejOKAi+GeluGet+Gel+GeluGem+GfhOGegOGemuGelOGen+Gfi+GeouGehOGfkuGeguGegOGetuGemuGemeGevOGejuGfgeGen+GfkuGegOGevCDhnoHhnr3hnpThnpvhnr7hnoDhnpHhnrjhn6Lhn6E=	QW5na29yIHdhcyBpbnNjcmliZWQgb24gdGhlIFVORVNDTyBXb3JsZCBIZXJpdGFnZSBMaXN0
5f5a3f7cbdd3a0f9eb1b62b3	4Z6A4Z6Y4Z+S4Z6W4Z674Z6H4Z624oCL4Z6F4Z684Z6b4oCL4Z6H4Z624oCL4Z6f4Z6Y4Z624oCL4Z6H4Z634Z6A4oCL4Z6i4Z6E4Z+S4Z6C4oCL4Z6A4Z624Z6a4oCL4Z6Z4Z684Z6O4Z+B4Z6f4Z+S4Z6A4Z68IOGegeGeveGelOGem+GevuGegOGekeGeuOGfpuGfqA==	Q2FtYm9kaWEgam9pbmVkIFVORVNDTw==
5f5a98175912c5b09e02da02	4Z6A4Z6L4Z634Z6T4oCL4Z6A4Z624Z6b	S2F0aGVuIEthbA==
5f6080c71a8dacdfacbcdeb5	4Z6R4Z634Z6c4Z624oCL4oCL4Z6U4Z+S4Z6a4Z6H4Z624Z6H4Z6T4Z6H4Z624Z6P4Z63IOGek+Get+GehOKAi+KAi+GelOGfkuGemuGeh+GetuGeh+Gek+KAi+GeluGet+Gel+GeluKAi+Gem+GfhOGegA==	TmF0aW9uYWwgUG9wdWxhdGlvbiBEYXkgYW5kIFdvcmxkIFBvcHVsYXRpb24gRGF5
5f9ba25d1ddbd08c5694983c	4Z6f4Z+C4Z6T4Z6T4Z+G4Z6i4Z+K4Z64	V2ludGVyIFNvbHN0aWNlIEZlc3RpdmFs
5fa3ccfdc2e4e83d023837ac	4Z6A4Z6Y4Z+S4Z6W4Z674Z6H4Z624oCL4Z6F4Z684Z6b4oCL4Z6H4Z624oCL4Z6f4Z6Y4Z624oCL4Z6H4Z634Z6A4oCL4Z6i4Z624Z6f4Z+K4Z624Z6TIOGegeGeveGelOGem+GevuGegOGekeGeuOGfow==	Q2FtYm9kaWEgam9pbmVkIFRoZSBBc3NvY2lhdGlvbiBvZiBTb3V0aGVhc3QgQXNpYW4gTmF0aW9ucyAoQVNFQU4p
5fd21e3d36fda40a34908a9a	4Z6R4Z634Z6c4Z624oCL4Z6A4Z674Z6Y4Z624Z6a4oCL4Z6i4Z6T4Z+S4Z6P4Z6a4oCL4Z6H4Z624Z6P4Z63IOGegeGeveGelOGem+GevuGegOGekeGeuOGfqOGfoQ==	SW50ZXJuYXRpb25hbCBDaGlsZHJlbidzIERheQ==
5fdd00e0e40317a315ec86fd	4Z6R4Z634Z6c4Z624oCL4Z6W4Z634Z6X4Z6W4oCL4Z6b4Z+E4Z6A4oCL4Z6C4Z+S4Z6Y4Z624Z6T4oCL4Z6Q4Z+S4Z6T4Z624Z+G4oCL4Z6H4Z6A4Z+L	V29ybGQgTm8gVG9iYWNjbyBEYXk=
5fe87fda290c3314432f2ebf	4Z6R4Z634Z6c4Z624oCL4Z6i4Z6A4Z+S4Z6B4Z6a4oCL4Z6A4Z6Y4Z+S4Z6Y4oCL4Z6i4Z6T4Z+S4Z6P4Z6a4oCL4Z6H4Z624Z6P4Z63	SW50ZXJuYXRpb25hbCBMaXRlcmFjeSBEYXk=
5ff9d4a79d68343189cab309	4Z6W4Z+S4Z6a4Z+H4oCL4Z6a4Z624Z6H4oCL4Z6W4Z634Z6S4Z644oCL4Z6U4Z674Z6O4Z+S4Z6Z4oCL4Z6F4Z6Y4Z+S4Z6a4Z6+4Z6T4oCL4Z6W4Z+S4Z6a4Z+H4oCL4Z6H4Z6T4Z+S4Z6YIOGeluGfkuGemuGfh+KAi+GegOGemuGeu+GejuGetuKAi+GeluGfkuGemuGfh+KAi+GelOGetuGekeKAi+Gen+GemOGfkuGej+GfgeGeheKAi+GeluGfkuGemuGfh+KAi+GelOGemuGemOKAi+Gek+GetuGekCDhnpPhnprhn4Thno/hn5Lhno/hnpgg4Z6f4Z644Z6g4Z6Y4Z674Z6T4Z64IOGeluGfkuGemuGfh+KAi+GemOGeoOGetuGegOGfkuGen+Gej+GfkuGemuKAi+Gek+Gfg+KAi+GeluGfkuGemuGfh+GemuGetuGeh+GetuGejuGetuGeheGegOGfkuGemuKAi+GegOGemOGfkuGeluGeu+Geh+Getg==	S2luZyBTaWhhbW9uaSdzIEJpcnRoZGF5
6028883c23c2868d839d062f	4Z6R4Z634Z6c4Z624oCL4Z6U4Z+S4Z6a4Z6Z4Z674Z6R4Z+S4Z6S4oCL4Z6U4Z+S4Z6a4Z6G4Z624Z+G4Z6E4oCL4Z6i4Z+G4Z6W4Z6+4oCL4Z6W4Z674Z6A4Z6a4Z6b4Z694Z6Z	QW50aS1Db3JydXB0aW9uIERheQ==
6041d28599a842388371c169	4Z6R4Z634Z6c4Z624oCL4Z6U4Z+S4Z6a4Z6A4Z624Z6f4oCL4Z6a4Z6K4Z+S4Z6L4oCL4Z6S4Z6Y4Z+S4Z6Y4Z6T4Z674Z6J4Z+S4Z6JIOGegeGeveGelOGem+GevuGegOGekeGeuOGfouGfoQ==	Q29uc3RpdHV0aW9uIERheQ==
604c9b2235c5505376f1b1b2	4Z6W4Z634Z6S4Z644oCL4Z6U4Z674Z6O4Z+S4Z6Z4oCL4Z6F4Z684Z6b4oCL4Z6G4Z+S4Z6T4Z624Z+G4oCL4Z6Q4Z+S4Z6Y4Z64IOGelOGfkuGemuGeluGfg+GejuGeuOKAi+Geh+GetuGej+GetyAtIOGenOGetuGemuGfiOKAi+GenOGfkOGek+KAi+GelOGejw==	S2htZXIgTmV3IFllYXIgLSBWZWFyZWFrIFZhbmFiYXQ=
6066931538f0361db23c9df4	4Z6U4Z674Z6O4Z+S4Z6Z4oCL4Z6O4Z684Z6i4Z+C4Z6b	Q2hyaXN0bWFzIERheQ==
60684a8f528e3147533fc45a	4Z6W4Z+S4Z6a4Z+H4oCL4Z6a4Z624Z6H4oCL4Z6W4Z634Z6S4Z644oCL4Z6U4Z674Z6O4Z+S4Z6Z4oCL4Z6F4Z6Y4Z+S4Z6a4Z6+4Z6T4oCL4Z6W4Z+S4Z6a4Z+H4oCL4Z6H4Z6T4Z+S4Z6YIOGeluGfkuGemuGfh+KAi+GegOGemuGeu+GejuGetuKAi+GeluGfkuGemuGfh+KAi+GelOGetuGekeKAi+Gen+GemOGfkuGej+GfgeGeheKAi+GeluGfkuGemuGfh+KAi+GelOGemuGemOKAi+Gek+GetuGekCDhnpPhnprhn4Thno/hn5Lhno/hnpgg4Z6f4Z644Z6g4Z6Y4Z674Z6T4Z64IOGeluGfkuGemuGfh+KAi+GemOGeoOGetuGegOGfkuGen+Gej+GfkuGemuKAi+Gek+Gfg+KAi+GeluGfkuGemuGfh+GemuGetuGeh+GetuGejuGetuGeheGegOGfkuGemuKAi+GegOGemOGfkuGeluGeu+Geh+Getg==	S2luZyBTaWhhbW9uaSdzIEJpcnRoZGF5
606c16fcb231e3029339e177	4Z6U4Z634Z6O4Z+S4Z6MIOGfqA==	QmVuIDg=
60700632362957e5c64ba44a	4Z6P4Z+G4Z6U4Z6T4Z+L4oCL4Z6U4Z+S4Z6a4Z624Z6f4Z624Z6R4oCL4Z6f4Z+G4Z6U4Z684Z6a4oCL4Z6W4Z+S4Z6a4Z+D4oCL4Z6C4Z674Z6AIOGej+GfkuGemuGevOGenOKAi+GelOGetuGek+KAi+GeheGeu+Gfh+KAi+GegOGfkuGek+Geu+GehOKAi+GelOGeieGfkuGeh+GeuOKAi+GelOGfgeGej+Get+GegOKAi+Gel+GejuGfkuGejOKAi+GeluGet+Gel+GeluGem+GfhOGegOGemuGelOGen+Gfi+GeouGehOGfkuGeguGegOGetuGemuGemeGevOGejuGfgeGen+GfkuGegOGevCDhnoHhnr3hnpThnpvhnr7hnoDhnpHhnrjhn6E=	VGVtcGxlIFpvbmUgb2YgU2FtYm9yIFByZWkgS3VrIHdhcyBpbnNjcmliZWQgb24gdGhlIFVORVNDTyBXb3JsZCBIZXJpdGFnZSBMaXN0
6078a15dfcc4865eef672f86	4Z6R4Z634Z6c4Z624oCL4Z6f4Z6T4Z+S4Z6P4Z634oCL4Z6X4Z624Z6W4oCL4Z6i4Z6T4Z+S4Z6P4Z6a4oCL4Z6H4Z624Z6P4Z63	SW50ZXJuYXRpb25hbCBEYXkgb2YgUGVhY2U=
6098eb5cd5843e95b1e50f36	4Z6W4Z634Z6S4Z644oCL4Z6U4Z674Z6O4Z+S4Z6Z4oCL4Z6F4Z684Z6b4oCL4Z6G4Z+S4Z6T4Z624Z+G4oCL4Z6Q4Z+S4Z6Y4Z64IOGelOGfkuGemuGeluGfg+GejuGeuOKAi+Geh+GetuGej+GetyAtIOGenOGetuGemuGfiOKAi+GenOGfkOGek+KAi+GelOGejw==	S2htZXIgTmV3IFllYXIgLSBWZWFyZWFrIFZhbmFiYXQ=
60d4af0853d10a5ff3fcfe20	4Z6R4Z634Z6c4Z624oCL4Z6U4Z644Z6P4Z62	RmF0aGVyJ3MgRGF5
60dc31e05494e2a9939c8dea	4Z6W4Z+S4Z6a4Z+H4oCL4Z6a4Z624Z6H4oCL4Z6W4Z634Z6S4Z644oCL4Z6U4Z674Z6O4Z+S4Z6Z4oCL4Z6F4Z6Y4Z+S4Z6a4Z6+4Z6T4oCL4Z6W4Z+S4Z6a4Z+H4oCL4Z6H4Z6T4Z+S4Z6YIOGeluGfkuGemuGfh+KAi+GegOGemuGeu+GejuGetuKAi+GeluGfkuGemuGfh+KAi+GelOGetuGekeKAi+Gen+GemOGfkuGej+GfgeGeheKAi+GeluGfkuGemuGfh+KAi+GelOGemuGemOKAi+Gek+GetuGekCDhnpPhnprhn4Thno/hn5Lhno/hnpgg4Z6f4Z644Z6g4Z6Y4Z674Z6T4Z64IOGeluGfkuGemuGfh+KAi+GemOGeoOGetuGegOGfkuGen+Gej+GfkuGemuKAi+Gek+Gfg+KAi+GeluGfkuGemuGfh+GemuGetuGeh+GetuGejuGetuGeheGegOGfkuGemuKAi+GegOGemOGfkuGeluGeu+Geh+Getg==	S2luZyBTaWhhbW9uaSdzIEJpcnRoZGF5
60ee2910ddf1c343830e4c17	4Z6U4Z634Z6O4Z+S4Z6MIOGfpw==	QmVuIDc=
60fd1cff6ea290b6fc71e80c	4Z6W4Z+S4Z6a4Z+H4oCL4Z6a4Z624Z6H4oCL4Z6W4Z634Z6S4Z644oCL4Z6U4Z674Z6O4Z+S4Z6Z4oCL4Z6F4Z6Y4Z+S4Z6a4Z6+4Z6T4oCL4Z6W4Z+S4Z6a4Z+H4oCL4Z6H4Z6T4Z+S4Z6YIOGen+GemOGfkuGej+GfgeGeheKAi+GeluGfkuGemuGfh+KAi+GemOGeoOGetuGegOGfkuGen+Gej+GfkuGemuGeuCDhnpPhnprhn4Thno/hn5Lhno/hnpgg4Z6Y4Z674Z6T4Z634Z6T4Z624Z6QIOGen+GeuOGeoOGek+GeuyDhnpbhn5Lhnprhn4figIvhnpzhnprhnprhnrbhnofigIvhnpjhnrbhno/hnrbigIvhnofhnrbhno/hnrfigIvhnoHhn5Lhnpjhn4Lhnpog4Z6A4Z+S4Z6T4Z674Z6E4oCL4Z6f4Z+B4Z6a4Z644Z6X4Z624Z6WIOGen+GfgeGeheGegOGfkuGej+GeuOGekOGfkuGem+Gfg+GekOGfkuGek+GevOGemiDhnpPhnrfhnoTigIvhnp/hnrvhnpfhnpjhnoThn5LhnoLhnps=	UXVlZW4gTW90aGVyJ3MgQmlydGhkYXk=
6107eed71f59202b30ee01db	4Z6W4Z634Z6S4Z644oCL4Z6U4Z674Z6O4Z+S4Z6Z4oCL4Z6c4Z634Z6f4Z624Z6B4oCL4Z6U4Z684Z6H4Z62	VmlzYWsgQm9jaGVh
611d5e38f9ebfa02ba7ea82e	4Z6U4Z674Z6O4Z+S4Z6Z4oCL4Z6O4Z684Z6i4Z+C4Z6b	Q2hyaXN0bWFzIERheQ==
612b7c74614313718448e9c6	4Z6R4Z634Z6c4Z624oCL4Z6T4Z6Z4Z+E4oCL4Z6U4Z624Z6Z4oCL4Z6I4Z+S4Z6T4Z+HIOGeiOGfkuGek+Gfhw==	V2luLXdpbiBQb2xpY3kgRGF5
614d4b9177be2d8800640b1e	4Z6U4Z634Z6O4Z+S4Z6MIOGfqA==	QmVuIDg=
616cacda86a2bab038134614	4Z6W4Z+S4Z6a4Z+H4oCL4Z6a4Z624Z6H4oCL4Z6W4Z634Z6S4Z644oCL4Z6U4Z674Z6O4Z+S4Z6Z4oCL4Z6F4Z6Y4Z+S4Z6a4Z6+4Z6T4oCL4Z6W4Z+S4Z6a4Z+H4oCL4Z6H4Z6T4Z+S4Z6YIOGeluGfkuGemuGfh+KAi+GegOGemuGeu+GejuGetuKAi+GeluGfkuGemuGfh+KAi+GelOGetuGekeKAi+Gen+GemOGfkuGej+GfgeGeheKAi+GeluGfkuGemuGfh+KAi+GelOGemuGemOKAi+Gek+GetuGekCDhnpPhnprhn4Thno/hn5Lhno/hnpgg4Z6f4Z644Z6g4Z6Y4Z674Z6T4Z64IOGeluGfkuGemuGfh+KAi+GemOGeoOGetuGegOGfkuGen+Gej+GfkuGemuKAi+Gek+Gfg+KAi+GeluGfkuGemuGfh+GemuGetuGeh+GetuGejuGetuGeheGegOGfkuGemuKAi+GegOGemOGfkuGeluGeu+Geh+Getg==	S2luZyBTaWhhbW9uaSdzIEJpcnRoZGF5
6198bbdd6437b911e7177d4b	4Z6P4Z+G4Z6U4Z6T4Z+L4oCL4Z6U4Z+S4Z6a4Z624Z6f4Z624Z6R4oCL4Z6f4Z+G4Z6U4Z684Z6a4oCL4Z6W4Z+S4Z6a4Z+D4oCL4Z6C4Z674Z6AIOGej+GfkuGemuGevOGenOKAi+GelOGetuGek+KAi+GeheGeu+Gfh+KAi+GegOGfkuGek+Geu+GehOKAi+GelOGeieGfkuGeh+GeuOKAi+GelOGfgeGej+Get+GegOKAi+Gel+GejuGfkuGejOKAi+GeluGet+Gel+GeluGem+GfhOGegOGemuGelOGen+Gfi+GeouGehOGfkuGeguGegOGetuGemuGemeGevOGejuGfgeGen+GfkuGegOGevA==	VGVtcGxlIFpvbmUgb2YgU2FtYm9yIFByZWkgS3VrIHdhcyBpbnNjcmliZWQgb24gdGhlIFVORVNDTyBXb3JsZCBIZXJpdGFnZSBMaXN0
61a0aab342c8e473a4b45282	4Z6U4Z674Z6O4Z+S4Z6Z4oCL4Z6O4Z684Z6i4Z+C4Z6b	Q2hyaXN0bWFzIERheQ==
61a13356f8b1f6091167d41e	4Z6U4Z6O4Z+S4Z6O4Z6f4Z624Z6a4oCL4Z6f4Z624Z6a4Z6Y4Z6T4Z+S4Z6R4Z644Z6a4oCL4Z6n4Z6A4Z+S4Z6a4Z634Z6K4Z+S4Z6L4Z6A4Z6Y4Z+S4Z6Y4oCL4Z6U4Z+S4Z6a4Z6b4Z+Q4Z6Z4oCL4Z6W4Z684Z6H4Z6f4Z624Z6f4Z6T4Z+N4oCL4Z6R4Z694Z6b4oCL4Z6f4Z+S4Z6b4Z+C4Z6EIOGej+GfkuGemuGevOGenOKAi+GelOGetuGek+KAi+GeheGeu+Gfh+KAi+GegOGfkuGek+Geu+GehOKAi+GelOGeieGfkuGeh+GeuOKAi+Gen+GfkuGemOGetuGemuGej+GeuOKAi+GeheGehOGeheGetuGfhuKAi+Gek+Gfg+KAi+GeluGet+Gel+GeluKAi+Gem+GfhOGegOKAi+GemuGelOGen+Gfi+KAi+GemeGevOGejuGfgeGen+GfkuGegOGevCDhnoHhnr3hnpThnpvhnr7hnoDhnpHhnrjhn6Hhn6A=	VGhlIGFyY2hpdmVzIG9mIFR1b2wgU2xlbmcgR2Vub2NpZGUgTXVzZXVtIGFyZSByZWdpc3RlcmVkIGFzIHBhcnQgb2YgdGhlIE1lbW9yeSBvZiB0aGUgV29ybGQgYnkgVU5FU0NP
61b29b63cf641725b37df0cc	4Z6A4Z6Y4Z+S4Z6W4Z674Z6H4Z624oCL4Z6F4Z684Z6b4oCL4Z6H4Z624oCL4Z6f4Z6Y4Z624oCL4Z6H4Z634Z6A4oCL4Z6i4Z6E4Z+S4Z6C4oCL4Z6A4Z624Z6a4oCL4Z6Z4Z684Z6O4Z+B4Z6f4Z+S4Z6A4Z68IOGegeGeveGelOGem+GevuGegOGekeGeuOGfpeGfoA==	Q2FtYm9kaWEgam9pbmVkIFVORVNDTw==
61b7a0d9a8759c0d185d1da4	4Z6R4Z634Z6c4Z624oCL4Z6A4Z674Z6Y4Z624Z6a4oCL4Z6i4Z6T4Z+S4Z6P4Z6a4oCL4Z6H4Z624Z6P4Z63IOGegeGeveGelOGem+GevuGegOGekeGeuOGfp+GfqQ==	SW50ZXJuYXRpb25hbCBDaGlsZHJlbidzIERheQ==
61b845761de30a4d43dee3e0	4Z6R4Z634Z6c4Z624oCL4Z6U4Z+S4Z6a4Z6Z4Z674Z6R4Z+S4Z6S4oCL4Z6U4Z+S4Z6a4Z6G4Z624Z+G4Z6E4oCL4Z6i4Z+G4Z6W4Z6+4oCL4Z6W4Z674Z6A4Z6a4Z6b4Z694Z6Z	QW50aS1Db3JydXB0aW9uIERheQ==
61b94f24f7ef1f755d087939	4Z6R4Z634Z6c4Z624oCL4Z6T4Z6Z4Z+E4Z6U4Z624Z6Z4oCL4Z6R4Z654Z6A	V2F0ZXIgUG9saWN5IERheQ==
61b9fe83a8532c08aeb4fc3f	4Z6A4Z6L4Z634Z6T4oCL4Z6A4Z624Z6b	S2F0aGVuIEthbA==
61ee82ff1d6a480e8f1a780f	4Z6R4Z634Z6c4Z624oCL4Z6f4Z6T4Z+S4Z6P4Z634oCL4Z6X4Z624Z6W4oCL4Z6i4Z6T4Z+S4Z6P4Z6a4oCL4Z6H4Z624Z6P4Z63	SW50ZXJuYXRpb25hbCBEYXkgb2YgUGVhY2U=
620954bd367df308cd3e3b30	4Z6W4Z634Z6S4Z644oCL4Z6U4Z674Z6O4Z+S4Z6Z4oCL4Z6c4Z634Z6f4Z624Z6B4oCL4Z6U4Z684Z6H4Z62	VmlzYWsgQm9jaGVh
6223ca9171fc548d6617ec5b	4Z6R4Z634Z6c4Z624oCL4Z6H4Z+Q4Z6Z4oCL4Z6H4Z6Y4Z+S4Z6T4Z+H4oCL4Z6b4Z6+4oCL4Z6a4Z6U4Z6U4oCL4Z6U4Z+S4Z6a4Z6b4Z+Q4Z6Z4oCL4Z6W4Z684Z6H4oCL4Z6f4Z624Z6f4Z6T4Z+NIOGegeGeveGelOGem+GevuGegOGekeGeuOGfpOGfpg==	VmljdG9yeSBPdmVyIEdlbm9jaWRlIERheQ==
622c353c8ff0feb29ead1ed3	4Z6R4Z634Z6c4Z624oCL4Z6n4Z6R4Z+S4Z6Z4Z624Z6T4Z674oCL4Z6a4Z6A4Z+S4Z6f4Z6W4Z634Z6X4Z6W4Z6b4Z+E4Z6AIOGegeGeveGelOGem+GevuGegOGekeGeuOGfoeGfoA==	V29ybGQgUmFuZ2VyIERheQ==
62764fe106416a1eaa4d476b	4Z6W4Z634Z6S4Z644oCL4Z6U4Z674Z6O4Z+S4Z6Z4oCL4Z6X4Z+S4Z6H4Z674Z+G4oCL4Z6U4Z634Z6O4Z+S4Z6M	UGNodW0gQmVuIEZlc3RpdmFs
62946a46a7953a4cdc50c037	4Z6W4Z634Z6S4Z644oCL4Z6U4Z674Z6O4Z+S4Z6Z4oCL4Z6X4Z+S4Z6H4Z674Z+G4oCL4Z6U4Z634Z6O4Z+S4Z6M	UGNodW0gQmVuIEZlc3RpdmFs
6298793a65ec6786641e46a9	4Z6R4Z634Z6c4Z624oCL4Z6U4Z644Z6P4Z62	RmF0aGVyJ3MgRGF5
6298dd98e5444ac2c9c1ce46	4Z6W4Z634Z6S4Z644oCL4Z6U4Z674Z6O4Z+S4Z6Z4oCL4Z6Y4Z624Z6D4Z6U4Z684Z6H4Z62	TWVhayBCb2NoZWE=
62ae458b4b673ebc730c9cc9	4Z6A4Z6Y4Z+S4Z6W4Z674Z6H4Z624oCL4Z6F4Z684Z6b4oCL4Z6H4Z624oCL4Z6f4Z6Y4Z624oCL4Z6H4Z634Z6A4oCL4Z6i4Z6E4Z+S4Z6C4oCL4Z6A4Z624Z6a4oCL4Z6Z4Z684Z6O4Z+B4Z6f4Z+S4Z6A4Z68IOGegeGeveGelOGem+GevuGegOGekeGeuOGfpeGfog==	Q2FtYm9kaWEgam9pbmVkIFVORVNDTw==
62bd50da69956c5246dc1389	4Z6R4Z634Z6c4Z624oCL4Z6Z4Z674Z6c4Z6H4Z6T4oCL4Z6i4Z6T4Z+S4Z6P4Z6a4oCL4Z6H4Z624Z6P4Z63	SW50ZXJuYXRpb25hbCBZb3V0aCBEYXk=
62ee7632ae40d18b1fa63755	4Z6R4Z634Z6c4Z624oCL4Z6i4Z624oCL4Z6A4Z624Z6f4oCL4Z6F4Z6a4Z6O4Z+N4Z6f4Z+K4Z644Z6c4Z634Z6b	Q2l2aWwgQXZpYXRpb24gRGF5
63030e0b0de20c1fb6bdb956	4Z6W4Z+S4Z6a4Z+H4oCL4Z6a4Z624Z6H4oCL4Z6W4Z634Z6S4Z644oCL4Z6U4Z674Z6O4Z+S4Z6Z4oCL4Z6i4Z674Z+G4oCL4Z6R4Z684Z6AIOGelOGejuGfkuGeiuGfguGej+KAi+GelOGfkuGemuGekeGeuOGelCDhnpPhnrfhnoTigIvhnp/hn4bhnpbhn4figIvhnpbhn5Lhnprhn4figIvhnoHhn4Ig4Z6i4Z6A4Z6i4Z+G4Z6U4Z674Z6A	V2F0ZXIgRmVzdGl2YWw=
631b2d2c5a09ff85b0176a3a	4Z6R4Z634Z6c4Z624oCL4Z6T4Z6Z4Z+E4Z6U4Z624Z6Z4oCL4Z6R4Z654Z6A	V2F0ZXIgUG9saWN5IERheQ==
6321973da68dd97ebcd43027	4Z6R4Z634Z6c4Z624oCL4Z6H4Z6T4oCL4Z6Y4Z624Z6T4oCL4Z6W4Z634Z6A4Z624Z6a4Z6X4Z624Z6W4oCL4Z6i4Z6T4Z+S4Z6P4Z6a4Z6H4Z624Z6P4Z63	SW50ZXJuYXRpb25hbCBEYXkgb2YgRGlzYWJsZWQgUGVyc29ucw==
6324e65e33953311b2510d6d	4Z6W4Z634Z6S4Z644oCL4Z6U4Z674Z6O4Z+S4Z6Z4oCL4Z6F4Z684Z6b4oCL4Z6G4Z+S4Z6T4Z624Z+G4oCL4Z6Q4Z+S4Z6Y4Z64IOGelOGfkuGemuGeluGfg+GejuGeuOKAi+Geh+GetuGej+GetyAtIOGemOGeoOGetuKAi+Gen+GehOGfkuGegOGfkuGemuGetuGek+GfkuGejyDhnpjhn4nhn4ThnoQg4Z+h4Z+gOuGfpOGfqCBBTQ==	S2htZXIgTmV3IFllYXIgLSBNb2hhIFNhbmtyYW50YSBhdCAxMDo0OCBBTQ==
632517a782a751b08fd975e3	4Z6R4Z634Z6c4Z624Z6Y4Z624Z6P4Z62	TW90aGVyJ3MgRGF5
632f8fb8f97e082f587b5f00	4Z6U4Z634Z6O4Z+S4Z6MIOGfoeGfoA==	QmVuIDEw
634e98a1961cff4e84682684	4Z6Q4Z+S4Z6E4Z+D4oCL4Z6U4Z674Z6O4Z+S4Z6Z4oCL4Z6T4Z+D4oCL4Z6f4Z+B4Z6F4Z6A4Z+S4Z6P4Z644oCL4Z6f4Z+S4Z6a4Z6b4Z624Z6J4Z+L	VmFsZW50aW5lJ3MgRGF5
63578f1475283dfb90163a0f	4Z6A4Z6L4Z634Z6T4oCL4Z6A4Z624Z6b	S2F0aGVuIEthbA==
6359e3f715fbfffc7976e530	4Z6f4Z+C4Z6T4oCL4Z6T4Z+G4oCL4Z6F4Z624Z+G4Z6E	U3RpY2t5IFJpY2UgRHVtcGxpbmdzIChab25nemkp
637ed930d28cc8c3938bddf0	4Z6R4Z634Z6c4Z624oCL4Z6f4Z674Z6B4oCL4Z6X4Z624Z6W4oCL4Z6W4Z634Z6X4Z6W4oCL4Z6b4Z+E4Z6A	V29ybGQgSGVhbHRoIERheQ==
63c186506124fd952d2f10c8	4Z6b4Z+S4Z6B4Z+E4Z6T4oCL4Z6f4Z+S4Z6a4Z6Y4Z+E4Z6b4oCL4Z6f4Z+S4Z6U4Z+C4Z6A4oCLIOGej+GfkuGemuGevOGenOKAi+GelOGetuGek+KAi+GeheGeu+Gfh+KAi+GegOGfkuGek+Geu+GehOKAi+GelOGeieGfkuGeh+GeuOKAi+GelOGfgeGej+Get+GegOKAi+Gel+GejuGfkuGejOGenOGelOGfkuGelOGekuGemOGfjOGeouGemuGevOGelOGeuOGek+Gfg+GemOGek+Geu+Gen+GfkuGen+Geh+GetuGej+GetyDhnoHhnr3hnpThnpvhnr7hnoDhnpHhnrjhn6Lhn6Q=	S2htZXIgU2hhZG93IFRoZWF0cmUgaW5zY3JpYmVkIG9uIHRoZSBSZXByZXNlbnRhdGl2ZSBMaXN0IG9mIHRoZSBJbnRhbmdpYmxlIEN1bHR1cmFsIEhlcml0YWdlIG9mIEh1bWFuaXR5
63dacc210069cefed553f079	4Z6b4Z+S4Z6U4Z+C4Z6E4oCL4Z6R4Z624Z6J4oCL4Z6W4Z+S4Z6a4Z+Q4Z6P4Z+S4Z6aIOGej+GfkuGemuGevOGenOKAi+GelOGetuGek+KAi+GeheGeu+Gfh+KAi+GegOGfkuGek+Geu+GehOKAi+GelOGeieGfkuGeh+GeuOKAi+GelOGfgeGej+Get+GegOKAi+Gel+GejuGfkuGejOKAi+GenOGelOGfkuGelOGekuGemOGfjOGeouGemuGevOGelOGeuOGek+Gfg+GemOGek+Geu+Gen+GfkuGen+Geh+GetuGej+GetyDhnoHhnr3hnpThnpvhnr7hnoDhnpHhnrjhn6Y=	VHVnIG9mIFdhciBpbnNjcmliZWQgb24gdGhlIFJlcHJlc2VudGF0aXZlIExpc3Qgb2YgdGhlIEludGFuZ2libGUgQ3VsdHVyYWwgSGVyaXRhZ2Ugb2YgSHVtYW5pdHk=
63e1f3f24359171b3d054b3d	4Z6U4Z634Z6O4Z+S4Z6MIOGfqQ==	QmVuIDk=
63f3904ba6b10c9b702760d6	4Z6R4Z634Z6c4Z624oCL4Z6C4Z+S4Z6a4Z684oCL4Z6U4Z6E4Z+S4Z6a4Z+A4Z6T4oCL4Z6W4Z634Z6X4Z6W4oCL4Z6b4Z+E4Z6A	V29ybGQgVGVhY2hlcidzIERheQ==
640f8b6ab15a9eef0e2cabf4	4Z6F4Z+B4Z6J4oCL4Z6W4Z+S4Z6a4Z+H4oCL4Z6c4Z6f4Z+S4Z6f4Z62	RW5kaW5nIG9mIEJ1ZGRoaXN0IExlbnQ=
643c6096a15c99e816e45fef	4Z6W4Z+S4Z6a4Z+H4oCL4Z6a4Z624Z6H4oCL4Z6W4Z634Z6S4Z644oCL4Z6U4Z674Z6O4Z+S4Z6Z4oCL4Z6F4Z6Y4Z+S4Z6a4Z6+4Z6T4oCL4Z6W4Z+S4Z6a4Z+H4oCL4Z6H4Z6T4Z+S4Z6YIOGeluGfkuGemuGfh+KAi+GegOGemuGeu+GejuGetuKAi+GeluGfkuGemuGfh+KAi+GelOGetuGekeKAi+Gen+GemOGfkuGej+GfgeGeheKAi+GeluGfkuGemuGfh+KAi+GelOGemuGemOKAi+Gek+GetuGekCDhnpPhnprhn4Thno/hn5Lhno/hnpgg4Z6f4Z644Z6g4Z6Y4Z674Z6T4Z64IOGeluGfkuGemuGfh+KAi+GemOGeoOGetuGegOGfkuGen+Gej+GfkuGemuKAi+Gek+Gfg+KAi+GeluGfkuGemuGfh+GemuGetuGeh+GetuGejuGetuGeheGegOGfkuGemuKAi+GegOGemOGfkuGeluGeu+Geh+Getg==	S2luZyBTaWhhbW9uaSdzIEJpcnRoZGF5
646177ab87f74ca418ac1cc8	4Z6W4Z+S4Z6a4Z+H4oCL4Z6a4Z624Z6H4oCL4Z6W4Z634Z6S4Z644oCL4Z6U4Z674Z6O4Z+S4Z6Z4oCL4Z6F4Z6Y4Z+S4Z6a4Z6+4Z6T4oCL4Z6W4Z+S4Z6a4Z+H4oCL4Z6H4Z6T4Z+S4Z6YIOGen+GemOGfkuGej+GfgeGeheKAi+GeluGfkuGemuGfh+KAi+GemOGeoOGetuGegOGfkuGen+Gej+GfkuGemuGeuCDhnpPhnprhn4Thno/hn5Lhno/hnpgg4Z6Y4Z674Z6T4Z634Z6T4Z624Z6QIOGen+GeuOGeoOGek+GeuyDhnpbhn5Lhnprhn4figIvhnpzhnprhnprhnrbhnofigIvhnpjhnrbhno/hnrbigIvhnofhnrbhno/hnrfigIvhnoHhn5Lhnpjhn4Lhnpog4Z6A4Z+S4Z6T4Z674Z6E4oCL4Z6f4Z+B4Z6a4Z644Z6X4Z624Z6WIOGen+GfgeGeheGegOGfkuGej+GeuOGekOGfkuGem+Gfg+GekOGfkuGek+GevOGemiDhnpPhnrfhnoTigIvhnp/hnrvhnpfhnpjhnoThn5LhnoLhnps=	UXVlZW4gTW90aGVyJ3MgQmlydGhkYXk=
6473bc21df0b76e470b4935a	4Z6R4Z634Z6c4Z624oCL4Z6W4Z634Z6X4Z6W4oCL4Z6b4Z+E4Z6A4oCL4Z6C4Z+S4Z6Y4Z624Z6T4oCL4Z6Q4Z+S4Z6T4Z624Z+G4oCL4Z6H4Z6A4Z+L	V29ybGQgTm8gVG9iYWNjbyBEYXk=
647ff101ba4595b7ad2abbf4	4Z6U4Z634Z6O4Z+S4Z6MIOGfow==	QmVuIDM=
64bf419f6c3bf0f7b21e2e39	4Z6R4Z634Z6c4Z624oCL4Z6H4Z624Z6P4Z634oCL4Z6f4Z674Z6B4Z6X4Z624Z6W4oCL4Z6Y4Z624Z6P4Z62IOGekeGetuGemuGegCDhnpPhnrfhnoTigIvhnoDhnrvhnpjhnrbhnpo=	TmF0aW9uYWwgRGF5IG9uIE1hdGVybmFsLCBOZXdib3JuIGFuZCBDaGlsZCBIZWFsdGg=
64c1985552847822e7fc3466	4Z6R4Z634Z6c4Z624oCL4Z6W4Z634Z6X4Z6W4oCL4Z6b4Z+E4Z6A4oCL4Z6A4Z624Z6A4oCL4Z6U4Z624Z6R4oCL4Z6A4Z+S4Z6a4Z6g4Z6YIOGek+Get+GehOKAi+GeouGejOGfkuGejeGeheGek+GfkuGekeGegOGfkuGemuGeoOGemA==	V29ybGQgUmVkIENyb3NzIGFuZCBSZWQgQ3Jlc2NlbnQgRGF5
6524bca804dc27335fdad267	4Z6R4Z634Z6c4Z624oCL4Z6Y4Z6F4Z+S4Z6G4Z624oCL4Z6H4Z624Z6P4Z63	TmF0aW9uYWwgRmlzaCBEYXk=
652c1bd65e9c3336d10b732b	4Z6R4Z634Z6c4Z624oCL4Z6f4Z634Z6R4Z+S4Z6S4Z634oCL4Z6Y4Z6T4Z674Z6f4Z+S4Z6f4oCL4Z6i4Z6T4Z+S4Z6P4Z6a4Z6H4Z624Z6P4Z63IOGegeGeveGelOGem+GevuGegOGekeGeuOGfpuGfog==	SW50ZXJuYXRpb25hbCBIdW1hbiBSaWdodHMgRGF5
654938a297ccada1bddf94c3	4Z6F4Z+B4Z6J4oCL4Z6W4Z+S4Z6a4Z+H4oCL4Z6c4Z6f4Z+S4Z6f4Z62	RW5kaW5nIG9mIEJ1ZGRoaXN0IExlbnQ=
6550874a2d0fb1f3d4c07f78	4Z6W4Z634Z6S4Z644oCL4Z6U4Z674Z6O4Z+S4Z6Z4oCL4Z6c4Z634Z6f4Z624Z6B4oCL4Z6U4Z684Z6H4Z62	VmlzYWsgQm9jaGVh
655e2872964711831b923004	4Z6U4Z634Z6O4Z+S4Z6MIOGfoeGfow==	QmVuIDEz
6564512a56d65108b06e12a6	4Z6A4Z6Y4Z+S4Z6W4Z674Z6H4Z624oCL4Z6F4Z684Z6b4oCL4Z6H4Z624oCL4Z6f4Z6Y4Z624oCL4Z6H4Z634Z6A4oCL4Z6i4Z6E4Z+S4Z6C4oCL4Z6A4Z624Z6a4oCL4Z6Z4Z684Z6O4Z+B4Z6f4Z+S4Z6A4Z68IOGegeGeveGelOGem+GevuGegOGekeGeuOGfp+Gfog==	Q2FtYm9kaWEgam9pbmVkIFVORVNDTw==
65665c8ba68806ba852f83c4	4Z6R4Z634Z6c4Z624oCL4Z6f4Z634Z6R4Z+S4Z6S4Z634oCL4Z6Y4Z6T4Z674Z6f4Z+S4Z6f4oCL4Z6i4Z6T4Z+S4Z6P4Z6a4Z6H4Z624Z6P4Z63IOGegeGeveGelOGem+GevuGegOGekeGeuOGfpeGfog==	SW50ZXJuYXRpb25hbCBIdW1hbiBSaWdodHMgRGF5
65bd32f9a415bfc0c158aa20	4Z6R4Z634Z6c4Z624oCL4Z6H4Z624Z6P4Z634oCL4Z6U4Z+S4Z6a4Z6G4Z624Z+G4Z6E4oCL4Z6A4Z624Z6a4oCL4Z6H4Z694Z6J4oCL4Z6K4Z684Z6a4oCL4Z6Y4Z6T4Z674Z6f4Z+S4Z6f	TmF0aW9uYWwgQW50aS1IdW1hbiBUcmFmZmlja2luZyBEYXk=
65cb3016840caa7cb5ed0385	4Z6R4Z634Z6c4Z624oCL4Z6i4Z6T4Z+S4Z6P4Z6a4oCL4Z6H4Z624Z6P4Z634oCL4Z6A4Z624Z6a4Z6W4Z624Z6a4oCL4Z6f4Z+S4Z6a4Z6R4Z624Z6U4Z+L4oCL4Z6i4Z684oCL4Z6g4Z+S4Z6f4Z684Z6TIOGegeGeveGelOGem+GevuGegOGekeGeuOGfoeGfpQ==	SW50ZXJuYXRpb25hbCBEYXkgZm9yIHRoZSBQcmVzZXJ2YXRpb24gb2YgdGhlIE96b25lIExheWVy
65e09920ab9247026c8bafb8	4Z6W4Z634Z6S4Z644oCL4Z6U4Z674Z6O4Z+S4Z6Z4oCL4Z6F4Z684Z6b4oCL4Z6G4Z+S4Z6T4Z624Z+G4oCL4Z6Q4Z+S4Z6Y4Z64IOGelOGfkuGemuGeluGfg+GejuGeuOKAi+Geh+GetuGej+GetyAtIOGekOGfkuGehOGfg+KAi+GeoeGevuGehOKAi+Gen+GfkOGegA==	S2htZXIgTmV3IFllYXIgLSBWZWFyZWFrIExhZXVuZyBTYWs=
66024138e202408004e06c23	4Z6F4Z+B4Z6J4oCL4Z6W4Z+S4Z6a4Z+H4oCL4Z6c4Z6f4Z+S4Z6f4Z62	RW5kaW5nIG9mIEJ1ZGRoaXN0IExlbnQ=
66108129e663f87d963a73c2	4Z6U4Z634Z6O4Z+S4Z6MIOGfoQ==	QmVuIDE=
663614716f394b633bd0fc39	4Z6R4Z634Z6c4Z624oCL4Z6U4Z+S4Z6a4Z6A4Z624Z6f4oCL4Z6a4Z6K4Z+S4Z6L4oCL4Z6S4Z6Y4Z+S4Z6Y4Z6T4Z674Z6J4Z+S4Z6JIOGegeGeveGelOGem+GevuGegOGekeGeuOGfoeGfpQ==	Q29uc3RpdHV0aW9uIERheQ==
663b2ca6fde86d2e91517de0	4Z6U4Z634Z6O4Z+S4Z6MIOGfqQ==	QmVuIDk=
665689161dcba421fc3a7cc7	4Z6U4Z634Z6O4Z+S4Z6MIOGfoeGfog==	QmVuIDEy
6657f05439fb9a4746934f04	4Z6R4Z634Z6c4Z624oCL4Z6Y4Z6T4Z674Z6f4Z+S4Z6f4oCL4Z6F4Z624Z6f4Z+L4oCL4Z6A4Z6Y4Z+S4Z6W4Z674Z6H4Z62IOGek+Get+GehOGekeGet+GenOGetuGemOGek+Geu+Gen+GfkuGen+GeheGetuGen+Gfi+GeouGek+GfkuGej+GemuGeh+GetuGej+GetyDhnoHhnr3hnpThnpvhnr7hnoDhnpHhnrjhn6Hhn6k=	Q2FtYm9kaWFuIE9sZGVyIFBlcnNvbnMgRGF5IGFuZCB0aGUgSW50ZXJuYXRpb25hbCBEYXkgb2YgT2xkZXIgUGVyc29ucw==
665c5a45df5f51b3a1138c05	4Z6R4Z634Z6c4Z624oCL4Z6H4Z624Z6P4Z634oCL4Z6i4Z+S4Z6T4Z6A4oCL4Z6T4Z634Z6W4Z6T4Z+S4Z6S	TmF0aW9uYWwgQXV0aG9ycycgRGF5
6678cd35ebb074e61dabc747	4Z6R4Z634Z6c4Z624oCL4Z6c4Z6U4Z+S4Z6U4oCL4Z6S4Z6Y4Z+M4oCL4Z6H4Z624Z6P4Z63IOGegeGeveGelOGem+GevuGegOGekeGeuOGfouGfog==	TmF0aW9uYWwgQ3VsdHVyZSBEYXk=
66a5748033c5d760d17c3601	4Z6W4Z+S4Z6a4Z+H4oCL4Z6a4Z624Z6H4oCL4Z6W4Z634Z6S4Z644oCL4Z6U4Z674Z6O4Z+S4Z6Z4oCL4Z6i4Z674Z+G4oCL4Z6R4Z684Z6AIOGelOGejuGfkuGeiuGfguGej+KAi+GelOGfkuGemuGekeGeuOGelCDhnpPhnrfhnoTigIvhnp/hn4bhnpbhn4figIvhnpbhn5Lhnprhn4figIvhnoHhn4Ig4Z6i4Z6A4Z6i4Z+G4Z6U4Z674Z6A	V2F0ZXIgRmVzdGl2YWw=
66aa63f326a2a767be579cef	4Z6G4Z+B4Z6E4oCL4Z6Y4Z+J4Z+B4Z6E	VG9tYi1Td2VlcGluZyBEYXkgKFFpbmdtaW5nIEZlc3RpdmFsKQ==
670248e9e1779ffc588a7c3a	4Z6P4Z+G4Z6U4Z6T4Z+L4oCL4Z6U4Z+S4Z6a4Z624Z6f4Z624Z6R4oCL4Z6f4Z+G4Z6U4Z684Z6a4oCL4Z6W4Z+S4Z6a4Z+D4oCL4Z6C4Z674Z6AIOGej+GfkuGemuGevOGenOKAi+GelOGetuGek+KAi+GeheGeu+Gfh+KAi+GegOGfkuGek+Geu+GehOKAi+GelOGeieGfkuGeh+GeuOKAi+GelOGfgeGej+Get+GegOKAi+Gel+GejuGfkuGejOKAi+GeluGet+Gel+GeluGem+GfhOGegOGemuGelOGen+Gfi+GeouGehOGfkuGeguGegOGetuGemuGemeGevOGejuGfgeGen+GfkuGegOGevCDhnoHhnr3hnpThnpvhnr7hnoDhnpHhnrjhn6Hhn6M=	VGVtcGxlIFpvbmUgb2YgU2FtYm9yIFByZWkgS3VrIHdhcyBpbnNjcmliZWQgb24gdGhlIFVORVNDTyBXb3JsZCBIZXJpdGFnZSBMaXN0
67345f5da36c0e07600ebd9d	4Z6U4Z634Z6O4Z+S4Z6MIOGfoeGfoA==	QmVuIDEw
6739410d28361f1267408466	4Z6U4Z634Z6O4Z+S4Z6MIOGfpw==	QmVuIDc=
67556f1057ab91e35dba0d00	4Z6R4Z634Z6c4Z624oCL4Z6F4Z684Z6b4oCL4Z6G4Z+S4Z6T4Z624Z+G4oCL4Z6f4Z624Z6A4Z6b	TmV3IFllYXIncyBEYXk=
6773bbf7fea77352a6f115a1	4Z6R4Z634Z6c4Z624oCL4Z6W4Z634Z6X4Z6W4oCL4Z6b4Z+E4Z6A4oCL4Z6C4Z+S4Z6Y4Z624Z6T4oCL4Z6Q4Z+S4Z6T4Z624Z+G4oCL4Z6H4Z6A4Z+L	V29ybGQgTm8gVG9iYWNjbyBEYXk=
677aa43f31c76b414b152bf0	4Z6R4Z634Z6c4Z624oCL4Z6T4Z624Z6a4Z644oCL4Z6i4Z6T4Z+S4Z6P4Z6a4Z6H4Z624Z6P4Z63IOGegeGeveGelOGem+GevuGegOGekeGeuOGfoeGfoOGfpQ==	SW50ZXJuYXRpb25hbCBXb21lbidzIERheQ==
67871ef0e8260c92f65bd969	4Z6R4Z634Z6c4Z624oCL4Z6Y4Z6T4Z674Z6f4Z+S4Z6f4oCL4Z6F4Z624Z6f4Z+L4oCL4Z6A4Z6Y4Z+S4Z6W4Z674Z6H4Z62IOGek+Get+GehOGekeGet+GenOGetuGemOGek+Geu+Gen+GfkuGen+GeheGetuGen+Gfi+GeouGek+GfkuGej+GemuGeh+GetuGej+GetyDhnoHhnr3hnpThnpvhnr7hnoDhnpHhnrjhn6Lhn6k=	Q2FtYm9kaWFuIE9sZGVyIFBlcnNvbnMgRGF5IGFuZCB0aGUgSW50ZXJuYXRpb25hbCBEYXkgb2YgT2xkZXIgUGVyc29ucw==
67cc3a066a91b6e23eb1e701	4Z6R4Z634Z6c4Z624oCL4Z6f4Z634Z6R4Z+S4Z6S4Z634oCL4Z6Y4Z6T4Z674Z6f4Z+S4Z6f4oCL4Z6i4Z6T4Z+S4Z6P4Z6a4Z6H4Z624Z6P4Z63IOGegeGeveGelOGem+GevuGegOGekeGeuOGfpuGfow==	SW50ZXJuYXRpb25hbCBIdW1hbiBSaWdodHMgRGF5
67ce48a8f461c734bdf9003d	4Z6R4Z634Z6c4Z624oCL4Z6f4Z674Z6B4oCL4Z6X4Z624Z6W4oCL4Z6W4Z634Z6X4Z6W4oCL4Z6b4Z+E4Z6A	V29ybGQgSGVhbHRoIERheQ==
67de36d256d7465d32510c50	4Z6F4Z684Z6b4oCL4Z6G4Z+S4Z6T4Z624Z+G4oCL4Z6F4Z634Z6T	Q2hpbmVzZSBOZXcgWWVhcg==
67f42510f738074cf820fd28	4Z6R4Z634Z6c4Z624oCL4Z6U4Z6a4Z634oCL4Z6f4Z+S4Z6Q4Z624Z6T4oCL4Z6H4Z624Z6P4Z63IOGek+Get+GehOKAi+GelOGemuGet+KAi+Gen+GfkuGekOGetuGek+KAi+GeluGet+Gel+GeluKAi+Gem+GfhOGegCDhnoHhnr3hnpThnpvhnr7hnoDhnpHhnrjhn6Hhn6M=	TmF0aW9uYWwgYW5kIFdvcmxkIEVudmlyb25tZW50IERheQ==
6811e654aa36a74f1c7b5859	4Z6A4Z+G4Z6O4Z6+4Z6P4oCL4Z6T4Z6C4Z6a4oCL4Z6U4Z624Z6b4oCL4Z6H4Z624Z6P4Z63IOGegeGeveGelOGem+GevuGegOGekeGeuOGfpuGfoQ==	QmlydGggb2YgdGhlIE5hdGlvbmFsIFBvbGljZQ==
681dd7c306d97936d78886bc	4Z6A4Z6Y4Z+S4Z6W4Z674Z6H4Z624oCL4Z6F4Z684Z6b4oCL4Z6H4Z624oCL4Z6f4Z6Y4Z624oCL4Z6H4Z634Z6A4oCL4Z6i4Z6E4Z+S4Z6C4oCL4Z6A4Z624Z6a4oCL4Z6Z4Z684Z6O4Z+B4Z6f4Z+S4Z6A4Z68IOGegeGeveGelOGem+GevuGegOGekeGeuOGfp+GfoQ==	Q2FtYm9kaWEgam9pbmVkIFVORVNDTw==
68235aaf96fe9717154bcb3c	4Z6W4Z634Z6S4Z644oCL4Z6U4Z674Z6O4Z+S4Z6Z4oCL4Z6F4Z684Z6b4oCL4Z6G4Z+S4Z6T4Z624Z+G4oCL4Z6Q4Z+S4Z6Y4Z64IOGelOGfkuGemuGeluGfg+GejuGeuOKAi+Geh+GetuGej+GetyAtIOGekOGfkuGehOGfg+KAi+GeoeGevuGehOKAi+Gen+GfkOGegA==	S2htZXIgTmV3IFllYXIgLSBWZWFyZWFrIExhZXVuZyBTYWs=
683ec0f0314eb3ba79b66d2f	4Z6U4Z634Z6O4Z+S4Z6MIOGfoeGfog==	QmVuIDEy
684df8a2fadf2b255b893548	4Z6a4Z6U4Z624Z+G4oCL4Z6W4Z+S4Z6a4Z+H4oCL4Z6a4Z624Z6H4oCL4Z6R4Z+S4Z6a4Z6W4Z+S4Z6ZIOGej+GfkuGemuGevOGenOKAi+GelOGetuGek+KAi+GeheGeu+Gfh+KAi+GegOGfkuGek+Geu+GehOKAi+GelOGeieGfkuGeh+GeuOKAi+GelOGfgeGej+Get+KAi+GegOGel+GejuGfkuGejOKAi+GenOGelOGfkuGelOGekuGemOGfjOGeouGemuGevOGelOGeuOGek+Gfg+GemOGek+Geu+Gen+GfkuGen+Geh+GetuGej+GetyDhnoHhnr3hnpThnpvhnr7hnoDhnpHhnrjhn6Lhn6c=	Um95YWwgQmFsbGV0IG9mIENhbWJvZGlhIGluc2NyaWJlZCBvbiB0aGUgUmVwcmVzZW50YXRpdmUgTGlzdCBvZiB0aGUgSW50YW5naWJsZSBDdWx0dXJhbCBIZXJpdGFnZSBvZiBIdW1hbml0eQ==
6876e730898a7d38811ce39b	4Z6W4Z+S4Z6a4Z+H4oCL4Z6a4Z624Z6H4oCL4Z6W4Z634Z6S4Z644oCL4Z6U4Z674Z6O4Z+S4Z6Z4oCL4Z6i4Z674Z+G4oCL4Z6R4Z684Z6AIOGelOGejuGfkuGeiuGfguGej+KAi+GelOGfkuGemuGekeGeuOGelCDhnpPhnrfhnoTigIvhnp/hn4bhnpbhn4figIvhnpbhn5Lhnprhn4figIvhnoHhn4Ig4Z6i4Z6A4Z6i4Z+G4Z6U4Z674Z6A	V2F0ZXIgRmVzdGl2YWw=
6893cb6e55eddaf4c29d8a28	4Z6R4Z634Z6c4Z624oCL4Z6F4Z684Z6b4oCL4Z6G4Z+S4Z6T4Z624Z+G4oCL4Z6f4Z624Z6A4Z6b	TmV3IFllYXIncyBEYXk=
6898092788e1c1de365a588c	4Z6W4Z+S4Z6a4Z+H4oCL4Z6a4Z624Z6H4oCL4Z6W4Z634Z6S4Z644oCL4Z6U4Z674Z6O4Z+S4Z6Z4oCL4Z6i4Z674Z+G4oCL4Z6R4Z684Z6AIOGelOGejuGfkuGeiuGfguGej+KAi+GelOGfkuGemuGekeGeuOGelCDhnpPhnrfhnoTigIvhnp/hn4bhnpbhn4figIvhnpbhn5Lhnprhn4figIvhnoHhn4Ig4Z6i4Z6A4Z6i4Z+G4Z6U4Z674Z6A	V2F0ZXIgRmVzdGl2YWw=
689a9b9b8070f7b6d73922c6	4Z6G4Z+B4Z6E4oCL4Z6Y4Z+J4Z+B4Z6E	VG9tYi1Td2VlcGluZyBEYXkgKFFpbmdtaW5nIEZlc3RpdmFsKQ==
68b205c4a05c5f8bc50371d6	4Z6W4Z+S4Z6a4Z+H4oCL4Z6a4Z624Z6H4oCL4Z6W4Z634Z6S4Z644oCL4Z6U4Z674Z6O4Z+S4Z6Z4oCL4Z6i4Z674Z+G4oCL4Z6R4Z684Z6AIOGelOGejuGfkuGeiuGfguGej+KAi+GelOGfkuGemuGekeGeuOGelCDhnpPhnrfhnoTigIvhnp/hn4bhnpbhn4figIvhnpbhn5Lhnprhn4figIvhnoHhn4Ig4Z6i4Z6A4Z6i4Z+G4Z6U4Z674Z6A	V2F0ZXIgRmVzdGl2YWw=
68ca099f95dc6eaef4ad6c53	4Z6W4Z634Z6S4Z644oCL4Z6U4Z+G4Z6U4Z694Z6f4oCL4Z6T4Z624Z6C4oCL4Z6B4Z+S4Z6T4Z624Z6T	VGhlIE9yZGFpbmVkIERyYWdvbiBNb25r
68e8bc10ef124d5114d1b417	4Z6P4Z+G4Z6U4Z6T4Z+L4oCL4Z6U4Z+S4Z6a4Z624Z6f4Z624Z6R4oCL4Z6f4Z+G4Z6U4Z684Z6a4oCL4Z6W4Z+S4Z6a4Z+D4oCL4Z6C4Z674Z6AIOGej+GfkuGemuGevOGenOKAi+GelOGetuGek+KAi+GeheGeu+Gfh+KAi+GegOGfkuGek+Geu+GehOKAi+GelOGeieGfkuGeh+GeuOKAi+GelOGfgeGej+Get+GegOKAi+Gel+GejuGfkuGejOKAi+GeluGet+Gel+GeluGem+GfhOGegOGemuGelOGen+Gfi+GeouGehOGfkuGeguGegOGetuGemuGemeGevOGejuGfgeGen+GfkuGegOGevCDhnoHhnr3hnpThnpvhnr7hnoDhnpHhnrjhn6Hhn6I=	VGVtcGxlIFpvbmUgb2YgU2FtYm9yIFByZWkgS3VrIHdhcyBpbnNjcmliZWQgb24gdGhlIFVORVNDTyBXb3JsZCBIZXJpdGFnZSBMaXN0
6908ce7265b49d0e22e2d8c6	4Z6R4Z634Z6c4Z624oCL4Z6A4Z674Z6Y4Z624Z6a4oCL4Z6i4Z6T4Z+S4Z6P4Z6a4oCL4Z6H4Z624Z6P4Z63IOGegeGeveGelOGem+GevuGegOGekeGeuOGfp+GfoA==	SW50ZXJuYXRpb25hbCBDaGlsZHJlbidzIERheQ==
6912ca8b87223d88d16602ff	4Z6W4Z634Z6S4Z644oCL4Z6U4Z674Z6O4Z+S4Z6Z4oCL4Z6c4Z634Z6f4Z624Z6B4oCL4Z6U4Z684Z6H4Z62	VmlzYWsgQm9jaGVh
691b1e3af87c4af14a7be0f1	4Z6U4Z674Z6O4Z+S4Z6Z4oCL4Z6g4Z624Z6h4Z684Z6c4Z644Z6T	SGFsbG93ZWVu
692bacac2c1e4913a0ac44ec	4Z6U4Z674Z6O4Z+S4Z6Z4oCL4Z6O4Z684Z6i4Z+C4Z6b	Q2hyaXN0bWFzIERheQ==
693fc82696f14da1bb7e5de7	4Z6U4Z634Z6O4Z+S4Z6MIOGfpQ==	QmVuIDU=
6966144ba8c6c34f7ebc4208	4Z6U4Z6O4Z+S4Z6O4Z6f4Z624Z6a4oCL4Z6f4Z624Z6a4Z6Y4Z6T4Z+S4Z6R4Z644Z6a4oCL4Z6n4Z6A4Z+S4Z6a4Z634Z6K4Z+S4Z6L4Z6A4Z6Y4Z+S4Z6Y4oCL4Z6U4Z+S4Z6a4Z6b4Z+Q4Z6Z4oCL4Z6W4Z684Z6H4Z6f4Z624Z6f4Z6T4Z+N4oCL4Z6R4Z694Z6b4oCL4Z6f4Z+S4Z6b4Z+C4Z6EIOGej+GfkuGemuGevOGenOKAi+GelOGetuGek+KAi+GeheGeu+Gfh+KAi+GegOGfkuGek+Geu+GehOKAi+GelOGeieGfkuGeh+GeuOKAi+Gen+GfkuGemOGetuGemuGej+GeuOKAi+GeheGehOGeheGetuGfhuKAi+Gek+Gfg+KAi+GeluGet+Gel+GeluKAi+Gem+GfhOGegOKAi+GemuGelOGen+Gfi+KAi+GemeGevOGejuGfgeGen+GfkuGegOGevCDhnoHhnr3hnpThnpvhnr7hnoDhnpHhnrjhn6M=	VGhlIGFyY2hpdmVzIG9mIFR1b2wgU2xlbmcgR2Vub2NpZGUgTXVzZXVtIGFyZSByZWdpc3RlcmVkIGFzIHBhcnQgb2YgdGhlIE1lbW9yeSBvZiB0aGUgV29ybGQgYnkgVU5FU0NP
69826249725a5e8e29c95521	4Z6R4Z634Z6c4Z624oCL4Z6Y4Z6F4Z+S4Z6G4Z624oCL4Z6H4Z624Z6P4Z63	TmF0aW9uYWwgRmlzaCBEYXk=
69929da5337b96f6874ffe2d	4Z6Q4Z+S4Z6E4Z+D4oCL4Z6U4Z674Z6O4Z+S4Z6Z4oCL4Z6T4Z+D4oCL4Z6f4Z+B4Z6F4Z6A4Z+S4Z6P4Z644oCL4Z6f4Z+S4Z6a4Z6b4Z624Z6J4Z+L	VmFsZW50aW5lJ3MgRGF5
69baadea0bf512d92a56b37e	4Z6R4Z634Z6c4Z624oCL4Z6F4Z684Z6b4oCL4Z6G4Z+S4Z6T4Z624Z+G4oCL4Z6f4Z624Z6A4Z6b	TmV3IFllYXIncyBEYXk=
69bdaa85dfc8319b5d073230	4Z6R4Z634Z6c4Z624oCL4Z6T4Z6Z4Z+E4Z6U4Z624Z6Z4oCL4Z6R4Z654Z6A	V2F0ZXIgUG9saWN5IERheQ==
69d0abde91c87a65dd843d24	4Z6R4Z634Z6c4Z624oCL4Z6i4Z6A4Z+S4Z6B4Z6a4oCL4Z6A4Z6Y4Z+S4Z6Y4oCL4Z6i4Z6T4Z+S4Z6P4Z6a4oCL4Z6H4Z624Z6P4Z63	SW50ZXJuYXRpb25hbCBMaXRlcmFjeSBEYXk=
69f115f1cd9dcceb98667333	4Z6W4Z634Z6S4Z644oCL4Z6U4Z+G4Z6U4Z694Z6f4oCL4Z6T4Z624Z6C4oCL4Z6B4Z+S4Z6T4Z624Z6T	VGhlIE9yZGFpbmVkIERyYWdvbiBNb25r
6a0270db6be775752eda9508	4Z6P4Z+G4Z6U4Z6T4Z+L4oCL4Z6U4Z+S4Z6a4Z624Z6f4Z624Z6R4oCL4Z6A4Z+E4Z+H4oCL4Z6A4Z+B4Z6aIOGej+GfkuGemuGevOGenOKAi+GelOGetuGek+KAi+GeheGeu+Gfh+KAi+GegOGfkuGek+Geu+GehOKAi+GelOGeieGfkuGeh+GeuOKAi+GelOGfgeGej+Get+GegOKAi+Gel+GejuGfkuGejOKAi+GeluGet+Gel+GeluGem+GfhOGegOGemuGelOGen+Gfi+GeouGehOGfkuGeguGegOGetuGemuGemeGevOGejuGfgeGen+GfkuGegOGevCDhnoHhnr3hnpThnpvhnr7hnoDhnpHhnrjhn6E=	S29oIEtlciBpbnNjcmliZWQgb24gdGhlIFVORVNDTyBXb3JsZCBIZXJpdGFnZSBMaXN0
6a13cd701547ee0059b667a8	4Z6R4Z634Z6c4Z624oCL4Z6W4Z6b4Z6A4Z6Y4Z+S4Z6Y4oCL4Z6i4Z6T4Z+S4Z6P4Z6a4Z6H4Z624Z6P4Z63IOGegeGeveGelOGem+GevuGegOGekeGeuOGfoeGfo+GfqA==	SW50ZXJuYXRpb25hbCBMYWJvciBEYXk=
6a1e6e60d3e316cc8c1eca24	4Z6R4Z634Z6c4Z624oCL4Z6i4Z6T4Z+S4Z6P4Z6a4oCL4Z6H4Z624Z6P4Z634oCL4Z6H4Z6T4Z6H4Z624Z6P4Z634Z6K4Z6+4Z6Y4Z6X4Z624Z6C4Z6P4Z634Z6F4Z6W4Z634Z6X4Z6W4Z6b4Z+E4Z6A	SW50ZXJuYXRpb25hbCBEYXkgb2YgdGhlIFdvcmxkJ3MgSW5kaWdlbm91cyBQZW9wbGVz
6a5056d3eb90dc6d39473606	4Z6W4Z634Z6S4Z644oCL4Z6U4Z674Z6O4Z+S4Z6Z4oCL4Z6X4Z+S4Z6H4Z674Z+G4oCL4Z6U4Z634Z6O4Z+S4Z6M	UGNodW0gQmVuIEZlc3RpdmFs
6a6d51dd2b981afeedac0fc5	4Z6W4Z+S4Z6a4Z+H4oCL4Z6a4Z624Z6H4oCL4Z6W4Z634Z6S4Z644oCL4Z6F4Z+S4Z6a4Z6P4Z+L4oCL4Z6W4Z+S4Z6a4Z+H4oCL4Z6T4Z6E4Z+S4Z6C4Z+Q4Z6b	Um95YWwgUGxvdWdoaW5nIENlcmVtb255
6a755abbe96186d0e97ece4b	4Z6W4Z634Z6S4Z644oCL4Z6U4Z674Z6O4Z+S4Z6Z4oCL4Z6X4Z+S4Z6H4Z674Z+G4oCL4Z6U4Z634Z6O4Z+S4Z6M	UGNodW0gQmVuIEZlc3RpdmFs
6a7e4b52e566d61e094af656	4Z6W4Z634Z6S4Z644oCL4Z6U4Z674Z6O4Z+S4Z6Z4oCL4Z6F4Z684Z6b4oCL4Z6G4Z+S4Z6T4Z624Z+G4oCL4Z6Q4Z+S4Z6Y4Z64IOGelOGfkuGemuGeluGfg+GejuGeuOKAi+Geh+GetuGej+GetyAtIOGekOGfkuGehOGfg+KAi+GeoeGevuGehOKAi+Gen+GfkOGegA==	S2htZXIgTmV3IFllYXIgLSBWZWFyZWFrIExhZXVuZyBTYWs=
6a8007d311175dade8d51426	4Z6P4Z+G4Z6U4Z6T4Z+L4oCL4Z6a4Z6Y4Z6O4Z644oCL4Z6K4Z+S4Z6L4Z624Z6T4oCL4Z6i4Z6E4Z+S4Z6C4Z6aIOGej+GfkuGemuGevOGenOKAi+GelOGetuGek+KAi+GeheGeu+Gfh+KAi+GegOGfkuGek+Geu+GehOKAi+GelOGeieGfkuGeh+GeuOKAi+GelOGfgeGej+Get+GegOKAi+Gel+GejuGfkuGejOKAi+GeluGet+Gel+GeluGem+GfhOGegOGemuGelOGen+Gfi+GeouGehOGfkuGeguGegOGetuGemuGemeGevOGejuGfgeGen+GfkuGegOGevCDhnoHhnr3hnpThnpvhnr7hnoDhnpHhnrjhn6Lhn6A=	QW5na29yIHdhcyBpbnNjcmliZWQgb24gdGhlIFVORVNDTyBXb3JsZCBIZXJpdGFnZSBMaXN0
6ae0dd91e826fa39d3525717	4Z6R4Z634Z6c4Z624oCL4Z6Y4Z6T4Z674Z6f4Z+S4Z6f4oCL4Z6F4Z624Z6f4Z+L4oCL4Z6A4Z6Y4Z+S4Z6W4Z674Z6H4Z62IOGek+Get+GehOGekeGet+GenOGetuGemOGek+Geu+Gen+GfkuGen+GeheGetuGen+Gfi+GeouGek+GfkuGej+GemuGeh+GetuGej+GetyDhnoHhnr3hnpThnpvhnr7hnoDhnpHhnrjhn6M=	Q2FtYm9kaWFuIE9sZGVyIFBlcnNvbnMgRGF5IGFuZCB0aGUgSW50ZXJuYXRpb25hbCBEYXkgb2YgT2xkZXIgUGVyc29ucw==
6aed80721f130f2158a3b84c	4Z6W4Z+S4Z6a4Z+H4oCL4Z6a4Z624Z6H4oCL4Z6W4Z634Z6S4Z644oCL4Z6F4Z+S4Z6a4Z6P4Z+L4oCL4Z6W4Z+S4Z6a4Z+H4oCL4Z6T4Z6E4Z+S4Z6C4Z+Q4Z6b	Um95YWwgUGxvdWdoaW5nIENlcmVtb255
6af68e0d5eef8ed8f0215d89	4Z6R4Z634Z6c4Z624Z6R4Z654Z6AIOGek+Get+GehOGep+Gej+Geu+Gek+Get+GemeGemOGeluGet+Gel+GeluGem+GfhOGegA==	V29ybGQgV2F0ZXIgYW5kIFdvcmxkIE1ldGVvcm9sb2dpY2FsIERheQ==
6b364d846a7390ebe99f6227	4Z6R4Z634Z6c4Z624oCL4Z6i4Z6A4Z+S4Z6B4Z6a4oCL4Z6A4Z6Y4Z+S4Z6Y4oCL4Z6i4Z6T4Z+S4Z6P4Z6a4oCL4Z6H4Z624Z6P4Z63	SW50ZXJuYXRpb25hbCBMaXRlcmFjeSBEYXk=
6b408ff8ef5321e948f25c91	4Z6W4Z+S4Z6a4Z+H4oCL4Z6a4Z624Z6H4oCL4Z6W4Z634Z6S4Z644oCL4Z6U4Z674Z6O4Z+S4Z6Z4oCL4Z6i4Z674Z+G4oCL4Z6R4Z684Z6AIOGelOGejuGfkuGeiuGfguGej+KAi+GelOGfkuGemuGekeGeuOGelCDhnpPhnrfhnoTigIvhnp/hn4bhnpbhn4figIvhnpbhn5Lhnprhn4figIvhnoHhn4Ig4Z6i4Z6A4Z6i4Z+G4Z6U4Z674Z6A	V2F0ZXIgRmVzdGl2YWw=
6b6a79532859c4054af53b93	4Z6F4Z684Z6b4oCL4Z6G4Z+S4Z6T4Z624Z+G4oCL4Z6F4Z634Z6T	Q2hpbmVzZSBOZXcgWWVhcg==
6b7191f553e3b245fae9e78d	4Z6R4Z634Z6c4Z624oCL4Z6W4Z634Z6X4Z6W4Z6b4Z+E4Z6A4oCL4Z6A4Z+G4Z6F4Z624Z6P4Z+L4oCL4Z6a4Z+E4Z6C4oCL4Z6a4Z6U4Z+B4Z6E	V29ybGQgVHViZXJjdWxvc2lzIERheQ==
6b783295e81638e189a53c89	4Z6W4Z+S4Z6a4Z+H4oCL4Z6a4Z624Z6H4oCL4Z6W4Z634Z6S4Z644oCL4Z6U4Z674Z6O4Z+S4Z6Z4oCL4Z6i4Z674Z+G4oCL4Z6R4Z684Z6AIOGelOGejuGfkuGeiuGfguGej+KAi+GelOGfkuGemuGekeGeuOGelCDhnpPhnrfhnoTigIvhnp/hn4bhnpbhn4figIvhnpbhn5Lhnprhn4figIvhnoHhn4Ig4Z6i4Z6A4Z6i4Z+G4Z6U4Z674Z6A	V2F0ZXIgRmVzdGl2YWw=
6b9bf2807fb20636807c28d7	4Z6R4Z634Z6c4Z624oCL4Z6i4Z6T4Z+S4Z6P4Z6a4oCL4Z6H4Z624Z6P4Z634oCL4Z6U4Z+S4Z6a4Z6Z4Z674Z6R4Z+S4Z6S4oCL4Z6U4Z+S4Z6a4Z6G4Z624Z+G4Z6E4oCL4Z6C4Z+S4Z6a4Z6/4Z6E4oCL4Z6J4Z+A4Z6T	SW50ZXJuYXRpb25hbCBEYXkgQWdhaW5zdCBEcnVnIEFidXNlIGFuZCBJbGxpY2l0IFRyYWZmaWNraW5n
6b9cbf6fd70edf323b3aa765	4Z6R4Z634Z6c4Z624oCL4Z6A4Z674Z6Y4Z624Z6a4oCL4Z6i4Z6T4Z+S4Z6P4Z6a4oCL4Z6H4Z624Z6P4Z63IOGegeGeveGelOGem+GevuGegOGekeGeuOGfpuGfpQ==	SW50ZXJuYXRpb25hbCBDaGlsZHJlbidzIERheQ==
6ba9b9e57cf916e6ef8f6efd	4Z6R4Z634Z6c4Z624oCL4Z6C4Z+S4Z6a4Z684oCL4Z6U4Z6E4Z+S4Z6a4Z+A4Z6T4oCL4Z6W4Z634Z6X4Z6W4oCL4Z6b4Z+E4Z6A	V29ybGQgVGVhY2hlcidzIERheQ==
6bc891b9ceaf58888b9b8074	4Z6U4Z674Z6O4Z+S4Z6Z4oCL4Z6O4Z684Z6i4Z+C4Z6b	Q2hyaXN0bWFzIERheQ==
6be8aabd39944f04266b589e	4Z6U4Z634Z6O4Z+S4Z6MIOGfoeGfow==	QmVuIDEz
6bf10b049a9ad6e72fb46e62	4Z6R4Z634Z6c4Z624oCL4Z6H4Z624Z6P4Z634oCL4Z6T4Z+D4oCL4Z6A4Z624Z6a4oCL4Z6F4Z6E4oCL4Z6F4Z624Z+G	TmF0aW9uYWwgRGF5IG9mIFJlbWVtYnJhbmNl
6c0bac2cadac5efd864f3b64	4Z6b4Z+S4Z6U4Z+C4Z6E4oCL4Z6R4Z624Z6J4oCL4Z6W4Z+S4Z6a4Z+Q4Z6P4Z+S4Z6aIOGej+GfkuGemuGevOGenOKAi+GelOGetuGek+KAi+GeheGeu+Gfh+KAi+GegOGfkuGek+Geu+GehOKAi+GelOGeieGfkuGeh+GeuOKAi+GelOGfgeGej+Get+GegOKAi+Gel+GejuGfkuGejOKAi+GenOGelOGfkuGelOGekuGemOGfjOGeouGemuGevOGelOGeuOGek+Gfg+GemOGek+Geu+Gen+GfkuGen+Geh+GetuGej+GetyDhnoHhnr3hnpThnpvhnr7hnoDhnpHhnrjhn6Hhn6M=	VHVnIG9mIFdhciBpbnNjcmliZWQgb24gdGhlIFJlcHJlc2VudGF0aXZlIExpc3Qgb2YgdGhlIEludGFuZ2libGUgQ3VsdHVyYWwgSGVyaXRhZ2Ugb2YgSHVtYW5pdHk=
6c22ba3c713e071f727a047d	4Z6R4Z634Z6c4Z624oCL4Z6W4Z634Z6X4Z6W4Z6b4Z+E4Z6A4oCL4Z6A4Z+G4Z6F4Z624Z6P4Z+L4oCL4Z6a4Z+E4Z6C4oCL4Z6a4Z6U4Z+B4Z6E	V29ybGQgVHViZXJjdWxvc2lzIERheQ==
6c5eefb0d22157babe4c90ad	4Z6A4Z6Y4Z+S4Z6W4Z674Z6H4Z624oCL4Z6F4Z684Z6b4oCL4Z6H4Z624oCL4Z6f4Z6Y4Z624oCL4Z6H4Z634Z6A4oCL4Z6i4Z6E4Z+S4Z6C4oCL4Z6A4Z624Z6a4oCL4Z6f4Z6g4oCL4Z6U4Z+S4Z6a4Z6H4Z624Z6H4Z624Z6P4Z63IOGegeGeveGelOGem+GevuGegOGekeGeuOGfpOGfpg==	Q2FtYm9kaWEgYmVjYW1lIGEgbWVtYmVyIG9mIHRoZSBVbml0ZWQgTmF0aW9ucw==
6c8ab568b40ca78607e0a19c	4Z6R4Z634Z6c4Z624oCL4Z6H4Z624Z6P4Z634oCL4Z6T4Z+D4oCL4Z6A4Z624Z6a4oCL4Z6F4Z6E4oCL4Z6F4Z624Z+G	TmF0aW9uYWwgRGF5IG9mIFJlbWVtYnJhbmNl
6cbf8f0eb86ead4a79f8785a	4Z6R4Z634Z6c4Z624oCL4Z6W4Z634Z6X4Z6W4oCL4Z6b4Z+E4Z6AIOGeiuGevuGemOGfkuGelOGeuOGen+Geu+GenOGej+GfkuGekOGet+Gel+GetuGeliDhnpPhnrfhnoThnp/hnrvhnoHhnpfhnrbhnpbhnoDhnrbhnprhnoThnrbhnpog4Z6B4Z694Z6U4Z6b4Z6+4Z6A4Z6R4Z644Z+k	V29ybGQgRGF5IGZvciBTYWZldHkgYW5kIEhlYWx0aCBhdCBXb3Jr
6cc5b7c29a5c53b49cb71b40	4Z6R4Z634Z6c4Z624oCL4Z6W4Z634Z6X4Z6W4Z6b4Z+E4Z6A4oCL4Z6A4Z+G4Z6F4Z624Z6P4Z+L4oCL4Z6a4Z+E4Z6C4oCL4Z6a4Z6U4Z+B4Z6E	V29ybGQgVHViZXJjdWxvc2lzIERheQ==
6cf8d0f4504fe8042d4de992	4Z6U4Z634Z6O4Z+S4Z6MIOGfoeGfow==	QmVuIDEz
6d0948009616362015a005a2	4Z6U4Z674Z6O4Z+S4Z6Z4oCL4Z6O4Z684Z6i4Z+C4Z6b	Q2hyaXN0bWFzIERheQ==
6d234401f5d6cdc3e71332b6	4Z6U4Z6O4Z+S4Z6O4Z6f4Z624Z6a4oCL4Z6f4Z624Z6a4Z6Y4Z6T4Z+S4Z6R4Z644Z6a4oCL4Z6n4Z6A4Z+S4Z6a4Z634Z6K4Z+S4Z6L4Z6A4Z6Y4Z+S4Z6Y4oCL4Z6U4Z+S4Z6a4Z6b4Z+Q4Z6Z4oCL4Z6W4Z684Z6H4Z6f4Z624Z6f4Z6T4Z+N4oCL4Z6R4Z694Z6b4oCL4Z6f4Z+S4Z6b4Z+C4Z6EIOGej+GfkuGemuGevOGenOKAi+GelOGetuGek+KAi+GeheGeu+Gfh+KAi+GegOGfkuGek+Geu+GehOKAi+GelOGeieGfkuGeh+GeuOKAi+Gen+GfkuGemOGetuGemuGej+GeuOKAi+GeheGehOGeheGetuGfhuKAi+Gek+Gfg+KAi+GeluGet+Gel+GeluKAi+Gem+GfhOGegOKAi+GemuGelOGen+Gfi+KAi+GemeGevOGejuGfgeGen+GfkuGegOGevCDhnoHhnr3hnpThnpvhnr7hnoDhnpHhnrjhn6Y=	VGhlIGFyY2hpdmVzIG9mIFR1b2wgU2xlbmcgR2Vub2NpZGUgTXVzZXVtIGFyZSByZWdpc3RlcmVkIGFzIHBhcnQgb2YgdGhlIE1lbW9yeSBvZiB0aGUgV29ybGQgYnkgVU5FU0NP
6d31d9ab5f0265221f6dbc15	4Z6W4Z+S4Z6a4Z+H4oCL4Z6a4Z624Z6H4oCL4Z6W4Z634Z6S4Z644oCL4Z6U4Z674Z6O4Z+S4Z6Z4oCL4Z6F4Z6Y4Z+S4Z6a4Z6+4Z6T4oCL4Z6W4Z+S4Z6a4Z+H4oCL4Z6H4Z6T4Z+S4Z6YIOGen+GemOGfkuGej+GfgeGeheKAi+GeluGfkuGemuGfh+KAi+GemOGeoOGetuGegOGfkuGen+Gej+GfkuGemuGeuCDhnpPhnprhn4Thno/hn5Lhno/hnpgg4Z6Y4Z674Z6T4Z634Z6T4Z624Z6QIOGen+GeuOGeoOGek+GeuyDhnpbhn5Lhnprhn4figIvhnpzhnprhnprhnrbhnofigIvhnpjhnrbhno/hnrbigIvhnofhnrbhno/hnrfigIvhnoHhn5Lhnpjhn4Lhnpog4Z6A4Z+S4Z6T4Z674Z6E4oCL4Z6f4Z+B4Z6a4Z644Z6X4Z624Z6WIOGen+GfgeGeheGegOGfkuGej+GeuOGekOGfkuGem+Gfg+GekOGfkuGek+GevOGemiDhnpPhnrfhnoTigIvhnp/hnrvhnpfhnpjhnoThn5LhnoLhnps=	UXVlZW4gTW90aGVyJ3MgQmlydGhkYXk=
6d48b41aa305a12a97b3c43c	4Z6R4Z634Z6c4Z624oCL4Z6U4Z644Z6P4Z62	RmF0aGVyJ3MgRGF5
6d59a7c248e6abffcf829850	4Z6U4Z674Z6O4Z+S4Z6Z4oCL4Z6g4Z624Z6h4Z684Z6c4Z644Z6T	SGFsbG93ZWVu
6d6384559862213b7e59cdca	4Z6R4Z634Z6c4Z624oCL4Z6W4Z634Z6X4Z6W4oCL4Z6b4Z+E4Z6A4oCL4Z6A4Z624Z6A4oCL4Z6U4Z624Z6R4oCL4Z6A4Z+S4Z6a4Z6g4Z6YIOGek+Get+GehOKAi+GeouGejOGfkuGejeGeheGek+GfkuGekeGegOGfkuGemuGeoOGemA==	V29ybGQgUmVkIENyb3NzIGFuZCBSZWQgQ3Jlc2NlbnQgRGF5
6d66a4677708ba47c800d572	4Z6R4Z634Z6c4Z624oCL4Z6c4Z6U4Z+S4Z6U4oCL4Z6S4Z6Y4Z+M4oCL4Z6H4Z624Z6P4Z63IOGegeGeveGelOGem+GevuGegOGekeGeuOGfpA==	TmF0aW9uYWwgQ3VsdHVyZSBEYXk=
6d6b0eebaa1db9de09dd09b4	4Z6R4Z634Z6c4Z624oCL4Z6U4Z644Z6P4Z62	RmF0aGVyJ3MgRGF5
6d793df82316fab6632a6135	4Z6R4Z634Z6c4Z624oCL4Z6W4Z6b4Z6A4Z6Y4Z+S4Z6Y4oCL4Z6i4Z6T4Z+S4Z6P4Z6a4Z6H4Z624Z6P4Z63IOGegeGeveGelOGem+GevuGegOGekeGeuOGfoeGfouGfpg==	SW50ZXJuYXRpb25hbCBMYWJvciBEYXk=
6d798921e93874e3cbb9ebca	4Z6W4Z634Z6S4Z644oCL4Z6U4Z674Z6O4Z+S4Z6Z4oCL4Z6F4Z684Z6b4oCL4Z6G4Z+S4Z6T4Z624Z+G4oCL4Z6Q4Z+S4Z6Y4Z64IOGelOGfkuGemuGeluGfg+GejuGeuOKAi+Geh+GetuGej+GetyAtIOGemOGeoOGetuKAi+Gen+GehOGfkuGegOGfkuGemuGetuGek+GfkuGejyDhnpjhn4nhn4ThnoQg4Z+g4Z+kOuGfoOGfoCBQTQ==	S2htZXIgTmV3IFllYXIgLSBNb2hhIFNhbmtyYW50YSBhdCAwNDowMCBQTQ==
6d871f1eda30d5b5459c13fe	4Z6R4Z634Z6c4Z624oCL4Z6U4Z+S4Z6a4Z6Z4Z674Z6R4Z+S4Z6S4oCL4Z6U4Z+S4Z6a4Z6G4Z624Z+G4Z6E4oCL4Z6i4Z+G4Z6W4Z6+4oCL4Z6W4Z674Z6A4Z6a4Z6b4Z694Z6Z	QW50aS1Db3JydXB0aW9uIERheQ==
6d8771d39a545443e8c03854	4Z6R4Z634Z6c4Z624oCL4Z6f4Z+B4Z6a4Z644oCL4Z6X4Z624Z6W4oCL4Z6f4Z624Z6a4Z6W4Z+Q4Z6P4Z+M4Z6Y4Z624Z6T4oCL4Z6W4Z634Z6X4Z6W4oCL4Z6b4Z+E4Z6AIOGegeGeveGelOGem+GevuGegOGekeGeuOGfoeGfoQ==	V29ybGQgUHJlc3MgRnJlZWRvbSBEYXk=
6db6fda53dae8f44be562d22	4Z6W4Z634Z6S4Z644oCL4Z6U4Z674Z6O4Z+S4Z6Z4oCL4Z6v4Z6A4Z6a4Z624Z6H4Z+S4Z6Z4oCL4Z6H4Z624Z6P4Z63IOGegeGeveGelOGem+GevuGegOGekeGeuOGfpuGfoQ==	SW5kZXBlbmRlbmNlIERheQ==
6dc855382b0484295a132c8f	4Z6f4Z+C4Z6T4oCL4Z6T4Z+G4oCL4Z6F4Z624Z+G4Z6E	U3RpY2t5IFJpY2UgRHVtcGxpbmdzIChab25nemkp
6dc8950281c392b3add1c41c	4Z6W4Z634Z6S4Z644oCL4Z6U4Z674Z6O4Z+S4Z6Z4oCL4Z6X4Z+S4Z6H4Z674Z+G4oCL4Z6U4Z634Z6O4Z+S4Z6M	UGNodW0gQmVuIEZlc3RpdmFs
6dcefd4bfec5727cdec0f9e7	4Z6R4Z634Z6c4Z624oCL4Z6H4Z624Z6P4Z634oCL4Z6Z4Z6b4Z+L4oCL4Z6K4Z654Z6E4oCL4Z6W4Z644oCL4Z6Y4Z644Z6TIOGegeGeveGelOGem+GevuGegOGekeGeuOGfouGfpA==	TmF0aW9uYWwgTWluZSBBd2FyZW5lc3MgRGF5
6dd0abdd715da887c857a710	4Z6U4Z634Z6O4Z+S4Z6MIOGfoeGfoQ==	QmVuIDEx
6dd48964e3b23b1eb89e1c96	4Z6W4Z+S4Z6a4Z+H4oCL4Z6a4Z624Z6H4oCL4Z6W4Z634Z6S4Z644oCL4Z6U4Z674Z6O4Z+S4Z6Z4oCL4Z6i4Z674Z+G4oCL4Z6R4Z684Z6AIOGelOGejuGfkuGeiuGfguGej+KAi+GelOGfkuGemuGekeGeuOGelCDhnpPhnrfhnoTigIvhnp/hn4bhnpbhn4figIvhnpbhn5Lhnprhn4figIvhnoHhn4Ig4Z6i4Z6A4Z6i4Z+G4Z6U4Z674Z6A	V2F0ZXIgRmVzdGl2YWw=
6dd592231ab384db7c31e3da	4Z6R4Z634Z6c4Z624oCL4Z6A4Z674Z6Y4Z624Z6a4oCL4Z6i4Z6T4Z+S4Z6P4Z6a4oCL4Z6H4Z624Z6P4Z63IOGegeGeveGelOGem+GevuGegOGekeGeuOGfpeGfog==	SW50ZXJuYXRpb25hbCBDaGlsZHJlbidzIERheQ==
6dddcccce6525586d7ee7037	4Z6U4Z634Z6O4Z+S4Z6MIOGfpw==	QmVuIDc=
6de45ff211ff09d71716ca17	4Z6R4Z634Z6c4Z624oCL4Z6W4Z634Z6X4Z6W4oCL4Z6b4Z+E4Z6A4oCL4Z6U4Z+S4Z6a4Z6Z4Z674Z6R4Z+S4Z6S4oCL4Z6U4Z+S4Z6a4Z6G4Z624Z+G4Z6E4oCL4Z6T4Z654Z6E4oCL4Z6H4Z+G4Z6E4Z664oCL4Z6i4Z+B4Z6K4Z6f4Z+N	V29ybGQgQUlEUyBEYXk=
6dfa068b59e6dc423dc16e83	4Z6R4Z634Z6c4Z624oCL4Z6i4Z624oCL4Z6A4Z624Z6f4oCL4Z6F4Z6a4Z6O4Z+N4Z6f4Z+K4Z644Z6c4Z634Z6b	Q2l2aWwgQXZpYXRpb24gRGF5
6e06100befb1a16268181a40	4Z6W4Z634Z6S4Z644oCL4Z6U4Z674Z6O4Z+S4Z6Z4oCL4Z6F4Z684Z6b4oCL4Z6G4Z+S4Z6T4Z624Z+G4oCL4Z6Q4Z+S4Z6Y4Z64IOGelOGfkuGemuGeluGfg+GejuGeuOKAi+Geh+GetuGej+GetyAtIOGenOGetuGemuGfiOKAi+GenOGfkOGek+KAi+GelOGejw==	S2htZXIgTmV3IFllYXIgLSBWZWFyZWFrIFZhbmFiYXQ=
6e18b16aab293c9f859e791c	4Z6U4Z634Z6O4Z+S4Z6MIOGfoeGfoQ==	QmVuIDEx
6e1b4f89602d8111f658824d	4Z6R4Z634Z6c4Z624oCL4Z6W4Z634Z6X4Z6W4oCL4Z6b4Z+E4Z6A4oCL4Z6U4Z+S4Z6a4Z6G4Z624Z+G4Z6E4oCL4Z6W4Z6b4Z6A4Z6Y4Z+S4Z6Y4oCL4Z6A4Z674Z6Y4Z624Z6aIOGegeGeveGelOGem+GevuGegOGekeGeuOGfoeGfog==	SGFwcHkgV29ybGQgRGF5IEFnYWluc3QgQ2hpbGQgTGFib3Vy
6e34f450d1d4665665b25484	4Z6R4Z634Z6c4Z624oCL4Z6W4Z6b4Z6A4Z6Y4Z+S4Z6Y4oCL4Z6i4Z6T4Z+S4Z6P4Z6a4Z6H4Z624Z6P4Z63IOGegeGeveGelOGem+GevuGegOGekeGeuOGfoeGfouGfoA==	SW50ZXJuYXRpb25hbCBMYWJvciBEYXk=
6e3b1abb2edfe5d3444e4ce8	4Z6U4Z634Z6O4Z+S4Z6MIOGfog==	QmVuIDI=
6e3e946680f741025848feec	4Z6R4Z634Z6c4Z624Z6R4Z654Z6AIOGek+Get+GehOGep+Gej+Geu+Gek+Get+GemeGemOGeluGet+Gel+GeluGem+GfhOGegA==	V29ybGQgV2F0ZXIgYW5kIFdvcmxkIE1ldGVvcm9sb2dpY2FsIERheQ==
6e42853f5865f74956540486	4Z6W4Z+S4Z6a4Z+H4oCL4Z6a4Z624Z6H4oCL4Z6W4Z634Z6S4Z644oCL4Z6U4Z674Z6O4Z+S4Z6Z4oCL4Z6i4Z674Z+G4oCL4Z6R4Z684Z6AIOGelOGejuGfkuGeiuGfguGej+KAi+GelOGfkuGemuGekeGeuOGelCDhnpPhnrfhnoTigIvhnp/hn4bhnpbhn4figIvhnpbhn5Lhnprhn4figIvhnoHhn4Ig4Z6i4Z6A4Z6i4Z+G4Z6U4Z674Z6A	V2F0ZXIgRmVzdGl2YWw=
6e42a37a8aebaa1259e15a22	4Z6R4Z634Z6c4Z624oCL4Z6T4Z6Z4Z+E4Z6U4Z624Z6Z4oCL4Z6R4Z654Z6A	V2F0ZXIgUG9saWN5IERheQ==
6e43f73cecc31e654278ee5c	4Z6A4Z6L4Z634Z6T4oCL4Z6A4Z624Z6b	S2F0aGVuIEthbA==
6e4d1c6b7add6d3b74197347	4Z6W4Z634Z6S4Z644oCL4Z6U4Z674Z6O4Z+S4Z6Z4oCL4Z6F4Z684Z6b4oCL4Z6G4Z+S4Z6T4Z624Z+G4oCL4Z6Q4Z+S4Z6Y4Z64IOGelOGfkuGemuGeluGfg+GejuGeuOKAi+Geh+GetuGej+GetyAtIOGemOGeoOGetuKAi+Gen+GehOGfkuGegOGfkuGemuGetuGek+GfkuGejyDhnpjhn4nhn4ThnoQg4Z+g4Z+lOuGfo+GfpiBQTQ==	S2htZXIgTmV3IFllYXIgLSBNb2hhIFNhbmtyYW50YSBhdCAwNTozNiBQTQ==
6e5b72712b6cd0a304686556	4Z6W4Z+S4Z6a4Z+H4oCL4Z6a4Z624Z6H4oCL4Z6W4Z634Z6S4Z644oCL4Z6U4Z674Z6O4Z+S4Z6Z4oCL4Z6F4Z6Y4Z+S4Z6a4Z6+4Z6T4oCL4Z6W4Z+S4Z6a4Z+H4oCL4Z6H4Z6T4Z+S4Z6YIOGeluGfkuGemuGfh+KAi+GegOGemuGeu+GejuGetuKAi+GeluGfkuGemuGfh+KAi+GelOGetuGekeKAi+Gen+GemOGfkuGej+GfgeGeheKAi+GeluGfkuGemuGfh+KAi+GelOGemuGemOKAi+Gek+GetuGekCDhnpPhnprhn4Thno/hn5Lhno/hnpgg4Z6f4Z644Z6g4Z6Y4Z674Z6T4Z64IOGeluGfkuGemuGfh+KAi+GemOGeoOGetuGegOGfkuGen+Gej+GfkuGemuKAi+Gek+Gfg+KAi+GeluGfkuGemuGfh+GemuGetuGeh+GetuGejuGetuGeheGegOGfkuGemuKAi+GegOGemOGfkuGeluGeu+Geh+Getg==	S2luZyBTaWhhbW9uaSdzIEJpcnRoZGF5
6e5d4c930f78b1bb53dcf71e	4Z6U4Z634Z6O4Z+S4Z6MIOGfog==	QmVuIDI=
6e7c82e558a4ca8fbcbf04d4	4Z6U4Z+S4Z6a4Z624Z6f4Z624Z6R4oCL4Z6W4Z+S4Z6a4Z+H4oCL4Z6c4Z634Z6g4Z624Z6aIOGej+GfkuGemuGevOGenOKAi+GelOGetuGek+KAi+GeheGeu+Gfh+KAi+GegOGfkuGek+Geu+GehOKAi+GelOGeieGfkuGeh+GeuOKAi+GelOGfgeGej+Get+GegOKAi+Gel+GejuGfkuGejOKAi+GeluGet+Gel+GeluGem+GfhOGegOGemuGelOGen+Gfi+GeouGehOGfkuGeguGegOGetuGemuGemeGevOGejuGfgeGen+GfkuGegOGevA==	VGVtcGxlIG9mIFByZWFoIFZpaGVhciB3YXMgaW5zY3JpYmVkIG9uIHRoZSBVTkVTQ08gV29ybGQgSGVyaXRhZ2UgTGlzdA==
6e88e68855115c576f7a2f8b	4Z6R4Z634Z6c4Z624oCL4Z6W4Z634Z6X4Z6W4oCL4Z6b4Z+E4Z6A4oCL4Z6C4Z+S4Z6Y4Z624Z6T4oCL4Z6Q4Z+S4Z6T4Z624Z+G4oCL4Z6H4Z6A4Z+L	V29ybGQgTm8gVG9iYWNjbyBEYXk=
6e90c73eaf959038a3f09675	4Z6Q4Z+S4Z6E4Z+D4oCL4Z6U4Z674Z6O4Z+S4Z6Z4oCL4Z6T4Z+D4oCL4Z6f4Z+B4Z6F4Z6A4Z+S4Z6P4Z644oCL4Z6f4Z+S4Z6a4Z6b4Z624Z6J4Z+L	VmFsZW50aW5lJ3MgRGF5
6eb783d4c5ff3ae610963472	4Z6R4Z634Z6c4Z624oCL4Z6f4Z6T4Z+S4Z6P4Z634oCL4Z6X4Z624Z6W4oCL4Z6i4Z6T4Z+S4Z6P4Z6a4oCL4Z6H4Z624Z6P4Z63	SW50ZXJuYXRpb25hbCBEYXkgb2YgUGVhY2U=
6ec03eba34411b363d749aa3	4Z6W4Z634Z6S4Z644oCL4Z6U4Z674Z6O4Z+S4Z6Z4oCL4Z6X4Z+S4Z6H4Z674Z+G4oCL4Z6U4Z634Z6O4Z+S4Z6M	UGNodW0gQmVuIEZlc3RpdmFs
6eca697679335c8227cd8e51	4Z6R4Z634Z6c4Z624oCL4Z6f4Z674Z6B4oCL4Z6X4Z624Z6W4oCL4Z6W4Z634Z6X4Z6W4oCL4Z6b4Z+E4Z6A	V29ybGQgSGVhbHRoIERheQ==
6ed0906ee1408dc4355ef8f9	4Z6A4Z6L4Z634Z6T4oCL4Z6A4Z624Z6b	S2F0aGVuIEthbA==
6ed1199f141a8a7bf2b8f1f1	4Z6Q4Z+S4Z6E4Z+D4oCL4Z6f4Z+C4Z6T4oCL4Z6K4Z6A4oCL4Z6H4Z6+4Z6E4oCL4Z6S4Z684Z6U	S2l0Y2hlbiBHb2QgRmVzdGl2YWw=
6ed939bae8401a0687fb8cce	4Z6Q4Z+S4Z6E4Z+D4oCL4Z6U4Z674Z6O4Z+S4Z6Z4oCL4Z6T4Z+D4oCL4Z6f4Z+B4Z6F4Z6A4Z+S4Z6P4Z644oCL4Z6f4Z+S4Z6a4Z6b4Z624Z6J4Z+L	VmFsZW50aW5lJ3MgRGF5
6ee5003f0b06fe5266db3547	4Z6A4Z+G4Z6O4Z6+4Z6P4oCL4Z6T4Z6C4Z6a4oCL4Z6U4Z624Z6b4oCL4Z6H4Z624Z6P4Z63IOGegeGeveGelOGem+GevuGegOGekeGeuOGfp+GfoA==	QmlydGggb2YgdGhlIE5hdGlvbmFsIFBvbGljZQ==
6ee83e074b504483af5c96aa	4Z6W4Z634Z6S4Z644oCL4Z6U4Z674Z6O4Z+S4Z6Z4oCL4Z6X4Z+S4Z6H4Z674Z+G4oCL4Z6U4Z634Z6O4Z+S4Z6M	UGNodW0gQmVuIEZlc3RpdmFs
6eeb0de7e6153a057fea3161	4Z6W4Z634Z6S4Z644oCL4Z6U4Z674Z6O4Z+S4Z6Z4oCL4Z6X4Z+S4Z6H4Z674Z+G4oCL4Z6U4Z634Z6O4Z+S4Z6M	UGNodW0gQmVuIEZlc3RpdmFs
6f03afee227f5536830fee33	4Z6R4Z634Z6c4Z624oCL4Z6Y4Z6T4Z674Z6f4Z+S4Z6f4oCL4Z6F4Z624Z6f4Z+L4oCL4Z6A4Z6Y4Z+S4Z6W4Z674Z6H4Z62IOGek+Get+GehOGekeGet+GenOGetuGemOGek+Geu+Gen+GfkuGen+GeheGetuGen+Gfi+GeouGek+GfkuGej+GemuGeh+GetuGej+GetyDhnoHhnr3hnpThnpvhnr7hnoDhnpHhnrjhn6c=	Q2FtYm9kaWFuIE9sZGVyIFBlcnNvbnMgRGF5IGFuZCB0aGUgSW50ZXJuYXRpb25hbCBEYXkgb2YgT2xkZXIgUGVyc29ucw==
6f150bb04e73a10774773284	4Z6R4Z634Z6c4Z624oCL4Z6Z4Z674Z6c4Z6H4Z6T4oCL4Z6i4Z6T4Z+S4Z6P4Z6a4oCL4Z6H4Z624Z6P4Z63	SW50ZXJuYXRpb25hbCBZb3V0aCBEYXk=
6f2832dd266872b2d60fc4b9	4Z6Q4Z+S4Z6E4Z+D4oCL4Z6f4Z+C4Z6T4oCL4Z6F4Z684Z6b4oCL4Z6G4Z+S4Z6T4Z624Z+G4oCL4Z6F4Z634Z6T	Q2hpbmVzZSBOZXcgWWVhcidzIEV2ZQ==
6f5b4665ed799481a69303ab	4Z6U4Z6O4Z+S4Z6O4Z6f4Z624Z6a4oCL4Z6f4Z624Z6a4Z6Y4Z6T4Z+S4Z6R4Z644Z6a4oCL4Z6n4Z6A4Z+S4Z6a4Z634Z6K4Z+S4Z6L4Z6A4Z6Y4Z+S4Z6Y4oCL4Z6U4Z+S4Z6a4Z6b4Z+Q4Z6Z4oCL4Z6W4Z684Z6H4Z6f4Z624Z6f4Z6T4Z+N4oCL4Z6R4Z694Z6b4oCL4Z6f4Z+S4Z6b4Z+C4Z6EIOGej+GfkuGemuGevOGenOKAi+GelOGetuGek+KAi+GeheGeu+Gfh+KAi+GegOGfkuGek+Geu+GehOKAi+GelOGeieGfkuGeh+GeuOKAi+Gen+GfkuGemOGetuGemuGej+GeuOKAi+GeheGehOGeheGetuGfhuKAi+Gek+Gfg+KAi+GeluGet+Gel+GeluKAi+Gem+GfhOGegOKAi+GemuGelOGen+Gfi+KAi+GemeGevOGejuGfgeGen+GfkuGegOGevCDhnoHhnr3hnpThnpvhnr7hnoDhnpHhnrjhn6c=	VGhlIGFyY2hpdmVzIG9mIFR1b2wgU2xlbmcgR2Vub2NpZGUgTXVzZXVtIGFyZSByZWdpc3RlcmVkIGFzIHBhcnQgb2YgdGhlIE1lbW9yeSBvZiB0aGUgV29ybGQgYnkgVU5FU0NP
6f63180566ca49c73a7b330f	4Z6W4Z+S4Z6a4Z+H4oCL4Z6a4Z624Z6H4oCL4Z6W4Z634Z6S4Z644oCL4Z6U4Z674Z6O4Z+S4Z6Z4oCL4Z6F4Z6Y4Z+S4Z6a4Z6+4Z6T4oCL4Z6W4Z+S4Z6a4Z+H4oCL4Z6H4Z6T4Z+S4Z6YIOGeluGfkuGemuGfh+KAi+GegOGemuGeu+GejuGetuKAi+GeluGfkuGemuGfh+KAi+GelOGetuGekeKAi+Gen+GemOGfkuGej+GfgeGeheKAi+GeluGfkuGemuGfh+KAi+GelOGemuGemOKAi+Gek+GetuGekCDhnpPhnprhn4Thno/hn5Lhno/hnpgg4Z6f4Z644Z6g4Z6Y4Z674Z6T4Z64IOGeluGfkuGemuGfh+KAi+GemOGeoOGetuGegOGfkuGen+Gej+GfkuGemuKAi+Gek+Gfg+KAi+GeluGfkuGemuGfh+GemuGetuGeh+GetuGejuGetuGeheGegOGfkuGemuKAi+GegOGemOGfkuGeluGeu+Geh+Getg==	S2luZyBTaWhhbW9uaSdzIEJpcnRoZGF5
6f69de26d33bd5db036055c8	4Z6U4Z674Z6O4Z+S4Z6Z4oCL4Z6g4Z624Z6h4Z684Z6c4Z644Z6T	SGFsbG93ZWVu
6f890bd03c91b1001119a30c	4Z6R4Z634Z6c4Z624oCL4Z6Y4Z6T4Z674Z6f4Z+S4Z6f4oCL4Z6F4Z624Z6f4Z+L4oCL4Z6A4Z6Y4Z+S4Z6W4Z674Z6H4Z62IOGek+Get+GehOGekeGet+GenOGetuGemOGek+Geu+Gen+GfkuGen+GeheGetuGen+Gfi+GeouGek+GfkuGej+GemuGeh+GetuGej+GetyDhnoHhnr3hnpThnpvhnr7hnoDhnpHhnrjhn6Phn6A=	Q2FtYm9kaWFuIE9sZGVyIFBlcnNvbnMgRGF5IGFuZCB0aGUgSW50ZXJuYXRpb25hbCBEYXkgb2YgT2xkZXIgUGVyc29ucw==
6f8a2deaac12f77aecec585f	4Z6R4Z634Z6c4Z624oCL4Z6H4Z624Z6P4Z634oCL4Z6T4Z+D4oCL4Z6A4Z624Z6a4oCL4Z6F4Z6E4oCL4Z6F4Z624Z+G	TmF0aW9uYWwgRGF5IG9mIFJlbWVtYnJhbmNl
6f8ae3cbf10a6ecdca503559	4Z6W4Z+S4Z6a4Z+H4oCL4Z6a4Z624Z6H4oCL4Z6W4Z634Z6S4Z644oCL4Z6U4Z674Z6O4Z+S4Z6Z4oCL4Z6i4Z674Z+G4oCL4Z6R4Z684Z6AIOGelOGejuGfkuGeiuGfguGej+KAi+GelOGfkuGemuGekeGeuOGelCDhnpPhnrfhnoTigIvhnp/hn4bhnpbhn4figIvhnpbhn5Lhnprhn4figIvhnoHhn4Ig4Z6i4Z6A4Z6i4Z+G4Z6U4Z674Z6A	V2F0ZXIgRmVzdGl2YWw=
6f9b94630364cbecdd9d4ad5	4Z6R4Z634Z6c4Z624oCL4Z6f4Z634Z6R4Z+S4Z6S4Z634oCL4Z6Y4Z6T4Z674Z6f4Z+S4Z6f4oCL4Z6i4Z6T4Z+S4Z6P4Z6a4Z6H4Z624Z6P4Z63IOGegeGeveGelOGem+GevuGegOGekeGeuOGfp+Gfow==	SW50ZXJuYXRpb25hbCBIdW1hbiBSaWdodHMgRGF5
6f9ce48e0b2732ee194e4be0	4Z6U4Z634Z6O4Z+S4Z6MIOGfoeGfog==	QmVuIDEy
6fa80106d6c23bc692da1a35	4Z6U4Z634Z6O4Z+S4Z6MIOGfoQ==	QmVuIDE=
6fc13b8d7a9fb8a51899d76f	4Z6R4Z634Z6c4Z624oCL4Z6n4Z6R4Z+S4Z6Z4Z624Z6T4Z674oCL4Z6a4Z6A4Z+S4Z6f4Z6W4Z634Z6X4Z6W4Z6b4Z+E4Z6AIOGegeGeveGelOGem+GevuGegOGekeGeuOGfow==	V29ybGQgUmFuZ2VyIERheQ==
6fcdacaeee7914c9aa623377	4Z6U4Z634Z6O4Z+S4Z6MIOGfpQ==	QmVuIDU=
6fd3aeea7fd40f8a457bc8f6	4Z6W4Z+S4Z6a4Z+H4oCL4Z6a4Z624Z6H4oCL4Z6W4Z634Z6S4Z644oCL4Z6U4Z674Z6O4Z+S4Z6Z4oCL4Z6F4Z6Y4Z+S4Z6a4Z6+4Z6T4oCL4Z6W4Z+S4Z6a4Z+H4oCL4Z6H4Z6T4Z+S4Z6YIOGeluGfkuGemuGfh+KAi+GegOGemuGeu+GejuGetuKAi+GeluGfkuGemuGfh+KAi+GelOGetuGekeKAi+Gen+GemOGfkuGej+GfgeGeheKAi+GeluGfkuGemuGfh+KAi+GelOGemuGemOKAi+Gek+GetuGekCDhnpPhnprhn4Thno/hn5Lhno/hnpgg4Z6f4Z644Z6g4Z6Y4Z674Z6T4Z64IOGeluGfkuGemuGfh+KAi+GemOGeoOGetuGegOGfkuGen+Gej+GfkuGemuKAi+Gek+Gfg+KAi+GeluGfkuGemuGfh+GemuGetuGeh+GetuGejuGetuGeheGegOGfkuGemuKAi+GegOGemOGfkuGeluGeu+Geh+Getg==	S2luZyBTaWhhbW9uaSdzIEJpcnRoZGF5
6feb69f0c61039aae8c4f9ac	4Z6R4Z634Z6c4Z624oCL4Z6H4Z624Z6P4Z634oCL4Z6U4Z+S4Z6a4Z6G4Z624Z+G4Z6E4oCL4Z6A4Z624Z6a4oCL4Z6H4Z694Z6J4oCL4Z6K4Z684Z6a4oCL4Z6Y4Z6T4Z674Z6f4Z+S4Z6f	TmF0aW9uYWwgQW50aS1IdW1hbiBUcmFmZmlja2luZyBEYXk=
6fecfc3d89a40e74e4630864	4Z6R4Z634Z6c4Z624Z6Y4Z624Z6P4Z62	TW90aGVyJ3MgRGF5
7006c500d32c0e4527c6dba0	4Z6R4Z634Z6c4Z624oCL4Z6H4Z+Q4Z6Z4oCL4Z6H4Z6Y4Z+S4Z6T4Z+H4oCL4Z6b4Z6+4oCL4Z6a4Z6U4Z6U4oCL4Z6U4Z+S4Z6a4Z6b4Z+Q4Z6Z4oCL4Z6W4Z684Z6H4oCL4Z6f4Z624Z6f4Z6T4Z+NIOGegeGeveGelOGem+GevuGegOGekeGeuOGfo+Gfpw==	VmljdG9yeSBPdmVyIEdlbm9jaWRlIERheQ==
701170852be5cb5ae6f9e26f	4Z6P4Z+G4Z6U4Z6T4Z+L4oCL4Z6a4Z6Y4Z6O4Z644oCL4Z6K4Z+S4Z6L4Z624Z6T4oCL4Z6i4Z6E4Z+S4Z6C4Z6aIOGej+GfkuGemuGevOGenOKAi+GelOGetuGek+KAi+GeheGeu+Gfh+KAi+GegOGfkuGek+Geu+GehOKAi+GelOGeieGfkuGeh+GeuOKAi+GelOGfgeGej+Get+GegOKAi+Gel+GejuGfkuGejOKAi+GeluGet+Gel+GeluGem+GfhOGegOGemuGelOGen+Gfi+GeouGehOGfkuGeguGegOGetuGemuGemeGevOGejuGfgeGen+GfkuGegOGevCDhnoHhnr3hnpThnpvhnr7hnoDhnpHhnrjhn6Phn6E=	QW5na29yIHdhcyBpbnNjcmliZWQgb24gdGhlIFVORVNDTyBXb3JsZCBIZXJpdGFnZSBMaXN0
70145faf7371e4e075494b21	4Z6W4Z634Z6S4Z644oCL4Z6U4Z674Z6O4Z+S4Z6Z4oCL4Z6X4Z+S4Z6H4Z674Z+G4oCL4Z6U4Z634Z6O4Z+S4Z6M	UGNodW0gQmVuIEZlc3RpdmFs
70516569ee07f6968b3afa2b	4Z6Q4Z+S4Z6E4Z+D4oCL4Z6f4Z+C4Z6T4oCL4Z6K4Z6A4oCL4Z6H4Z6+4Z6E4oCL4Z6S4Z684Z6U	S2l0Y2hlbiBHb2QgRmVzdGl2YWw=
7084cf1f35b0dcb0028bd983	4Z6R4Z634Z6c4Z624oCL4Z6U4Z+S4Z6a4Z6Z4Z674Z6R4Z+S4Z6S4oCL4Z6U4Z+S4Z6a4Z6G4Z624Z+G4Z6E4oCL4Z6i4Z+G4Z6W4Z6+4oCL4Z6W4Z674Z6A4Z6a4Z6b4Z694Z6Z	QW50aS1Db3JydXB0aW9uIERheQ==
709135f48e9812353d64de5f	4Z6U4Z6O4Z+S4Z6O4Z6f4Z624Z6a4oCL4Z6f4Z624Z6a4Z6Y4Z6T4Z+S4Z6R4Z644Z6a4oCL4Z6n4Z6A4Z+S4Z6a4Z634Z6K4Z+S4Z6L4Z6A4Z6Y4Z+S4Z6Y4oCL4Z6U4Z+S4Z6a4Z6b4Z+Q4Z6Z4oCL4Z6W4Z684Z6H4Z6f4Z624Z6f4Z6T4Z+N4oCL4Z6R4Z694Z6b4oCL4Z6f4Z+S4Z6b4Z+C4Z6EIOGej+GfkuGemuGevOGenOKAi+GelOGetuGek+KAi+GeheGeu+Gfh+KAi+GegOGfkuGek+Geu+GehOKAi+GelOGeieGfkuGeh+GeuOKAi+Gen+GfkuGemOGetuGemuGej+GeuOKAi+GeheGehOGeheGetuGfhuKAi+Gek+Gfg+KAi+GeluGet+Gel+GeluKAi+Gem+GfhOGegOKAi+GemuGelOGen+Gfi+KAi+GemeGevOGejuGfgeGen+GfkuGegOGevCDhnoHhnr3hnpThnpvhnr7hnoDhnpHhnrjhn6k=	VGhlIGFyY2hpdmVzIG9mIFR1b2wgU2xlbmcgR2Vub2NpZGUgTXVzZXVtIGFyZSByZWdpc3RlcmVkIGFzIHBhcnQgb2YgdGhlIE1lbW9yeSBvZiB0aGUgV29ybGQgYnkgVU5FU0NP
7098474d7a51108180df5532	4Z6R4Z634Z6c4Z624oCL4Z6n4Z6R4Z+S4Z6Z4Z624Z6T4Z674oCL4Z6a4Z6A4Z+S4Z6f4Z6W4Z634Z6X4Z6W4Z6b4Z+E4Z6AIOGegeGeveGelOGem+GevuGegOGekeGeuOGfoeGfow==	V29ybGQgUmFuZ2VyIERheQ==
70a300f8d6c224d0db604562	4Z6W4Z634Z6S4Z644oCL4Z6U4Z674Z6O4Z+S4Z6Z4oCL4Z6X4Z+S4Z6H4Z674Z+G4oCL4Z6U4Z634Z6O4Z+S4Z6M	UGNodW0gQmVuIEZlc3RpdmFs
70aae1cb22d264332d70add2	4Z6R4Z634Z6c4Z624oCL4Z6Y4Z6T4Z674Z6f4Z+S4Z6f4oCL4Z6F4Z624Z6f4Z+L4oCL4Z6A4Z6Y4Z+S4Z6W4Z674Z6H4Z62IOGek+Get+GehOGekeGet+GenOGetuGemOGek+Geu+Gen+GfkuGen+GeheGetuGen+Gfi+GeouGek+GfkuGej+GemuGeh+GetuGej+GetyDhnoHhnr3hnpThnpvhnr7hnoDhnpHhnrjhn6k=	Q2FtYm9kaWFuIE9sZGVyIFBlcnNvbnMgRGF5IGFuZCB0aGUgSW50ZXJuYXRpb25hbCBEYXkgb2YgT2xkZXIgUGVyc29ucw==
70b82df9ff88a4b16dd5f810	4Z6W4Z+S4Z6a4Z+H4oCL4Z6a4Z624Z6H4oCL4Z6W4Z634Z6S4Z644oCL4Z6C4Z+S4Z6a4Z6E4oCL4Z6W4Z+S4Z6a4Z+H4oCL4Z6U4Z6a4Z6Y4oCL4Z6a4Z624Z6H4oCL4Z6f4Z6Y4Z+S4Z6U4Z6P4Z+S4Z6P4Z63IOGeluGfkuGemuGfh+KAi+GegOGemuGeu+GejuGetuKAi+GeluGfkuGemuGfh+KAi+GelOGetuGekeKAi+Gen+GemOGfkuGej+GfgeGeheKAi+GeluGfkuGemuGfh+KAi+GelOGemuGemOGek+GetuGekCDhnpPhnprhn4Thno/hn5Lhno/hnpgg4Z6f4Z644Z6g4Z6Y4Z674Z6T4Z64IOGeluGfkuGemuGfh+KAi+GemOGeoOGetuGegOGfkuGen+Gej+GfkuGemuKAi+Gek+Gfg+KAi+GeluGfkuGemuGfh+GemuGetuGeh+GetuGejuGetuGeheGegOGfkuGemuKAi+GegOGemOGfkuGeluGeu+Geh+Getg==	S2luZydzIENvcm9uYXRpb24gRGF5
70da4ec0fc9d253809171077	4Z6W4Z634Z6S4Z644oCL4Z6U4Z674Z6O4Z+S4Z6Z4oCL4Z6f4Z+C4Z6T4oCL4Z6W4Z+S4Z6a4Z+H4oCL4Z6B4Z+C	TWlkLUF1dHVtbiBGZXN0aXZhbA==
70e3dfb378dde3b76f7a7e5f	4Z6G4Z+B4Z6E4oCL4Z6Y4Z+J4Z+B4Z6E	VG9tYi1Td2VlcGluZyBEYXkgKFFpbmdtaW5nIEZlc3RpdmFsKQ==
70eb97ca73ce75eba30e74fa	4Z6R4Z634Z6c4Z624oCL4Z6W4Z634Z6X4Z6W4oCL4Z6b4Z+E4Z6A4oCL4Z6U4Z+S4Z6a4Z6Z4Z674Z6R4Z+S4Z6S4oCL4Z6U4Z+S4Z6a4Z6G4Z624Z+G4Z6E4oCL4Z6T4Z654Z6E4oCL4Z6H4Z+G4Z6E4Z664oCL4Z6i4Z+B4Z6K4Z6f4Z+N	V29ybGQgQUlEUyBEYXk=
70f064978e575250bcd0fd64	4Z6U4Z634Z6O4Z+S4Z6MIOGfoeGfow==	QmVuIDEz
70f1bf54ed59efff0c05eba7	4Z6R4Z634Z6c4Z624oCL4Z6H4Z+Q4Z6Z4oCL4Z6H4Z6Y4Z+S4Z6T4Z+H4oCL4Z6b4Z6+4oCL4Z6a4Z6U4Z6U4oCL4Z6U4Z+S4Z6a4Z6b4Z+Q4Z6Z4oCL4Z6W4Z684Z6H4oCL4Z6f4Z624Z6f4Z6T4Z+NIOGegeGeveGelOGem+GevuGegOGekeGeuOGfpeGfoA==	VmljdG9yeSBPdmVyIEdlbm9jaWRlIERheQ==
718a482268cb8cef27d421b2	4Z6P4Z+G4Z6U4Z6T4Z+L4oCL4Z6U4Z+S4Z6a4Z624Z6f4Z624Z6R4oCL4Z6f4Z+G4Z6U4Z684Z6a4oCL4Z6W4Z+S4Z6a4Z+D4oCL4Z6C4Z674Z6AIOGej+GfkuGemuGevOGenOKAi+GelOGetuGek+KAi+GeheGeu+Gfh+KAi+GegOGfkuGek+Geu+GehOKAi+GelOGeieGfkuGeh+GeuOKAi+GelOGfgeGej+Get+GegOKAi+Gel+GejuGfkuGejOKAi+GeluGet+Gel+GeluGem+GfhOGegOGemuGelOGen+Gfi+GeouGehOGfkuGeguGegOGetuGemuGemeGevOGejuGfgeGen+GfkuGegOGevCDhnoHhnr3hnpThnpvhnr7hnoDhnpHhnrjhn6M=	VGVtcGxlIFpvbmUgb2YgU2FtYm9yIFByZWkgS3VrIHdhcyBpbnNjcmliZWQgb24gdGhlIFVORVNDTyBXb3JsZCBIZXJpdGFnZSBMaXN0
7191cec5d7043f9de81af29e	4Z6U4Z6O4Z+S4Z6O4Z6f4Z624Z6a4oCL4Z6f4Z624Z6a4Z6Y4Z6T4Z+S4Z6R4Z644Z6a4oCL4Z6n4Z6A4Z+S4Z6a4Z634Z6K4Z+S4Z6L4Z6A4Z6Y4Z+S4Z6Y4oCL4Z6U4Z+S4Z6a4Z6b4Z+Q4Z6Z4oCL4Z6W4Z684Z6H4Z6f4Z624Z6f4Z6T4Z+N4oCL4Z6R4Z694Z6b4oCL4Z6f4Z+S4Z6b4Z+C4Z6EIOGej+GfkuGemuGevOGenOKAi+GelOGetuGek+KAi+GeheGeu+Gfh+KAi+GegOGfkuGek+Geu+GehOKAi+GelOGeieGfkuGeh+GeuOKAi+Gen+GfkuGemOGetuGemuGej+GeuOKAi+GeheGehOGeheGetuGfhuKAi+Gek+Gfg+KAi+GeluGet+Gel+GeluKAi+Gem+GfhOGegOKAi+GemuGelOGen+Gfi+KAi+GemeGevOGejuGfgeGen+GfkuGegOGevCDhnoHhnr3hnpThnpvhnr7hnoDhnpHhnrjhn6Hhn6c=	VGhlIGFyY2hpdmVzIG9mIFR1b2wgU2xlbmcgR2Vub2NpZGUgTXVzZXVtIGFyZSByZWdpc3RlcmVkIGFzIHBhcnQgb2YgdGhlIE1lbW9yeSBvZiB0aGUgV29ybGQgYnkgVU5FU0NP
7196a2957aa173a4276be9bf	4Z6A4Z6Y4Z+S4Z6W4Z674Z6H4Z624oCL4Z6F4Z684Z6b4oCL4Z6H4Z624oCL4Z6f4Z6Y4Z624oCL4Z6H4Z634Z6A4oCL4Z6i4Z6E4Z+S4Z6C4oCL4Z6A4Z624Z6a4oCL4Z6f4Z6g4oCL4Z6U4Z+S4Z6a4Z6H4Z624Z6H4Z624Z6P4Z63IOGegeGeveGelOGem+GevuGegOGekeGeuOGfpeGfow==	Q2FtYm9kaWEgYmVjYW1lIGEgbWVtYmVyIG9mIHRoZSBVbml0ZWQgTmF0aW9ucw==
719bc82934ef4e02f3ad8b5e	4Z6U4Z6O4Z+S4Z6O4Z6f4Z624Z6a4oCL4Z6f4Z624Z6a4Z6Y4Z6T4Z+S4Z6R4Z644Z6a4oCL4Z6n4Z6A4Z+S4Z6a4Z634Z6K4Z+S4Z6L4Z6A4Z6Y4Z+S4Z6Y4oCL4Z6U4Z+S4Z6a4Z6b4Z+Q4Z6Z4oCL4Z6W4Z684Z6H4Z6f4Z624Z6f4Z6T4Z+N4oCL4Z6R4Z694Z6b4oCL4Z6f4Z+S4Z6b4Z+C4Z6EIOGej+GfkuGemuGevOGenOKAi+GelOGetuGek+KAi+GeheGeu+Gfh+KAi+GegOGfkuGek+Geu+GehOKAi+GelOGeieGfkuGeh+GeuOKAi+Gen+GfkuGemOGetuGemuGej+GeuOKAi+GeheGehOGeheGetuGfhuKAi+Gek+Gfg+KAi+GeluGet+Gel+GeluKAi+Gem+GfhOGegOKAi+GemuGelOGen+Gfi+KAi+GemeGevOGejuGfgeGen+GfkuGegOGevCDhnoHhnr3hnpThnpvhnr7hnoDhnpHhnrjhn6E=	VGhlIGFyY2hpdmVzIG9mIFR1b2wgU2xlbmcgR2Vub2NpZGUgTXVzZXVtIGFyZSByZWdpc3RlcmVkIGFzIHBhcnQgb2YgdGhlIE1lbW9yeSBvZiB0aGUgV29ybGQgYnkgVU5FU0NP
71abcc9ebdd279bbfc953588	4Z6A4Z6Y4Z+S4Z6W4Z674Z6H4Z624oCL4Z6F4Z684Z6b4oCL4Z6H4Z624oCL4Z6f4Z6Y4Z624oCL4Z6H4Z634Z6A4oCL4Z6i4Z6E4Z+S4Z6C4oCL4Z6A4Z624Z6a4oCL4Z6Z4Z684Z6O4Z+B4Z6f4Z+S4Z6A4Z68IOGegeGeveGelOGem+GevuGegOGekeGeuOGfpeGfpg==	Q2FtYm9kaWEgam9pbmVkIFVORVNDTw==
71ddf21a9d0921bab4d93884	4Z6f4Z+C4Z6T4Z6T4Z+G4Z6i4Z+K4Z64	V2ludGVyIFNvbHN0aWNlIEZlc3RpdmFs
71ea2d9c74fb7be213ff42db	4Z6R4Z634Z6c4Z624oCL4Z6W4Z6b4Z6A4Z6Y4Z+S4Z6Y4oCL4Z6i4Z6T4Z+S4Z6P4Z6a4Z6H4Z624Z6P4Z63IOGegeGeveGelOGem+GevuGegOGekeGeuOGfoeGfo+Gfpg==	SW50ZXJuYXRpb25hbCBMYWJvciBEYXk=
72093343558e1ec60f4fa63b	4Z6W4Z634Z6S4Z644oCL4Z6U4Z674Z6O4Z+S4Z6Z4oCL4Z6Y4Z624Z6D4Z6U4Z684Z6H4Z62	TWVhayBCb2NoZWE=
72178f49409c7058a72e41ba	4Z6F4Z624Z6U4Z+J4Z644oCL4Z6K4Z6E4oCL4Z6c4Z+C4Z6EIOGej+GfkuGemuGevOGenOKAi+GelOGetuGek+KAi+GeheGeu+Gfh+KAi+GegOGfkuGek+Geu+GehOKAi+GelOGeieGfkuGeh+GeuOKAi+GelOGfgeGej+Get+GegOKAi+Gel+GejuGfkuGejOKAi+GenOGelOGfkuGelOGekuGemOGfjOGeouGemuGevOGelOGeuOGek+Gfg+GemOGek+Geu+Gen+GfkuGen+Geh+GetuGej+GetyDhnoHhnr3hnpThnpvhnr7hnoDhnpHhnrjhn6g=	Q2hhcGVpIERhbmcgVmVuZyBpbnNjcmliZWQgb24gdGhlIExpc3Qgb2YgSW50YW5naWJsZSBDdWx0dXJhbCBIZXJpdGFnZSBpbiBOZWVkIG9mIFVyZ2VudCBTYWZlZ3VhcmRpbmc=
722267d1012e066319265d24	4Z6U4Z634Z6O4Z+S4Z6MIOGfoeGfoA==	QmVuIDEw
723406562808f7e482b3dafe	4Z6R4Z634Z6c4Z624oCL4Z6f4Z6T4Z+S4Z6P4Z634oCL4Z6X4Z624Z6W4oCL4Z6i4Z6T4Z+S4Z6P4Z6a4oCL4Z6H4Z624Z6P4Z63	SW50ZXJuYXRpb25hbCBEYXkgb2YgUGVhY2U=
723f2cfeb241f8180cb22376	4Z6R4Z634Z6c4Z624oCL4Z6i4Z6T4Z624oCL4Z6Y4Z+Q4Z6Z4oCL4Z6U4Z6a4Z634oCL4Z6f4Z+S4Z6Q4Z624Z6T4oCL4Z6H4Z624Z6P4Z63	TmF0aW9uYWwgRW52aXJvbm1lbnRhbCBTYW5pdGF0aW9uIERheQ==
7248b0f0a4d7001f057d6ef6	4Z6A4Z6Y4Z+S4Z6W4Z674Z6H4Z624oCL4Z6F4Z684Z6b4oCL4Z6H4Z624oCL4Z6f4Z6Y4Z624oCL4Z6H4Z634Z6A4oCL4Z6i4Z624Z6f4Z+K4Z624Z6TIOGegeGeveGelOGem+GevuGegOGekeGeuOGfoQ==	Q2FtYm9kaWEgam9pbmVkIFRoZSBBc3NvY2lhdGlvbiBvZiBTb3V0aGVhc3QgQXNpYW4gTmF0aW9ucyAoQVNFQU4p
724a022ce308c8e618f44269	4Z6W4Z+S4Z6a4Z+H4oCL4Z6a4Z624Z6H4oCL4Z6W4Z634Z6S4Z644oCL4Z6U4Z674Z6O4Z+S4Z6Z4oCL4Z6F4Z6Y4Z+S4Z6a4Z6+4Z6T4oCL4Z6W4Z+S4Z6a4Z+H4oCL4Z6H4Z6T4Z+S4Z6YIOGen+GemOGfkuGej+GfgeGeheKAi+GeluGfkuGemuGfh+KAi+GemOGeoOGetuGegOGfkuGen+Gej+GfkuGemuGeuCDhnpPhnprhn4Thno/hn5Lhno/hnpgg4Z6Y4Z674Z6T4Z634Z6T4Z624Z6QIOGen+GeuOGeoOGek+GeuyDhnpbhn5Lhnprhn4figIvhnpzhnprhnprhnrbhnofigIvhnpjhnrbhno/hnrbigIvhnofhnrbhno/hnrfigIvhnoHhn5Lhnpjhn4Lhnpog4Z6A4Z+S4Z6T4Z674Z6E4oCL4Z6f4Z+B4Z6a4Z644Z6X4Z624Z6WIOGen+GfgeGeheGegOGfkuGej+GeuOGekOGfkuGem+Gfg+GekOGfkuGek+GevOGemiDhnpPhnrfhnoTigIvhnp/hnrvhnpfhnpjhnoThn5LhnoLhnps=	UXVlZW4gTW90aGVyJ3MgQmlydGhkYXk=
7251fd8ea6cefc912a35e5d4	4Z6U4Z+S4Z6a4Z624Z6f4Z624Z6R4oCL4Z6W4Z+S4Z6a4Z+H4oCL4Z6c4Z634Z6g4Z624Z6aIOGej+GfkuGemuGevOGenOKAi+GelOGetuGek+KAi+GeheGeu+Gfh+KAi+GegOGfkuGek+Geu+GehOKAi+GelOGeieGfkuGeh+GeuOKAi+GelOGfgeGej+Get+GegOKAi+Gel+GejuGfkuGejOKAi+GeluGet+Gel+GeluGem+GfhOGegOGemuGelOGen+Gfi+GeouGehOGfkuGeguGegOGetuGemuGemeGevOGejuGfgeGen+GfkuGegOGevCDhnoHhnr3hnpThnpvhnr7hnoDhnpHhnrjhn6I=	VGVtcGxlIG9mIFByZWFoIFZpaGVhciB3YXMgaW5zY3JpYmVkIG9uIHRoZSBVTkVTQ08gV29ybGQgSGVyaXRhZ2UgTGlzdA==
725518207f40a41dd6b0968e	4Z6F4Z684Z6b4oCL4Z6W4Z+S4Z6a4Z+H4oCL4Z6c4Z6f4Z+S4Z6f4Z62	QmVnaW5uaW5nIG9mIEJ1ZGRoaXN0IExlbnQ=
7296b53d04c14ae35906763f	4Z6W4Z+S4Z6a4Z+H4oCL4Z6a4Z624Z6H4oCL4Z6W4Z634Z6S4Z644oCL4Z6U4Z674Z6O4Z+S4Z6Z4oCL4Z6F4Z6Y4Z+S4Z6a4Z6+4Z6T4oCL4Z6W4Z+S4Z6a4Z+H4oCL4Z6H4Z6T4Z+S4Z6YIOGeluGfkuGemuGfh+KAi+GegOGemuGeu+GejuGetuKAi+GeluGfkuGemuGfh+KAi+GelOGetuGekeKAi+Gen+GemOGfkuGej+GfgeGeheKAi+GeluGfkuGemuGfh+KAi+GelOGemuGemOKAi+Gek+GetuGekCDhnpPhnprhn4Thno/hn5Lhno/hnpgg4Z6f4Z644Z6g4Z6Y4Z674Z6T4Z64IOGeluGfkuGemuGfh+KAi+GemOGeoOGetuGegOGfkuGen+Gej+GfkuGemuKAi+Gek+Gfg+KAi+GeluGfkuGemuGfh+GemuGetuGeh+GetuGejuGetuGeheGegOGfkuGemuKAi+GegOGemOGfkuGeluGeu+Geh+Getg==	S2luZyBTaWhhbW9uaSdzIEJpcnRoZGF5
72bacc00b1438de1fdb0e3a7	4Z6R4Z634Z6c4Z624oCL4Z6i4Z6T4Z+S4Z6P4Z6a4oCL4Z6H4Z624Z6P4Z634oCL4Z6T4Z+D4oCL4Z6C4Z+S4Z6a4Z694Z6f4Z624Z6a	SW50ZXJuYXRpb25hbCBEYXkgb2YgRmFtaWxpZXM=
72de297290c7b93c53843547	4Z6R4Z634Z6c4Z624oCL4Z6f4Z634Z6R4Z+S4Z6S4Z634oCL4Z6Y4Z6T4Z674Z6f4Z+S4Z6f4oCL4Z6i4Z6T4Z+S4Z6P4Z6a4Z6H4Z624Z6P4Z63IOGegeGeveGelOGem+GevuGegOGekeGeuOGfpuGfqA==	SW50ZXJuYXRpb25hbCBIdW1hbiBSaWdodHMgRGF5
72e1dc283a2f20d3d27d83f2	4Z6R4Z634Z6c4Z624oCL4Z6f4Z6T4Z+S4Z6P4Z634oCL4Z6X4Z624Z6W4oCL4Z6i4Z6T4Z+S4Z6P4Z6a4oCL4Z6H4Z624Z6P4Z63	SW50ZXJuYXRpb25hbCBEYXkgb2YgUGVhY2U=
72e57454064494dbd635352c	4Z6R4Z634Z6c4Z624oCL4Z6i4Z6T4Z+S4Z6P4Z6a4oCL4Z6H4Z624Z6P4Z634oCL4Z6T4Z+D4oCL4Z6C4Z+S4Z6a4Z694Z6f4Z624Z6a	SW50ZXJuYXRpb25hbCBEYXkgb2YgRmFtaWxpZXM=
73190cf53af16a3ca74ae98e	4Z6W4Z634Z6S4Z644oCL4Z6U4Z674Z6O4Z+S4Z6Z4oCL4Z6F4Z684Z6b4oCL4Z6G4Z+S4Z6T4Z624Z+G4oCL4Z6Q4Z+S4Z6Y4Z64IOGelOGfkuGemuGeluGfg+GejuGeuOKAi+Geh+GetuGej+GetyAtIOGekOGfkuGehOGfg+KAi+GeoeGevuGehOKAi+Gen+GfkOGegA==	S2htZXIgTmV3IFllYXIgLSBWZWFyZWFrIExhZXVuZyBTYWs=
732a0077d05f214860192a1f	4Z6R4Z634Z6c4Z624Z6R4Z654Z6AIOGek+Get+GehOGep+Gej+Geu+Gek+Get+GemeGemOGeluGet+Gel+GeluGem+GfhOGegA==	V29ybGQgV2F0ZXIgYW5kIFdvcmxkIE1ldGVvcm9sb2dpY2FsIERheQ==
732a5a5cdffe3d9e82c2a9eb	4Z6C4Z674Z6T4oCL4Z6b4Z+S4Z6U4Z674Z6A4Z+S4Z6A4oCL4Z6P4Z+EIOGej+GfkuGemuGevOGenOKAi+GelOGetuGek+KAi+GeheGeu+Gfh+GegOGfkuGek+Geu+GehOGelOGeieGfkuGeh+GeuOGelOGfgeGej+Get+GegOGel+GejuGfkuGejOGenOGelOGfkuGelOGekuGemOGfjOGeouGemuGevOGelOGeuOGek+Gfg+GemOGek+Geu+Gen+GfkuGen+Geh+GetuGej+Getw==	S3VuIExib2thdG9yIGluc2NyaWJlZCBvbiB0aGUgUmVwcmVzZW50YXRpdmUgTGlzdCBvZiB0aGUgSW50YW5naWJsZSBDdWx0dXJhbCBIZXJpdGFnZSBvZiBIdW1hbml0eQ==
73305cb8a45fe7ac7bebfc7f	4Z6R4Z634Z6c4Z624oCL4Z6T4Z624Z6a4Z644oCL4Z6i4Z6T4Z+S4Z6P4Z6a4Z6H4Z624Z6P4Z63IOGegeGeveGelOGem+GevuGegOGekeGeuOGfqeGfpQ==	SW50ZXJuYXRpb25hbCBXb21lbidzIERheQ==
733c10e907fb92240f05ef03	4Z6F4Z+B4Z6J4oCL4Z6W4Z+S4Z6a4Z+H4oCL4Z6c4Z6f4Z+S4Z6f4Z62	RW5kaW5nIG9mIEJ1ZGRoaXN0IExlbnQ=
73485005f9c34a9cd6ad18b4	4Z6f4Z+C4Z6T4oCL4Z6A4Z+S4Z6U4Z624Z6b4oCL4Z6R4Z654Z6A	R2hvc3QgRmVzdGl2YWw=
734b16573242b04d2b15e1c0	4Z6f4Z+C4Z6T4oCL4Z6A4Z+S4Z6U4Z624Z6b4oCL4Z6R4Z654Z6A	R2hvc3QgRmVzdGl2YWw=
735aa0428c191c3a4396d885	4Z6R4Z634Z6c4Z624oCL4Z6T4Z624Z6a4Z644oCL4Z6i4Z6T4Z+S4Z6P4Z6a4Z6H4Z624Z6P4Z63IOGegeGeveGelOGem+GevuGegOGekeGeuOGfqeGfqQ==	SW50ZXJuYXRpb25hbCBXb21lbidzIERheQ==
7360be74baf04298e1dcb4a5	4Z6W4Z634Z6S4Z644oCL4Z6U4Z674Z6O4Z+S4Z6Z4oCL4Z6F4Z684Z6b4oCL4Z6G4Z+S4Z6T4Z624Z+G4oCL4Z6Q4Z+S4Z6Y4Z64IOGelOGfkuGemuGeluGfg+GejuGeuOKAi+Geh+GetuGej+GetyAtIOGekOGfkuGehOGfg+KAi+GeoeGevuGehOKAi+Gen+GfkOGegA==	S2htZXIgTmV3IFllYXIgLSBWZWFyZWFrIExhZXVuZyBTYWs=
738205eb7ee42e09c0e26917	4Z6R4Z634Z6c4Z624oCL4Z6W4Z634Z6X4Z6W4Z6b4Z+E4Z6A4oCL4Z6A4Z+G4Z6F4Z624Z6P4Z+L4oCL4Z6a4Z+E4Z6C4oCL4Z6a4Z6U4Z+B4Z6E	V29ybGQgVHViZXJjdWxvc2lzIERheQ==
73b1fb46fbef926b632e223d	4Z6U4Z634Z6O4Z+S4Z6MIOGfow==	QmVuIDM=
73b8ad633773fe00ce5a44e7	4Z6A4Z6Y4Z+S4Z6W4Z674Z6H4Z624oCL4Z6F4Z684Z6b4oCL4Z6H4Z624oCL4Z6f4Z6Y4Z624oCL4Z6H4Z634Z6A4oCL4Z6i4Z624Z6f4Z+K4Z624Z6TIOGegeGeveGelOGem+GevuGegOGekeGeuOGfouGfpA==	Q2FtYm9kaWEgam9pbmVkIFRoZSBBc3NvY2lhdGlvbiBvZiBTb3V0aGVhc3QgQXNpYW4gTmF0aW9ucyAoQVNFQU4p
73ca2b36f285e7c30920c369	4Z6f4Z+C4Z6T4Z6T4Z+G4Z6i4Z+K4Z64	V2ludGVyIFNvbHN0aWNlIEZlc3RpdmFs
73f3377c29e74959faa08eb2	4Z6U4Z674Z6O4Z+S4Z6Z4oCL4Z6g4Z624Z6h4Z684Z6c4Z644Z6T	SGFsbG93ZWVu
73fd7abf7d4d5dda45669000	4Z6f4Z+C4Z6T4oCL4Z6T4Z+G4oCL4Z6F4Z624Z+G4Z6E	U3RpY2t5IFJpY2UgRHVtcGxpbmdzIChab25nemkp
73ff8755dcccf6e937185c6b	4Z6R4Z634Z6c4Z624oCL4Z6T4Z624Z6a4Z644oCL4Z6i4Z6T4Z+S4Z6P4Z6a4Z6H4Z624Z6P4Z63IOGegeGeveGelOGem+GevuGegOGekeGeuOGfoeGfoOGfqA==	SW50ZXJuYXRpb25hbCBXb21lbidzIERheQ==
741f02a0a9fcb16ae182e11b	4Z6U4Z634Z6O4Z+S4Z6MIOGfoQ==	QmVuIDE=
741fe155e6d04b3f274ca00e	4Z6A4Z+G4Z6O4Z6+4Z6P4oCL4Z6T4Z6C4Z6a4oCL4Z6U4Z624Z6b4oCL4Z6H4Z624Z6P4Z63IOGegeGeveGelOGem+GevuGegOGekeGeuOGfp+Gfow==	QmlydGggb2YgdGhlIE5hdGlvbmFsIFBvbGljZQ==
74255ab31406903510b6f1ee	4Z6R4Z634Z6c4Z624oCL4Z6Y4Z6F4Z+S4Z6G4Z624oCL4Z6H4Z624Z6P4Z63	TmF0aW9uYWwgRmlzaCBEYXk=
742c28aa97ba73bc1cc1bf05	4Z6W4Z634Z6S4Z644oCL4Z6U4Z674Z6O4Z+S4Z6Z4oCL4Z6F4Z684Z6b4oCL4Z6G4Z+S4Z6T4Z624Z+G4oCL4Z6Q4Z+S4Z6Y4Z64IOGelOGfkuGemuGeluGfg+GejuGeuOKAi+Geh+GetuGej+GetyAtIOGenOGetuGemuGfiOKAi+GenOGfkOGek+KAi+GelOGejw==	S2htZXIgTmV3IFllYXIgLSBWZWFyZWFrIFZhbmFiYXQ=
745e7f9d962dab7272ed7b5a	4Z6P4Z+G4Z6U4Z6T4Z+L4oCL4Z6a4Z6Y4Z6O4Z644oCL4Z6K4Z+S4Z6L4Z624Z6T4oCL4Z6i4Z6E4Z+S4Z6C4Z6aIOGej+GfkuGemuGevOGenOKAi+GelOGetuGek+KAi+GeheGeu+Gfh+KAi+GegOGfkuGek+Geu+GehOKAi+GelOGeieGfkuGeh+GeuOKAi+GelOGfgeGej+Get+GegOKAi+Gel+GejuGfkuGejOKAi+GeluGet+Gel+GeluGem+GfhOGegOGemuGelOGen+Gfi+GeouGehOGfkuGeguGegOGetuGemuGemeGevOGejuGfgeGen+GfkuGegOGevCDhnoHhnr3hnpThnpvhnr7hnoDhnpHhnrjhn6Lhn6M=	QW5na29yIHdhcyBpbnNjcmliZWQgb24gdGhlIFVORVNDTyBXb3JsZCBIZXJpdGFnZSBMaXN0
746184909131edad0834a6e1	4Z6A4Z+G4Z6O4Z6+4Z6P4oCL4Z6T4Z6C4Z6a4oCL4Z6U4Z624Z6b4oCL4Z6H4Z624Z6P4Z63IOGegeGeveGelOGem+GevuGegOGekeGeuOGfp+GfpQ==	QmlydGggb2YgdGhlIE5hdGlvbmFsIFBvbGljZQ==
746a6880234c6ea0889d94b1	4Z6Q4Z+S4Z6E4Z+D4oCL4Z6f4Z+C4Z6T4oCL4Z6F4Z684Z6b4oCL4Z6G4Z+S4Z6T4Z624Z+G4oCL4Z6F4Z634Z6T	Q2hpbmVzZSBOZXcgWWVhcidzIEV2ZQ==
74737e16ab56dbc7c334dfcd	4Z6R4Z634Z6c4Z624oCL4Z6U4Z+S4Z6a4Z6A4Z624Z6f4oCL4Z6a4Z6K4Z+S4Z6L4oCL4Z6S4Z6Y4Z+S4Z6Y4Z6T4Z674Z6J4Z+S4Z6JIOGegeGeveGelOGem+GevuGegOGekeGeuOGfo+Gfpw==	Q29uc3RpdHV0aW9uIERheQ==
748209d5c743356d95a0a108	4Z6R4Z634Z6c4Z624oCL4Z6U4Z+S4Z6a4Z6Z4Z674Z6R4Z+S4Z6S4oCL4Z6U4Z+S4Z6a4Z6G4Z624Z+G4Z6E4oCL4Z6i4Z+G4Z6W4Z6+4oCL4Z6W4Z674Z6A4Z6a4Z6b4Z694Z6Z	QW50aS1Db3JydXB0aW9uIERheQ==
748ee05f5b6aa3b8d77e0260	4Z6U4Z634Z6O4Z+S4Z6MIOGfoQ==	QmVuIDE=
749bf68a0538c6f44df4d000	4Z6R4Z634Z6c4Z624oCL4Z6i4Z624oCL4Z6A4Z624Z6f4oCL4Z6F4Z6a4Z6O4Z+N4Z6f4Z+K4Z644Z6c4Z634Z6b	Q2l2aWwgQXZpYXRpb24gRGF5
74a168b580a617acec880956	4Z6W4Z634Z6S4Z644oCL4Z6U4Z674Z6O4Z+S4Z6Z4oCL4Z6F4Z684Z6b4oCL4Z6G4Z+S4Z6T4Z624Z+G4oCL4Z6Q4Z+S4Z6Y4Z64IOGelOGfkuGemuGeluGfg+GejuGeuOKAi+Geh+GetuGej+GetyAtIOGekOGfkuGehOGfg+KAi+GeoeGevuGehOKAi+Gen+GfkOGegA==	S2htZXIgTmV3IFllYXIgLSBWZWFyZWFrIExhZXVuZyBTYWs=
74a64964921b2c07d041c51f	4Z6R4Z634Z6c4Z624oCL4oCL4Z6U4Z+S4Z6a4Z6H4Z624Z6H4Z6T4Z6H4Z624Z6P4Z63IOGek+Get+GehOKAi+KAi+GelOGfkuGemuGeh+GetuGeh+Gek+KAi+GeluGet+Gel+GeluKAi+Gem+GfhOGegA==	TmF0aW9uYWwgUG9wdWxhdGlvbiBEYXkgYW5kIFdvcmxkIFBvcHVsYXRpb24gRGF5
74c24ae757b1c8666b9804bf	4Z6R4Z634Z6c4Z624oCL4Z6U4Z644Z6P4Z62	RmF0aGVyJ3MgRGF5
74cc9f6bbdabbd729aba8fb3	4Z6R4Z634Z6c4Z624oCL4Z6C4Z+S4Z6a4Z684oCL4Z6U4Z6E4Z+S4Z6a4Z+A4Z6T4oCL4Z6W4Z634Z6X4Z6W4oCL4Z6b4Z+E4Z6A	V29ybGQgVGVhY2hlcidzIERheQ==
74d562ced54f17415bad761d	4Z6U4Z634Z6O4Z+S4Z6MIOGfoeGfow==	QmVuIDEz
74dc7837572a7a7551f02922	4Z6F4Z684Z6b4oCL4Z6W4Z+S4Z6a4Z+H4oCL4Z6c4Z6f4Z+S4Z6f4Z62	QmVnaW5uaW5nIG9mIEJ1ZGRoaXN0IExlbnQ=
74f1e8f20c1836394be0cabb	4Z6A4Z+G4Z6O4Z6+4Z6P4oCL4Z6T4Z6C4Z6a4oCL4Z6U4Z624Z6b4oCL4Z6H4Z624Z6P4Z63IOGegeGeveGelOGem+GevuGegOGekeGeuOGfp+Gfpw==	QmlydGggb2YgdGhlIE5hdGlvbmFsIFBvbGljZQ==
74f3e5104103bb40ca05ae6c	4Z6A4Z6L4Z634Z6T4oCL4Z6A4Z624Z6b	S2F0aGVuIEthbA==
7512e2ea7510a95435d0c005	4Z6W4Z634Z6S4Z644oCL4Z6U4Z674Z6O4Z+S4Z6Z4oCL4Z6Y4Z624Z6D4Z6U4Z684Z6H4Z62	TWVhayBCb2NoZWE=
752385e323b888108976b25e	4Z6R4Z634Z6c4Z624Z6a4Z+G4Z6b4Z654Z6A4oCL4Z6B4Z694Z6U4oCL4Z6T4Z+D4oCL4Z6A4Z634Z6F4Z+S4Z6F4Z6W4Z+S4Z6a4Z6Y4Z6W4Z+S4Z6a4Z+A4Z6E4oCL4Z6f4Z6T4Z+S4Z6P4Z634Z6X4Z624Z6W4oCL4Z6R4Z644Z6A4Z+S4Z6a4Z674Z6E4oCL4Z6U4Z+J4Z624Z6a4Z644Z6f	UGFyaXMgUGVhY2UgQWdyZWVtZW50IERheQ==
754858f4fb90356732ea4ef0	4Z6W4Z+S4Z6a4Z+H4oCL4Z6a4Z624Z6H4oCL4Z6W4Z634Z6S4Z644oCL4Z6U4Z674Z6O4Z+S4Z6Z4oCL4Z6i4Z674Z+G4oCL4Z6R4Z684Z6AIOGelOGejuGfkuGeiuGfguGej+KAi+GelOGfkuGemuGekeGeuOGelCDhnpPhnrfhnoTigIvhnp/hn4bhnpbhn4figIvhnpbhn5Lhnprhn4figIvhnoHhn4Ig4Z6i4Z6A4Z6i4Z+G4Z6U4Z674Z6A	V2F0ZXIgRmVzdGl2YWw=
754d62ed32c8f4e9838e4325	4Z6A4Z6Y4Z+S4Z6W4Z674Z6H4Z624oCL4Z6F4Z684Z6b4oCL4Z6H4Z624oCL4Z6f4Z6Y4Z624oCL4Z6H4Z634Z6A4oCL4Z6i4Z6E4Z+S4Z6C4oCL4Z6A4Z624Z6a4oCL4Z6Z4Z684Z6O4Z+B4Z6f4Z+S4Z6A4Z68IOGegeGeveGelOGem+GevuGegOGekeGeuOGfpuGfpw==	Q2FtYm9kaWEgam9pbmVkIFVORVNDTw==
7592460526ad7229744165bd	4Z6f4Z+C4Z6T4Z6T4Z+G4Z6i4Z+K4Z64	V2ludGVyIFNvbHN0aWNlIEZlc3RpdmFs
759a441541241642c094aee2	4Z6R4Z634Z6c4Z624oCL4Z6Y4Z6F4Z+S4Z6G4Z624oCL4Z6H4Z624Z6P4Z63	TmF0aW9uYWwgRmlzaCBEYXk=
75bc5b408aa3180fd877f37a	4Z6f4Z+C4Z6T4oCL4Z6T4Z+G4oCL4Z6F4Z624Z+G4Z6E	U3RpY2t5IFJpY2UgRHVtcGxpbmdzIChab25nemkp
75c04ac830d260fe4b0fb19f	4Z6R4Z634Z6c4Z624oCL4Z6W4Z634Z6X4Z6W4oCL4Z6b4Z+E4Z6A4oCL4Z6U4Z+S4Z6a4Z6G4Z624Z+G4Z6E4oCL4Z6W4Z6b4Z6A4Z6Y4Z+S4Z6Y4oCL4Z6A4Z674Z6Y4Z624Z6aIOGegeGeveGelOGem+GevuGegOGekeGeuOGfog==	SGFwcHkgV29ybGQgRGF5IEFnYWluc3QgQ2hpbGQgTGFib3Vy
75e2c4b75ca6f3dbad15a838	4Z6R4Z634Z6c4Z624oCL4Z6W4Z634Z6X4Z6W4oCL4Z6b4Z+E4Z6A4oCL4Z6U4Z+S4Z6a4Z6Z4Z674Z6R4Z+S4Z6S4oCL4Z6U4Z+S4Z6a4Z6G4Z624Z+G4Z6E4oCL4Z6T4Z654Z6E4oCL4Z6H4Z+G4Z6E4Z664oCL4Z6i4Z+B4Z6K4Z6f4Z+N	V29ybGQgQUlEUyBEYXk=
75e999b66e95a7a93fc4dda8	4Z6U4Z674Z6O4Z+S4Z6Z4oCL4Z6O4Z684Z6i4Z+C4Z6b	Q2hyaXN0bWFzIERheQ==
75ef9cd2cf36fefc46c346ec	4Z6R4Z634Z6c4Z624oCL4Z6H4Z624Z6P4Z634oCL4Z6Z4Z6b4Z+L4oCL4Z6K4Z654Z6E4oCL4Z6W4Z644oCL4Z6Y4Z644Z6TIOGegeGeveGelOGem+GevuGegOGekeGeuOGfo+GfoQ==	TmF0aW9uYWwgTWluZSBBd2FyZW5lc3MgRGF5
75f2dc21e2347f0d375688dc	4Z6U4Z634Z6O4Z+S4Z6MIOGfoeGfow==	QmVuIDEz
75f79ec674d345f62f9b31f6	4Z6Q4Z+S4Z6E4Z+D4oCL4Z6f4Z+C4Z6T4oCL4Z6K4Z6A4oCL4Z6H4Z6+4Z6E4oCL4Z6S4Z684Z6U	S2l0Y2hlbiBHb2QgRmVzdGl2YWw=
76225fb44170e8bb6fed1ed4	4Z6R4Z634Z6c4Z624Z6R4Z654Z6AIOGek+Get+GehOGep+Gej+Geu+Gek+Get+GemeGemOGeluGet+Gel+GeluGem+GfhOGegA==	V29ybGQgV2F0ZXIgYW5kIFdvcmxkIE1ldGVvcm9sb2dpY2FsIERheQ==
76389b03e5fecad748d849ab	4Z6R4Z634Z6c4Z624Z6Y4Z624Z6P4Z62	TW90aGVyJ3MgRGF5
763f73edfaeebc002f21705f	4Z6R4Z634Z6c4Z624Z6Y4Z624Z6P4Z62	TW90aGVyJ3MgRGF5
764442320033ae584e54bc55	4Z6R4Z634Z6c4Z624oCL4Z6F4Z684Z6b4oCL4Z6G4Z+S4Z6T4Z624Z+G4oCL4Z6f4Z624Z6A4Z6b	TmV3IFllYXIncyBEYXk=
764bb43e3bea53a6d89a2e20	4Z6R4Z634Z6c4Z624oCL4Z6Y4Z6T4Z674Z6f4Z+S4Z6f4oCL4Z6F4Z624Z6f4Z+L4oCL4Z6A4Z6Y4Z+S4Z6W4Z674Z6H4Z62IOGek+Get+GehOGekeGet+GenOGetuGemOGek+Geu+Gen+GfkuGen+GeheGetuGen+Gfi+GeouGek+GfkuGej+GemuGeh+GetuGej+GetyDhnoHhnr3hnpThnpvhnr7hnoDhnpHhnrjhn6I=	Q2FtYm9kaWFuIE9sZGVyIFBlcnNvbnMgRGF5IGFuZCB0aGUgSW50ZXJuYXRpb25hbCBEYXkgb2YgT2xkZXIgUGVyc29ucw==
7653ee4ff3273e1bddd9d689	4Z6W4Z634Z6S4Z644oCL4Z6U4Z674Z6O4Z+S4Z6Z4oCL4Z6f4Z+C4Z6T4oCL4Z6W4Z+S4Z6a4Z+H4oCL4Z6B4Z+C	TWlkLUF1dHVtbiBGZXN0aXZhbA==
765a3385e1a21431e435f9b4	4Z6R4Z634Z6c4Z624oCL4Z6U4Z+S4Z6a4Z6A4Z624Z6f4oCL4Z6a4Z6K4Z+S4Z6L4oCL4Z6S4Z6Y4Z+S4Z6Y4Z6T4Z674Z6J4Z+S4Z6JIOGegeGeveGelOGem+GevuGegOGekeGeuOGfo+Gfog==	Q29uc3RpdHV0aW9uIERheQ==
766964ff2ba5511721f0030a	4Z6R4Z634Z6c4Z624oCL4Z6i4Z6T4Z+S4Z6P4Z6a4oCL4Z6H4Z624Z6P4Z634oCL4Z6H4Z6T4Z6H4Z624Z6P4Z634Z6K4Z6+4Z6Y4Z6X4Z624Z6C4Z6P4Z634Z6F4Z6W4Z634Z6X4Z6W4Z6b4Z+E4Z6A	SW50ZXJuYXRpb25hbCBEYXkgb2YgdGhlIFdvcmxkJ3MgSW5kaWdlbm91cyBQZW9wbGVz
76767dc29d276d829b9d63a9	4Z6R4Z634Z6c4Z624oCL4Z6f4Z6T4Z+S4Z6P4Z634oCL4Z6X4Z624Z6W4oCL4Z6i4Z6T4Z+S4Z6P4Z6a4oCL4Z6H4Z624Z6P4Z63	SW50ZXJuYXRpb25hbCBEYXkgb2YgUGVhY2U=
7682ded62f6f6bbfbf599ec1	4Z6U4Z634Z6O4Z+S4Z6MIOGfqQ==	QmVuIDk=
76b1b22e668e9c2381f2f553	4Z6R4Z634Z6c4Z624oCL4Z6F4Z684Z6b4oCL4Z6G4Z+S4Z6T4Z624Z+G4oCL4Z6f4Z624Z6A4Z6b	TmV3IFllYXIncyBEYXk=
76e06bbed4090f3307723f0e	4Z6R4Z634Z6c4Z624oCL4Z6H4Z624Z6P4Z634oCL4Z6U4Z+S4Z6a4Z6G4Z624Z+G4Z6E4oCL4Z6A4Z624Z6a4oCL4Z6H4Z694Z6J4oCL4Z6K4Z684Z6a4oCL4Z6Y4Z6T4Z674Z6f4Z+S4Z6f	TmF0aW9uYWwgQW50aS1IdW1hbiBUcmFmZmlja2luZyBEYXk=
76e59ecc1c3e29161ea95eae	4Z6A4Z+G4Z6O4Z6+4Z6P4oCL4Z6T4Z6C4Z6a4oCL4Z6U4Z624Z6b4oCL4Z6H4Z624Z6P4Z63IOGegeGeveGelOGem+GevuGegOGekeGeuOGfpuGfog==	QmlydGggb2YgdGhlIE5hdGlvbmFsIFBvbGljZQ==
76fe7faae40baca715f45d3a	4Z6Q4Z+S4Z6E4Z+D4oCL4Z6f4Z+C4Z6T4oCL4Z6K4Z6A4oCL4Z6H4Z6+4Z6E4oCL4Z6S4Z684Z6U	S2l0Y2hlbiBHb2QgRmVzdGl2YWw=
771445374aa1bf708bcf3983	4Z6A4Z6Y4Z+S4Z6W4Z674Z6H4Z624oCL4Z6F4Z684Z6b4oCL4Z6H4Z624oCL4Z6f4Z6Y4Z624oCL4Z6H4Z634Z6A4oCL4Z6i4Z6E4Z+S4Z6C4oCL4Z6A4Z624Z6a4oCL4Z6f4Z6g4oCL4Z6U4Z+S4Z6a4Z6H4Z624Z6H4Z624Z6P4Z63IOGegeGeveGelOGem+GevuGegOGekeGeuOGfp+GfpQ==	Q2FtYm9kaWEgYmVjYW1lIGEgbWVtYmVyIG9mIHRoZSBVbml0ZWQgTmF0aW9ucw==
774f4661e9084d5400343453	4Z6R4Z634Z6c4Z624oCL4Z6H4Z624Z6P4Z634oCL4Z6f4Z674Z6B4Z6X4Z624Z6W4oCL4Z6Y4Z624Z6P4Z62IOGekeGetuGemuGegCDhnpPhnrfhnoTigIvhnoDhnrvhnpjhnrbhnpo=	TmF0aW9uYWwgRGF5IG9uIE1hdGVybmFsLCBOZXdib3JuIGFuZCBDaGlsZCBIZWFsdGg=
77516d7ce7e97f9de8489495	4Z6W4Z634Z6S4Z644oCL4Z6f4Z634Z6P4oCL4Z6R4Z+A4Z6T4oCL4Z6W4Z+S4Z6a4Z+H4oCL4Z6c4Z6f4Z+S4Z6f4Z62	QnVkZGhpc3QgTGVudCBDYW5kbGVzIE1ha2luZyBEYXk=
7754eec55ad19b5f67976043	4Z6W4Z+S4Z6a4Z+H4oCL4Z6a4Z624Z6H4oCL4Z6W4Z634Z6S4Z644oCL4Z6U4Z674Z6O4Z+S4Z6Z4oCL4Z6i4Z674Z+G4oCL4Z6R4Z684Z6AIOGelOGejuGfkuGeiuGfguGej+KAi+GelOGfkuGemuGekeGeuOGelCDhnpPhnrfhnoTigIvhnp/hn4bhnpbhn4figIvhnpbhn5Lhnprhn4figIvhnoHhn4Ig4Z6i4Z6A4Z6i4Z+G4Z6U4Z674Z6A	V2F0ZXIgRmVzdGl2YWw=
7755f932b7c6019f10601ea9	4Z6A4Z6L4Z634Z6T4oCL4Z6A4Z624Z6b	S2F0aGVuIEthbA==
77681306a9fddd108012c809	4Z6R4Z634Z6c4Z624oCL4Z6T4Z6Z4Z+E4oCL4Z6U4Z624Z6Z4oCL4Z6I4Z+S4Z6T4Z+HIOGeiOGfkuGek+Gfhw==	V2luLXdpbiBQb2xpY3kgRGF5
776cfaa6627f322a6e862754	4Z6R4Z634Z6c4Z624oCL4Z6W4Z634Z6X4Z6W4oCL4Z6b4Z+E4Z6AIOGeiuGevuGemOGfkuGelOGeuOGen+Geu+GenOGej+GfkuGekOGet+Gel+GetuGeliDhnpPhnrfhnoThnp/hnrvhnoHhnpfhnrbhnpbhnoDhnrbhnprhnoThnrbhnpog4Z6B4Z694Z6U4Z6b4Z6+4Z6A4Z6R4Z644Z+i4Z+k	V29ybGQgRGF5IGZvciBTYWZldHkgYW5kIEhlYWx0aCBhdCBXb3Jr
7780e9a6282ef1a20a55932a	4Z6f4Z+C4Z6T4oCL4Z6A4Z+S4Z6U4Z624Z6b4oCL4Z6R4Z654Z6A	R2hvc3QgRmVzdGl2YWw=
77a8ce0310ba6a26195c5429	4Z6R4Z634Z6c4Z624oCL4Z6W4Z634Z6X4Z6W4oCL4Z6b4Z+E4Z6A4oCL4Z6U4Z+S4Z6a4Z6Z4Z674Z6R4Z+S4Z6S4oCL4Z6U4Z+S4Z6a4Z6G4Z624Z+G4Z6E4oCL4Z6T4Z654Z6E4oCL4Z6H4Z+G4Z6E4Z664oCL4Z6i4Z+B4Z6K4Z6f4Z+N	V29ybGQgQUlEUyBEYXk=
77b5eff3d5b78f119abf5de2	4Z6W4Z+S4Z6a4Z+H4oCL4Z6a4Z624Z6H4oCL4Z6W4Z634Z6S4Z644oCL4Z6U4Z674Z6O4Z+S4Z6Z4oCL4Z6F4Z6Y4Z+S4Z6a4Z6+4Z6T4oCL4Z6W4Z+S4Z6a4Z+H4oCL4Z6H4Z6T4Z+S4Z6YIOGen+GemOGfkuGej+GfgeGeheKAi+GeluGfkuGemuGfh+KAi+GemOGeoOGetuGegOGfkuGen+Gej+GfkuGemuGeuCDhnpPhnprhn4Thno/hn5Lhno/hnpgg4Z6Y4Z674Z6T4Z634Z6T4Z624Z6QIOGen+GeuOGeoOGek+GeuyDhnpbhn5Lhnprhn4figIvhnpzhnprhnprhnrbhnofigIvhnpjhnrbhno/hnrbigIvhnofhnrbhno/hnrfigIvhnoHhn5Lhnpjhn4Lhnpog4Z6A4Z+S4Z6T4Z674Z6E4oCL4Z6f4Z+B4Z6a4Z644Z6X4Z624Z6WIOGen+GfgeGeheGegOGfkuGej+GeuOGekOGfkuGem+Gfg+GekOGfkuGek+GevOGemiDhnpPhnrfhnoTigIvhnp/hnrvhnpfhnpjhnoThn5LhnoLhnps=	UXVlZW4gTW90aGVyJ3MgQmlydGhkYXk=
77d937bd51b1b27b1c78b84a	4Z6R4Z634Z6c4Z624oCL4Z6W4Z634Z6X4Z6W4oCL4Z6b4Z+E4Z6A4oCL4Z6A4Z624Z6A4oCL4Z6U4Z624Z6R4oCL4Z6A4Z+S4Z6a4Z6g4Z6YIOGek+Get+GehOKAi+GeouGejOGfkuGejeGeheGek+GfkuGekeGegOGfkuGemuGeoOGemA==	V29ybGQgUmVkIENyb3NzIGFuZCBSZWQgQ3Jlc2NlbnQgRGF5
77d96186e365f1b66ffa5e42	4Z6R4Z634Z6c4Z624oCL4Z6W4Z634Z6X4Z6W4oCL4Z6b4Z+E4Z6A4oCL4Z6A4Z624Z6A4oCL4Z6U4Z624Z6R4oCL4Z6A4Z+S4Z6a4Z6g4Z6YIOGek+Get+GehOKAi+GeouGejOGfkuGejeGeheGek+GfkuGekeGegOGfkuGemuGeoOGemA==	V29ybGQgUmVkIENyb3NzIGFuZCBSZWQgQ3Jlc2NlbnQgRGF5
77e17222e68250b7a129a94c	4Z6W4Z634Z6S4Z644oCL4Z6U4Z674Z6O4Z+S4Z6Z4oCL4Z6Y4Z624Z6D4Z6U4Z684Z6H4Z62	TWVhayBCb2NoZWE=
77ecd4e08c11b0a814f219e8	4Z6W4Z634Z6S4Z644oCL4Z6U4Z674Z6O4Z+S4Z6Z4oCL4Z6X4Z+S4Z6H4Z674Z+G4oCL4Z6U4Z634Z6O4Z+S4Z6M	UGNodW0gQmVuIEZlc3RpdmFs
77f0a3507fa4e4811147454b	4Z6R4Z634Z6c4Z624oCL4Z6c4Z6U4Z+S4Z6U4oCL4Z6S4Z6Y4Z+M4oCL4Z6H4Z624Z6P4Z63IOGegeGeveGelOGem+GevuGegOGekeGeuOGfoeGfpA==	TmF0aW9uYWwgQ3VsdHVyZSBEYXk=
77f9a80fda41eb25a9825ddb	4Z6a4Z674Z6A4Z+S4Z6B4oCL4Z6R4Z634Z6c4Z62	QXJib3IgRGF5
78230b591a2ac96c95ff0613	4Z6R4Z634Z6c4Z624oCL4Z6C4Z+S4Z6a4Z684oCL4Z6U4Z6E4Z+S4Z6a4Z+A4Z6T4oCL4Z6W4Z634Z6X4Z6W4oCL4Z6b4Z+E4Z6A	V29ybGQgVGVhY2hlcidzIERheQ==
7837479bf2b13847e1b72d69	4Z6R4Z634Z6c4Z624oCL4Z6n4Z6R4Z+S4Z6Z4Z624Z6T4Z674oCL4Z6a4Z6A4Z+S4Z6f4Z6W4Z634Z6X4Z6W4Z6b4Z+E4Z6AIOGegeGeveGelOGem+GevuGegOGekeGeuOGfouGfog==	V29ybGQgUmFuZ2VyIERheQ==
784f691c7fe2930d9afb1498	4Z6W4Z634Z6S4Z644oCL4Z6U4Z674Z6O4Z+S4Z6Z4oCL4Z6f4Z+C4Z6T4oCL4Z6W4Z+S4Z6a4Z+H4oCL4Z6B4Z+C	TWlkLUF1dHVtbiBGZXN0aXZhbA==
7873a0309aaec8b372a16c5e	4Z6U4Z634Z6O4Z+S4Z6MIOGfpA==	QmVuIDQ=
7883d8968a4758af47284733	4Z6W4Z+S4Z6a4Z+H4oCL4Z6a4Z624Z6H4oCL4Z6W4Z634Z6S4Z644oCL4Z6C4Z+S4Z6a4Z6E4oCL4Z6W4Z+S4Z6a4Z+H4oCL4Z6U4Z6a4Z6Y4oCL4Z6a4Z624Z6H4oCL4Z6f4Z6Y4Z+S4Z6U4Z6P4Z+S4Z6P4Z63IOGeluGfkuGemuGfh+KAi+GegOGemuGeu+GejuGetuKAi+GeluGfkuGemuGfh+KAi+GelOGetuGekeKAi+Gen+GemOGfkuGej+GfgeGeheKAi+GeluGfkuGemuGfh+KAi+GelOGemuGemOGek+GetuGekCDhnpPhnprhn4Thno/hn5Lhno/hnpgg4Z6f4Z644Z6g4Z6Y4Z674Z6T4Z64IOGeluGfkuGemuGfh+KAi+GemOGeoOGetuGegOGfkuGen+Gej+GfkuGemuKAi+Gek+Gfg+KAi+GeluGfkuGemuGfh+GemuGetuGeh+GetuGejuGetuGeheGegOGfkuGemuKAi+GegOGemOGfkuGeluGeu+Geh+Getg==	S2luZydzIENvcm9uYXRpb24gRGF5
78943f18cd3ace949d245be5	4Z6g4Z+C4oCL4Z6i4Z+S4Z6T4Z6A4oCL4Z6P4Z624oCL4Z6F4Z634Z6T	U3Bpcml0IFBhcmFkZQ==
78d69b1b58f8b2595c0ce70d	4Z6P4Z674Z6b4Z624oCL4Z6A4Z624Z6a4oCL4Z6Z4Z674Z6P4Z+S4Z6P4Z634oCL4Z6S4Z6Y4Z+M4oCL4Z6i4Z6T4Z+S4Z6P4Z6a4oCL4Z6H4Z624Z6P4Z634oCL4Z6A4Z+S4Z6a4Z674Z6E4oCL4Z6h4Z624oCL4Z6i4Z+BIOGen+GemOGfkuGemuGfgeGeheKAi+GeseGfkuGemeKAi+GegOGemOGfkuGeluGeu+Geh+GetuGeh+GetuGemOGfkuGeheGetuGen+Gfi+GegOGemOGfkuGemOGen+Get+GekeGfkuGekuGetyDhnpvhnr7hnpThn5Lhnprhnrbhnp/hnrbhnpHhnpbhn5Lhnprhn4fhnpzhnrfhnqDhnrbhnpog4Z6B4Z694Z6U4Z6b4Z6+4Z6A4Z6R4Z644Z+m4Z+l	SW50ZXJuYXRpb25hbCBDb3VydCBvZiBKdXN0aWNlIGluIFRoZSBIYWd1ZSBkZWNsYXJlZCBDYW1ib2RpYSBpcyB0aGUgb3duZXIgb2YgdGhlIFByZWFoIFZpaGVhciBUZW1wbGU=
79047e46b357a1a946701313	4Z6A4Z6L4Z634Z6T4oCL4Z6A4Z624Z6b	S2F0aGVuIEthbA==
7907008b1887ee84e814a9a4	4Z6U4Z634Z6O4Z+S4Z6MIOGfoeGfoA==	QmVuIDEw
7942b2f59ebcb0e5ae843a3b	4Z6R4Z634Z6c4Z624oCL4Z6W4Z634Z6X4Z6W4Z6b4Z+E4Z6A4oCL4Z6A4Z+G4Z6F4Z624Z6P4Z+L4oCL4Z6a4Z+E4Z6C4oCL4Z6a4Z6U4Z+B4Z6E	V29ybGQgVHViZXJjdWxvc2lzIERheQ==
795b6809a43467a9242a485a	4Z6F4Z+B4Z6J4oCL4Z6W4Z+S4Z6a4Z+H4oCL4Z6c4Z6f4Z+S4Z6f4Z62	RW5kaW5nIG9mIEJ1ZGRoaXN0IExlbnQ=
795fd560f65b43b4f84bcc63	4Z6R4Z634Z6c4Z624Z6Y4Z624Z6P4Z62	TW90aGVyJ3MgRGF5
79611af9b7b57b6399485126	4Z6P4Z674Z6b4Z624oCL4Z6A4Z624Z6a4oCL4Z6Z4Z674Z6P4Z+S4Z6P4Z634oCL4Z6S4Z6Y4Z+M4oCL4Z6i4Z6T4Z+S4Z6P4Z6a4oCL4Z6H4Z624Z6P4Z634oCL4Z6A4Z+S4Z6a4Z674Z6E4oCL4Z6h4Z624oCL4Z6i4Z+BIOGen+GemOGfkuGemuGfgeGeheKAi+GeseGfkuGemeKAi+GegOGemOGfkuGeluGeu+Geh+GetuGeh+GetuGemOGfkuGeheGetuGen+Gfi+GegOGemOGfkuGemOGen+Get+GekeGfkuGekuGetyDhnpvhnr7hnpThn5Lhnprhnrbhnp/hnrbhnpHhnpbhn5Lhnprhn4fhnpzhnrfhnqDhnrbhnpog4Z6B4Z694Z6U4Z6b4Z6+4Z6A4Z6R4Z644Z+k4Z+k	SW50ZXJuYXRpb25hbCBDb3VydCBvZiBKdXN0aWNlIGluIFRoZSBIYWd1ZSBkZWNsYXJlZCBDYW1ib2RpYSBpcyB0aGUgb3duZXIgb2YgdGhlIFByZWFoIFZpaGVhciBUZW1wbGU=
7985ca771fc4a31331eff454	4Z6A4Z6Y4Z+S4Z6W4Z674Z6H4Z624oCL4Z6F4Z684Z6b4oCL4Z6H4Z624oCL4Z6f4Z6Y4Z624oCL4Z6H4Z634Z6A4oCL4Z6i4Z6E4Z+S4Z6C4oCL4Z6A4Z624Z6a4oCL4Z6Z4Z684Z6O4Z+B4Z6f4Z+S4Z6A4Z68IOGegeGeveGelOGem+GevuGegOGekeGeuOGfpeGfpw==	Q2FtYm9kaWEgam9pbmVkIFVORVNDTw==
798ebb089e2ee4123dcb859a	4Z6F4Z684Z6b4oCL4Z6G4Z+S4Z6T4Z624Z+G4oCL4Z6F4Z634Z6T	Q2hpbmVzZSBOZXcgWWVhcg==
79e068e8c6984b3c999bfd72	4Z6R4Z634Z6c4Z624oCL4Z6Z4Z674Z6c4Z6H4Z6T4oCL4Z6i4Z6T4Z+S4Z6P4Z6a4oCL4Z6H4Z624Z6P4Z63	SW50ZXJuYXRpb25hbCBZb3V0aCBEYXk=
79eed44ef64b42ddb933f599	4Z6U4Z634Z6O4Z+S4Z6MIOGfow==	QmVuIDM=
7a02658f991bd21e9be0c8a1	4Z6R4Z634Z6c4Z624oCL4Z6Y4Z6T4Z674Z6f4Z+S4Z6f4oCL4Z6F4Z624Z6f4Z+L4oCL4Z6A4Z6Y4Z+S4Z6W4Z674Z6H4Z62IOGek+Get+GehOGekeGet+GenOGetuGemOGek+Geu+Gen+GfkuGen+GeheGetuGen+Gfi+GeouGek+GfkuGej+GemuGeh+GetuGej+GetyDhnoHhnr3hnpThnpvhnr7hnoDhnpHhnrjhn6Hhn6E=	Q2FtYm9kaWFuIE9sZGVyIFBlcnNvbnMgRGF5IGFuZCB0aGUgSW50ZXJuYXRpb25hbCBEYXkgb2YgT2xkZXIgUGVyc29ucw==
7a0bccfe574b8193433365dd	4Z6W4Z634Z6S4Z644oCL4Z6U4Z674Z6O4Z+S4Z6Z4oCL4Z6Y4Z624Z6D4Z6U4Z684Z6H4Z62	TWVhayBCb2NoZWE=
7a0e47c73d5c20993f9fcb33	4Z6R4Z634Z6c4Z624oCL4Z6H4Z+Q4Z6Z4oCL4Z6H4Z6Y4Z+S4Z6T4Z+H4oCL4Z6b4Z6+4oCL4Z6a4Z6U4Z6U4oCL4Z6U4Z+S4Z6a4Z6b4Z+Q4Z6Z4oCL4Z6W4Z684Z6H4oCL4Z6f4Z624Z6f4Z6T4Z+NIOGegeGeveGelOGem+GevuGegOGekeGeuOGfouGfoQ==	VmljdG9yeSBPdmVyIEdlbm9jaWRlIERheQ==
7a13351dd33132ec14917298	4Z6A4Z6Y4Z+S4Z6W4Z674Z6H4Z624oCL4Z6F4Z684Z6b4oCL4Z6H4Z624oCL4Z6f4Z6Y4Z624oCL4Z6H4Z634Z6A4oCL4Z6i4Z6E4Z+S4Z6C4oCL4Z6A4Z624Z6a4oCL4Z6f4Z6g4oCL4Z6U4Z+S4Z6a4Z6H4Z624Z6H4Z624Z6P4Z63IOGegeGeveGelOGem+GevuGegOGekeGeuOGfpuGfoA==	Q2FtYm9kaWEgYmVjYW1lIGEgbWVtYmVyIG9mIHRoZSBVbml0ZWQgTmF0aW9ucw==
7a2e354cc21fba380fb97c16	4Z6A4Z6Y4Z+S4Z6W4Z674Z6H4Z624oCL4Z6F4Z684Z6b4oCL4Z6H4Z624oCL4Z6f4Z6Y4Z624oCL4Z6H4Z634Z6A4oCL4Z6i4Z6E4Z+S4Z6C4oCL4Z6A4Z624Z6a4oCL4Z6f4Z6g4oCL4Z6U4Z+S4Z6a4Z6H4Z624Z6H4Z624Z6P4Z63IOGegeGeveGelOGem+GevuGegOGekeGeuOGfpeGfoA==	Q2FtYm9kaWEgYmVjYW1lIGEgbWVtYmVyIG9mIHRoZSBVbml0ZWQgTmF0aW9ucw==
7a37dc2f720ce450a0be94b9	4Z6W4Z634Z6S4Z644oCL4Z6U4Z+G4Z6U4Z694Z6f4oCL4Z6T4Z624Z6C4oCL4Z6B4Z+S4Z6T4Z624Z6T	VGhlIE9yZGFpbmVkIERyYWdvbiBNb25r
7a451e29f02d6fd40808e1ec	4Z6F4Z684Z6b4oCL4Z6W4Z+S4Z6a4Z+H4oCL4Z6c4Z6f4Z+S4Z6f4Z62	QmVnaW5uaW5nIG9mIEJ1ZGRoaXN0IExlbnQ=
7a82cb50e5f2e6c3b57a73d1	4Z6W4Z634Z6S4Z644oCL4Z6U4Z674Z6O4Z+S4Z6Z4oCL4Z6f4Z+C4Z6T4oCL4Z6W4Z+S4Z6a4Z+H4oCL4Z6B4Z+C	TWlkLUF1dHVtbiBGZXN0aXZhbA==
7aa5aaca1617c902b686b8f7	4Z6P4Z674Z6b4Z624oCL4Z6A4Z624Z6a4oCL4Z6Z4Z674Z6P4Z+S4Z6P4Z634oCL4Z6S4Z6Y4Z+M4oCL4Z6i4Z6T4Z+S4Z6P4Z6a4oCL4Z6H4Z624Z6P4Z634oCL4Z6A4Z+S4Z6a4Z674Z6E4oCL4Z6h4Z624oCL4Z6i4Z+BIOGen+GemOGfkuGemuGfgeGeheKAi+GeseGfkuGemeKAi+GegOGemOGfkuGeluGeu+Geh+GetuGeh+GetuGemOGfkuGeheGetuGen+Gfi+GegOGemOGfkuGemOGen+Get+GekeGfkuGekuGetyDhnpvhnr7hnpThn5Lhnprhnrbhnp/hnrbhnpHhnpbhn5Lhnprhn4fhnpzhnrfhnqDhnrbhnpog4Z6B4Z694Z6U4Z6b4Z6+4Z6A4Z6R4Z644Z+m4Z+m	SW50ZXJuYXRpb25hbCBDb3VydCBvZiBKdXN0aWNlIGluIFRoZSBIYWd1ZSBkZWNsYXJlZCBDYW1ib2RpYSBpcyB0aGUgb3duZXIgb2YgdGhlIFByZWFoIFZpaGVhciBUZW1wbGU=
7ab3b1d54e608004bf29dbe2	4Z6F4Z684Z6b4oCL4Z6G4Z+S4Z6T4Z624Z+G4oCL4Z6F4Z634Z6T	Q2hpbmVzZSBOZXcgWWVhcg==
7ab8d1a34d220e780d3cc2b6	4Z6U4Z634Z6O4Z+S4Z6MIOGfoQ==	QmVuIDE=
7ae68f553a742b5404237920	4Z6U4Z634Z6O4Z+S4Z6MIOGfog==	QmVuIDI=
7ae8022ba75469b5cfa52cac	4Z6G4Z+B4Z6E4oCL4Z6Y4Z+J4Z+B4Z6E	VG9tYi1Td2VlcGluZyBEYXkgKFFpbmdtaW5nIEZlc3RpdmFsKQ==
7aef4df6448446a9df5f9a3f	4Z6U4Z634Z6O4Z+S4Z6MIOGfoQ==	QmVuIDE=
7b0a0d880eb409e8db513453	4Z6R4Z634Z6c4Z624Z6a4Z+G4Z6b4Z654Z6A4oCL4Z6B4Z694Z6U4oCL4Z6T4Z+D4oCL4Z6A4Z634Z6F4Z+S4Z6F4Z6W4Z+S4Z6a4Z6Y4Z6W4Z+S4Z6a4Z+A4Z6E4oCL4Z6f4Z6T4Z+S4Z6P4Z634Z6X4Z624Z6W4oCL4Z6R4Z644Z6A4Z+S4Z6a4Z674Z6E4oCL4Z6U4Z+J4Z624Z6a4Z644Z6f	UGFyaXMgUGVhY2UgQWdyZWVtZW50IERheQ==
7b5c6497a4f53f1fab328104	4Z6R4Z634Z6c4Z624oCL4Z6R4Z+B4Z6f4oCL4Z6F4Z6a4Z6O4Z+N4oCL4Z6W4Z634oCL4Z6X4Z6W4oCL4Z6b4Z+E4Z6A	V29ybGQgVG91cmlzbSBEYXk=
7b6d30bc68f2c4c403d4b3c3	4Z6R4Z634Z6c4Z624oCL4Z6f4Z6T4Z+S4Z6P4Z634oCL4Z6X4Z624Z6W4oCL4Z6i4Z6T4Z+S4Z6P4Z6a4oCL4Z6H4Z624Z6P4Z63	SW50ZXJuYXRpb25hbCBEYXkgb2YgUGVhY2U=
7b81299bee2510b25c97d8aa	4Z6W4Z634Z6S4Z644oCL4Z6U4Z674Z6O4Z+S4Z6Z4oCL4Z6F4Z684Z6b4oCL4Z6G4Z+S4Z6T4Z624Z+G4oCL4Z6Q4Z+S4Z6Y4Z64IOGelOGfkuGemuGeluGfg+GejuGeuOKAi+Geh+GetuGej+GetyAtIOGemOGeoOGetuKAi+Gen+GehOGfkuGegOGfkuGemuGetuGek+GfkuGejyDhnpjhn4nhn4ThnoQg4Z+h4Z+hOuGfo+GfpiBBTQ==	S2htZXIgTmV3IFllYXIgLSBNb2hhIFNhbmtyYW50YSBhdCAxMTozNiBBTQ==
7b871421f038e9a9ad362ae8	4Z6R4Z634Z6c4Z624oCL4Z6C4Z+S4Z6a4Z684oCL4Z6U4Z6E4Z+S4Z6a4Z+A4Z6T4oCL4Z6W4Z634Z6X4Z6W4oCL4Z6b4Z+E4Z6A	V29ybGQgVGVhY2hlcidzIERheQ==
7b8d63c4a8a624b943549055	4Z6R4Z634Z6c4Z624oCL4Z6f4Z674Z6B4oCL4Z6X4Z624Z6W4oCL4Z6W4Z634Z6X4Z6W4oCL4Z6b4Z+E4Z6A	V29ybGQgSGVhbHRoIERheQ==
7b90eba756a3f2c97880d6ed	4Z6W4Z+S4Z6a4Z+H4oCL4Z6a4Z624Z6H4oCL4Z6W4Z634Z6S4Z644oCL4Z6U4Z674Z6O4Z+S4Z6Z4oCL4Z6i4Z674Z+G4oCL4Z6R4Z684Z6AIOGelOGejuGfkuGeiuGfguGej+KAi+GelOGfkuGemuGekeGeuOGelCDhnpPhnrfhnoTigIvhnp/hn4bhnpbhn4figIvhnpbhn5Lhnprhn4figIvhnoHhn4Ig4Z6i4Z6A4Z6i4Z+G4Z6U4Z674Z6A	V2F0ZXIgRmVzdGl2YWw=
7b93f358783025142fef8c6a	4Z6R4Z634Z6c4Z624oCL4Z6H4Z624Z6P4Z634oCL4Z6Z4Z6b4Z+L4oCL4Z6K4Z654Z6E4oCL4Z6W4Z644oCL4Z6Y4Z644Z6TIOGegeGeveGelOGem+GevuGegOGekeGeuOGfouGfow==	TmF0aW9uYWwgTWluZSBBd2FyZW5lc3MgRGF5
7bb4660c0a1ec5ce96cbd3bc	4Z6U4Z634Z6O4Z+S4Z6MIOGfoQ==	QmVuIDE=
7bc013054a4ec4a524f2ceb2	4Z6R4Z634Z6c4Z624oCL4Z6W4Z634Z6X4Z6W4oCL4Z6b4Z+E4Z6A4oCL4Z6C4Z+S4Z6Y4Z624Z6T4oCL4Z6Q4Z+S4Z6T4Z624Z+G4oCL4Z6H4Z6A4Z+L	V29ybGQgTm8gVG9iYWNjbyBEYXk=
7bc0c1a8e911d69a91a20615	4Z6W4Z634Z6S4Z644oCL4Z6U4Z674Z6O4Z+S4Z6Z4oCL4Z6c4Z634Z6f4Z624Z6B4oCL4Z6U4Z684Z6H4Z62	VmlzYWsgQm9jaGVh
7bc1235069129765b2c07cce	4Z6W4Z+S4Z6a4Z+H4oCL4Z6a4Z624Z6H4oCL4Z6W4Z634Z6S4Z644oCL4Z6F4Z+S4Z6a4Z6P4Z+L4oCL4Z6W4Z+S4Z6a4Z+H4oCL4Z6T4Z6E4Z+S4Z6C4Z+Q4Z6b	Um95YWwgUGxvdWdoaW5nIENlcmVtb255
7bc79979e45803b5e299a664	4Z6U4Z634Z6O4Z+S4Z6MIOGfow==	QmVuIDM=
7bc8985bf21d2fd5eb7691fa	4Z6W4Z+S4Z6a4Z+H4oCL4Z6a4Z624Z6H4oCL4Z6W4Z634Z6S4Z644oCL4Z6U4Z674Z6O4Z+S4Z6Z4oCL4Z6i4Z674Z+G4oCL4Z6R4Z684Z6AIOGelOGejuGfkuGeiuGfguGej+KAi+GelOGfkuGemuGekeGeuOGelCDhnpPhnrfhnoTigIvhnp/hn4bhnpbhn4figIvhnpbhn5Lhnprhn4figIvhnoHhn4Ig4Z6i4Z6A4Z6i4Z+G4Z6U4Z674Z6A	V2F0ZXIgRmVzdGl2YWw=
7bc9bcfefe55a6ebb0491e75	4Z6U4Z684Z6H4Z6T4Z644Z6Z4Z6K4Z+S4Z6L4Z624Z6T4oCL4Z6F4Z6E4Z6F4Z624Z+G4oCL4Z6T4Z+D4oCL4Z6A4Z6Y4Z+S4Z6W4Z674Z6H4Z624Z+WIOGeluGeuOGekeGeuOGej+GetuGfhuGehOKAi+Gep+GegOGfkuGemuGet+GeiuGfkuGei+GegOGemOGfkuGemCDhnpjhnoDhnofhnrbigIvhnpjhno7hn5LhnozhnpvigIvhnpXhn5Lhnp/hn4fhnpXhn5Lhnp/hnrYg4Z6T4Z634Z6E4oCL4Z6f4Z6T4Z+S4Z6P4Z634Z6X4Z624Z6WIOGej+GfkuGemuGevOGenOKAi+GelOGetuGek+KAi+GeheGeu+Gfh+KAi+GegOGfkuGek+Geu+GehOKAi+GelOGeieGfkuGeh+GeuOKAi+GelOGfgeGej+Get+GegOGel+GejuGfkuGejOKAi+GeluGet+Gel+GeluGem+GfhOGegOKAi+GemuGelOGen+Gfi+KAi+GeouGehOGfkuGeguGegOGetuGemuKAi+GemeGevOGejuGfgeGen+GfkuGegOGevCDhnoHhnr3hnpThnpvhnr7hnoDhnpHhnrjhn6M=	TS0xMywgVHVvbCBTbGVuZyBHZW5vY2lkZSBNdXNldW0sIGFuZCBDaG9ldW5nIEVrIHdlcmUgaW5zY3JpYmVkIG9uIHRoZSBVTkVTQ08gV29ybGQgSGVyaXRhZ2UgTGlzdA==
7bd31d377830babaed82c013	4Z6W4Z634Z6S4Z644oCL4Z6U4Z674Z6O4Z+S4Z6Z4oCL4Z6X4Z+S4Z6H4Z674Z+G4oCL4Z6U4Z634Z6O4Z+S4Z6M	UGNodW0gQmVuIEZlc3RpdmFs
7bd5a327132257de641a3980	4Z6P4Z674Z6b4Z624oCL4Z6A4Z624Z6a4oCL4Z6Z4Z674Z6P4Z+S4Z6P4Z634oCL4Z6S4Z6Y4Z+M4oCL4Z6i4Z6T4Z+S4Z6P4Z6a4oCL4Z6H4Z624Z6P4Z634oCL4Z6A4Z+S4Z6a4Z674Z6E4oCL4Z6h4Z624oCL4Z6i4Z+BIOGen+GemOGfkuGemuGfgeGeheKAi+GeseGfkuGemeKAi+GegOGemOGfkuGeluGeu+Geh+GetuGeh+GetuGemOGfkuGeheGetuGen+Gfi+GegOGemOGfkuGemOGen+Get+GekeGfkuGekuGetyDhnpvhnr7hnpThn5Lhnprhnrbhnp/hnrbhnpHhnpbhn5Lhnprhn4fhnpzhnrfhnqDhnrbhnpog4Z6B4Z694Z6U4Z6b4Z6+4Z6A4Z6R4Z644Z+k4Z+p	SW50ZXJuYXRpb25hbCBDb3VydCBvZiBKdXN0aWNlIGluIFRoZSBIYWd1ZSBkZWNsYXJlZCBDYW1ib2RpYSBpcyB0aGUgb3duZXIgb2YgdGhlIFByZWFoIFZpaGVhciBUZW1wbGU=
7be6b6626d090074be85e7b0	4Z6W4Z634Z6S4Z644oCL4Z6U4Z674Z6O4Z+S4Z6Z4oCL4Z6F4Z684Z6b4oCL4Z6G4Z+S4Z6T4Z624Z+G4oCL4Z6Q4Z+S4Z6Y4Z64IOGelOGfkuGemuGeluGfg+GejuGeuOKAi+Geh+GetuGej+GetyAtIOGenOGetuGemuGfiOKAi+GenOGfkOGek+KAi+GelOGejw==	S2htZXIgTmV3IFllYXIgLSBWZWFyZWFrIFZhbmFiYXQ=
7c0129136279eb415addf1ab	4Z6a4Z6U4Z624Z+G4oCL4Z6W4Z+S4Z6a4Z+H4oCL4Z6a4Z624Z6H4oCL4Z6R4Z+S4Z6a4Z6W4Z+S4Z6ZIOGej+GfkuGemuGevOGenOKAi+GelOGetuGek+KAi+GeheGeu+Gfh+KAi+GegOGfkuGek+Geu+GehOKAi+GelOGeieGfkuGeh+GeuOKAi+GelOGfgeGej+Get+KAi+GegOGel+GejuGfkuGejOKAi+GenOGelOGfkuGelOGekuGemOGfjOGeouGemuGevOGelOGeuOGek+Gfg+GemOGek+Geu+Gen+GfkuGen+Geh+GetuGej+GetyDhnoHhnr3hnpThnpvhnr7hnoDhnpHhnrjhn6Hhn6Q=	Um95YWwgQmFsbGV0IG9mIENhbWJvZGlhIGluc2NyaWJlZCBvbiB0aGUgUmVwcmVzZW50YXRpdmUgTGlzdCBvZiB0aGUgSW50YW5naWJsZSBDdWx0dXJhbCBIZXJpdGFnZSBvZiBIdW1hbml0eQ==
7c0c1255936ff80ca2e7b2f7	4Z6R4Z634Z6c4Z624oCL4Z6U4Z6a4Z634oCL4Z6f4Z+S4Z6Q4Z624Z6T4oCL4Z6H4Z624Z6P4Z63IOGek+Get+GehOKAi+GelOGemuGet+KAi+Gen+GfkuGekOGetuGek+KAi+GeluGet+Gel+GeluKAi+Gem+GfhOGegCDhnoHhnr3hnpThnpvhnr7hnoDhnpHhnrjhn6k=	TmF0aW9uYWwgYW5kIFdvcmxkIEVudmlyb25tZW50IERheQ==
7c0ecb9c98d5567b10ad0eb4	4Z6U4Z634Z6O4Z+S4Z6MIOGfoeGfow==	QmVuIDEz
7c21d111a5eecdd8de7e8122	4Z6R4Z634Z6c4Z624oCL4Z6U4Z6a4Z634oCL4Z6f4Z+S4Z6Q4Z624Z6T4oCL4Z6H4Z624Z6P4Z63IOGek+Get+GehOKAi+GelOGemuGet+KAi+Gen+GfkuGekOGetuGek+KAi+GeluGet+Gel+GeluKAi+Gem+GfhOGegCDhnoHhnr3hnpThnpvhnr7hnoDhnpHhnrjhn6Lhn6A=	TmF0aW9uYWwgYW5kIFdvcmxkIEVudmlyb25tZW50IERheQ==
7c2c298c25bafcb01bd208b3	4Z6R4Z634Z6c4Z624oCL4Z6i4Z6A4Z+S4Z6B4Z6a4oCL4Z6A4Z6Y4Z+S4Z6Y4oCL4Z6i4Z6T4Z+S4Z6P4Z6a4oCL4Z6H4Z624Z6P4Z63	SW50ZXJuYXRpb25hbCBMaXRlcmFjeSBEYXk=
7c3c8263c218673a457fc93b	4Z6U4Z634Z6O4Z+S4Z6MIOGfoeGfow==	QmVuIDEz
7c4b96ca5eb05805a491e11c	4Z6G4Z+B4Z6E4oCL4Z6Y4Z+J4Z+B4Z6E	VG9tYi1Td2VlcGluZyBEYXkgKFFpbmdtaW5nIEZlc3RpdmFsKQ==
7c54a6cd26e6624d795ec9d6	4Z6U4Z634Z6O4Z+S4Z6MIOGfoeGfoQ==	QmVuIDEx
7c61b79feb24fe2e801f738b	4Z6W4Z+S4Z6a4Z+H4oCL4Z6a4Z624Z6H4oCL4Z6W4Z634Z6S4Z644oCL4Z6U4Z674Z6O4Z+S4Z6Z4oCL4Z6F4Z6Y4Z+S4Z6a4Z6+4Z6T4oCL4Z6W4Z+S4Z6a4Z+H4oCL4Z6H4Z6T4Z+S4Z6YIOGeluGfkuGemuGfh+KAi+GegOGemuGeu+GejuGetuKAi+GeluGfkuGemuGfh+KAi+GelOGetuGekeKAi+Gen+GemOGfkuGej+GfgeGeheKAi+GeluGfkuGemuGfh+KAi+GelOGemuGemOKAi+Gek+GetuGekCDhnpPhnprhn4Thno/hn5Lhno/hnpgg4Z6f4Z644Z6g4Z6Y4Z674Z6T4Z64IOGeluGfkuGemuGfh+KAi+GemOGeoOGetuGegOGfkuGen+Gej+GfkuGemuKAi+Gek+Gfg+KAi+GeluGfkuGemuGfh+GemuGetuGeh+GetuGejuGetuGeheGegOGfkuGemuKAi+GegOGemOGfkuGeluGeu+Geh+Getg==	S2luZyBTaWhhbW9uaSdzIEJpcnRoZGF5
7c6ed41a7815d157f44dd170	4Z6P4Z+G4Z6U4Z6T4Z+L4oCL4Z6a4Z6Y4Z6O4Z644oCL4Z6K4Z+S4Z6L4Z624Z6T4oCL4Z6i4Z6E4Z+S4Z6C4Z6aIOGej+GfkuGemuGevOGenOKAi+GelOGetuGek+KAi+GeheGeu+Gfh+KAi+GegOGfkuGek+Geu+GehOKAi+GelOGeieGfkuGeh+GeuOKAi+GelOGfgeGej+Get+GegOKAi+Gel+GejuGfkuGejOKAi+GeluGet+Gel+GeluGem+GfhOGegOGemuGelOGen+Gfi+GeouGehOGfkuGeguGegOGetuGemuGemeGevOGejuGfgeGen+GfkuGegOGevCDhnoHhnr3hnpThnpvhnr7hnoDhnpHhnrjhn6Phn6g=	QW5na29yIHdhcyBpbnNjcmliZWQgb24gdGhlIFVORVNDTyBXb3JsZCBIZXJpdGFnZSBMaXN0
7c8e4e41d813acecbafd42c3	4Z6R4Z634Z6c4Z624oCL4Z6f4Z634Z6R4Z+S4Z6S4Z634oCL4Z6Y4Z6T4Z674Z6f4Z+S4Z6f4oCL4Z6i4Z6T4Z+S4Z6P4Z6a4Z6H4Z624Z6P4Z63IOGegeGeveGelOGem+GevuGegOGekeGeuOGfpuGfoQ==	SW50ZXJuYXRpb25hbCBIdW1hbiBSaWdodHMgRGF5
7c9b890e91e7a466c387b295	4Z6R4Z634Z6c4Z624Z6R4Z654Z6AIOGek+Get+GehOGep+Gej+Geu+Gek+Get+GemeGemOGeluGet+Gel+GeluGem+GfhOGegA==	V29ybGQgV2F0ZXIgYW5kIFdvcmxkIE1ldGVvcm9sb2dpY2FsIERheQ==
7ca63c5abdc76bb407672dd8	4Z6W4Z+S4Z6a4Z+H4oCL4Z6a4Z624Z6H4oCL4Z6W4Z634Z6S4Z644oCL4Z6U4Z674Z6O4Z+S4Z6Z4oCL4Z6F4Z6Y4Z+S4Z6a4Z6+4Z6T4oCL4Z6W4Z+S4Z6a4Z+H4oCL4Z6H4Z6T4Z+S4Z6YIOGeluGfkuGemuGfh+KAi+GegOGemuGeu+GejuGetuKAi+GeluGfkuGemuGfh+KAi+GelOGetuGekeKAi+Gen+GemOGfkuGej+GfgeGeheKAi+GeluGfkuGemuGfh+KAi+GelOGemuGemOKAi+Gek+GetuGekCDhnpPhnprhn4Thno/hn5Lhno/hnpgg4Z6f4Z644Z6g4Z6Y4Z674Z6T4Z64IOGeluGfkuGemuGfh+KAi+GemOGeoOGetuGegOGfkuGen+Gej+GfkuGemuKAi+Gek+Gfg+KAi+GeluGfkuGemuGfh+GemuGetuGeh+GetuGejuGetuGeheGegOGfkuGemuKAi+GegOGemOGfkuGeluGeu+Geh+Getg==	S2luZyBTaWhhbW9uaSdzIEJpcnRoZGF5
7cb6702beaed390b046bbd9f	4Z6W4Z+S4Z6a4Z+H4oCL4Z6a4Z624Z6H4oCL4Z6W4Z634Z6S4Z644oCL4Z6U4Z674Z6O4Z+S4Z6Z4oCL4Z6F4Z6Y4Z+S4Z6a4Z6+4Z6T4oCL4Z6W4Z+S4Z6a4Z+H4oCL4Z6H4Z6T4Z+S4Z6YIOGen+GemOGfkuGej+GfgeGeheKAi+GeluGfkuGemuGfh+KAi+GemOGeoOGetuGegOGfkuGen+Gej+GfkuGemuGeuCDhnpPhnprhn4Thno/hn5Lhno/hnpgg4Z6Y4Z674Z6T4Z634Z6T4Z624Z6QIOGen+GeuOGeoOGek+GeuyDhnpbhn5Lhnprhn4figIvhnpzhnprhnprhnrbhnofigIvhnpjhnrbhno/hnrbigIvhnofhnrbhno/hnrfigIvhnoHhn5Lhnpjhn4Lhnpog4Z6A4Z+S4Z6T4Z674Z6E4oCL4Z6f4Z+B4Z6a4Z644Z6X4Z624Z6WIOGen+GfgeGeheGegOGfkuGej+GeuOGekOGfkuGem+Gfg+GekOGfkuGek+GevOGemiDhnpPhnrfhnoTigIvhnp/hnrvhnpfhnpjhnoThn5LhnoLhnps=	UXVlZW4gTW90aGVyJ3MgQmlydGhkYXk=
7cc4446ce7e5b965ef9a3b8a	4Z6R4Z634Z6c4Z624oCL4Z6W4Z634Z6X4Z6W4oCL4Z6b4Z+E4Z6A4oCL4Z6C4Z+S4Z6Y4Z624Z6T4oCL4Z6Q4Z+S4Z6T4Z624Z+G4oCL4Z6H4Z6A4Z+L	V29ybGQgTm8gVG9iYWNjbyBEYXk=
7cc4cc314d1466a841c734c6	4Z6W4Z+S4Z6a4Z+H4oCL4Z6a4Z624Z6H4oCL4Z6W4Z634Z6S4Z644oCL4Z6U4Z674Z6O4Z+S4Z6Z4oCL4Z6i4Z674Z+G4oCL4Z6R4Z684Z6AIOGelOGejuGfkuGeiuGfguGej+KAi+GelOGfkuGemuGekeGeuOGelCDhnpPhnrfhnoTigIvhnp/hn4bhnpbhn4figIvhnpbhn5Lhnprhn4figIvhnoHhn4Ig4Z6i4Z6A4Z6i4Z+G4Z6U4Z674Z6A	V2F0ZXIgRmVzdGl2YWw=
7ce1aaff9995ebaae48b558a	4Z6Q4Z+S4Z6E4Z+D4oCL4Z6f4Z+C4Z6T4oCL4Z6F4Z684Z6b4oCL4Z6G4Z+S4Z6T4Z624Z+G4oCL4Z6F4Z634Z6T	Q2hpbmVzZSBOZXcgWWVhcidzIEV2ZQ==
7cec0c4a5d6a2c947f83e11b	4Z6U4Z634Z6O4Z+S4Z6MIOGfoeGfoQ==	QmVuIDEx
7cf763d4909c1e9797137008	4Z6R4Z634Z6c4Z624oCL4Z6Y4Z6F4Z+S4Z6G4Z624oCL4Z6H4Z624Z6P4Z63	TmF0aW9uYWwgRmlzaCBEYXk=
7cfa80896ebbce9ed719bd93	4Z6Q4Z+S4Z6E4Z+D4oCL4Z6f4Z+C4Z6T4oCL4Z6F4Z684Z6b4oCL4Z6G4Z+S4Z6T4Z624Z+G4oCL4Z6F4Z634Z6T	Q2hpbmVzZSBOZXcgWWVhcidzIEV2ZQ==
7d1158c0527ef8723f0b6cdf	4Z6W4Z+S4Z6a4Z+H4oCL4Z6a4Z624Z6H4oCL4Z6W4Z634Z6S4Z644oCL4Z6F4Z+S4Z6a4Z6P4Z+L4oCL4Z6W4Z+S4Z6a4Z+H4oCL4Z6T4Z6E4Z+S4Z6C4Z+Q4Z6b	Um95YWwgUGxvdWdoaW5nIENlcmVtb255
7d1b7653cacd8d8819836a2c	4Z6R4Z634Z6c4Z624oCL4Z6i4Z6T4Z+S4Z6P4Z6a4oCL4Z6H4Z624Z6P4Z634oCL4Z6H4Z6T4Z6H4Z624Z6P4Z634Z6K4Z6+4Z6Y4Z6X4Z624Z6C4Z6P4Z634Z6F4Z6W4Z634Z6X4Z6W4Z6b4Z+E4Z6A	SW50ZXJuYXRpb25hbCBEYXkgb2YgdGhlIFdvcmxkJ3MgSW5kaWdlbm91cyBQZW9wbGVz
7d30426c98428698236deb8d	4Z6R4Z634Z6c4Z624oCL4Z6T4Z6Z4Z+E4oCL4Z6U4Z624Z6Z4oCL4Z6I4Z+S4Z6T4Z+HIOGeiOGfkuGek+Gfhw==	V2luLXdpbiBQb2xpY3kgRGF5
7d4c0b116eac50fd10802021	4Z6U4Z6O4Z+S4Z6O4Z6f4Z624Z6a4oCL4Z6f4Z624Z6a4Z6Y4Z6T4Z+S4Z6R4Z644Z6a4oCL4Z6n4Z6A4Z+S4Z6a4Z634Z6K4Z+S4Z6L4Z6A4Z6Y4Z+S4Z6Y4oCL4Z6U4Z+S4Z6a4Z6b4Z+Q4Z6Z4oCL4Z6W4Z684Z6H4Z6f4Z624Z6f4Z6T4Z+N4oCL4Z6R4Z694Z6b4oCL4Z6f4Z+S4Z6b4Z+C4Z6EIOGej+GfkuGemuGevOGenOKAi+GelOGetuGek+KAi+GeheGeu+Gfh+KAi+GegOGfkuGek+Geu+GehOKAi+GelOGeieGfkuGeh+GeuOKAi+Gen+GfkuGemOGetuGemuGej+GeuOKAi+GeheGehOGeheGetuGfhuKAi+Gek+Gfg+KAi+GeluGet+Gel+GeluKAi+Gem+GfhOGegOKAi+GemuGelOGen+Gfi+KAi+GemeGevOGejuGfgeGen+GfkuGegOGevCDhnoHhnr3hnpThnpvhnr7hnoDhnpHhnrjhn6Hhn6I=	VGhlIGFyY2hpdmVzIG9mIFR1b2wgU2xlbmcgR2Vub2NpZGUgTXVzZXVtIGFyZSByZWdpc3RlcmVkIGFzIHBhcnQgb2YgdGhlIE1lbW9yeSBvZiB0aGUgV29ybGQgYnkgVU5FU0NP
7d6618d5467052f285cb9532	4Z6f4Z+C4Z6T4oCL4Z6T4Z+G4oCL4Z6F4Z624Z+G4Z6E	U3RpY2t5IFJpY2UgRHVtcGxpbmdzIChab25nemkp
7d77a7cc38b881f29acb2de4	4Z6R4Z634Z6c4Z624oCL4Z6i4Z6T4Z+S4Z6P4Z6a4oCL4Z6H4Z624Z6P4Z634oCL4Z6U4Z+S4Z6a4Z6Z4Z674Z6R4Z+S4Z6S4oCL4Z6U4Z+S4Z6a4Z6G4Z624Z+G4Z6E4oCL4Z6C4Z+S4Z6a4Z6/4Z6E4oCL4Z6J4Z+A4Z6T	SW50ZXJuYXRpb25hbCBEYXkgQWdhaW5zdCBEcnVnIEFidXNlIGFuZCBJbGxpY2l0IFRyYWZmaWNraW5n
7d81a5e9e026bde68c8f538d	4Z6A4Z6Y4Z+S4Z6W4Z674Z6H4Z624oCL4Z6F4Z684Z6b4oCL4Z6H4Z624oCL4Z6f4Z6Y4Z624oCL4Z6H4Z634Z6A4oCL4Z6i4Z624Z6f4Z+K4Z624Z6TIOGegeGeveGelOGem+GevuGegOGekeGeuOGfouGfpQ==	Q2FtYm9kaWEgam9pbmVkIFRoZSBBc3NvY2lhdGlvbiBvZiBTb3V0aGVhc3QgQXNpYW4gTmF0aW9ucyAoQVNFQU4p
7d889603e511290c1a8280a7	4Z6R4Z634Z6c4Z624oCL4Z6H4Z6T4oCL4Z6Y4Z624Z6T4oCL4Z6W4Z634Z6A4Z624Z6a4Z6X4Z624Z6W4oCL4Z6i4Z6T4Z+S4Z6P4Z6a4Z6H4Z624Z6P4Z63	SW50ZXJuYXRpb25hbCBEYXkgb2YgRGlzYWJsZWQgUGVyc29ucw==
7db1fdb33a36044acf98f298	4Z6F4Z624Z6U4Z+J4Z644oCL4Z6K4Z6E4oCL4Z6c4Z+C4Z6EIOGej+GfkuGemuGevOGenOKAi+GelOGetuGek+KAi+GeheGeu+Gfh+KAi+GegOGfkuGek+Geu+GehOKAi+GelOGeieGfkuGeh+GeuOKAi+GelOGfgeGej+Get+GegOKAi+Gel+GejuGfkuGejOKAi+GenOGelOGfkuGelOGekuGemOGfjOGeouGemuGevOGelOGeuOGek+Gfg+GemOGek+Geu+Gen+GfkuGen+Geh+GetuGej+GetyDhnoHhnr3hnpThnpvhnr7hnoDhnpHhnrjhn6Hhn6Q=	Q2hhcGVpIERhbmcgVmVuZyBpbnNjcmliZWQgb24gdGhlIExpc3Qgb2YgSW50YW5naWJsZSBDdWx0dXJhbCBIZXJpdGFnZSBpbiBOZWVkIG9mIFVyZ2VudCBTYWZlZ3VhcmRpbmc=
7df3cbfcd1d2bd21b44ebb04	4Z6W4Z+S4Z6a4Z+H4oCL4Z6a4Z624Z6H4oCL4Z6W4Z634Z6S4Z644oCL4Z6U4Z674Z6O4Z+S4Z6Z4oCL4Z6F4Z6Y4Z+S4Z6a4Z6+4Z6T4oCL4Z6W4Z+S4Z6a4Z+H4oCL4Z6H4Z6T4Z+S4Z6YIOGen+GemOGfkuGej+GfgeGeheKAi+GeluGfkuGemuGfh+KAi+GemOGeoOGetuGegOGfkuGen+Gej+GfkuGemuGeuCDhnpPhnprhn4Thno/hn5Lhno/hnpgg4Z6Y4Z674Z6T4Z634Z6T4Z624Z6QIOGen+GeuOGeoOGek+GeuyDhnpbhn5Lhnprhn4figIvhnpzhnprhnprhnrbhnofigIvhnpjhnrbhno/hnrbigIvhnofhnrbhno/hnrfigIvhnoHhn5Lhnpjhn4Lhnpog4Z6A4Z+S4Z6T4Z674Z6E4oCL4Z6f4Z+B4Z6a4Z644Z6X4Z624Z6WIOGen+GfgeGeheGegOGfkuGej+GeuOGekOGfkuGem+Gfg+GekOGfkuGek+GevOGemiDhnpPhnrfhnoTigIvhnp/hnrvhnpfhnpjhnoThn5LhnoLhnps=	UXVlZW4gTW90aGVyJ3MgQmlydGhkYXk=
7e007c38f2adb4677ee72723	4Z6U4Z634Z6O4Z+S4Z6MIOGfqA==	QmVuIDg=
7e0341d63e4f4315aee8ee8b	4Z6R4Z634Z6c4Z624oCL4Z6U4Z6a4Z634oCL4Z6f4Z+S4Z6Q4Z624Z6T4oCL4Z6H4Z624Z6P4Z63IOGek+Get+GehOKAi+GelOGemuGet+KAi+Gen+GfkuGekOGetuGek+KAi+GeluGet+Gel+GeluKAi+Gem+GfhOGegCDhnoHhnr3hnpThnpvhnr7hnoDhnpHhnrjhn6Lhn6Y=	TmF0aW9uYWwgYW5kIFdvcmxkIEVudmlyb25tZW50IERheQ==
7e1b62817d67f9ef2b7f8f12	4Z6R4Z634Z6c4Z624oCL4Z6H4Z624Z6P4Z634oCL4Z6f4Z674Z6B4Z6X4Z624Z6W4oCL4Z6Y4Z624Z6P4Z62IOGekeGetuGemuGegCDhnpPhnrfhnoTigIvhnoDhnrvhnpjhnrbhnpo=	TmF0aW9uYWwgRGF5IG9uIE1hdGVybmFsLCBOZXdib3JuIGFuZCBDaGlsZCBIZWFsdGg=
7e2e9508531cf9feac3e7b31	4Z6F4Z684Z6b4oCL4Z6W4Z+S4Z6a4Z+H4oCL4Z6c4Z6f4Z+S4Z6f4Z62	QmVnaW5uaW5nIG9mIEJ1ZGRoaXN0IExlbnQ=
7e34bdbdf05dcc5605339dcf	4Z6R4Z634Z6c4Z624oCL4Z6F4Z684Z6b4oCL4Z6G4Z+S4Z6T4Z624Z+G4oCL4Z6f4Z624Z6A4Z6b	TmV3IFllYXIncyBEYXk=
7e3cc6dc82d06d63ca49a7fd	4Z6U4Z634Z6O4Z+S4Z6MIOGfoeGfow==	QmVuIDEz
7e443f1694dcdc9d8fafbb2f	4Z6g4Z+C4oCL4Z6i4Z+S4Z6T4Z6A4oCL4Z6P4Z624oCL4Z6F4Z634Z6T	U3Bpcml0IFBhcmFkZQ==
7e615f10b94c04ecc741b5e2	4Z6R4Z634Z6c4Z624Z6a4Z+G4Z6b4Z654Z6A4oCL4Z6B4Z694Z6U4oCL4Z6T4Z+D4oCL4Z6A4Z634Z6F4Z+S4Z6F4Z6W4Z+S4Z6a4Z6Y4Z6W4Z+S4Z6a4Z+A4Z6E4oCL4Z6f4Z6T4Z+S4Z6P4Z634Z6X4Z624Z6W4oCL4Z6R4Z644Z6A4Z+S4Z6a4Z674Z6E4oCL4Z6U4Z+J4Z624Z6a4Z644Z6f	UGFyaXMgUGVhY2UgQWdyZWVtZW50IERheQ==
7e677e53f885b43a21cb52d8	4Z6R4Z634Z6c4Z624oCL4Z6H4Z6T4oCL4Z6Y4Z624Z6T4oCL4Z6W4Z634Z6A4Z624Z6a4Z6X4Z624Z6W4oCL4Z6i4Z6T4Z+S4Z6P4Z6a4Z6H4Z624Z6P4Z63	SW50ZXJuYXRpb25hbCBEYXkgb2YgRGlzYWJsZWQgUGVyc29ucw==
7e6ce23f171eb7ee9a7fdaa1	4Z6W4Z634Z6S4Z644oCL4Z6U4Z674Z6O4Z+S4Z6Z4oCL4Z6F4Z684Z6b4oCL4Z6G4Z+S4Z6T4Z624Z+G4oCL4Z6Q4Z+S4Z6Y4Z64IOGelOGfkuGemuGeluGfg+GejuGeuOKAi+Geh+GetuGej+GetyAtIOGenOGetuGemuGfiOKAi+GenOGfkOGek+KAi+GelOGejw==	S2htZXIgTmV3IFllYXIgLSBWZWFyZWFrIFZhbmFiYXQ=
7e6ea752f3bed49b42670f13	4Z6U4Z634Z6O4Z+S4Z6MIOGfpQ==	QmVuIDU=
7e83ab4fd831854f99d9b4bf	4Z6R4Z634Z6c4Z624oCL4Z6H4Z624Z6P4Z634oCL4Z6Z4Z6b4Z+L4oCL4Z6K4Z654Z6E4oCL4Z6W4Z644oCL4Z6Y4Z644Z6TIOGegeGeveGelOGem+GevuGegOGekeGeuOGfoeGfpA==	TmF0aW9uYWwgTWluZSBBd2FyZW5lc3MgRGF5
7e930fdf14f48bf559e4c2da	4Z6Q4Z+S4Z6E4Z+D4oCL4Z6f4Z+C4Z6T4oCL4Z6F4Z684Z6b4oCL4Z6G4Z+S4Z6T4Z624Z+G4oCL4Z6F4Z634Z6T	Q2hpbmVzZSBOZXcgWWVhcidzIEV2ZQ==
7ea0387d1a34d495c5bc30a3	4Z6W4Z634Z6S4Z644oCL4Z6U4Z674Z6O4Z+S4Z6Z4oCL4Z6X4Z+S4Z6H4Z674Z+G4oCL4Z6U4Z634Z6O4Z+S4Z6M	UGNodW0gQmVuIEZlc3RpdmFs
7ebc8efe4b6297e6a5c81f30	4Z6U4Z674Z6O4Z+S4Z6Z4oCL4Z6O4Z684Z6i4Z+C4Z6b	Q2hyaXN0bWFzIERheQ==
7f168ddeb486d58d73d4052b	4Z6W4Z634Z6S4Z644oCL4Z6U4Z674Z6O4Z+S4Z6Z4oCL4Z6X4Z+S4Z6H4Z674Z+G4oCL4Z6U4Z634Z6O4Z+S4Z6M	UGNodW0gQmVuIEZlc3RpdmFs
7f1fcea9dcfc846ae8ac5101	4Z6R4Z634Z6c4Z624oCL4Z6C4Z+S4Z6a4Z684oCL4Z6U4Z6E4Z+S4Z6a4Z+A4Z6T4oCL4Z6W4Z634Z6X4Z6W4oCL4Z6b4Z+E4Z6A	V29ybGQgVGVhY2hlcidzIERheQ==
7f2272c1f455541d5e339590	4Z6W4Z634Z6S4Z644oCL4Z6U4Z674Z6O4Z+S4Z6Z4oCL4Z6f4Z+C4Z6T4oCL4Z6W4Z+S4Z6a4Z+H4oCL4Z6B4Z+C	TWlkLUF1dHVtbiBGZXN0aXZhbA==
7f39fd61f7250c76ab3032a5	4Z6W4Z634Z6S4Z644oCL4Z6U4Z674Z6O4Z+S4Z6Z4oCL4Z6c4Z634Z6f4Z624Z6B4oCL4Z6U4Z684Z6H4Z62	VmlzYWsgQm9jaGVh
7f68985dba5388c493204f43	4Z6R4Z634Z6c4Z624oCL4Z6U4Z644Z6P4Z62	RmF0aGVyJ3MgRGF5
7f78f2cf67aaecce90661db1	4Z6R4Z634Z6c4Z624oCL4Z6W4Z6b4Z6A4Z6Y4Z+S4Z6Y4oCL4Z6i4Z6T4Z+S4Z6P4Z6a4Z6H4Z624Z6P4Z63IOGegeGeveGelOGem+GevuGegOGekeGeuOGfoeGfouGfqQ==	SW50ZXJuYXRpb25hbCBMYWJvciBEYXk=
7f7ec1244b7fafe6e78e1a6c	4Z6A4Z+G4Z6O4Z6+4Z6P4oCL4Z6T4Z6C4Z6a4oCL4Z6U4Z624Z6b4oCL4Z6H4Z624Z6P4Z63IOGegeGeveGelOGem+GevuGegOGekeGeuOGfp+GfoQ==	QmlydGggb2YgdGhlIE5hdGlvbmFsIFBvbGljZQ==
7f8dbcf505bd77f4c045b56c	4Z6W4Z+S4Z6a4Z+H4oCL4Z6a4Z624Z6H4oCL4Z6W4Z634Z6S4Z644oCL4Z6U4Z674Z6O4Z+S4Z6Z4oCL4Z6F4Z6Y4Z+S4Z6a4Z6+4Z6T4oCL4Z6W4Z+S4Z6a4Z+H4oCL4Z6H4Z6T4Z+S4Z6YIOGen+GemOGfkuGej+GfgeGeheKAi+GeluGfkuGemuGfh+KAi+GemOGeoOGetuGegOGfkuGen+Gej+GfkuGemuGeuCDhnpPhnprhn4Thno/hn5Lhno/hnpgg4Z6Y4Z674Z6T4Z634Z6T4Z624Z6QIOGen+GeuOGeoOGek+GeuyDhnpbhn5Lhnprhn4figIvhnpzhnprhnprhnrbhnofigIvhnpjhnrbhno/hnrbigIvhnofhnrbhno/hnrfigIvhnoHhn5Lhnpjhn4Lhnpog4Z6A4Z+S4Z6T4Z674Z6E4oCL4Z6f4Z+B4Z6a4Z644Z6X4Z624Z6WIOGen+GfgeGeheGegOGfkuGej+GeuOGekOGfkuGem+Gfg+GekOGfkuGek+GevOGemiDhnpPhnrfhnoTigIvhnp/hnrvhnpfhnpjhnoThn5LhnoLhnps=	UXVlZW4gTW90aGVyJ3MgQmlydGhkYXk=
7f92c47c4759579194b77462	4Z6U4Z634Z6O4Z+S4Z6MIOGfpQ==	QmVuIDU=
7fcfd3df112afbdb8d139b0d	4Z6W4Z+S4Z6a4Z+H4oCL4Z6a4Z624Z6H4oCL4Z6W4Z634Z6S4Z644oCL4Z6U4Z674Z6O4Z+S4Z6Z4oCL4Z6i4Z674Z+G4oCL4Z6R4Z684Z6AIOGelOGejuGfkuGeiuGfguGej+KAi+GelOGfkuGemuGekeGeuOGelCDhnpPhnrfhnoTigIvhnp/hn4bhnpbhn4figIvhnpbhn5Lhnprhn4figIvhnoHhn4Ig4Z6i4Z6A4Z6i4Z+G4Z6U4Z674Z6A	V2F0ZXIgRmVzdGl2YWw=
7ff83b4c2d3b1e2b7cc0bd79	4Z6R4Z634Z6c4Z624oCL4Z6i4Z6T4Z624oCL4Z6Y4Z+Q4Z6Z4oCL4Z6U4Z6a4Z634oCL4Z6f4Z+S4Z6Q4Z624Z6T4oCL4Z6H4Z624Z6P4Z63	TmF0aW9uYWwgRW52aXJvbm1lbnRhbCBTYW5pdGF0aW9uIERheQ==
7ffd799fd7439c604b2e0494	4Z6R4Z634Z6c4Z624oCL4Z6U4Z+S4Z6a4Z6A4Z624Z6f4oCL4Z6a4Z6K4Z+S4Z6L4oCL4Z6S4Z6Y4Z+S4Z6Y4Z6T4Z674Z6J4Z+S4Z6JIOGegeGeveGelOGem+GevuGegOGekeGeuOGfo+GfoA==	Q29uc3RpdHV0aW9uIERheQ==
801405dd016944d5d93db9c7	4Z6R4Z634Z6c4Z624oCL4Z6H4Z+Q4Z6Z4oCL4Z6H4Z6Y4Z+S4Z6T4Z+H4oCL4Z6b4Z6+4oCL4Z6a4Z6U4Z6U4oCL4Z6U4Z+S4Z6a4Z6b4Z+Q4Z6Z4oCL4Z6W4Z684Z6H4oCL4Z6f4Z624Z6f4Z6T4Z+NIOGegeGeveGelOGem+GevuGegOGekeGeuOGfpOGfpQ==	VmljdG9yeSBPdmVyIEdlbm9jaWRlIERheQ==
802727aa6964a2e96080f181	4Z6R4Z634Z6c4Z624oCL4Z6W4Z634Z6X4Z6W4Z6b4Z+E4Z6A4oCL4Z6A4Z+G4Z6F4Z624Z6P4Z+L4oCL4Z6a4Z+E4Z6C4oCL4Z6a4Z6U4Z+B4Z6E	V29ybGQgVHViZXJjdWxvc2lzIERheQ==
8033fe64b58067b13360d630	4Z6R4Z634Z6c4Z624oCL4Z6i4Z624oCL4Z6A4Z624Z6f4oCL4Z6F4Z6a4Z6O4Z+N4Z6f4Z+K4Z644Z6c4Z634Z6b	Q2l2aWwgQXZpYXRpb24gRGF5
80a6cb74ec266ae346a83398	4Z6P4Z+G4Z6U4Z6T4Z+L4oCL4Z6a4Z6Y4Z6O4Z644oCL4Z6K4Z+S4Z6L4Z624Z6T4oCL4Z6i4Z6E4Z+S4Z6C4Z6aIOGej+GfkuGemuGevOGenOKAi+GelOGetuGek+KAi+GeheGeu+Gfh+KAi+GegOGfkuGek+Geu+GehOKAi+GelOGeieGfkuGeh+GeuOKAi+GelOGfgeGej+Get+GegOKAi+Gel+GejuGfkuGejOKAi+GeluGet+Gel+GeluGem+GfhOGegOGemuGelOGen+Gfi+GeouGehOGfkuGeguGegOGetuGemuGemeGevOGejuGfgeGen+GfkuGegOGevCDhnoHhnr3hnpThnpvhnr7hnoDhnpHhnrjhn6Phn6Q=	QW5na29yIHdhcyBpbnNjcmliZWQgb24gdGhlIFVORVNDTyBXb3JsZCBIZXJpdGFnZSBMaXN0
80ab6180307b056103030757	4Z6f4Z+C4Z6T4oCL4Z6T4Z+G4oCL4Z6F4Z624Z+G4Z6E	U3RpY2t5IFJpY2UgRHVtcGxpbmdzIChab25nemkp
80caa8894eee5c79f8702a75	4Z6F4Z684Z6b4oCL4Z6G4Z+S4Z6T4Z624Z+G4oCL4Z6F4Z634Z6T	Q2hpbmVzZSBOZXcgWWVhcg==
80e84962562dc5c12ffa798b	4Z6R4Z634Z6c4Z624oCL4Z6Y4Z6T4Z674Z6f4Z+S4Z6f4oCL4Z6F4Z624Z6f4Z+L4oCL4Z6A4Z6Y4Z+S4Z6W4Z674Z6H4Z62IOGek+Get+GehOGekeGet+GenOGetuGemOGek+Geu+Gen+GfkuGen+GeheGetuGen+Gfi+GeouGek+GfkuGej+GemuGeh+GetuGej+GetyDhnoHhnr3hnpThnpvhnr7hnoDhnpHhnrjhn6Lhn6M=	Q2FtYm9kaWFuIE9sZGVyIFBlcnNvbnMgRGF5IGFuZCB0aGUgSW50ZXJuYXRpb25hbCBEYXkgb2YgT2xkZXIgUGVyc29ucw==
81009514fab67595dd87ae2c	4Z6R4Z634Z6c4Z624oCL4Z6U4Z6a4Z634oCL4Z6f4Z+S4Z6Q4Z624Z6T4oCL4Z6H4Z624Z6P4Z63IOGek+Get+GehOKAi+GelOGemuGet+KAi+Gen+GfkuGekOGetuGek+KAi+GeluGet+Gel+GeluKAi+Gem+GfhOGegCDhnoHhnr3hnpThnpvhnr7hnoDhnpHhnrjhn6Hhn6I=	TmF0aW9uYWwgYW5kIFdvcmxkIEVudmlyb25tZW50IERheQ==
816e59cfb933433a0f80bd60	4Z6P4Z674Z6b4Z624oCL4Z6A4Z624Z6a4oCL4Z6Z4Z674Z6P4Z+S4Z6P4Z634oCL4Z6S4Z6Y4Z+M4oCL4Z6i4Z6T4Z+S4Z6P4Z6a4oCL4Z6H4Z624Z6P4Z634oCL4Z6A4Z+S4Z6a4Z674Z6E4oCL4Z6h4Z624oCL4Z6i4Z+BIOGen+GemOGfkuGemuGfgeGeheKAi+GeseGfkuGemeKAi+GegOGemOGfkuGeluGeu+Geh+GetuGeh+GetuGemOGfkuGeheGetuGen+Gfi+GegOGemOGfkuGemOGen+Get+GekeGfkuGekuGetyDhnpvhnr7hnpThn5Lhnprhnrbhnp/hnrbhnpHhnpbhn5Lhnprhn4fhnpzhnrfhnqDhnrbhnpog4Z6B4Z694Z6U4Z6b4Z6+4Z6A4Z6R4Z644Z+m4Z+o	SW50ZXJuYXRpb25hbCBDb3VydCBvZiBKdXN0aWNlIGluIFRoZSBIYWd1ZSBkZWNsYXJlZCBDYW1ib2RpYSBpcyB0aGUgb3duZXIgb2YgdGhlIFByZWFoIFZpaGVhciBUZW1wbGU=
81d218e8df351551eed5728f	4Z6U4Z674Z6O4Z+S4Z6Z4oCL4Z6g4Z624Z6h4Z684Z6c4Z644Z6T	SGFsbG93ZWVu
81ddc0738162b7e05ab804a6	4Z6A4Z6L4Z634Z6T4oCL4Z6A4Z624Z6b	S2F0aGVuIEthbA==
81e02c0a2b93f811ba0fc283	4Z6R4Z634Z6c4Z624oCL4Z6c4Z6U4Z+S4Z6U4oCL4Z6S4Z6Y4Z+M4oCL4Z6H4Z624Z6P4Z63IOGegeGeveGelOGem+GevuGegOGekeGeuOGfoeGfog==	TmF0aW9uYWwgQ3VsdHVyZSBEYXk=
81f62a3e2c4ff428aaf53278	4Z6R4Z634Z6c4Z624oCL4Z6H4Z624Z6P4Z634oCL4Z6i4Z+S4Z6T4Z6A4oCL4Z6T4Z634Z6W4Z6T4Z+S4Z6S	TmF0aW9uYWwgQXV0aG9ycycgRGF5
821719736febd408161e4b25	4Z6R4Z634Z6c4Z624oCL4Z6n4Z6R4Z+S4Z6Z4Z624Z6T4Z674oCL4Z6a4Z6A4Z+S4Z6f4Z6W4Z634Z6X4Z6W4Z6b4Z+E4Z6AIOGegeGeveGelOGem+GevuGegOGekeGeuOGfoeGfqA==	V29ybGQgUmFuZ2VyIERheQ==
824ee20fda6ee22a548e8cce	4Z6U4Z634Z6O4Z+S4Z6MIOGfpQ==	QmVuIDU=
828714f12042b7648337cce5	4Z6R4Z634Z6c4Z624Z6Y4Z624Z6P4Z62	TW90aGVyJ3MgRGF5
82a808480763232e7a1c0ffe	4Z6R4Z634Z6c4Z624oCL4Z6H4Z6T4oCL4Z6Y4Z624Z6T4oCL4Z6W4Z634Z6A4Z624Z6a4Z6X4Z624Z6W4oCL4Z6i4Z6T4Z+S4Z6P4Z6a4Z6H4Z624Z6P4Z63	SW50ZXJuYXRpb25hbCBEYXkgb2YgRGlzYWJsZWQgUGVyc29ucw==
82c38b82bf44c5f3e8d3d33d	4Z6U4Z634Z6O4Z+S4Z6MIOGfoQ==	QmVuIDE=
83206c43fdbbea02db05c5a7	4Z6R4Z634Z6c4Z624oCL4Z6Y4Z6F4Z+S4Z6G4Z624oCL4Z6H4Z624Z6P4Z63	TmF0aW9uYWwgRmlzaCBEYXk=
83371d0425104a86752ef85f	4Z6F4Z624Z6U4Z+J4Z644oCL4Z6K4Z6E4oCL4Z6c4Z+C4Z6EIOGej+GfkuGemuGevOGenOKAi+GelOGetuGek+KAi+GeheGeu+Gfh+KAi+GegOGfkuGek+Geu+GehOKAi+GelOGeieGfkuGeh+GeuOKAi+GelOGfgeGej+Get+GegOKAi+Gel+GejuGfkuGejOKAi+GenOGelOGfkuGelOGekuGemOGfjOGeouGemuGevOGelOGeuOGek+Gfg+GemOGek+Geu+Gen+GfkuGen+Geh+GetuGej+GetyDhnoHhnr3hnpThnpvhnr7hnoDhnpHhnrjhn6U=	Q2hhcGVpIERhbmcgVmVuZyBpbnNjcmliZWQgb24gdGhlIExpc3Qgb2YgSW50YW5naWJsZSBDdWx0dXJhbCBIZXJpdGFnZSBpbiBOZWVkIG9mIFVyZ2VudCBTYWZlZ3VhcmRpbmc=
83430b61e34044bb0641f83b	4Z6U4Z634Z6O4Z+S4Z6MIOGfqQ==	QmVuIDk=
8348c12fac31a3af0ca83a15	4Z6Q4Z+S4Z6E4Z+D4oCL4Z6f4Z+C4Z6T4oCL4Z6K4Z6A4oCL4Z6H4Z6+4Z6E4oCL4Z6S4Z684Z6U	S2l0Y2hlbiBHb2QgRmVzdGl2YWw=
8353b082d1ae6e520b7696a0	4Z6R4Z634Z6c4Z624oCL4Z6H4Z624Z6P4Z634oCL4Z6Z4Z6b4Z+L4oCL4Z6K4Z654Z6E4oCL4Z6W4Z644oCL4Z6Y4Z644Z6TIOGegeGeveGelOGem+GevuGegOGekeGeuOGfpg==	TmF0aW9uYWwgTWluZSBBd2FyZW5lc3MgRGF5
835bc455e389ded113efd7eb	4Z6G4Z+B4Z6E4oCL4Z6Y4Z+J4Z+B4Z6E	VG9tYi1Td2VlcGluZyBEYXkgKFFpbmdtaW5nIEZlc3RpdmFsKQ==
836f345a90628d33ab09b14e	4Z6A4Z6Y4Z+S4Z6W4Z674Z6H4Z624oCL4Z6F4Z684Z6b4oCL4Z6H4Z624oCL4Z6f4Z6Y4Z624oCL4Z6H4Z634Z6A4oCL4Z6i4Z624Z6f4Z+K4Z624Z6TIOGegeGeveGelOGem+GevuGegOGekeGeuOGfoeGfpQ==	Q2FtYm9kaWEgam9pbmVkIFRoZSBBc3NvY2lhdGlvbiBvZiBTb3V0aGVhc3QgQXNpYW4gTmF0aW9ucyAoQVNFQU4p
8374badc4beb476d3c526a9b	4Z6R4Z634Z6c4Z624Z6a4Z+G4Z6b4Z654Z6A4oCL4Z6B4Z694Z6U4oCL4Z6T4Z+D4oCL4Z6A4Z634Z6F4Z+S4Z6F4Z6W4Z+S4Z6a4Z6Y4Z6W4Z+S4Z6a4Z+A4Z6E4oCL4Z6f4Z6T4Z+S4Z6P4Z634Z6X4Z624Z6W4oCL4Z6R4Z644Z6A4Z+S4Z6a4Z674Z6E4oCL4Z6U4Z+J4Z624Z6a4Z644Z6f	UGFyaXMgUGVhY2UgQWdyZWVtZW50IERheQ==
838028d0593dfa1fdebe445d	4Z6U4Z634Z6O4Z+S4Z6MIOGfpA==	QmVuIDQ=
8386800a670d66c725e37885	4Z6W4Z+S4Z6a4Z+H4oCL4Z6a4Z624Z6H4oCL4Z6W4Z634Z6S4Z644oCL4Z6U4Z674Z6O4Z+S4Z6Z4oCL4Z6i4Z674Z+G4oCL4Z6R4Z684Z6AIOGelOGejuGfkuGeiuGfguGej+KAi+GelOGfkuGemuGekeGeuOGelCDhnpPhnrfhnoTigIvhnp/hn4bhnpbhn4figIvhnpbhn5Lhnprhn4figIvhnoHhn4Ig4Z6i4Z6A4Z6i4Z+G4Z6U4Z674Z6A	V2F0ZXIgRmVzdGl2YWw=
8391b820a937a4a650fae57e	4Z6R4Z634Z6c4Z624oCL4Z6W4Z634Z6X4Z6W4oCL4Z6b4Z+E4Z6A4oCL4Z6U4Z+S4Z6a4Z6Z4Z674Z6R4Z+S4Z6S4oCL4Z6U4Z+S4Z6a4Z6G4Z624Z+G4Z6E4oCL4Z6T4Z654Z6E4oCL4Z6H4Z+G4Z6E4Z664oCL4Z6i4Z+B4Z6K4Z6f4Z+N	V29ybGQgQUlEUyBEYXk=
83a5071e853ad971b924296b	4Z6a4Z6U4Z624Z+G4oCL4Z6W4Z+S4Z6a4Z+H4oCL4Z6a4Z624Z6H4oCL4Z6R4Z+S4Z6a4Z6W4Z+S4Z6ZIOGej+GfkuGemuGevOGenOKAi+GelOGetuGek+KAi+GeheGeu+Gfh+KAi+GegOGfkuGek+Geu+GehOKAi+GelOGeieGfkuGeh+GeuOKAi+GelOGfgeGej+Get+KAi+GegOGel+GejuGfkuGejOKAi+GenOGelOGfkuGelOGekuGemOGfjOGeouGemuGevOGelOGeuOGek+Gfg+GemOGek+Geu+Gen+GfkuGen+Geh+GetuGej+GetyDhnoHhnr3hnpThnpvhnr7hnoDhnpHhnrjhn6Hhn6I=	Um95YWwgQmFsbGV0IG9mIENhbWJvZGlhIGluc2NyaWJlZCBvbiB0aGUgUmVwcmVzZW50YXRpdmUgTGlzdCBvZiB0aGUgSW50YW5naWJsZSBDdWx0dXJhbCBIZXJpdGFnZSBvZiBIdW1hbml0eQ==
83a69e8fd243806de6c7e25f	4Z6R4Z634Z6c4Z624Z6R4Z654Z6AIOGek+Get+GehOGep+Gej+Geu+Gek+Get+GemeGemOGeluGet+Gel+GeluGem+GfhOGegA==	V29ybGQgV2F0ZXIgYW5kIFdvcmxkIE1ldGVvcm9sb2dpY2FsIERheQ==
83add4c1309400bdfb28acb4	4Z6R4Z634Z6c4Z624oCL4Z6W4Z634Z6X4Z6W4Z6b4Z+E4Z6A4oCL4Z6A4Z+G4Z6F4Z624Z6P4Z+L4oCL4Z6a4Z+E4Z6C4oCL4Z6a4Z6U4Z+B4Z6E	V29ybGQgVHViZXJjdWxvc2lzIERheQ==
83b0bc82f6ca630f783158f2	4Z6R4Z634Z6c4Z624oCL4Z6A4Z674Z6Y4Z624Z6a4oCL4Z6i4Z6T4Z+S4Z6P4Z6a4oCL4Z6H4Z624Z6P4Z63IOGegeGeveGelOGem+GevuGegOGekeGeuOGfp+Gfpw==	SW50ZXJuYXRpb25hbCBDaGlsZHJlbidzIERheQ==
83cd75c89477389ca91f4940	4Z6G4Z+B4Z6E4oCL4Z6Y4Z+J4Z+B4Z6E	VG9tYi1Td2VlcGluZyBEYXkgKFFpbmdtaW5nIEZlc3RpdmFsKQ==
83d411e7b764205929a12da6	4Z6W4Z634Z6S4Z644oCL4Z6U4Z674Z6O4Z+S4Z6Z4oCL4Z6F4Z684Z6b4oCL4Z6G4Z+S4Z6T4Z624Z+G4oCL4Z6Q4Z+S4Z6Y4Z64IOGelOGfkuGemuGeluGfg+GejuGeuOKAi+Geh+GetuGej+GetyAtIOGemOGeoOGetuKAi+Gen+GehOGfkuGegOGfkuGemuGetuGek+GfkuGejyDhnpjhn4nhn4ThnoQg4Z+h4Z+hOuGfoeGfoiBQTQ==	S2htZXIgTmV3IFllYXIgLSBNb2hhIFNhbmtyYW50YSBhdCAxMToxMiBQTQ==
83da26b1ede0e0db53c8b0ab	4Z6f4Z+C4Z6T4oCL4Z6A4Z+S4Z6U4Z624Z6b4oCL4Z6R4Z654Z6A	R2hvc3QgRmVzdGl2YWw=
83de2c559a016093212faee3	4Z6R4Z634Z6c4Z624oCL4Z6i4Z6A4Z+S4Z6B4Z6a4oCL4Z6A4Z6Y4Z+S4Z6Y4oCL4Z6i4Z6T4Z+S4Z6P4Z6a4oCL4Z6H4Z624Z6P4Z63	SW50ZXJuYXRpb25hbCBMaXRlcmFjeSBEYXk=
83e2304e67b999bbbad9ea9a	4Z6f4Z+C4Z6T4Z6T4Z+G4Z6i4Z+K4Z64	V2ludGVyIFNvbHN0aWNlIEZlc3RpdmFs
840fcea237b9097acfefff67	4Z6U4Z674Z6O4Z+S4Z6Z4oCL4Z6g4Z624Z6h4Z684Z6c4Z644Z6T	SGFsbG93ZWVu
840fd5766030e30974cfe832	4Z6R4Z634Z6c4Z624Z6a4Z+G4Z6b4Z654Z6A4oCL4Z6B4Z694Z6U4oCL4Z6T4Z+D4oCL4Z6A4Z634Z6F4Z+S4Z6F4Z6W4Z+S4Z6a4Z6Y4Z6W4Z+S4Z6a4Z+A4Z6E4oCL4Z6f4Z6T4Z+S4Z6P4Z634Z6X4Z624Z6W4oCL4Z6R4Z644Z6A4Z+S4Z6a4Z674Z6E4oCL4Z6U4Z+J4Z624Z6a4Z644Z6f	UGFyaXMgUGVhY2UgQWdyZWVtZW50IERheQ==
84210d1cc27cfcd7c8c22641	4Z6P4Z674Z6b4Z624oCL4Z6A4Z624Z6a4oCL4Z6Z4Z674Z6P4Z+S4Z6P4Z634oCL4Z6S4Z6Y4Z+M4oCL4Z6i4Z6T4Z+S4Z6P4Z6a4oCL4Z6H4Z624Z6P4Z634oCL4Z6A4Z+S4Z6a4Z674Z6E4oCL4Z6h4Z624oCL4Z6i4Z+BIOGen+GemOGfkuGemuGfgeGeheKAi+GeseGfkuGemeKAi+GegOGemOGfkuGeluGeu+Geh+GetuGeh+GetuGemOGfkuGeheGetuGen+Gfi+GegOGemOGfkuGemOGen+Get+GekeGfkuGekuGetyDhnpvhnr7hnpThn5Lhnprhnrbhnp/hnrbhnpHhnpbhn5Lhnprhn4fhnpzhnrfhnqDhnrbhnpog4Z6B4Z694Z6U4Z6b4Z6+4Z6A4Z6R4Z644Z+j4Z+o	SW50ZXJuYXRpb25hbCBDb3VydCBvZiBKdXN0aWNlIGluIFRoZSBIYWd1ZSBkZWNsYXJlZCBDYW1ib2RpYSBpcyB0aGUgb3duZXIgb2YgdGhlIFByZWFoIFZpaGVhciBUZW1wbGU=
8438bf7c0286a1c47f840d26	4Z6W4Z+S4Z6a4Z+H4oCL4Z6a4Z624Z6H4oCL4Z6W4Z634Z6S4Z644oCL4Z6U4Z674Z6O4Z+S4Z6Z4oCL4Z6F4Z6Y4Z+S4Z6a4Z6+4Z6T4oCL4Z6W4Z+S4Z6a4Z+H4oCL4Z6H4Z6T4Z+S4Z6YIOGen+GemOGfkuGej+GfgeGeheKAi+GeluGfkuGemuGfh+KAi+GemOGeoOGetuGegOGfkuGen+Gej+GfkuGemuGeuCDhnpPhnprhn4Thno/hn5Lhno/hnpgg4Z6Y4Z674Z6T4Z634Z6T4Z624Z6QIOGen+GeuOGeoOGek+GeuyDhnpbhn5Lhnprhn4figIvhnpzhnprhnprhnrbhnofigIvhnpjhnrbhno/hnrbigIvhnofhnrbhno/hnrfigIvhnoHhn5Lhnpjhn4Lhnpog4Z6A4Z+S4Z6T4Z674Z6E4oCL4Z6f4Z+B4Z6a4Z644Z6X4Z624Z6WIOGen+GfgeGeheGegOGfkuGej+GeuOGekOGfkuGem+Gfg+GekOGfkuGek+GevOGemiDhnpPhnrfhnoTigIvhnp/hnrvhnpfhnpjhnoThn5LhnoLhnps=	UXVlZW4gTW90aGVyJ3MgQmlydGhkYXk=
843f420aab62b7e6f3a913ce	4Z6W4Z+S4Z6a4Z+H4oCL4Z6a4Z624Z6H4oCL4Z6W4Z634Z6S4Z644oCL4Z6U4Z674Z6O4Z+S4Z6Z4oCL4Z6i4Z674Z+G4oCL4Z6R4Z684Z6AIOGelOGejuGfkuGeiuGfguGej+KAi+GelOGfkuGemuGekeGeuOGelCDhnpPhnrfhnoTigIvhnp/hn4bhnpbhn4figIvhnpbhn5Lhnprhn4figIvhnoHhn4Ig4Z6i4Z6A4Z6i4Z+G4Z6U4Z674Z6A	V2F0ZXIgRmVzdGl2YWw=
844684e52c57d434bee57a10	4Z6R4Z634Z6c4Z624oCL4Z6W4Z634Z6X4Z6W4oCL4Z6b4Z+E4Z6A4oCL4Z6C4Z+S4Z6Y4Z624Z6T4oCL4Z6Q4Z+S4Z6T4Z624Z+G4oCL4Z6H4Z6A4Z+L	V29ybGQgTm8gVG9iYWNjbyBEYXk=
845306a2f73ba1145d8d2184	4Z6W4Z634Z6S4Z644oCL4Z6U4Z674Z6O4Z+S4Z6Z4oCL4Z6X4Z+S4Z6H4Z674Z+G4oCL4Z6U4Z634Z6O4Z+S4Z6M	UGNodW0gQmVuIEZlc3RpdmFs
8476e5aeeaad3306d0b92b20	4Z6W4Z634Z6S4Z644oCL4Z6U4Z674Z6O4Z+S4Z6Z4oCL4Z6X4Z+S4Z6H4Z674Z+G4oCL4Z6U4Z634Z6O4Z+S4Z6M	UGNodW0gQmVuIEZlc3RpdmFs
8488ad17372fac018c38233f	4Z6R4Z634Z6c4Z624oCL4Z6i4Z6T4Z+S4Z6P4Z6a4oCL4Z6H4Z624Z6P4Z634oCL4Z6U4Z+S4Z6a4Z6Z4Z674Z6R4Z+S4Z6S4oCL4Z6U4Z+S4Z6a4Z6G4Z624Z+G4Z6E4oCL4Z6C4Z+S4Z6a4Z6/4Z6E4oCL4Z6J4Z+A4Z6T	SW50ZXJuYXRpb25hbCBEYXkgQWdhaW5zdCBEcnVnIEFidXNlIGFuZCBJbGxpY2l0IFRyYWZmaWNraW5n
849c7dcb9452b524edffa814	4Z6A4Z+S4Z6a4Z6Y4Z62IOGej+GfkuGemuGevOGenOKAi+GelOGetuGek+KAi+GeheGeu+Gfh+GegOGfkuGek+Geu+GehOGelOGeieGfkuGeh+GeuOGelOGfgeGej+Get+GegOGel+GejuGfkuGejOGenOGelOGfkuGelOGekuGemOGfjOGeouGemuGevOGelOGeuOGek+Gfg+GemOGek+Geu+Gen+GfkuGen+Geh+GetuGej+GetyDhnoHhnr3hnpThnpvhnr7hnoDhnpHhnrjhn6I=	S3JhbWEgaW5zY3JpYmVkIG9uIHRoZSBSZXByZXNlbnRhdGl2ZSBMaXN0IG9mIHRoZSBJbnRhbmdpYmxlIEN1bHR1cmFsIEhlcml0YWdlIG9mIEh1bWFuaXR5
84aac372599659d7333da833	4Z6f4Z+C4Z6T4Z6T4Z+G4Z6i4Z+K4Z64	V2ludGVyIFNvbHN0aWNlIEZlc3RpdmFs
84b0aae15387dbc2aa7c3496	4Z6F4Z684Z6b4oCL4Z6W4Z+S4Z6a4Z+H4oCL4Z6c4Z6f4Z+S4Z6f4Z62	QmVnaW5uaW5nIG9mIEJ1ZGRoaXN0IExlbnQ=
84ba80621cac24d86823ae93	4Z6R4Z634Z6c4Z624oCL4Z6U4Z+S4Z6a4Z6Z4Z674Z6R4Z+S4Z6S4oCL4Z6U4Z+S4Z6a4Z6G4Z624Z+G4Z6E4oCL4Z6i4Z+G4Z6W4Z6+4oCL4Z6W4Z674Z6A4Z6a4Z6b4Z694Z6Z	QW50aS1Db3JydXB0aW9uIERheQ==
84db5ef74a9969d6e3a9d919	4Z6U4Z6O4Z+S4Z6O4Z6f4Z624Z6a4oCL4Z6f4Z624Z6a4Z6Y4Z6T4Z+S4Z6R4Z644Z6a4oCL4Z6n4Z6A4Z+S4Z6a4Z634Z6K4Z+S4Z6L4Z6A4Z6Y4Z+S4Z6Y4oCL4Z6U4Z+S4Z6a4Z6b4Z+Q4Z6Z4oCL4Z6W4Z684Z6H4Z6f4Z624Z6f4Z6T4Z+N4oCL4Z6R4Z694Z6b4oCL4Z6f4Z+S4Z6b4Z+C4Z6EIOGej+GfkuGemuGevOGenOKAi+GelOGetuGek+KAi+GeheGeu+Gfh+KAi+GegOGfkuGek+Geu+GehOKAi+GelOGeieGfkuGeh+GeuOKAi+Gen+GfkuGemOGetuGemuGej+GeuOKAi+GeheGehOGeheGetuGfhuKAi+Gek+Gfg+KAi+GeluGet+Gel+GeluKAi+Gem+GfhOGegOKAi+GemuGelOGen+Gfi+KAi+GemeGevOGejuGfgeGen+GfkuGegOGevCDhnoHhnr3hnpThnpvhnr7hnoDhnpHhnrjhn6Lhn6A=	VGhlIGFyY2hpdmVzIG9mIFR1b2wgU2xlbmcgR2Vub2NpZGUgTXVzZXVtIGFyZSByZWdpc3RlcmVkIGFzIHBhcnQgb2YgdGhlIE1lbW9yeSBvZiB0aGUgV29ybGQgYnkgVU5FU0NP
84f2b3b1241e04e52881b555	4Z6W4Z+S4Z6a4Z+H4oCL4Z6a4Z624Z6H4oCL4Z6W4Z634Z6S4Z644oCL4Z6C4Z+S4Z6a4Z6E4oCL4Z6W4Z+S4Z6a4Z+H4oCL4Z6U4Z6a4Z6Y4oCL4Z6a4Z624Z6H4oCL4Z6f4Z6Y4Z+S4Z6U4Z6P4Z+S4Z6P4Z63IOGeluGfkuGemuGfh+KAi+GegOGemuGeu+GejuGetuKAi+GeluGfkuGemuGfh+KAi+GelOGetuGekeKAi+Gen+GemOGfkuGej+GfgeGeheKAi+GeluGfkuGemuGfh+KAi+GelOGemuGemOGek+GetuGekCDhnpPhnprhn4Thno/hn5Lhno/hnpgg4Z6f4Z644Z6g4Z6Y4Z674Z6T4Z64IOGeluGfkuGemuGfh+KAi+GemOGeoOGetuGegOGfkuGen+Gej+GfkuGemuKAi+Gek+Gfg+KAi+GeluGfkuGemuGfh+GemuGetuGeh+GetuGejuGetuGeheGegOGfkuGemuKAi+GegOGemOGfkuGeluGeu+Geh+Getg==	S2luZydzIENvcm9uYXRpb24gRGF5
84fc650cc19a3afda4a55cfb	4Z6R4Z634Z6c4Z624oCL4Z6i4Z6T4Z+S4Z6P4Z6a4oCL4Z6H4Z624Z6P4Z634oCL4Z6T4Z+D4oCL4Z6C4Z+S4Z6a4Z694Z6f4Z624Z6a	SW50ZXJuYXRpb25hbCBEYXkgb2YgRmFtaWxpZXM=
852fc7cb9be038826a178e38	4Z6R4Z634Z6c4Z624oCL4Z6U4Z+S4Z6a4Z624Z6a4Z6W4Z+S4Z6S4oCL4Z6W4Z634Z6S4Z644oCL4Z6C4Z+E4Z6a4Z6W4oCL4Z6W4Z+S4Z6a4Z+H4Z6c4Z634Z6J4Z+S4Z6J4Z624Z6O4Z6A4Z+S4Z6B4Z6T4Z+S4Z6SIOGeluGfkuGemuGfh+GegOGemuGeu+GejuGetuKAi+GeluGfkuGemuGfh+GelOGetuGekeKAi+Gen+GemOGfkuGej+GfgeGeheKAi+GeluGfkuGemuGfhyDhnpPhnprhn4Thno/hn5Lhno/hnpgg4Z6f4Z644Z6g4Z6T4Z67IOGeluGfkuGemuGfh+GemOGeoOGetuGenOGeuOGemuGegOGfkuGen+Gej+GfkuGemiDhnpbhn5Lhnprhn4figIvhnpzhnprhnprhnrbhnofigIvhnpThnrfhno/hnrbigIvhnq/hnoDhnprhnrbhnofhn5Lhnpkg4Z6U4Z684Z6a4Z6O4Z6X4Z624Z6W4oCL4Z6R4Z654Z6A4Z6K4Z64IOGek+Get+GehOKAi+Ger+GegOGel+GetuGeluKAi+Geh+GetuGej+Get+KAi+GegeGfkuGemOGfguGemg==	S2luZyBGYXRoZXIncyBDb21tZW1vcmF0aW9uIERheQ==
8565f3d17f323113babf38a7	4Z6R4Z634Z6c4Z624oCL4Z6H4Z6T4oCL4Z6Y4Z624Z6T4oCL4Z6W4Z634Z6A4Z624Z6a4Z6X4Z624Z6W4oCL4Z6i4Z6T4Z+S4Z6P4Z6a4Z6H4Z624Z6P4Z63	SW50ZXJuYXRpb25hbCBEYXkgb2YgRGlzYWJsZWQgUGVyc29ucw==
85845cc83d2f4769f39808f1	4Z6U4Z+S4Z6a4Z624Z6f4Z624Z6R4oCL4Z6W4Z+S4Z6a4Z+H4oCL4Z6c4Z634Z6g4Z624Z6aIOGej+GfkuGemuGevOGenOKAi+GelOGetuGek+KAi+GeheGeu+Gfh+KAi+GegOGfkuGek+Geu+GehOKAi+GelOGeieGfkuGeh+GeuOKAi+GelOGfgeGej+Get+GegOKAi+Gel+GejuGfkuGejOKAi+GeluGet+Gel+GeluGem+GfhOGegOGemuGelOGen+Gfi+GeouGehOGfkuGeguGegOGetuGemuGemeGevOGejuGfgeGen+GfkuGegOGevCDhnoHhnr3hnpThnpvhnr7hnoDhnpHhnrjhn6k=	VGVtcGxlIG9mIFByZWFoIFZpaGVhciB3YXMgaW5zY3JpYmVkIG9uIHRoZSBVTkVTQ08gV29ybGQgSGVyaXRhZ2UgTGlzdA==
859ba5093c7ab059fe3e90e4	4Z6U4Z634Z6O4Z+S4Z6MIOGfoeGfog==	QmVuIDEy
85ab2f9a9f91a3c97f8d6a56	4Z6F4Z684Z6b4oCL4Z6W4Z+S4Z6a4Z+H4oCL4Z6c4Z6f4Z+S4Z6f4Z62	QmVnaW5uaW5nIG9mIEJ1ZGRoaXN0IExlbnQ=
85d231486ffe41ef6240f2a3	4Z6R4Z634Z6c4Z624oCL4Z6i4Z6T4Z+S4Z6P4Z6a4oCL4Z6H4Z624Z6P4Z634oCL4Z6T4Z+D4oCL4Z6C4Z+S4Z6a4Z694Z6f4Z624Z6a	SW50ZXJuYXRpb25hbCBEYXkgb2YgRmFtaWxpZXM=
85e939429db362de59ee670d	4Z6W4Z634Z6S4Z644oCL4Z6U4Z+G4Z6U4Z694Z6f4oCL4Z6T4Z624Z6C4oCL4Z6B4Z+S4Z6T4Z624Z6T	VGhlIE9yZGFpbmVkIERyYWdvbiBNb25r
85ebc18d29e2f39299b578b1	4Z6U4Z684Z6H4Z6T4Z644Z6Z4Z6K4Z+S4Z6L4Z624Z6T4oCL4Z6F4Z6E4Z6F4Z624Z+G4oCL4Z6T4Z+D4oCL4Z6A4Z6Y4Z+S4Z6W4Z674Z6H4Z624Z+WIOGeluGeuOGekeGeuOGej+GetuGfhuGehOKAi+Gep+GegOGfkuGemuGet+GeiuGfkuGei+GegOGemOGfkuGemCDhnpjhnoDhnofhnrbigIvhnpjhno7hn5LhnozhnpvigIvhnpXhn5Lhnp/hn4fhnpXhn5Lhnp/hnrYg4Z6T4Z634Z6E4oCL4Z6f4Z6T4Z+S4Z6P4Z634Z6X4Z624Z6WIOGej+GfkuGemuGevOGenOKAi+GelOGetuGek+KAi+GeheGeu+Gfh+KAi+GegOGfkuGek+Geu+GehOKAi+GelOGeieGfkuGeh+GeuOKAi+GelOGfgeGej+Get+GegOGel+GejuGfkuGejOKAi+GeluGet+Gel+GeluGem+GfhOGegOKAi+GemuGelOGen+Gfi+KAi+GeouGehOGfkuGeguGegOGetuGemuKAi+GemeGevOGejuGfgeGen+GfkuGegOGevA==	TS0xMywgVHVvbCBTbGVuZyBHZW5vY2lkZSBNdXNldW0sIGFuZCBDaG9ldW5nIEVrIHdlcmUgaW5zY3JpYmVkIG9uIHRoZSBVTkVTQ08gV29ybGQgSGVyaXRhZ2UgTGlzdA==
8607e7e86bea29af1ed1658b	4Z6R4Z634Z6c4Z624oCL4oCL4Z6U4Z+S4Z6a4Z6H4Z624Z6H4Z6T4Z6H4Z624Z6P4Z63IOGek+Get+GehOKAi+KAi+GelOGfkuGemuGeh+GetuGeh+Gek+KAi+GeluGet+Gel+GeluKAi+Gem+GfhOGegA==	TmF0aW9uYWwgUG9wdWxhdGlvbiBEYXkgYW5kIFdvcmxkIFBvcHVsYXRpb24gRGF5
86240417a24cbc1b98898d6e	4Z6R4Z634Z6c4Z624oCL4Z6F4Z684Z6b4oCL4Z6G4Z+S4Z6T4Z624Z+G4oCL4Z6f4Z624Z6A4Z6b	TmV3IFllYXIncyBEYXk=
863c64490dec5a68b5fd0075	4Z6U4Z634Z6O4Z+S4Z6MIOGfoeGfoA==	QmVuIDEw
86464b281704f9d31cfaf400	4Z6R4Z634Z6c4Z624oCL4Z6W4Z634Z6X4Z6W4Z6b4Z+E4Z6A4oCL4Z6A4Z+G4Z6F4Z624Z6P4Z+L4oCL4Z6a4Z+E4Z6C4oCL4Z6a4Z6U4Z+B4Z6E	V29ybGQgVHViZXJjdWxvc2lzIERheQ==
8662fb28ece3abeef59ca061	4Z6U4Z634Z6O4Z+S4Z6MIOGfog==	QmVuIDI=
86684e9e0656d2781e3d71cb	4Z6R4Z634Z6c4Z624oCL4Z6R4Z+B4Z6f4oCL4Z6F4Z6a4Z6O4Z+N4oCL4Z6W4Z634oCL4Z6X4Z6W4oCL4Z6b4Z+E4Z6A	V29ybGQgVG91cmlzbSBEYXk=
866eea35fe7531fd86e21b6b	4Z6R4Z634Z6c4Z624oCL4Z6f4Z674Z6B4oCL4Z6X4Z624Z6W4oCL4Z6W4Z634Z6X4Z6W4oCL4Z6b4Z+E4Z6A	V29ybGQgSGVhbHRoIERheQ==
869485f75f1c5f4609ff15d2	4Z6U4Z634Z6O4Z+S4Z6MIOGfpA==	QmVuIDQ=
86a48b065b64db1997d824cc	4Z6A4Z+G4Z6O4Z6+4Z6P4oCL4Z6T4Z6C4Z6a4oCL4Z6U4Z624Z6b4oCL4Z6H4Z624Z6P4Z63IOGegeGeveGelOGem+GevuGegOGekeGeuOGfpuGfqQ==	QmlydGggb2YgdGhlIE5hdGlvbmFsIFBvbGljZQ==
86a745a1db4b46ecc5786ae9	4Z6f4Z+C4Z6T4oCL4Z6A4Z+S4Z6U4Z624Z6b4oCL4Z6R4Z654Z6A	R2hvc3QgRmVzdGl2YWw=
86f5fc32b67adc89c251fba3	4Z6A4Z6Y4Z+S4Z6W4Z674Z6H4Z624oCL4Z6F4Z684Z6b4oCL4Z6H4Z624oCL4Z6f4Z6Y4Z624oCL4Z6H4Z634Z6A4oCL4Z6i4Z6E4Z+S4Z6C4oCL4Z6A4Z624Z6a4oCL4Z6f4Z6g4oCL4Z6U4Z+S4Z6a4Z6H4Z624Z6H4Z624Z6P4Z63IOGegeGeveGelOGem+GevuGegOGekeGeuOGfp+GfoQ==	Q2FtYm9kaWEgYmVjYW1lIGEgbWVtYmVyIG9mIHRoZSBVbml0ZWQgTmF0aW9ucw==
870198b86dfec17f0bcb39a3	4Z6U4Z634Z6O4Z+S4Z6MIOGfoQ==	QmVuIDE=
8714e2ab47a75e5afb633cf3	4Z6a4Z674Z6A4Z+S4Z6B4oCL4Z6R4Z634Z6c4Z62	QXJib3IgRGF5
87216092e37832cd3c41b812	4Z6U4Z634Z6O4Z+S4Z6MIOGfoeGfog==	QmVuIDEy
87393e5c38b6461f7ebb8e6f	4Z6U4Z634Z6O4Z+S4Z6MIOGfoeGfoQ==	QmVuIDEx
8750847a3aeb47efe5f64c8f	4Z6R4Z634Z6c4Z624oCL4Z6U4Z+S4Z6a4Z624Z6a4Z6W4Z+S4Z6S4oCL4Z6W4Z634Z6S4Z644oCL4Z6C4Z+E4Z6a4Z6W4oCL4Z6W4Z+S4Z6a4Z+H4Z6c4Z634Z6J4Z+S4Z6J4Z624Z6O4Z6A4Z+S4Z6B4Z6T4Z+S4Z6SIOGeluGfkuGemuGfh+GegOGemuGeu+GejuGetuKAi+GeluGfkuGemuGfh+GelOGetuGekeKAi+Gen+GemOGfkuGej+GfgeGeheKAi+GeluGfkuGemuGfhyDhnpPhnprhn4Thno/hn5Lhno/hnpgg4Z6f4Z644Z6g4Z6T4Z67IOGeluGfkuGemuGfh+GemOGeoOGetuGenOGeuOGemuGegOGfkuGen+Gej+GfkuGemiDhnpbhn5Lhnprhn4figIvhnpzhnprhnprhnrbhnofigIvhnpThnrfhno/hnrbigIvhnq/hnoDhnprhnrbhnofhn5Lhnpkg4Z6U4Z684Z6a4Z6O4Z6X4Z624Z6W4oCL4Z6R4Z654Z6A4Z6K4Z64IOGek+Get+GehOKAi+Ger+GegOGel+GetuGeluKAi+Geh+GetuGej+Get+KAi+GegeGfkuGemOGfguGemg==	S2luZyBGYXRoZXIncyBDb21tZW1vcmF0aW9uIERheQ==
877838ea34d3dae1d7723141	4Z6U4Z634Z6O4Z+S4Z6MIOGfqA==	QmVuIDg=
878d563812554a2386c44262	4Z6F4Z+B4Z6J4oCL4Z6W4Z+S4Z6a4Z+H4oCL4Z6c4Z6f4Z+S4Z6f4Z62	RW5kaW5nIG9mIEJ1ZGRoaXN0IExlbnQ=
878ed3e1c761b2a7821cc856	4Z6U4Z634Z6O4Z+S4Z6MIOGfpQ==	QmVuIDU=
87ed5845a221bbf9fe98c9fc	4Z6U4Z634Z6O4Z+S4Z6MIOGfoQ==	QmVuIDE=
88103ec19a7c11dd93c4002b	4Z6W4Z+S4Z6a4Z+H4oCL4Z6a4Z624Z6H4oCL4Z6W4Z634Z6S4Z644oCL4Z6U4Z674Z6O4Z+S4Z6Z4oCL4Z6i4Z674Z+G4oCL4Z6R4Z684Z6AIOGelOGejuGfkuGeiuGfguGej+KAi+GelOGfkuGemuGekeGeuOGelCDhnpPhnrfhnoTigIvhnp/hn4bhnpbhn4figIvhnpbhn5Lhnprhn4figIvhnoHhn4Ig4Z6i4Z6A4Z6i4Z+G4Z6U4Z674Z6A	V2F0ZXIgRmVzdGl2YWw=
882723480cd23d369311286a	4Z6P4Z+G4Z6U4Z6T4Z+L4oCL4Z6a4Z6Y4Z6O4Z644oCL4Z6K4Z+S4Z6L4Z624Z6T4oCL4Z6i4Z6E4Z+S4Z6C4Z6aIOGej+GfkuGemuGevOGenOKAi+GelOGetuGek+KAi+GeheGeu+Gfh+KAi+GegOGfkuGek+Geu+GehOKAi+GelOGeieGfkuGeh+GeuOKAi+GelOGfgeGej+Get+GegOKAi+Gel+GejuGfkuGejOKAi+GeluGet+Gel+GeluGem+GfhOGegOGemuGelOGen+Gfi+GeouGehOGfkuGeguGegOGetuGemuGemeGevOGejuGfgeGen+GfkuGegOGevCDhnoHhnr3hnpThnpvhnr7hnoDhnpHhnrjhn6Lhn6g=	QW5na29yIHdhcyBpbnNjcmliZWQgb24gdGhlIFVORVNDTyBXb3JsZCBIZXJpdGFnZSBMaXN0
884140938df2a11ff68fad81	4Z6R4Z634Z6c4Z624oCL4Z6W4Z634Z6X4Z6W4oCL4Z6b4Z+E4Z6A4oCL4Z6U4Z+S4Z6a4Z6G4Z624Z+G4Z6E4oCL4Z6W4Z6b4Z6A4Z6Y4Z+S4Z6Y4oCL4Z6A4Z674Z6Y4Z624Z6aIOGegeGeveGelOGem+GevuGegOGekeGeuOGfouGfow==	SGFwcHkgV29ybGQgRGF5IEFnYWluc3QgQ2hpbGQgTGFib3Vy
8843e3d6ef810c86efe18262	4Z6R4Z634Z6c4Z624oCL4Z6U4Z+S4Z6a4Z6Z4Z674Z6R4Z+S4Z6S4oCL4Z6U4Z+S4Z6a4Z6G4Z624Z+G4Z6E4oCL4Z6i4Z+G4Z6W4Z6+4oCL4Z6W4Z674Z6A4Z6a4Z6b4Z694Z6Z	QW50aS1Db3JydXB0aW9uIERheQ==
88560ff4bad83964dbd21bae	4Z6W4Z+S4Z6a4Z+H4oCL4Z6a4Z624Z6H4oCL4Z6W4Z634Z6S4Z644oCL4Z6U4Z674Z6O4Z+S4Z6Z4oCL4Z6i4Z674Z+G4oCL4Z6R4Z684Z6AIOGelOGejuGfkuGeiuGfguGej+KAi+GelOGfkuGemuGekeGeuOGelCDhnpPhnrfhnoTigIvhnp/hn4bhnpbhn4figIvhnpbhn5Lhnprhn4figIvhnoHhn4Ig4Z6i4Z6A4Z6i4Z+G4Z6U4Z674Z6A	V2F0ZXIgRmVzdGl2YWw=
8869cb39750441fef20ba94c	4Z6U4Z634Z6O4Z+S4Z6MIOGfoeGfoA==	QmVuIDEw
886ec0843bf36fbd9a09066a	4Z6A4Z6L4Z634Z6T4oCL4Z6A4Z624Z6b	S2F0aGVuIEthbA==
8878914153614bce4806a453	4Z6R4Z634Z6c4Z624oCL4Z6i4Z6T4Z+S4Z6P4Z6a4oCL4Z6H4Z624Z6P4Z634oCL4Z6A4Z624Z6a4Z6W4Z624Z6a4oCL4Z6f4Z+S4Z6a4Z6R4Z624Z6U4Z+L4oCL4Z6i4Z684oCL4Z6g4Z+S4Z6f4Z684Z6TIOGegeGeveGelOGem+GevuGegOGekeGeuOGfpOGfow==	SW50ZXJuYXRpb25hbCBEYXkgZm9yIHRoZSBQcmVzZXJ2YXRpb24gb2YgdGhlIE96b25lIExheWVy
88856c5221c66238fddd5999	4Z6P4Z674Z6b4Z624oCL4Z6A4Z624Z6a4oCL4Z6Z4Z674Z6P4Z+S4Z6P4Z634oCL4Z6S4Z6Y4Z+M4oCL4Z6i4Z6T4Z+S4Z6P4Z6a4oCL4Z6H4Z624Z6P4Z634oCL4Z6A4Z+S4Z6a4Z674Z6E4oCL4Z6h4Z624oCL4Z6i4Z+BIOGen+GemOGfkuGemuGfgeGeheKAi+GeseGfkuGemeKAi+GegOGemOGfkuGeluGeu+Geh+GetuGeh+GetuGemOGfkuGeheGetuGen+Gfi+GegOGemOGfkuGemOGen+Get+GekeGfkuGekuGetyDhnpvhnr7hnpThn5Lhnprhnrbhnp/hnrbhnpHhnpbhn5Lhnprhn4fhnpzhnrfhnqDhnrbhnpog4Z6B4Z694Z6U4Z6b4Z6+4Z6A4Z6R4Z644Z+m4Z+g	SW50ZXJuYXRpb25hbCBDb3VydCBvZiBKdXN0aWNlIGluIFRoZSBIYWd1ZSBkZWNsYXJlZCBDYW1ib2RpYSBpcyB0aGUgb3duZXIgb2YgdGhlIFByZWFoIFZpaGVhciBUZW1wbGU=
88ab4f5a879c476557fcb545	4Z6W4Z+S4Z6a4Z+H4oCL4Z6a4Z624Z6H4oCL4Z6W4Z634Z6S4Z644oCL4Z6F4Z+S4Z6a4Z6P4Z+L4oCL4Z6W4Z+S4Z6a4Z+H4oCL4Z6T4Z6E4Z+S4Z6C4Z+Q4Z6b	Um95YWwgUGxvdWdoaW5nIENlcmVtb255
88b7c6f263dcbb60f59171b9	4Z6R4Z634Z6c4Z624oCL4oCL4Z6U4Z+S4Z6a4Z6H4Z624Z6H4Z6T4Z6H4Z624Z6P4Z63IOGek+Get+GehOKAi+KAi+GelOGfkuGemuGeh+GetuGeh+Gek+KAi+GeluGet+Gel+GeluKAi+Gem+GfhOGegA==	TmF0aW9uYWwgUG9wdWxhdGlvbiBEYXkgYW5kIFdvcmxkIFBvcHVsYXRpb24gRGF5
88b87b516cfb09259b474881	4Z6U4Z634Z6O4Z+S4Z6MIOGfow==	QmVuIDM=
88c29a93a3e44e756a06df94	4Z6R4Z634Z6c4Z624oCL4Z6H4Z624Z6P4Z634oCL4Z6T4Z+D4oCL4Z6A4Z624Z6a4oCL4Z6F4Z6E4oCL4Z6F4Z624Z+G	TmF0aW9uYWwgRGF5IG9mIFJlbWVtYnJhbmNl
88dbffb02fbeca042a70ded1	4Z6A4Z6Y4Z+S4Z6W4Z674Z6H4Z624oCL4Z6F4Z684Z6b4oCL4Z6H4Z624oCL4Z6f4Z6Y4Z624oCL4Z6H4Z634Z6A4oCL4Z6i4Z624Z6f4Z+K4Z624Z6TIOGegeGeveGelOGem+GevuGegOGekeGeuOGfouGfog==	Q2FtYm9kaWEgam9pbmVkIFRoZSBBc3NvY2lhdGlvbiBvZiBTb3V0aGVhc3QgQXNpYW4gTmF0aW9ucyAoQVNFQU4p
88f439c81605cb4475706601	4Z6W4Z634Z6S4Z644oCL4Z6U4Z674Z6O4Z+S4Z6Z4oCL4Z6X4Z+S4Z6H4Z674Z+G4oCL4Z6U4Z634Z6O4Z+S4Z6M	UGNodW0gQmVuIEZlc3RpdmFs
88f9effd57ede3249b4e9568	4Z6R4Z634Z6c4Z624oCL4Z6i4Z6T4Z+S4Z6P4Z6a4oCL4Z6H4Z624Z6P4Z634oCL4Z6H4Z6T4Z6H4Z624Z6P4Z634Z6K4Z6+4Z6Y4Z6X4Z624Z6C4Z6P4Z634Z6F4Z6W4Z634Z6X4Z6W4Z6b4Z+E4Z6A	SW50ZXJuYXRpb25hbCBEYXkgb2YgdGhlIFdvcmxkJ3MgSW5kaWdlbm91cyBQZW9wbGVz
890baf6b0d38e7b0f2a3eaf2	4Z6R4Z634Z6c4Z624oCL4Z6n4Z6R4Z+S4Z6Z4Z624Z6T4Z674oCL4Z6a4Z6A4Z+S4Z6f4Z6W4Z634Z6X4Z6W4Z6b4Z+E4Z6AIOGegeGeveGelOGem+GevuGegOGekeGeuOGfpg==	V29ybGQgUmFuZ2VyIERheQ==
8914449e4b5cb1a7e0216451	4Z6R4Z634Z6c4Z624oCL4Z6H4Z624Z6P4Z634oCL4Z6Z4Z6b4Z+L4oCL4Z6K4Z654Z6E4oCL4Z6W4Z644oCL4Z6Y4Z644Z6TIOGegeGeveGelOGem+GevuGegOGekeGeuOGfouGfoA==	TmF0aW9uYWwgTWluZSBBd2FyZW5lc3MgRGF5
892319e15190ba19c75fe99b	4Z6W4Z634Z6S4Z644oCL4Z6U4Z674Z6O4Z+S4Z6Z4oCL4Z6v4Z6A4Z6a4Z624Z6H4Z+S4Z6Z4oCL4Z6H4Z624Z6P4Z63IOGegeGeveGelOGem+GevuGegOGekeGeuOGfp+GfpQ==	SW5kZXBlbmRlbmNlIERheQ==
893eb20960b46b21fc265a4f	4Z6F4Z684Z6b4oCL4Z6G4Z+S4Z6T4Z624Z+G4oCL4Z6F4Z634Z6T	Q2hpbmVzZSBOZXcgWWVhcg==
89647b863bcf13b4a24f370d	4Z6R4Z634Z6c4Z624oCL4Z6i4Z624oCL4Z6A4Z624Z6f4oCL4Z6F4Z6a4Z6O4Z+N4Z6f4Z+K4Z644Z6c4Z634Z6b	Q2l2aWwgQXZpYXRpb24gRGF5
8966ff23401a5aabb02ea49c	4Z6R4Z634Z6c4Z624oCL4Z6W4Z634Z6X4Z6W4oCL4Z6b4Z+E4Z6A4oCL4Z6U4Z+S4Z6a4Z6Z4Z674Z6R4Z+S4Z6S4oCL4Z6U4Z+S4Z6a4Z6G4Z624Z+G4Z6E4oCL4Z6T4Z654Z6E4oCL4Z6H4Z+G4Z6E4Z664oCL4Z6i4Z+B4Z6K4Z6f4Z+N	V29ybGQgQUlEUyBEYXk=
89788cd84d3a8a6170459b1a	4Z6R4Z634Z6c4Z624oCL4Z6i4Z6T4Z+S4Z6P4Z6a4oCL4Z6H4Z624Z6P4Z634oCL4Z6T4Z+D4oCL4Z6C4Z+S4Z6a4Z694Z6f4Z624Z6a	SW50ZXJuYXRpb25hbCBEYXkgb2YgRmFtaWxpZXM=
89788f000daeeb9261f49485	4Z6U4Z634Z6O4Z+S4Z6MIOGfoeGfog==	QmVuIDEy
897d87cc085c461e8cc99482	4Z6W4Z634Z6S4Z644oCL4Z6U4Z674Z6O4Z+S4Z6Z4oCL4Z6c4Z634Z6f4Z624Z6B4oCL4Z6U4Z684Z6H4Z62	VmlzYWsgQm9jaGVh
89a2808d4cf808f339bd4b0c	4Z6W4Z634Z6S4Z644oCL4Z6U4Z674Z6O4Z+S4Z6Z4oCL4Z6F4Z684Z6b4oCL4Z6G4Z+S4Z6T4Z624Z+G4oCL4Z6Q4Z+S4Z6Y4Z64IOGelOGfkuGemuGeluGfg+GejuGeuOKAi+Geh+GetuGej+GetyAtIOGenOGetuGemuGfiOKAi+GenOGfkOGek+KAi+GelOGejw==	S2htZXIgTmV3IFllYXIgLSBWZWFyZWFrIFZhbmFiYXQ=
89a9dc842e4e0bd19d03348a	4Z6U4Z634Z6O4Z+S4Z6MIOGfpA==	QmVuIDQ=
89ac2786e5a49e487c601f26	4Z6W4Z+S4Z6a4Z+H4oCL4Z6a4Z624Z6H4oCL4Z6W4Z634Z6S4Z644oCL4Z6U4Z674Z6O4Z+S4Z6Z4oCL4Z6F4Z6Y4Z+S4Z6a4Z6+4Z6T4oCL4Z6W4Z+S4Z6a4Z+H4oCL4Z6H4Z6T4Z+S4Z6YIOGeluGfkuGemuGfh+KAi+GegOGemuGeu+GejuGetuKAi+GeluGfkuGemuGfh+KAi+GelOGetuGekeKAi+Gen+GemOGfkuGej+GfgeGeheKAi+GeluGfkuGemuGfh+KAi+GelOGemuGemOKAi+Gek+GetuGekCDhnpPhnprhn4Thno/hn5Lhno/hnpgg4Z6f4Z644Z6g4Z6Y4Z674Z6T4Z64IOGeluGfkuGemuGfh+KAi+GemOGeoOGetuGegOGfkuGen+Gej+GfkuGemuKAi+Gek+Gfg+KAi+GeluGfkuGemuGfh+GemuGetuGeh+GetuGejuGetuGeheGegOGfkuGemuKAi+GegOGemOGfkuGeluGeu+Geh+Getg==	S2luZyBTaWhhbW9uaSdzIEJpcnRoZGF5
89b0ea25d0714080c1993106	4Z6P4Z674Z6b4Z624oCL4Z6A4Z624Z6a4oCL4Z6Z4Z674Z6P4Z+S4Z6P4Z634oCL4Z6S4Z6Y4Z+M4oCL4Z6i4Z6T4Z+S4Z6P4Z6a4oCL4Z6H4Z624Z6P4Z634oCL4Z6A4Z+S4Z6a4Z674Z6E4oCL4Z6h4Z624oCL4Z6i4Z+BIOGen+GemOGfkuGemuGfgeGeheKAi+GeseGfkuGemeKAi+GegOGemOGfkuGeluGeu+Geh+GetuGeh+GetuGemOGfkuGeheGetuGen+Gfi+GegOGemOGfkuGemOGen+Get+GekeGfkuGekuGetyDhnpvhnr7hnpThn5Lhnprhnrbhnp/hnrbhnpHhnpbhn5Lhnprhn4fhnpzhnrfhnqDhnrbhnpog4Z6B4Z694Z6U4Z6b4Z6+4Z6A4Z6R4Z644Z+m4Z+k	SW50ZXJuYXRpb25hbCBDb3VydCBvZiBKdXN0aWNlIGluIFRoZSBIYWd1ZSBkZWNsYXJlZCBDYW1ib2RpYSBpcyB0aGUgb3duZXIgb2YgdGhlIFByZWFoIFZpaGVhciBUZW1wbGU=
89b348fc80044674b73c18f1	4Z6P4Z+G4Z6U4Z6T4Z+L4oCL4Z6a4Z6Y4Z6O4Z644oCL4Z6K4Z+S4Z6L4Z624Z6T4oCL4Z6i4Z6E4Z+S4Z6C4Z6aIOGej+GfkuGemuGevOGenOKAi+GelOGetuGek+KAi+GeheGeu+Gfh+KAi+GegOGfkuGek+Geu+GehOKAi+GelOGeieGfkuGeh+GeuOKAi+GelOGfgeGej+Get+GegOKAi+Gel+GejuGfkuGejOKAi+GeluGet+Gel+GeluGem+GfhOGegOGemuGelOGen+Gfi+GeouGehOGfkuGeguGegOGetuGemuGemeGevOGejuGfgeGen+GfkuGegOGevCDhnoHhnr3hnpThnpvhnr7hnoDhnpHhnrjhn6Hhn6k=	QW5na29yIHdhcyBpbnNjcmliZWQgb24gdGhlIFVORVNDTyBXb3JsZCBIZXJpdGFnZSBMaXN0
89b9a700715e285c2ed02cf7	4Z6U4Z634Z6O4Z+S4Z6MIOGfoeGfow==	QmVuIDEz
89d9af1dc01a82c8e2756b4d	4Z6R4Z634Z6c4Z624oCL4Z6W4Z634Z6X4Z6W4oCL4Z6b4Z+E4Z6A4oCL4Z6U4Z+S4Z6a4Z6G4Z624Z+G4Z6E4oCL4Z6W4Z6b4Z6A4Z6Y4Z+S4Z6Y4oCL4Z6A4Z674Z6Y4Z624Z6aIOGegeGeveGelOGem+GevuGegOGekeGeuOGfouGfqQ==	SGFwcHkgV29ybGQgRGF5IEFnYWluc3QgQ2hpbGQgTGFib3Vy
89f8adf10ae00bd8fc478607	4Z6Q4Z+S4Z6E4Z+D4oCL4Z6f4Z+C4Z6T4oCL4Z6F4Z684Z6b4oCL4Z6G4Z+S4Z6T4Z624Z+G4oCL4Z6F4Z634Z6T	Q2hpbmVzZSBOZXcgWWVhcidzIEV2ZQ==
8a1c211c34903a2ba7200205	4Z6U4Z674Z6O4Z+S4Z6Z4oCL4Z6g4Z624Z6h4Z684Z6c4Z644Z6T	SGFsbG93ZWVu
8a1d4b42ed53fec5e7b69132	4Z6W4Z634Z6S4Z644oCL4Z6U4Z674Z6O4Z+S4Z6Z4oCL4Z6c4Z634Z6f4Z624Z6B4oCL4Z6U4Z684Z6H4Z62	VmlzYWsgQm9jaGVh
8a21e8c6ac4684c87d05f498	4Z6R4Z634Z6c4Z624oCL4Z6Z4Z674Z6c4Z6H4Z6T4oCL4Z6i4Z6T4Z+S4Z6P4Z6a4oCL4Z6H4Z624Z6P4Z63	SW50ZXJuYXRpb25hbCBZb3V0aCBEYXk=
8a374dd25db0e0b0284121a9	4Z6R4Z634Z6c4Z624oCL4Z6W4Z634Z6X4Z6W4oCL4Z6b4Z+E4Z6A4oCL4Z6A4Z624Z6A4oCL4Z6U4Z624Z6R4oCL4Z6A4Z+S4Z6a4Z6g4Z6YIOGek+Get+GehOKAi+GeouGejOGfkuGejeGeheGek+GfkuGekeGegOGfkuGemuGeoOGemA==	V29ybGQgUmVkIENyb3NzIGFuZCBSZWQgQ3Jlc2NlbnQgRGF5
8a3833bf9da47159b7a0f8d7	4Z6W4Z+S4Z6a4Z+H4oCL4Z6a4Z624Z6H4oCL4Z6W4Z634Z6S4Z644oCL4Z6U4Z674Z6O4Z+S4Z6Z4oCL4Z6i4Z674Z+G4oCL4Z6R4Z684Z6AIOGelOGejuGfkuGeiuGfguGej+KAi+GelOGfkuGemuGekeGeuOGelCDhnpPhnrfhnoTigIvhnp/hn4bhnpbhn4figIvhnpbhn5Lhnprhn4figIvhnoHhn4Ig4Z6i4Z6A4Z6i4Z+G4Z6U4Z674Z6A	V2F0ZXIgRmVzdGl2YWw=
8a44ef0671372c41e4eed509	4Z6R4Z634Z6c4Z624oCL4Z6H4Z+Q4Z6Z4oCL4Z6H4Z6Y4Z+S4Z6T4Z+H4oCL4Z6b4Z6+4oCL4Z6a4Z6U4Z6U4oCL4Z6U4Z+S4Z6a4Z6b4Z+Q4Z6Z4oCL4Z6W4Z684Z6H4oCL4Z6f4Z624Z6f4Z6T4Z+NIOGegeGeveGelOGem+GevuGegOGekeGeuOGfo+Gfog==	VmljdG9yeSBPdmVyIEdlbm9jaWRlIERheQ==
8a560c064ef145ebc64cf742	4Z6R4Z634Z6c4Z624oCL4Z6i4Z624oCL4Z6A4Z624Z6f4oCL4Z6F4Z6a4Z6O4Z+N4Z6f4Z+K4Z644Z6c4Z634Z6b	Q2l2aWwgQXZpYXRpb24gRGF5
8a61dfa6a37e7b049c8eb4fb	4Z6U4Z634Z6O4Z+S4Z6MIOGfpA==	QmVuIDQ=
8a7da9f3ffd207f8d509aa96	4Z6R4Z634Z6c4Z624oCL4Z6T4Z6Z4Z+E4oCL4Z6U4Z624Z6Z4oCL4Z6I4Z+S4Z6T4Z+HIOGeiOGfkuGek+Gfhw==	V2luLXdpbiBQb2xpY3kgRGF5
8a89e6e7dc97d0a34f5d533b	4Z6Q4Z+S4Z6E4Z+D4oCL4Z6f4Z+C4Z6T4oCL4Z6F4Z684Z6b4oCL4Z6G4Z+S4Z6T4Z624Z+G4oCL4Z6F4Z634Z6T	Q2hpbmVzZSBOZXcgWWVhcidzIEV2ZQ==
8aa7e53196c09c2762b6d904	4Z6R4Z634Z6c4Z624oCL4Z6H4Z6T4oCL4Z6Y4Z624Z6T4oCL4Z6W4Z634Z6A4Z624Z6a4Z6X4Z624Z6W4oCL4Z6i4Z6T4Z+S4Z6P4Z6a4Z6H4Z624Z6P4Z63	SW50ZXJuYXRpb25hbCBEYXkgb2YgRGlzYWJsZWQgUGVyc29ucw==
8aafc87b9ff2f703271e8444	4Z6R4Z634Z6c4Z624oCL4Z6i4Z6T4Z624oCL4Z6Y4Z+Q4Z6Z4oCL4Z6U4Z6a4Z634oCL4Z6f4Z+S4Z6Q4Z624Z6T4oCL4Z6H4Z624Z6P4Z63	TmF0aW9uYWwgRW52aXJvbm1lbnRhbCBTYW5pdGF0aW9uIERheQ==
8ac59342eab4a23b09001ba2	4Z6A4Z6Y4Z+S4Z6W4Z674Z6H4Z624oCL4Z6F4Z684Z6b4oCL4Z6H4Z624oCL4Z6f4Z6Y4Z624oCL4Z6H4Z634Z6A4oCL4Z6i4Z6E4Z+S4Z6C4oCL4Z6A4Z624Z6a4oCL4Z6Z4Z684Z6O4Z+B4Z6f4Z+S4Z6A4Z68IOGegeGeveGelOGem+GevuGegOGekeGeuOGfpuGfoQ==	Q2FtYm9kaWEgam9pbmVkIFVORVNDTw==
8adfa9afe25307a2f1f39da5	4Z6R4Z634Z6c4Z624oCL4Z6H4Z+Q4Z6Z4oCL4Z6H4Z6Y4Z+S4Z6T4Z+H4oCL4Z6b4Z6+4oCL4Z6a4Z6U4Z6U4oCL4Z6U4Z+S4Z6a4Z6b4Z+Q4Z6Z4oCL4Z6W4Z684Z6H4oCL4Z6f4Z624Z6f4Z6T4Z+NIOGegeGeveGelOGem+GevuGegOGekeGeuOGfouGfpQ==	VmljdG9yeSBPdmVyIEdlbm9jaWRlIERheQ==
8b0b474ab40f19b189e0c068	4Z6R4Z634Z6c4Z624oCL4Z6c4Z6U4Z+S4Z6U4oCL4Z6S4Z6Y4Z+M4oCL4Z6H4Z624Z6P4Z63IOGegeGeveGelOGem+GevuGegOGekeGeuOGfoeGfpg==	TmF0aW9uYWwgQ3VsdHVyZSBEYXk=
8b159a2ba83ac99f06d24ebd	4Z6R4Z634Z6c4Z624oCL4Z6H4Z624Z6P4Z634oCL4Z6f4Z674Z6B4Z6X4Z624Z6W4oCL4Z6Y4Z624Z6P4Z62IOGekeGetuGemuGegCDhnpPhnrfhnoTigIvhnoDhnrvhnpjhnrbhnpo=	TmF0aW9uYWwgRGF5IG9uIE1hdGVybmFsLCBOZXdib3JuIGFuZCBDaGlsZCBIZWFsdGg=
8b4146093bdc639b8f8361d9	4Z6F4Z684Z6b4oCL4Z6G4Z+S4Z6T4Z624Z+G4oCL4Z6F4Z634Z6T	Q2hpbmVzZSBOZXcgWWVhcg==
8b4458935e2b671468380a07	4Z6U4Z674Z6O4Z+S4Z6Z4oCL4Z6O4Z684Z6i4Z+C4Z6b	Q2hyaXN0bWFzIERheQ==
8b4a2422f3dafacf6f399dcf	4Z6U4Z634Z6O4Z+S4Z6MIOGfpg==	QmVuIDY=
8b5c793c2f283471576a9113	4Z6A4Z6L4Z634Z6T4oCL4Z6A4Z624Z6b	S2F0aGVuIEthbA==
8b666990401d92b2ec12338a	4Z6R4Z634Z6c4Z624oCL4Z6H4Z+Q4Z6Z4oCL4Z6H4Z6Y4Z+S4Z6T4Z+H4oCL4Z6b4Z6+4oCL4Z6a4Z6U4Z6U4oCL4Z6U4Z+S4Z6a4Z6b4Z+Q4Z6Z4oCL4Z6W4Z684Z6H4oCL4Z6f4Z624Z6f4Z6T4Z+NIOGegeGeveGelOGem+GevuGegOGekeGeuOGfo+GfqQ==	VmljdG9yeSBPdmVyIEdlbm9jaWRlIERheQ==
8b82fcae3c0512bb23bffc1f	4Z6U4Z634Z6O4Z+S4Z6MIOGfpg==	QmVuIDY=
8b8edf76d4653a9a832fbb02	4Z6A4Z6Y4Z+S4Z6W4Z674Z6H4Z624oCL4Z6F4Z684Z6b4oCL4Z6H4Z624oCL4Z6f4Z6Y4Z624oCL4Z6H4Z634Z6A4oCL4Z6i4Z6E4Z+S4Z6C4oCL4Z6A4Z624Z6a4oCL4Z6f4Z6g4oCL4Z6U4Z+S4Z6a4Z6H4Z624Z6H4Z624Z6P4Z63IOGegeGeveGelOGem+GevuGegOGekeGeuOGfpOGfpQ==	Q2FtYm9kaWEgYmVjYW1lIGEgbWVtYmVyIG9mIHRoZSBVbml0ZWQgTmF0aW9ucw==
8bafd4f44c19cffb41926e0b	4Z6R4Z634Z6c4Z624oCL4oCL4Z6U4Z+S4Z6a4Z6H4Z624Z6H4Z6T4Z6H4Z624Z6P4Z63IOGek+Get+GehOKAi+KAi+GelOGfkuGemuGeh+GetuGeh+Gek+KAi+GeluGet+Gel+GeluKAi+Gem+GfhOGegA==	TmF0aW9uYWwgUG9wdWxhdGlvbiBEYXkgYW5kIFdvcmxkIFBvcHVsYXRpb24gRGF5
8bb8dbe9c4b42bfd7dce524b	4Z6R4Z634Z6c4Z624oCL4Z6U4Z644Z6P4Z62	RmF0aGVyJ3MgRGF5
8bcb9fbd3cb303cfc4578f01	4Z6U4Z674Z6O4Z+S4Z6Z4oCL4Z6O4Z684Z6i4Z+C4Z6b	Q2hyaXN0bWFzIERheQ==
8bf3627e0d325cb17c3fb55c	4Z6R4Z634Z6c4Z624oCL4Z6W4Z634Z6X4Z6W4oCL4Z6b4Z+E4Z6A4oCL4Z6C4Z+S4Z6Y4Z624Z6T4oCL4Z6Q4Z+S4Z6T4Z624Z+G4oCL4Z6H4Z6A4Z+L	V29ybGQgTm8gVG9iYWNjbyBEYXk=
8bfa16511f8e4399694ee546	4Z6R4Z634Z6c4Z624oCL4Z6T4Z624Z6a4Z644oCL4Z6i4Z6T4Z+S4Z6P4Z6a4Z6H4Z624Z6P4Z63IOGegeGeveGelOGem+GevuGegOGekeGeuOGfoeGfoOGfpg==	SW50ZXJuYXRpb25hbCBXb21lbidzIERheQ==
8c0aa89b38153dc80220921c	4Z6R4Z634Z6c4Z624oCL4Z6H4Z6T4oCL4Z6Y4Z624Z6T4oCL4Z6W4Z634Z6A4Z624Z6a4Z6X4Z624Z6W4oCL4Z6i4Z6T4Z+S4Z6P4Z6a4Z6H4Z624Z6P4Z63	SW50ZXJuYXRpb25hbCBEYXkgb2YgRGlzYWJsZWQgUGVyc29ucw==
8c38a658dbeebd379543ba8c	4Z6R4Z634Z6c4Z624oCL4Z6H4Z624Z6P4Z634oCL4Z6f4Z674Z6B4Z6X4Z624Z6W4oCL4Z6Y4Z624Z6P4Z62IOGekeGetuGemuGegCDhnpPhnrfhnoTigIvhnoDhnrvhnpjhnrbhnpo=	TmF0aW9uYWwgRGF5IG9uIE1hdGVybmFsLCBOZXdib3JuIGFuZCBDaGlsZCBIZWFsdGg=
8c5a4368ec44c64f475c32f5	4Z6P4Z+G4Z6U4Z6T4Z+L4oCL4Z6U4Z+S4Z6a4Z624Z6f4Z624Z6R4oCL4Z6f4Z+G4Z6U4Z684Z6a4oCL4Z6W4Z+S4Z6a4Z+D4oCL4Z6C4Z674Z6AIOGej+GfkuGemuGevOGenOKAi+GelOGetuGek+KAi+GeheGeu+Gfh+KAi+GegOGfkuGek+Geu+GehOKAi+GelOGeieGfkuGeh+GeuOKAi+GelOGfgeGej+Get+GegOKAi+Gel+GejuGfkuGejOKAi+GeluGet+Gel+GeluGem+GfhOGegOGemuGelOGen+Gfi+GeouGehOGfkuGeguGegOGetuGemuGemeGevOGejuGfgeGen+GfkuGegOGevCDhnoHhnr3hnpThnpvhnr7hnoDhnpHhnrjhn6k=	VGVtcGxlIFpvbmUgb2YgU2FtYm9yIFByZWkgS3VrIHdhcyBpbnNjcmliZWQgb24gdGhlIFVORVNDTyBXb3JsZCBIZXJpdGFnZSBMaXN0
8c5d882a5deb91bfc7103857	4Z6A4Z6L4Z634Z6T4oCL4Z6A4Z624Z6b	S2F0aGVuIEthbA==
8c69f9721d688ba1ba524757	4Z6W4Z634Z6S4Z644oCL4Z6U4Z674Z6O4Z+S4Z6Z4oCL4Z6F4Z684Z6b4oCL4Z6G4Z+S4Z6T4Z624Z+G4oCL4Z6Q4Z+S4Z6Y4Z64IOGelOGfkuGemuGeluGfg+GejuGeuOKAi+Geh+GetuGej+GetyAtIOGenOGetuGemuGfiOKAi+GenOGfkOGek+KAi+GelOGejw==	S2htZXIgTmV3IFllYXIgLSBWZWFyZWFrIFZhbmFiYXQ=
8c72a98056ed919727a8eeb3	4Z6R4Z634Z6c4Z624oCL4Z6W4Z634Z6X4Z6W4oCL4Z6b4Z+E4Z6A4oCL4Z6U4Z+S4Z6a4Z6Z4Z674Z6R4Z+S4Z6S4oCL4Z6U4Z+S4Z6a4Z6G4Z624Z+G4Z6E4oCL4Z6T4Z654Z6E4oCL4Z6H4Z+G4Z6E4Z664oCL4Z6i4Z+B4Z6K4Z6f4Z+N	V29ybGQgQUlEUyBEYXk=
8c7bd43d42de973426ab9c05	4Z6P4Z674Z6b4Z624oCL4Z6A4Z624Z6a4oCL4Z6Z4Z674Z6P4Z+S4Z6P4Z634oCL4Z6S4Z6Y4Z+M4oCL4Z6i4Z6T4Z+S4Z6P4Z6a4oCL4Z6H4Z624Z6P4Z634oCL4Z6A4Z+S4Z6a4Z674Z6E4oCL4Z6h4Z624oCL4Z6i4Z+BIOGen+GemOGfkuGemuGfgeGeheKAi+GeseGfkuGemeKAi+GegOGemOGfkuGeluGeu+Geh+GetuGeh+GetuGemOGfkuGeheGetuGen+Gfi+GegOGemOGfkuGemOGen+Get+GekeGfkuGekuGetyDhnpvhnr7hnpThn5Lhnprhnrbhnp/hnrbhnpHhnpbhn5Lhnprhn4fhnpzhnrfhnqDhnrbhnpog4Z6B4Z694Z6U4Z6b4Z6+4Z6A4Z6R4Z644Z+m4Z+n	SW50ZXJuYXRpb25hbCBDb3VydCBvZiBKdXN0aWNlIGluIFRoZSBIYWd1ZSBkZWNsYXJlZCBDYW1ib2RpYSBpcyB0aGUgb3duZXIgb2YgdGhlIFByZWFoIFZpaGVhciBUZW1wbGU=
8c811272927fec199e18cbda	4Z6R4Z634Z6c4Z624oCL4Z6W4Z634Z6X4Z6W4oCL4Z6b4Z+E4Z6AIOGeiuGevuGemOGfkuGelOGeuOGen+Geu+GenOGej+GfkuGekOGet+Gel+GetuGeliDhnpPhnrfhnoThnp/hnrvhnoHhnpfhnrbhnpbhnoDhnrbhnprhnoThnrbhnpog4Z6B4Z694Z6U4Z6b4Z6+4Z6A4Z6R4Z644Z+h4Z+g	V29ybGQgRGF5IGZvciBTYWZldHkgYW5kIEhlYWx0aCBhdCBXb3Jr
8c8ba8d4ae0109ac2fcb571a	4Z6R4Z634Z6c4Z624oCL4Z6Y4Z6F4Z+S4Z6G4Z624oCL4Z6H4Z624Z6P4Z63	TmF0aW9uYWwgRmlzaCBEYXk=
8cb681785c5319861154eb5c	4Z6U4Z634Z6O4Z+S4Z6MIOGfpw==	QmVuIDc=
8cba9763290e500729c4cb4b	4Z6R4Z634Z6c4Z624oCL4Z6i4Z6T4Z624oCL4Z6Y4Z+Q4Z6Z4oCL4Z6U4Z6a4Z634oCL4Z6f4Z+S4Z6Q4Z624Z6T4oCL4Z6H4Z624Z6P4Z63	TmF0aW9uYWwgRW52aXJvbm1lbnRhbCBTYW5pdGF0aW9uIERheQ==
8cc10e720f4d2d05be296b44	4Z6W4Z634Z6S4Z644oCL4Z6U4Z674Z6O4Z+S4Z6Z4oCL4Z6F4Z684Z6b4oCL4Z6G4Z+S4Z6T4Z624Z+G4oCL4Z6Q4Z+S4Z6Y4Z64IOGelOGfkuGemuGeluGfg+GejuGeuOKAi+Geh+GetuGej+GetyAtIOGekOGfkuGehOGfg+KAi+GeoeGevuGehOKAi+Gen+GfkOGegA==	S2htZXIgTmV3IFllYXIgLSBWZWFyZWFrIExhZXVuZyBTYWs=
8cd0f9e76459d317add389b0	4Z6R4Z634Z6c4Z624oCL4Z6W4Z634Z6X4Z6W4Z6b4Z+E4Z6A4oCL4Z6A4Z+G4Z6F4Z624Z6P4Z+L4oCL4Z6a4Z+E4Z6C4oCL4Z6a4Z6U4Z+B4Z6E	V29ybGQgVHViZXJjdWxvc2lzIERheQ==
8ce2a4c176d11349387eda45	4Z6R4Z634Z6c4Z624oCL4Z6U4Z+S4Z6a4Z624Z6a4Z6W4Z+S4Z6S4oCL4Z6W4Z634Z6S4Z644oCL4Z6C4Z+E4Z6a4Z6W4oCL4Z6W4Z+S4Z6a4Z+H4Z6c4Z634Z6J4Z+S4Z6J4Z624Z6O4Z6A4Z+S4Z6B4Z6T4Z+S4Z6SIOGeluGfkuGemuGfh+GegOGemuGeu+GejuGetuKAi+GeluGfkuGemuGfh+GelOGetuGekeKAi+Gen+GemOGfkuGej+GfgeGeheKAi+GeluGfkuGemuGfhyDhnpPhnprhn4Thno/hn5Lhno/hnpgg4Z6f4Z644Z6g4Z6T4Z67IOGeluGfkuGemuGfh+GemOGeoOGetuGenOGeuOGemuGegOGfkuGen+Gej+GfkuGemiDhnpbhn5Lhnprhn4figIvhnpzhnprhnprhnrbhnofigIvhnpThnrfhno/hnrbigIvhnq/hnoDhnprhnrbhnofhn5Lhnpkg4Z6U4Z684Z6a4Z6O4Z6X4Z624Z6W4oCL4Z6R4Z654Z6A4Z6K4Z64IOGek+Get+GehOKAi+Ger+GegOGel+GetuGeluKAi+Geh+GetuGej+Get+KAi+GegeGfkuGemOGfguGemg==	S2luZyBGYXRoZXIncyBDb21tZW1vcmF0aW9uIERheQ==
8d05147a56972e1710227efb	4Z6U4Z634Z6O4Z+S4Z6MIOGfoeGfow==	QmVuIDEz
8d1d90957ae9b854709586c7	4Z6F4Z684Z6b4oCL4Z6G4Z+S4Z6T4Z624Z+G4oCL4Z6F4Z634Z6T	Q2hpbmVzZSBOZXcgWWVhcg==
8d3dcfcc6144818d6efec77a	4Z6b4Z+S4Z6U4Z+C4Z6E4oCL4Z6R4Z624Z6J4oCL4Z6W4Z+S4Z6a4Z+Q4Z6P4Z+S4Z6aIOGej+GfkuGemuGevOGenOKAi+GelOGetuGek+KAi+GeheGeu+Gfh+KAi+GegOGfkuGek+Geu+GehOKAi+GelOGeieGfkuGeh+GeuOKAi+GelOGfgeGej+Get+GegOKAi+Gel+GejuGfkuGejOKAi+GenOGelOGfkuGelOGekuGemOGfjOGeouGemuGevOGelOGeuOGek+Gfg+GemOGek+Geu+Gen+GfkuGen+Geh+GetuGej+GetyDhnoHhnr3hnpThnpvhnr7hnoDhnpHhnrjhn6I=	VHVnIG9mIFdhciBpbnNjcmliZWQgb24gdGhlIFJlcHJlc2VudGF0aXZlIExpc3Qgb2YgdGhlIEludGFuZ2libGUgQ3VsdHVyYWwgSGVyaXRhZ2Ugb2YgSHVtYW5pdHk=
8d562307d24217bd4947a0bc	4Z6b4Z+S4Z6B4Z+E4Z6T4oCL4Z6f4Z+S4Z6a4Z6Y4Z+E4Z6b4oCL4Z6f4Z+S4Z6U4Z+C4Z6A4oCLIOGej+GfkuGemuGevOGenOKAi+GelOGetuGek+KAi+GeheGeu+Gfh+KAi+GegOGfkuGek+Geu+GehOKAi+GelOGeieGfkuGeh+GeuOKAi+GelOGfgeGej+Get+GegOKAi+Gel+GejuGfkuGejOGenOGelOGfkuGelOGekuGemOGfjOGeouGemuGevOGelOGeuOGek+Gfg+GemOGek+Geu+Gen+GfkuGen+Geh+GetuGej+GetyDhnoHhnr3hnpThnpvhnr7hnoDhnpHhnrjhn6E=	S2htZXIgU2hhZG93IFRoZWF0cmUgaW5zY3JpYmVkIG9uIHRoZSBSZXByZXNlbnRhdGl2ZSBMaXN0IG9mIHRoZSBJbnRhbmdpYmxlIEN1bHR1cmFsIEhlcml0YWdlIG9mIEh1bWFuaXR5
8d763086e0629c325d4ac0ef	4Z6R4Z634Z6c4Z624oCL4Z6i4Z6A4Z+S4Z6B4Z6a4oCL4Z6A4Z6Y4Z+S4Z6Y4oCL4Z6i4Z6T4Z+S4Z6P4Z6a4oCL4Z6H4Z624Z6P4Z63	SW50ZXJuYXRpb25hbCBMaXRlcmFjeSBEYXk=
8d875c8ed04b475fac08ce10	4Z6W4Z+S4Z6a4Z+H4oCL4Z6a4Z624Z6H4oCL4Z6W4Z634Z6S4Z644oCL4Z6U4Z674Z6O4Z+S4Z6Z4oCL4Z6i4Z674Z+G4oCL4Z6R4Z684Z6AIOGelOGejuGfkuGeiuGfguGej+KAi+GelOGfkuGemuGekeGeuOGelCDhnpPhnrfhnoTigIvhnp/hn4bhnpbhn4figIvhnpbhn5Lhnprhn4figIvhnoHhn4Ig4Z6i4Z6A4Z6i4Z+G4Z6U4Z674Z6A	V2F0ZXIgRmVzdGl2YWw=
8d896b72af1bcbc427bf6ffe	4Z6P4Z+G4Z6U4Z6T4Z+L4oCL4Z6a4Z6Y4Z6O4Z644oCL4Z6K4Z+S4Z6L4Z624Z6T4oCL4Z6i4Z6E4Z+S4Z6C4Z6aIOGej+GfkuGemuGevOGenOKAi+GelOGetuGek+KAi+GeheGeu+Gfh+KAi+GegOGfkuGek+Geu+GehOKAi+GelOGeieGfkuGeh+GeuOKAi+GelOGfgeGej+Get+GegOKAi+Gel+GejuGfkuGejOKAi+GeluGet+Gel+GeluGem+GfhOGegOGemuGelOGen+Gfi+GeouGehOGfkuGeguGegOGetuGemuGemeGevOGejuGfgeGen+GfkuGegOGevCDhnoHhnr3hnpThnpvhnr7hnoDhnpHhnrjhn6k=	QW5na29yIHdhcyBpbnNjcmliZWQgb24gdGhlIFVORVNDTyBXb3JsZCBIZXJpdGFnZSBMaXN0
8da2572c5c11d12d9643d6e5	4Z6R4Z634Z6c4Z624oCL4Z6i4Z6T4Z+S4Z6P4Z6a4oCL4Z6H4Z624Z6P4Z634oCL4Z6H4Z6T4Z6H4Z624Z6P4Z634Z6K4Z6+4Z6Y4Z6X4Z624Z6C4Z6P4Z634Z6F4Z6W4Z634Z6X4Z6W4Z6b4Z+E4Z6A	SW50ZXJuYXRpb25hbCBEYXkgb2YgdGhlIFdvcmxkJ3MgSW5kaWdlbm91cyBQZW9wbGVz
8dce92effdf961a2d9628c99	4Z6W4Z+S4Z6a4Z+H4oCL4Z6a4Z624Z6H4oCL4Z6W4Z634Z6S4Z644oCL4Z6U4Z674Z6O4Z+S4Z6Z4oCL4Z6i4Z674Z+G4oCL4Z6R4Z684Z6AIOGelOGejuGfkuGeiuGfguGej+KAi+GelOGfkuGemuGekeGeuOGelCDhnpPhnrfhnoTigIvhnp/hn4bhnpbhn4figIvhnpbhn5Lhnprhn4figIvhnoHhn4Ig4Z6i4Z6A4Z6i4Z+G4Z6U4Z674Z6A	V2F0ZXIgRmVzdGl2YWw=
8deb47f3fe289bd65a257986	4Z6W4Z+S4Z6a4Z+H4oCL4Z6a4Z624Z6H4oCL4Z6W4Z634Z6S4Z644oCL4Z6U4Z674Z6O4Z+S4Z6Z4oCL4Z6i4Z674Z+G4oCL4Z6R4Z684Z6AIOGelOGejuGfkuGeiuGfguGej+KAi+GelOGfkuGemuGekeGeuOGelCDhnpPhnrfhnoTigIvhnp/hn4bhnpbhn4figIvhnpbhn5Lhnprhn4figIvhnoHhn4Ig4Z6i4Z6A4Z6i4Z+G4Z6U4Z674Z6A	V2F0ZXIgRmVzdGl2YWw=
8df10cfa689dd8bc51407ad0	4Z6R4Z634Z6c4Z624oCL4Z6Y4Z6F4Z+S4Z6G4Z624oCL4Z6H4Z624Z6P4Z63	TmF0aW9uYWwgRmlzaCBEYXk=
8e03db47f05787cd1b8bf18a	4Z6R4Z634Z6c4Z624oCL4Z6W4Z6b4Z6A4Z6Y4Z+S4Z6Y4oCL4Z6i4Z6T4Z+S4Z6P4Z6a4Z6H4Z624Z6P4Z63IOGegeGeveGelOGem+GevuGegOGekeGeuOGfoeGfpOGfoA==	SW50ZXJuYXRpb25hbCBMYWJvciBEYXk=
8e2b1eb8586752e78dd966fd	4Z6U4Z634Z6O4Z+S4Z6MIOGfoeGfoQ==	QmVuIDEx
8e64c426ece9b82738f0352c	4Z6R4Z634Z6c4Z624oCL4Z6i4Z6T4Z624oCL4Z6Y4Z+Q4Z6Z4oCL4Z6U4Z6a4Z634oCL4Z6f4Z+S4Z6Q4Z624Z6T4oCL4Z6H4Z624Z6P4Z63	TmF0aW9uYWwgRW52aXJvbm1lbnRhbCBTYW5pdGF0aW9uIERheQ==
8e657e093e61df1e0840a784	4Z6R4Z634Z6c4Z624oCL4Z6T4Z624Z6a4Z644oCL4Z6i4Z6T4Z+S4Z6P4Z6a4Z6H4Z624Z6P4Z63IOGegeGeveGelOGem+GevuGegOGekeGeuOGfoeGfoOGfqQ==	SW50ZXJuYXRpb25hbCBXb21lbidzIERheQ==
8e6a45ed3fec630455d26580	4Z6F4Z684Z6b4oCL4Z6G4Z+S4Z6T4Z624Z+G4oCL4Z6F4Z634Z6T	Q2hpbmVzZSBOZXcgWWVhcg==
8e9874571ea1969abf0bd6ce	4Z6U4Z+S4Z6a4Z624Z6f4Z624Z6R4oCL4Z6W4Z+S4Z6a4Z+H4oCL4Z6c4Z634Z6g4Z624Z6aIOGej+GfkuGemuGevOGenOKAi+GelOGetuGek+KAi+GeheGeu+Gfh+KAi+GegOGfkuGek+Geu+GehOKAi+GelOGeieGfkuGeh+GeuOKAi+GelOGfgeGej+Get+GegOKAi+Gel+GejuGfkuGejOKAi+GeluGet+Gel+GeluGem+GfhOGegOGemuGelOGen+Gfi+GeouGehOGfkuGeguGegOGetuGemuGemeGevOGejuGfgeGen+GfkuGegOGevCDhnoHhnr3hnpThnpvhnr7hnoDhnpHhnrjhn6Hhn6I=	VGVtcGxlIG9mIFByZWFoIFZpaGVhciB3YXMgaW5zY3JpYmVkIG9uIHRoZSBVTkVTQ08gV29ybGQgSGVyaXRhZ2UgTGlzdA==
8ea00c0bb488edca230d6f06	4Z6U4Z634Z6O4Z+S4Z6MIOGfpg==	QmVuIDY=
8ea66e9cdcad97cea5837c31	4Z6W4Z+S4Z6a4Z+H4oCL4Z6a4Z624Z6H4oCL4Z6W4Z634Z6S4Z644oCL4Z6U4Z674Z6O4Z+S4Z6Z4oCL4Z6i4Z674Z+G4oCL4Z6R4Z684Z6AIOGelOGejuGfkuGeiuGfguGej+KAi+GelOGfkuGemuGekeGeuOGelCDhnpPhnrfhnoTigIvhnp/hn4bhnpbhn4figIvhnpbhn5Lhnprhn4figIvhnoHhn4Ig4Z6i4Z6A4Z6i4Z+G4Z6U4Z674Z6A	V2F0ZXIgRmVzdGl2YWw=
8eb20d50ab3b842cd2d46b26	4Z6R4Z634Z6c4Z624oCL4Z6i4Z6T4Z+S4Z6P4Z6a4oCL4Z6H4Z624Z6P4Z634oCL4Z6U4Z+S4Z6a4Z6Z4Z674Z6R4Z+S4Z6S4oCL4Z6U4Z+S4Z6a4Z6G4Z624Z+G4Z6E4oCL4Z6C4Z+S4Z6a4Z6/4Z6E4oCL4Z6J4Z+A4Z6T	SW50ZXJuYXRpb25hbCBEYXkgQWdhaW5zdCBEcnVnIEFidXNlIGFuZCBJbGxpY2l0IFRyYWZmaWNraW5n
8ebf24638df02245399b5ace	4Z6R4Z634Z6c4Z624oCL4Z6n4Z6R4Z+S4Z6Z4Z624Z6T4Z674oCL4Z6a4Z6A4Z+S4Z6f4Z6W4Z634Z6X4Z6W4Z6b4Z+E4Z6AIOGegeGeveGelOGem+GevuGegOGekeGeuOGfouGfoQ==	V29ybGQgUmFuZ2VyIERheQ==
8ec02922f8b33d04696afe08	4Z6W4Z634Z6S4Z644oCL4Z6U4Z+G4Z6U4Z694Z6f4oCL4Z6T4Z624Z6C4oCL4Z6B4Z+S4Z6T4Z624Z6T	VGhlIE9yZGFpbmVkIERyYWdvbiBNb25r
8ecb10fea941cab9bceb7a42	4Z6P4Z+G4Z6U4Z6T4Z+L4oCL4Z6U4Z+S4Z6a4Z624Z6f4Z624Z6R4oCL4Z6A4Z+E4Z+H4oCL4Z6A4Z+B4Z6aIOGej+GfkuGemuGevOGenOKAi+GelOGetuGek+KAi+GeheGeu+Gfh+KAi+GegOGfkuGek+Geu+GehOKAi+GelOGeieGfkuGeh+GeuOKAi+GelOGfgeGej+Get+GegOKAi+Gel+GejuGfkuGejOKAi+GeluGet+Gel+GeluGem+GfhOGegOGemuGelOGen+Gfi+GeouGehOGfkuGeguGegOGetuGemuGemeGevOGejuGfgeGen+GfkuGegOGevCDhnoHhnr3hnpThnpvhnr7hnoDhnpHhnrjhn6c=	S29oIEtlciBpbnNjcmliZWQgb24gdGhlIFVORVNDTyBXb3JsZCBIZXJpdGFnZSBMaXN0
8ecb3db16287e581431cf715	4Z6R4Z634Z6c4Z624oCL4oCL4Z6U4Z+S4Z6a4Z6H4Z624Z6H4Z6T4Z6H4Z624Z6P4Z63IOGek+Get+GehOKAi+KAi+GelOGfkuGemuGeh+GetuGeh+Gek+KAi+GeluGet+Gel+GeluKAi+Gem+GfhOGegA==	TmF0aW9uYWwgUG9wdWxhdGlvbiBEYXkgYW5kIFdvcmxkIFBvcHVsYXRpb24gRGF5
8ed74060c0bdbf0fbb0784f9	4Z6A4Z6Y4Z+S4Z6W4Z674Z6H4Z624oCL4Z6F4Z684Z6b4oCL4Z6H4Z624oCL4Z6f4Z6Y4Z624oCL4Z6H4Z634Z6A4oCL4Z6i4Z624Z6f4Z+K4Z624Z6TIOGegeGeveGelOGem+GevuGegOGekeGeuOGfo+GfoA==	Q2FtYm9kaWEgam9pbmVkIFRoZSBBc3NvY2lhdGlvbiBvZiBTb3V0aGVhc3QgQXNpYW4gTmF0aW9ucyAoQVNFQU4p
8edbe5b0961fcfaea7756b9d	4Z6R4Z634Z6c4Z624oCL4Z6H4Z6T4oCL4Z6Y4Z624Z6T4oCL4Z6W4Z634Z6A4Z624Z6a4Z6X4Z624Z6W4oCL4Z6i4Z6T4Z+S4Z6P4Z6a4Z6H4Z624Z6P4Z63	SW50ZXJuYXRpb25hbCBEYXkgb2YgRGlzYWJsZWQgUGVyc29ucw==
8ee66d6e515f8863b32d2eb5	4Z6A4Z6Y4Z+S4Z6W4Z674Z6H4Z624oCL4Z6F4Z684Z6b4oCL4Z6H4Z624oCL4Z6f4Z6Y4Z624oCL4Z6H4Z634Z6A4oCL4Z6i4Z6E4Z+S4Z6C4oCL4Z6A4Z624Z6a4oCL4Z6Z4Z684Z6O4Z+B4Z6f4Z+S4Z6A4Z68IOGegeGeveGelOGem+GevuGegOGekeGeuOGfpuGfog==	Q2FtYm9kaWEgam9pbmVkIFVORVNDTw==
8f0afd314f5b67e8bc47ea16	4Z6R4Z634Z6c4Z624oCL4Z6H4Z624Z6P4Z634oCL4Z6Z4Z6b4Z+L4oCL4Z6K4Z654Z6E4oCL4Z6W4Z644oCL4Z6Y4Z644Z6TIOGegeGeveGelOGem+GevuGegOGekeGeuOGfpQ==	TmF0aW9uYWwgTWluZSBBd2FyZW5lc3MgRGF5
8f0c34875017b2ba2efabdde	4Z6R4Z634Z6c4Z624oCL4Z6U4Z+S4Z6a4Z6A4Z624Z6f4oCL4Z6a4Z6K4Z+S4Z6L4oCL4Z6S4Z6Y4Z+S4Z6Y4Z6T4Z674Z6J4Z+S4Z6JIOGegeGeveGelOGem+GevuGegOGekeGeuOGfoeGfoA==	Q29uc3RpdHV0aW9uIERheQ==
8f5cd3a5a17cfc5dce95dbf7	4Z6R4Z634Z6c4Z624oCL4Z6A4Z674Z6Y4Z624Z6a4oCL4Z6i4Z6T4Z+S4Z6P4Z6a4oCL4Z6H4Z624Z6P4Z63IOGegeGeveGelOGem+GevuGegOGekeGeuOGfp+GfoQ==	SW50ZXJuYXRpb25hbCBDaGlsZHJlbidzIERheQ==
8f83818bb68b143ac17ff111	4Z6R4Z634Z6c4Z624oCL4Z6W4Z634Z6X4Z6W4oCL4Z6b4Z+E4Z6A4oCL4Z6U4Z+S4Z6a4Z6Z4Z674Z6R4Z+S4Z6S4oCL4Z6U4Z+S4Z6a4Z6G4Z624Z+G4Z6E4oCL4Z6T4Z654Z6E4oCL4Z6H4Z+G4Z6E4Z664oCL4Z6i4Z+B4Z6K4Z6f4Z+N	V29ybGQgQUlEUyBEYXk=
8f9a58b7d468c67ee06db895	4Z6W4Z+S4Z6a4Z+H4oCL4Z6a4Z624Z6H4oCL4Z6W4Z634Z6S4Z644oCL4Z6U4Z674Z6O4Z+S4Z6Z4oCL4Z6i4Z674Z+G4oCL4Z6R4Z684Z6AIOGelOGejuGfkuGeiuGfguGej+KAi+GelOGfkuGemuGekeGeuOGelCDhnpPhnrfhnoTigIvhnp/hn4bhnpbhn4figIvhnpbhn5Lhnprhn4figIvhnoHhn4Ig4Z6i4Z6A4Z6i4Z+G4Z6U4Z674Z6A	V2F0ZXIgRmVzdGl2YWw=
8f9cd3b3c1c398d299dbe4ae	4Z6W4Z634Z6S4Z644oCL4Z6U4Z674Z6O4Z+S4Z6Z4oCL4Z6F4Z684Z6b4oCL4Z6G4Z+S4Z6T4Z624Z+G4oCL4Z6Q4Z+S4Z6Y4Z64IOGelOGfkuGemuGeluGfg+GejuGeuOKAi+Geh+GetuGej+GetyAtIOGenOGetuGemuGfiOKAi+GenOGfkOGek+KAi+GelOGejw==	S2htZXIgTmV3IFllYXIgLSBWZWFyZWFrIFZhbmFiYXQ=
8fa331b99855583a0fa01d52	4Z6U4Z634Z6O4Z+S4Z6MIOGfqQ==	QmVuIDk=
8fadfee9834c282f1febca28	4Z6R4Z634Z6c4Z624oCL4Z6i4Z6A4Z+S4Z6B4Z6a4oCL4Z6A4Z6Y4Z+S4Z6Y4oCL4Z6i4Z6T4Z+S4Z6P4Z6a4oCL4Z6H4Z624Z6P4Z63	SW50ZXJuYXRpb25hbCBMaXRlcmFjeSBEYXk=
8fafea4d59467a1959a3fcbf	4Z6P4Z+G4Z6U4Z6T4Z+L4oCL4Z6a4Z6Y4Z6O4Z644oCL4Z6K4Z+S4Z6L4Z624Z6T4oCL4Z6i4Z6E4Z+S4Z6C4Z6aIOGej+GfkuGemuGevOGenOKAi+GelOGetuGek+KAi+GeheGeu+Gfh+KAi+GegOGfkuGek+Geu+GehOKAi+GelOGeieGfkuGeh+GeuOKAi+GelOGfgeGej+Get+GegOKAi+Gel+GejuGfkuGejOKAi+GeluGet+Gel+GeluGem+GfhOGegOGemuGelOGen+Gfi+GeouGehOGfkuGeguGegOGetuGemuGemeGevOGejuGfgeGen+GfkuGegOGevCDhnoHhnr3hnpThnpvhnr7hnoDhnpHhnrjhn6Hhn6Y=	QW5na29yIHdhcyBpbnNjcmliZWQgb24gdGhlIFVORVNDTyBXb3JsZCBIZXJpdGFnZSBMaXN0
8fb1851caaca1f640df5f058	4Z6f4Z+C4Z6T4oCL4Z6A4Z+S4Z6U4Z624Z6b4oCL4Z6R4Z654Z6A	R2hvc3QgRmVzdGl2YWw=
8feb78b0d0d83cff9bc2ef47	4Z6R4Z634Z6c4Z624oCL4Z6Y4Z6F4Z+S4Z6G4Z624oCL4Z6H4Z624Z6P4Z63	TmF0aW9uYWwgRmlzaCBEYXk=
900060a36792fdaf9ff4d1c4	4Z6R4Z634Z6c4Z624oCL4Z6T4Z624Z6a4Z644oCL4Z6i4Z6T4Z+S4Z6P4Z6a4Z6H4Z624Z6P4Z63IOGegeGeveGelOGem+GevuGegOGekeGeuOGfqeGfoQ==	SW50ZXJuYXRpb25hbCBXb21lbidzIERheQ==
900fc165fe064e2d584f98de	4Z6W4Z+S4Z6a4Z+H4oCL4Z6a4Z624Z6H4oCL4Z6W4Z634Z6S4Z644oCL4Z6U4Z674Z6O4Z+S4Z6Z4oCL4Z6F4Z6Y4Z+S4Z6a4Z6+4Z6T4oCL4Z6W4Z+S4Z6a4Z+H4oCL4Z6H4Z6T4Z+S4Z6YIOGen+GemOGfkuGej+GfgeGeheKAi+GeluGfkuGemuGfh+KAi+GemOGeoOGetuGegOGfkuGen+Gej+GfkuGemuGeuCDhnpPhnprhn4Thno/hn5Lhno/hnpgg4Z6Y4Z674Z6T4Z634Z6T4Z624Z6QIOGen+GeuOGeoOGek+GeuyDhnpbhn5Lhnprhn4figIvhnpzhnprhnprhnrbhnofigIvhnpjhnrbhno/hnrbigIvhnofhnrbhno/hnrfigIvhnoHhn5Lhnpjhn4Lhnpog4Z6A4Z+S4Z6T4Z674Z6E4oCL4Z6f4Z+B4Z6a4Z644Z6X4Z624Z6WIOGen+GfgeGeheGegOGfkuGej+GeuOGekOGfkuGem+Gfg+GekOGfkuGek+GevOGemiDhnpPhnrfhnoTigIvhnp/hnrvhnpfhnpjhnoThn5LhnoLhnps=	UXVlZW4gTW90aGVyJ3MgQmlydGhkYXk=
9011bb5d9da009e5c320120a	4Z6U4Z634Z6O4Z+S4Z6MIOGfpw==	QmVuIDc=
9020abd5b60911ac278f8def	4Z6R4Z634Z6c4Z624oCL4Z6T4Z6Z4Z+E4Z6U4Z624Z6Z4oCL4Z6R4Z654Z6A	V2F0ZXIgUG9saWN5IERheQ==
9023553b80c748ccdbd20d21	4Z6A4Z6L4Z634Z6T4oCL4Z6A4Z624Z6b	S2F0aGVuIEthbA==
90245df28e9e5035d77285ce	4Z6b4Z+S4Z6B4Z+E4Z6T4oCL4Z6f4Z+S4Z6a4Z6Y4Z+E4Z6b4oCL4Z6f4Z+S4Z6U4Z+C4Z6A4oCLIOGej+GfkuGemuGevOGenOKAi+GelOGetuGek+KAi+GeheGeu+Gfh+KAi+GegOGfkuGek+Geu+GehOKAi+GelOGeieGfkuGeh+GeuOKAi+GelOGfgeGej+Get+GegOKAi+Gel+GejuGfkuGejOGenOGelOGfkuGelOGekuGemOGfjOGeouGemuGevOGelOGeuOGek+Gfg+GemOGek+Geu+Gen+GfkuGen+Geh+GetuGej+GetyDhnoHhnr3hnpThnpvhnr7hnoDhnpHhnrjhn6c=	S2htZXIgU2hhZG93IFRoZWF0cmUgaW5zY3JpYmVkIG9uIHRoZSBSZXByZXNlbnRhdGl2ZSBMaXN0IG9mIHRoZSBJbnRhbmdpYmxlIEN1bHR1cmFsIEhlcml0YWdlIG9mIEh1bWFuaXR5
9025240f1e0283fced9b0ff3	4Z6R4Z634Z6c4Z624oCL4Z6A4Z674Z6Y4Z624Z6a4oCL4Z6i4Z6T4Z+S4Z6P4Z6a4oCL4Z6H4Z624Z6P4Z63IOGegeGeveGelOGem+GevuGegOGekeGeuOGfp+Gfog==	SW50ZXJuYXRpb25hbCBDaGlsZHJlbidzIERheQ==
902ae13ed8623e2f5db94ce2	4Z6F4Z684Z6b4oCL4Z6G4Z+S4Z6T4Z624Z+G4oCL4Z6F4Z634Z6T	Q2hpbmVzZSBOZXcgWWVhcg==
904aaa8513766e0f6e5445d6	4Z6R4Z634Z6c4Z624Z6Y4Z624Z6P4Z62	TW90aGVyJ3MgRGF5
9065c681a87eb10e5c7750e3	4Z6P4Z+G4Z6U4Z6T4Z+L4oCL4Z6U4Z+S4Z6a4Z624Z6f4Z624Z6R4oCL4Z6A4Z+E4Z+H4oCL4Z6A4Z+B4Z6aIOGej+GfkuGemuGevOGenOKAi+GelOGetuGek+KAi+GeheGeu+Gfh+KAi+GegOGfkuGek+Geu+GehOKAi+GelOGeieGfkuGeh+GeuOKAi+GelOGfgeGej+Get+GegOKAi+Gel+GejuGfkuGejOKAi+GeluGet+Gel+GeluGem+GfhOGegOGemuGelOGen+Gfi+GeouGehOGfkuGeguGegOGetuGemuGemeGevOGejuGfgeGen+GfkuGegOGevA==	S29oIEtlciBpbnNjcmliZWQgb24gdGhlIFVORVNDTyBXb3JsZCBIZXJpdGFnZSBMaXN0
907cd73401752c7bbbc5848d	4Z6R4Z634Z6c4Z624oCL4oCL4Z6U4Z+S4Z6a4Z6H4Z624Z6H4Z6T4Z6H4Z624Z6P4Z63IOGek+Get+GehOKAi+KAi+GelOGfkuGemuGeh+GetuGeh+Gek+KAi+GeluGet+Gel+GeluKAi+Gem+GfhOGegA==	TmF0aW9uYWwgUG9wdWxhdGlvbiBEYXkgYW5kIFdvcmxkIFBvcHVsYXRpb24gRGF5
90be4b44c78b031af2fd6486	4Z6U4Z6O4Z+S4Z6O4Z6f4Z624Z6a4oCL4Z6f4Z624Z6a4Z6Y4Z6T4Z+S4Z6R4Z644Z6a4oCL4Z6n4Z6A4Z+S4Z6a4Z634Z6K4Z+S4Z6L4Z6A4Z6Y4Z+S4Z6Y4oCL4Z6U4Z+S4Z6a4Z6b4Z+Q4Z6Z4oCL4Z6W4Z684Z6H4Z6f4Z624Z6f4Z6T4Z+N4oCL4Z6R4Z694Z6b4oCL4Z6f4Z+S4Z6b4Z+C4Z6EIOGej+GfkuGemuGevOGenOKAi+GelOGetuGek+KAi+GeheGeu+Gfh+KAi+GegOGfkuGek+Geu+GehOKAi+GelOGeieGfkuGeh+GeuOKAi+Gen+GfkuGemOGetuGemuGej+GeuOKAi+GeheGehOGeheGetuGfhuKAi+Gek+Gfg+KAi+GeluGet+Gel+GeluKAi+Gem+GfhOGegOKAi+GemuGelOGen+Gfi+KAi+GemeGevOGejuGfgeGen+GfkuGegOGevCDhnoHhnr3hnpThnpvhnr7hnoDhnpHhnrjhn6Lhn6E=	VGhlIGFyY2hpdmVzIG9mIFR1b2wgU2xlbmcgR2Vub2NpZGUgTXVzZXVtIGFyZSByZWdpc3RlcmVkIGFzIHBhcnQgb2YgdGhlIE1lbW9yeSBvZiB0aGUgV29ybGQgYnkgVU5FU0NP
90effc982d3882a659b38346	4Z6W4Z634Z6S4Z644oCL4Z6U4Z+G4Z6U4Z694Z6f4oCL4Z6T4Z624Z6C4oCL4Z6B4Z+S4Z6T4Z624Z6T	VGhlIE9yZGFpbmVkIERyYWdvbiBNb25r
90fa707fc17cf602c918056c	4Z6F4Z684Z6b4oCL4Z6G4Z+S4Z6T4Z624Z+G4oCL4Z6F4Z634Z6T	Q2hpbmVzZSBOZXcgWWVhcg==
90fadd81082466cd4a4872b7	4Z6R4Z634Z6c4Z624oCL4Z6i4Z6T4Z+S4Z6P4Z6a4oCL4Z6H4Z624Z6P4Z634oCL4Z6A4Z624Z6a4Z6W4Z624Z6a4oCL4Z6f4Z+S4Z6a4Z6R4Z624Z6U4Z+L4oCL4Z6i4Z684oCL4Z6g4Z+S4Z6f4Z684Z6TIOGegeGeveGelOGem+GevuGegOGekeGeuOGfouGfog==	SW50ZXJuYXRpb25hbCBEYXkgZm9yIHRoZSBQcmVzZXJ2YXRpb24gb2YgdGhlIE96b25lIExheWVy
90fc6e9188e3dcfe67e53230	4Z6R4Z634Z6c4Z624oCL4Z6R4Z+B4Z6f4oCL4Z6F4Z6a4Z6O4Z+N4oCL4Z6W4Z634oCL4Z6X4Z6W4oCL4Z6b4Z+E4Z6A	V29ybGQgVG91cmlzbSBEYXk=
9104453da30af65010da4422	4Z6f4Z+C4Z6T4Z6T4Z+G4Z6i4Z+K4Z64	V2ludGVyIFNvbHN0aWNlIEZlc3RpdmFs
9106524e3258a4c8849aaf5a	4Z6R4Z634Z6c4Z624oCL4Z6H4Z6T4oCL4Z6Y4Z624Z6T4oCL4Z6W4Z634Z6A4Z624Z6a4Z6X4Z624Z6W4oCL4Z6i4Z6T4Z+S4Z6P4Z6a4Z6H4Z624Z6P4Z63	SW50ZXJuYXRpb25hbCBEYXkgb2YgRGlzYWJsZWQgUGVyc29ucw==
9122c5fdc71d7dc4dce4818d	4Z6U4Z634Z6O4Z+S4Z6MIOGfow==	QmVuIDM=
9140fbded3d924cf9cdc8dc1	4Z6R4Z634Z6c4Z624oCL4Z6Y4Z6F4Z+S4Z6G4Z624oCL4Z6H4Z624Z6P4Z63	TmF0aW9uYWwgRmlzaCBEYXk=
915754ac3f5443e22b3dd458	4Z6R4Z634Z6c4Z624oCL4oCL4Z6U4Z+S4Z6a4Z6H4Z624Z6H4Z6T4Z6H4Z624Z6P4Z63IOGek+Get+GehOKAi+KAi+GelOGfkuGemuGeh+GetuGeh+Gek+KAi+GeluGet+Gel+GeluKAi+Gem+GfhOGegA==	TmF0aW9uYWwgUG9wdWxhdGlvbiBEYXkgYW5kIFdvcmxkIFBvcHVsYXRpb24gRGF5
917646d60c877e6b275ca891	4Z6R4Z634Z6c4Z624Z6R4Z654Z6AIOGek+Get+GehOGep+Gej+Geu+Gek+Get+GemeGemOGeluGet+Gel+GeluGem+GfhOGegA==	V29ybGQgV2F0ZXIgYW5kIFdvcmxkIE1ldGVvcm9sb2dpY2FsIERheQ==
9176a747151997d69f27a673	4Z6R4Z634Z6c4Z624oCL4Z6H4Z624Z6P4Z634oCL4Z6T4Z+D4oCL4Z6A4Z624Z6a4oCL4Z6F4Z6E4oCL4Z6F4Z624Z+G	TmF0aW9uYWwgRGF5IG9mIFJlbWVtYnJhbmNl
9180db70414754fd712af6ac	4Z6U4Z634Z6O4Z+S4Z6MIOGfpw==	QmVuIDc=
91b04ca3e9657be6cbc54df8	4Z6g4Z+C4oCL4Z6i4Z+S4Z6T4Z6A4oCL4Z6P4Z624oCL4Z6F4Z634Z6T	U3Bpcml0IFBhcmFkZQ==
91d8e4375c4bb9a68fa84f60	4Z6f4Z+C4Z6T4oCL4Z6A4Z+S4Z6U4Z624Z6b4oCL4Z6R4Z654Z6A	R2hvc3QgRmVzdGl2YWw=
91ee4d8304318fffc623284a	4Z6P4Z674Z6b4Z624oCL4Z6A4Z624Z6a4oCL4Z6Z4Z674Z6P4Z+S4Z6P4Z634oCL4Z6S4Z6Y4Z+M4oCL4Z6i4Z6T4Z+S4Z6P4Z6a4oCL4Z6H4Z624Z6P4Z634oCL4Z6A4Z+S4Z6a4Z674Z6E4oCL4Z6h4Z624oCL4Z6i4Z+BIOGen+GemOGfkuGemuGfgeGeheKAi+GeseGfkuGemeKAi+GegOGemOGfkuGeluGeu+Geh+GetuGeh+GetuGemOGfkuGeheGetuGen+Gfi+GegOGemOGfkuGemOGen+Get+GekeGfkuGekuGetyDhnpvhnr7hnpThn5Lhnprhnrbhnp/hnrbhnpHhnpbhn5Lhnprhn4fhnpzhnrfhnqDhnrbhnpog4Z6B4Z694Z6U4Z6b4Z6+4Z6A4Z6R4Z644Z+l4Z+h	SW50ZXJuYXRpb25hbCBDb3VydCBvZiBKdXN0aWNlIGluIFRoZSBIYWd1ZSBkZWNsYXJlZCBDYW1ib2RpYSBpcyB0aGUgb3duZXIgb2YgdGhlIFByZWFoIFZpaGVhciBUZW1wbGU=
9200b69e524ab0c8e0ca0d21	4Z6W4Z634Z6S4Z644oCL4Z6U4Z674Z6O4Z+S4Z6Z4oCL4Z6v4Z6A4Z6a4Z624Z6H4Z+S4Z6Z4oCL4Z6H4Z624Z6P4Z63IOGegeGeveGelOGem+GevuGegOGekeGeuOGfpeGfoQ==	SW5kZXBlbmRlbmNlIERheQ==
920975a5eb7a078ef3e14be0	4Z6g4Z+C4oCL4Z6i4Z+S4Z6T4Z6A4oCL4Z6P4Z624oCL4Z6F4Z634Z6T	U3Bpcml0IFBhcmFkZQ==
925d90cbb6e9f97597537c28	4Z6R4Z634Z6c4Z624oCL4Z6i4Z6T4Z+S4Z6P4Z6a4oCL4Z6H4Z624Z6P4Z634oCL4Z6H4Z6T4Z6H4Z624Z6P4Z634Z6K4Z6+4Z6Y4Z6X4Z624Z6C4Z6P4Z634Z6F4Z6W4Z634Z6X4Z6W4Z6b4Z+E4Z6A	SW50ZXJuYXRpb25hbCBEYXkgb2YgdGhlIFdvcmxkJ3MgSW5kaWdlbm91cyBQZW9wbGVz
9268948399052b0b232347ef	4Z6R4Z634Z6c4Z624oCL4Z6i4Z6T4Z+S4Z6P4Z6a4oCL4Z6H4Z624Z6P4Z634oCL4Z6A4Z624Z6a4Z6W4Z624Z6a4oCL4Z6f4Z+S4Z6a4Z6R4Z624Z6U4Z+L4oCL4Z6i4Z684oCL4Z6g4Z+S4Z6f4Z684Z6TIOGegeGeveGelOGem+GevuGegOGekeGeuOGfpOGfog==	SW50ZXJuYXRpb25hbCBEYXkgZm9yIHRoZSBQcmVzZXJ2YXRpb24gb2YgdGhlIE96b25lIExheWVy
9288ce097d7d6d3211e86f36	4Z6b4Z+S4Z6U4Z+C4Z6E4oCL4Z6R4Z624Z6J4oCL4Z6W4Z+S4Z6a4Z+Q4Z6P4Z+S4Z6aIOGej+GfkuGemuGevOGenOKAi+GelOGetuGek+KAi+GeheGeu+Gfh+KAi+GegOGfkuGek+Geu+GehOKAi+GelOGeieGfkuGeh+GeuOKAi+GelOGfgeGej+Get+GegOKAi+Gel+GejuGfkuGejOKAi+GenOGelOGfkuGelOGekuGemOGfjOGeouGemuGevOGelOGeuOGek+Gfg+GemOGek+Geu+Gen+GfkuGen+Geh+GetuGej+GetyDhnoHhnr3hnpThnpvhnr7hnoDhnpHhnrjhn6k=	VHVnIG9mIFdhciBpbnNjcmliZWQgb24gdGhlIFJlcHJlc2VudGF0aXZlIExpc3Qgb2YgdGhlIEludGFuZ2libGUgQ3VsdHVyYWwgSGVyaXRhZ2Ugb2YgSHVtYW5pdHk=
928d45403fbdb1ade8cbfa1e	4Z6R4Z634Z6c4Z624oCL4Z6H4Z624Z6P4Z634oCL4Z6Z4Z6b4Z+L4oCL4Z6K4Z654Z6E4oCL4Z6W4Z644oCL4Z6Y4Z644Z6TIOGegeGeveGelOGem+GevuGegOGekeGeuOGfoeGfqQ==	TmF0aW9uYWwgTWluZSBBd2FyZW5lc3MgRGF5
928e67ab7b348e544bb5d97d	4Z6R4Z634Z6c4Z624Z6a4Z+G4Z6b4Z654Z6A4oCL4Z6B4Z694Z6U4oCL4Z6T4Z+D4oCL4Z6A4Z634Z6F4Z+S4Z6F4Z6W4Z+S4Z6a4Z6Y4Z6W4Z+S4Z6a4Z+A4Z6E4oCL4Z6f4Z6T4Z+S4Z6P4Z634Z6X4Z624Z6W4oCL4Z6R4Z644Z6A4Z+S4Z6a4Z674Z6E4oCL4Z6U4Z+J4Z624Z6a4Z644Z6f	UGFyaXMgUGVhY2UgQWdyZWVtZW50IERheQ==
92b944e6bb9b90cf3f8696fe	4Z6R4Z634Z6c4Z624Z6Y4Z624Z6P4Z62	TW90aGVyJ3MgRGF5
92cbb0331d8d48e3db92bb15	4Z6W4Z634Z6S4Z644oCL4Z6U4Z674Z6O4Z+S4Z6Z4oCL4Z6X4Z+S4Z6H4Z674Z+G4oCL4Z6U4Z634Z6O4Z+S4Z6M	UGNodW0gQmVuIEZlc3RpdmFs
92fa6942511b784ff7586bb7	4Z6R4Z634Z6c4Z624oCL4Z6W4Z634Z6X4Z6W4oCL4Z6b4Z+E4Z6AIOGeiuGevuGemOGfkuGelOGeuOGen+Geu+GenOGej+GfkuGekOGet+Gel+GetuGeliDhnpPhnrfhnoThnp/hnrvhnoHhnpfhnrbhnpbhnoDhnrbhnprhnoThnrbhnpog4Z6B4Z694Z6U4Z6b4Z6+4Z6A4Z6R4Z644Z+i	V29ybGQgRGF5IGZvciBTYWZldHkgYW5kIEhlYWx0aCBhdCBXb3Jr
930212f83ae18c0a93b6ede4	4Z6W4Z634Z6S4Z644oCL4Z6U4Z674Z6O4Z+S4Z6Z4oCL4Z6c4Z634Z6f4Z624Z6B4oCL4Z6U4Z684Z6H4Z62	VmlzYWsgQm9jaGVh
930ec2462da3949696b0db94	4Z6W4Z634Z6S4Z644oCL4Z6U4Z674Z6O4Z+S4Z6Z4oCL4Z6X4Z+S4Z6H4Z674Z+G4oCL4Z6U4Z634Z6O4Z+S4Z6M	UGNodW0gQmVuIEZlc3RpdmFs
932c96a38ea4ea03aad41d66	4Z6W4Z634Z6S4Z644oCL4Z6U4Z674Z6O4Z+S4Z6Z4oCL4Z6X4Z+S4Z6H4Z674Z+G4oCL4Z6U4Z634Z6O4Z+S4Z6M	UGNodW0gQmVuIEZlc3RpdmFs
932ca0b620eb8df356802c51	4Z6U4Z674Z6O4Z+S4Z6Z4oCL4Z6g4Z624Z6h4Z684Z6c4Z644Z6T	SGFsbG93ZWVu
933001e48e27aaa5f8fd2e43	4Z6W4Z+S4Z6a4Z+H4oCL4Z6a4Z624Z6H4oCL4Z6W4Z634Z6S4Z644oCL4Z6U4Z674Z6O4Z+S4Z6Z4oCL4Z6F4Z6Y4Z+S4Z6a4Z6+4Z6T4oCL4Z6W4Z+S4Z6a4Z+H4oCL4Z6H4Z6T4Z+S4Z6YIOGeluGfkuGemuGfh+KAi+GegOGemuGeu+GejuGetuKAi+GeluGfkuGemuGfh+KAi+GelOGetuGekeKAi+Gen+GemOGfkuGej+GfgeGeheKAi+GeluGfkuGemuGfh+KAi+GelOGemuGemOKAi+Gek+GetuGekCDhnpPhnprhn4Thno/hn5Lhno/hnpgg4Z6f4Z644Z6g4Z6Y4Z674Z6T4Z64IOGeluGfkuGemuGfh+KAi+GemOGeoOGetuGegOGfkuGen+Gej+GfkuGemuKAi+Gek+Gfg+KAi+GeluGfkuGemuGfh+GemuGetuGeh+GetuGejuGetuGeheGegOGfkuGemuKAi+GegOGemOGfkuGeluGeu+Geh+Getg==	S2luZyBTaWhhbW9uaSdzIEJpcnRoZGF5
93531e8de73dbd28fe28489a	4Z6G4Z+B4Z6E4oCL4Z6Y4Z+J4Z+B4Z6E	VG9tYi1Td2VlcGluZyBEYXkgKFFpbmdtaW5nIEZlc3RpdmFsKQ==
9354a7fe2fd818c73bf3ebd9	4Z6P4Z674Z6b4Z624oCL4Z6A4Z624Z6a4oCL4Z6Z4Z674Z6P4Z+S4Z6P4Z634oCL4Z6S4Z6Y4Z+M4oCL4Z6i4Z6T4Z+S4Z6P4Z6a4oCL4Z6H4Z624Z6P4Z634oCL4Z6A4Z+S4Z6a4Z674Z6E4oCL4Z6h4Z624oCL4Z6i4Z+BIOGen+GemOGfkuGemuGfgeGeheKAi+GeseGfkuGemeKAi+GegOGemOGfkuGeluGeu+Geh+GetuGeh+GetuGemOGfkuGeheGetuGen+Gfi+GegOGemOGfkuGemOGen+Get+GekeGfkuGekuGetyDhnpvhnr7hnpThn5Lhnprhnrbhnp/hnrbhnpHhnpbhn5Lhnprhn4fhnpzhnrfhnqDhnrbhnpog4Z6B4Z694Z6U4Z6b4Z6+4Z6A4Z6R4Z644Z+k4Z+g	SW50ZXJuYXRpb25hbCBDb3VydCBvZiBKdXN0aWNlIGluIFRoZSBIYWd1ZSBkZWNsYXJlZCBDYW1ib2RpYSBpcyB0aGUgb3duZXIgb2YgdGhlIFByZWFoIFZpaGVhciBUZW1wbGU=
93a2d9315a8629c7d18c9d1d	4Z6W4Z634Z6S4Z644oCL4Z6U4Z674Z6O4Z+S4Z6Z4oCL4Z6X4Z+S4Z6H4Z674Z+G4oCL4Z6U4Z634Z6O4Z+S4Z6M	UGNodW0gQmVuIEZlc3RpdmFs
93b03d14ce5222129030556d	4Z6W4Z634Z6S4Z644oCL4Z6U4Z674Z6O4Z+S4Z6Z4oCL4Z6v4Z6A4Z6a4Z624Z6H4Z+S4Z6Z4oCL4Z6H4Z624Z6P4Z63IOGegeGeveGelOGem+GevuGegOGekeGeuOGfp+Gfog==	SW5kZXBlbmRlbmNlIERheQ==
93b3726d8e7c7d68498be68a	4Z6b4Z+S4Z6B4Z+E4Z6T4oCL4Z6B4Z+E4Z6b4oCL4Z6c4Z6P4Z+S4Z6P4oCL4Z6f4Z+S4Z6c4Z624Z6Z4oCL4Z6i4Z6O4Z+S4Z6P4Z+C4Z6PIOGej+GfkuGemuGevOGenOKAi+GelOGetuGek+KAi+GeheGeu+Gfh+KAi+GegOGfkuGek+Geu+GehOKAi+GelOGeieGfkuGeh+GeuOKAi+GelOGfgeGej+Get+GegOKAi+Gel+GejuGfkuGejOKAi+GenOGelOGfkuGelOKAi+GekuGemOGfjOKAi+GeouGemuGevOGelOGeuOGek+Gfg+GemOGek+Geu+Gen+GfkuGen+Geh+GetuGej+GetyDhnoHhnr3hnpThnpvhnr7hnoDhnpHhnrjhn6I=	TGtob24gS2hvbCBXYXQgU3ZheSBBbmRldCBpbnNjcmliZWQgb24gdGhlIExpc3Qgb2YgSW50YW5naWJsZSBDdWx0dXJhbCBIZXJpdGFnZSBpbiBOZWVkIG9mIFVyZ2VudCBTYWZlZ3VhcmRpbmc=
93d30a2c75a9b017ac0c323b	4Z6P4Z674Z6b4Z624oCL4Z6A4Z624Z6a4oCL4Z6Z4Z674Z6P4Z+S4Z6P4Z634oCL4Z6S4Z6Y4Z+M4oCL4Z6i4Z6T4Z+S4Z6P4Z6a4oCL4Z6H4Z624Z6P4Z634oCL4Z6A4Z+S4Z6a4Z674Z6E4oCL4Z6h4Z624oCL4Z6i4Z+BIOGen+GemOGfkuGemuGfgeGeheKAi+GeseGfkuGemeKAi+GegOGemOGfkuGeluGeu+Geh+GetuGeh+GetuGemOGfkuGeheGetuGen+Gfi+GegOGemOGfkuGemOGen+Get+GekeGfkuGekuGetyDhnpvhnr7hnpThn5Lhnprhnrbhnp/hnrbhnpHhnpbhn5Lhnprhn4fhnpzhnrfhnqDhnrbhnpog4Z6B4Z694Z6U4Z6b4Z6+4Z6A4Z6R4Z644Z+k4Z+n	SW50ZXJuYXRpb25hbCBDb3VydCBvZiBKdXN0aWNlIGluIFRoZSBIYWd1ZSBkZWNsYXJlZCBDYW1ib2RpYSBpcyB0aGUgb3duZXIgb2YgdGhlIFByZWFoIFZpaGVhciBUZW1wbGU=
93f0ec2d6240fbfe80609049	4Z6a4Z674Z6A4Z+S4Z6B4oCL4Z6R4Z634Z6c4Z62	QXJib3IgRGF5
9419d2fbe87d09f7410f37cd	4Z6U4Z634Z6O4Z+S4Z6MIOGfoeGfoA==	QmVuIDEw
941f878ccb4dc87ef21cf1a8	4Z6W4Z+S4Z6a4Z+H4oCL4Z6a4Z624Z6H4oCL4Z6W4Z634Z6S4Z644oCL4Z6F4Z+S4Z6a4Z6P4Z+L4oCL4Z6W4Z+S4Z6a4Z+H4oCL4Z6T4Z6E4Z+S4Z6C4Z+Q4Z6b	Um95YWwgUGxvdWdoaW5nIENlcmVtb255
942a82ec4df25730033e65fe	4Z6U4Z634Z6O4Z+S4Z6MIOGfoQ==	QmVuIDE=
9459b82c2cba76959a2325e3	4Z6A4Z6L4Z634Z6T4oCL4Z6A4Z624Z6b	S2F0aGVuIEthbA==
945af859adb3c5401b70a9a1	4Z6R4Z634Z6c4Z624oCL4Z6W4Z634Z6X4Z6W4Z6b4Z+E4Z6A4oCL4Z6A4Z+G4Z6F4Z624Z6P4Z+L4oCL4Z6a4Z+E4Z6C4oCL4Z6a4Z6U4Z+B4Z6E	V29ybGQgVHViZXJjdWxvc2lzIERheQ==
94704fe79d192c2b56129e63	4Z6F4Z684Z6b4oCL4Z6G4Z+S4Z6T4Z624Z+G4oCL4Z6F4Z634Z6T	Q2hpbmVzZSBOZXcgWWVhcg==
947609639ddc23c579c737b0	4Z6W4Z634Z6S4Z644oCL4Z6U4Z674Z6O4Z+S4Z6Z4oCL4Z6F4Z684Z6b4oCL4Z6G4Z+S4Z6T4Z624Z+G4oCL4Z6Q4Z+S4Z6Y4Z64IOGelOGfkuGemuGeluGfg+GejuGeuOKAi+Geh+GetuGej+GetyAtIOGekOGfkuGehOGfg+KAi+GeoeGevuGehOKAi+Gen+GfkOGegA==	S2htZXIgTmV3IFllYXIgLSBWZWFyZWFrIExhZXVuZyBTYWs=
948653dc945411430c0d0714	4Z6U4Z634Z6O4Z+S4Z6MIOGfow==	QmVuIDM=
94a6a076b66d49913492d742	4Z6R4Z634Z6c4Z624oCL4Z6C4Z+S4Z6a4Z684oCL4Z6U4Z6E4Z+S4Z6a4Z+A4Z6T4oCL4Z6W4Z634Z6X4Z6W4oCL4Z6b4Z+E4Z6A	V29ybGQgVGVhY2hlcidzIERheQ==
94a8bd02a749de1ecded7367	4Z6R4Z634Z6c4Z624oCL4Z6H4Z624Z6P4Z634oCL4Z6T4Z+D4oCL4Z6A4Z624Z6a4oCL4Z6F4Z6E4oCL4Z6F4Z624Z+G	TmF0aW9uYWwgRGF5IG9mIFJlbWVtYnJhbmNl
94b17b686dcda218412571de	4Z6U4Z6O4Z+S4Z6O4Z6f4Z624Z6a4oCL4Z6f4Z624Z6a4Z6Y4Z6T4Z+S4Z6R4Z644Z6a4oCL4Z6n4Z6A4Z+S4Z6a4Z634Z6K4Z+S4Z6L4Z6A4Z6Y4Z+S4Z6Y4oCL4Z6U4Z+S4Z6a4Z6b4Z+Q4Z6Z4oCL4Z6W4Z684Z6H4Z6f4Z624Z6f4Z6T4Z+N4oCL4Z6R4Z694Z6b4oCL4Z6f4Z+S4Z6b4Z+C4Z6EIOGej+GfkuGemuGevOGenOKAi+GelOGetuGek+KAi+GeheGeu+Gfh+KAi+GegOGfkuGek+Geu+GehOKAi+GelOGeieGfkuGeh+GeuOKAi+Gen+GfkuGemOGetuGemuGej+GeuOKAi+GeheGehOGeheGetuGfhuKAi+Gek+Gfg+KAi+GeluGet+Gel+GeluKAi+Gem+GfhOGegOKAi+GemuGelOGen+Gfi+KAi+GemeGevOGejuGfgeGen+GfkuGegOGevCDhnoHhnr3hnpThnpvhnr7hnoDhnpHhnrjhn6U=	VGhlIGFyY2hpdmVzIG9mIFR1b2wgU2xlbmcgR2Vub2NpZGUgTXVzZXVtIGFyZSByZWdpc3RlcmVkIGFzIHBhcnQgb2YgdGhlIE1lbW9yeSBvZiB0aGUgV29ybGQgYnkgVU5FU0NP
94bbae01ee8586f3e4994635	4Z6R4Z634Z6c4Z624oCL4Z6i4Z6T4Z+S4Z6P4Z6a4oCL4Z6H4Z624Z6P4Z634oCL4Z6H4Z6T4Z6H4Z624Z6P4Z634Z6K4Z6+4Z6Y4Z6X4Z624Z6C4Z6P4Z634Z6F4Z6W4Z634Z6X4Z6W4Z6b4Z+E4Z6A	SW50ZXJuYXRpb25hbCBEYXkgb2YgdGhlIFdvcmxkJ3MgSW5kaWdlbm91cyBQZW9wbGVz
94d66e581430048f955ad3de	4Z6f4Z+C4Z6T4oCL4Z6A4Z+S4Z6U4Z624Z6b4oCL4Z6R4Z654Z6A	R2hvc3QgRmVzdGl2YWw=
94e69b5def7daf6a5a2df3e5	4Z6F4Z624Z6U4Z+J4Z644oCL4Z6K4Z6E4oCL4Z6c4Z+C4Z6EIOGej+GfkuGemuGevOGenOKAi+GelOGetuGek+KAi+GeheGeu+Gfh+KAi+GegOGfkuGek+Geu+GehOKAi+GelOGeieGfkuGeh+GeuOKAi+GelOGfgeGej+Get+GegOKAi+Gel+GejuGfkuGejOKAi+GenOGelOGfkuGelOGekuGemOGfjOGeouGemuGevOGelOGeuOGek+Gfg+GemOGek+Geu+Gen+GfkuGen+Geh+GetuGej+GetyDhnoHhnr3hnpThnpvhnr7hnoDhnpHhnrjhn6E=	Q2hhcGVpIERhbmcgVmVuZyBpbnNjcmliZWQgb24gdGhlIExpc3Qgb2YgSW50YW5naWJsZSBDdWx0dXJhbCBIZXJpdGFnZSBpbiBOZWVkIG9mIFVyZ2VudCBTYWZlZ3VhcmRpbmc=
9509ba3588eb7471c9bc724f	4Z6R4Z634Z6c4Z624oCL4Z6Y4Z6T4Z674Z6f4Z+S4Z6f4oCL4Z6F4Z624Z6f4Z+L4oCL4Z6A4Z6Y4Z+S4Z6W4Z674Z6H4Z62IOGek+Get+GehOGekeGet+GenOGetuGemOGek+Geu+Gen+GfkuGen+GeheGetuGen+Gfi+GeouGek+GfkuGej+GemuGeh+GetuGej+GetyDhnoHhnr3hnpThnpvhnr7hnoDhnpHhnrjhn6Phn6E=	Q2FtYm9kaWFuIE9sZGVyIFBlcnNvbnMgRGF5IGFuZCB0aGUgSW50ZXJuYXRpb25hbCBEYXkgb2YgT2xkZXIgUGVyc29ucw==
951a5cda12e03b16c92a0e62	4Z6U4Z634Z6O4Z+S4Z6MIOGfpA==	QmVuIDQ=
951a647e2a60af9aad3012b1	4Z6U4Z634Z6O4Z+S4Z6MIOGfoeGfoA==	QmVuIDEw
9541db5fce93bd7a7374d465	4Z6W4Z634Z6S4Z644oCL4Z6U4Z674Z6O4Z+S4Z6Z4oCL4Z6f4Z+C4Z6T4oCL4Z6W4Z+S4Z6a4Z+H4oCL4Z6B4Z+C	TWlkLUF1dHVtbiBGZXN0aXZhbA==
9543355baab246d3d7032592	4Z6U4Z634Z6O4Z+S4Z6MIOGfoQ==	QmVuIDE=
95447d81b2962b37647d5a0b	4Z6F4Z684Z6b4oCL4Z6G4Z+S4Z6T4Z624Z+G4oCL4Z6F4Z634Z6T	Q2hpbmVzZSBOZXcgWWVhcg==
95582cebdce728d63063ff65	4Z6W4Z634Z6S4Z644oCL4Z6f4Z634Z6P4oCL4Z6R4Z+A4Z6T4oCL4Z6W4Z+S4Z6a4Z+H4oCL4Z6c4Z6f4Z+S4Z6f4Z62	QnVkZGhpc3QgTGVudCBDYW5kbGVzIE1ha2luZyBEYXk=
956d785fabf7f4132405af0c	4Z6W4Z634Z6S4Z644oCL4Z6U4Z674Z6O4Z+S4Z6Z4oCL4Z6f4Z+C4Z6T4oCL4Z6W4Z+S4Z6a4Z+H4oCL4Z6B4Z+C	TWlkLUF1dHVtbiBGZXN0aXZhbA==
9581a4c218f15c131136e281	4Z6R4Z634Z6c4Z624oCL4Z6W4Z634Z6X4Z6W4oCL4Z6b4Z+E4Z6AIOGeiuGevuGemOGfkuGelOGeuOGen+Geu+GenOGej+GfkuGekOGet+Gel+GetuGeliDhnpPhnrfhnoThnp/hnrvhnoHhnpfhnrbhnpbhnoDhnrbhnprhnoThnrbhnpog4Z6B4Z694Z6U4Z6b4Z6+4Z6A4Z6R4Z644Z+i4Z+m	V29ybGQgRGF5IGZvciBTYWZldHkgYW5kIEhlYWx0aCBhdCBXb3Jr
95942aced4927f0ba20f9040	4Z6R4Z634Z6c4Z624oCL4oCL4Z6U4Z+S4Z6a4Z6H4Z624Z6H4Z6T4Z6H4Z624Z6P4Z63IOGek+Get+GehOKAi+KAi+GelOGfkuGemuGeh+GetuGeh+Gek+KAi+GeluGet+Gel+GeluKAi+Gem+GfhOGegA==	TmF0aW9uYWwgUG9wdWxhdGlvbiBEYXkgYW5kIFdvcmxkIFBvcHVsYXRpb24gRGF5
9595c100598e77a2e14c2a2e	4Z6R4Z634Z6c4Z624oCL4Z6W4Z634Z6X4Z6W4oCL4Z6b4Z+E4Z6A4oCL4Z6U4Z+S4Z6a4Z6Z4Z674Z6R4Z+S4Z6S4oCL4Z6U4Z+S4Z6a4Z6G4Z624Z+G4Z6E4oCL4Z6T4Z654Z6E4oCL4Z6H4Z+G4Z6E4Z664oCL4Z6i4Z+B4Z6K4Z6f4Z+N	V29ybGQgQUlEUyBEYXk=
959cdfd396520ab0942683d6	4Z6F4Z684Z6b4oCL4Z6G4Z+S4Z6T4Z624Z+G4oCL4Z6F4Z634Z6T	Q2hpbmVzZSBOZXcgWWVhcg==
95b9004bc1100f777365720f	4Z6R4Z634Z6c4Z624oCL4Z6i4Z6T4Z+S4Z6P4Z6a4oCL4Z6H4Z624Z6P4Z634oCL4Z6T4Z+D4oCL4Z6C4Z+S4Z6a4Z694Z6f4Z624Z6a	SW50ZXJuYXRpb25hbCBEYXkgb2YgRmFtaWxpZXM=
95d6bf15cd28e61d8beffe94	4Z6W4Z634Z6S4Z644oCL4Z6U4Z674Z6O4Z+S4Z6Z4oCL4Z6F4Z684Z6b4oCL4Z6G4Z+S4Z6T4Z624Z+G4oCL4Z6Q4Z+S4Z6Y4Z64IOGelOGfkuGemuGeluGfg+GejuGeuOKAi+Geh+GetuGej+GetyAtIOGemOGeoOGetuKAi+Gen+GehOGfkuGegOGfkuGemuGetuGek+GfkuGejyDhnpjhn4nhn4ThnoQg4Z+h4Z+iOuGfoOGfoCBBTQ==	S2htZXIgTmV3IFllYXIgLSBNb2hhIFNhbmtyYW50YSBhdCAxMjowMCBBTQ==
95dd146babe5cb05965f6a04	4Z6U4Z634Z6O4Z+S4Z6MIOGfoeGfoA==	QmVuIDEw
95f32d826d49b9f5a3130890	4Z6W4Z634Z6S4Z644oCL4Z6U4Z674Z6O4Z+S4Z6Z4oCL4Z6v4Z6A4Z6a4Z624Z6H4Z+S4Z6Z4oCL4Z6H4Z624Z6P4Z63IOGegeGeveGelOGem+GevuGegOGekeGeuOGfpeGfqA==	SW5kZXBlbmRlbmNlIERheQ==
9605ab1ccbe253e1c4d8f862	4Z6R4Z634Z6c4Z624oCL4Z6Y4Z6F4Z+S4Z6G4Z624oCL4Z6H4Z624Z6P4Z63	TmF0aW9uYWwgRmlzaCBEYXk=
9608a5acefaa26e668d2647d	4Z6W4Z634Z6S4Z644oCL4Z6U4Z674Z6O4Z+S4Z6Z4oCL4Z6F4Z684Z6b4oCL4Z6G4Z+S4Z6T4Z624Z+G4oCL4Z6Q4Z+S4Z6Y4Z64IOGelOGfkuGemuGeluGfg+GejuGeuOKAi+Geh+GetuGej+GetyAtIOGekOGfkuGehOGfg+KAi+GeoeGevuGehOKAi+Gen+GfkOGegA==	S2htZXIgTmV3IFllYXIgLSBWZWFyZWFrIExhZXVuZyBTYWs=
9610142f500277817de60ad3	4Z6R4Z634Z6c4Z624oCL4Z6W4Z634Z6X4Z6W4oCL4Z6b4Z+E4Z6A4oCL4Z6C4Z+S4Z6Y4Z624Z6T4oCL4Z6Q4Z+S4Z6T4Z624Z+G4oCL4Z6H4Z6A4Z+L	V29ybGQgTm8gVG9iYWNjbyBEYXk=
9632b934f1413de7937b56f9	4Z6U4Z634Z6O4Z+S4Z6MIOGfoeGfoQ==	QmVuIDEx
963ae18fbf54819f1a18e22f	4Z6A4Z6Y4Z+S4Z6W4Z674Z6H4Z624oCL4Z6F4Z684Z6b4oCL4Z6H4Z624oCL4Z6f4Z6Y4Z624oCL4Z6H4Z634Z6A4oCL4Z6i4Z6E4Z+S4Z6C4oCL4Z6A4Z624Z6a4oCL4Z6Z4Z684Z6O4Z+B4Z6f4Z+S4Z6A4Z68IOGegeGeveGelOGem+GevuGegOGekeGeuOGfpeGfow==	Q2FtYm9kaWEgam9pbmVkIFVORVNDTw==
9645e716471c8768a84f04fc	4Z6R4Z634Z6c4Z624oCL4Z6W4Z634Z6X4Z6W4Z6b4Z+E4Z6A4oCL4Z6A4Z+G4Z6F4Z624Z6P4Z+L4oCL4Z6a4Z+E4Z6C4oCL4Z6a4Z6U4Z+B4Z6E	V29ybGQgVHViZXJjdWxvc2lzIERheQ==
96498e31339b31f8416a1362	4Z6a4Z674Z6A4Z+S4Z6B4oCL4Z6R4Z634Z6c4Z62	QXJib3IgRGF5
964e22fb81780a4a76fcb5a4	4Z6R4Z634Z6c4Z624oCL4Z6f4Z6T4Z+S4Z6P4Z634oCL4Z6X4Z624Z6W4oCL4Z6i4Z6T4Z+S4Z6P4Z6a4oCL4Z6H4Z624Z6P4Z63	SW50ZXJuYXRpb25hbCBEYXkgb2YgUGVhY2U=
964f65eff64d4b17a59e9097	4Z6U4Z684Z6H4Z6T4Z644Z6Z4Z6K4Z+S4Z6L4Z624Z6T4oCL4Z6F4Z6E4Z6F4Z624Z+G4oCL4Z6T4Z+D4oCL4Z6A4Z6Y4Z+S4Z6W4Z674Z6H4Z624Z+WIOGeluGeuOGekeGeuOGej+GetuGfhuGehOKAi+Gep+GegOGfkuGemuGet+GeiuGfkuGei+GegOGemOGfkuGemCDhnpjhnoDhnofhnrbigIvhnpjhno7hn5LhnozhnpvigIvhnpXhn5Lhnp/hn4fhnpXhn5Lhnp/hnrYg4Z6T4Z634Z6E4oCL4Z6f4Z6T4Z+S4Z6P4Z634Z6X4Z624Z6WIOGej+GfkuGemuGevOGenOKAi+GelOGetuGek+KAi+GeheGeu+Gfh+KAi+GegOGfkuGek+Geu+GehOKAi+GelOGeieGfkuGeh+GeuOKAi+GelOGfgeGej+Get+GegOGel+GejuGfkuGejOKAi+GeluGet+Gel+GeluGem+GfhOGegOKAi+GemuGelOGen+Gfi+KAi+GeouGehOGfkuGeguGegOGetuGemuKAi+GemeGevOGejuGfgeGen+GfkuGegOGevCDhnoHhnr3hnpThnpvhnr7hnoDhnpHhnrjhn6Q=	TS0xMywgVHVvbCBTbGVuZyBHZW5vY2lkZSBNdXNldW0sIGFuZCBDaG9ldW5nIEVrIHdlcmUgaW5zY3JpYmVkIG9uIHRoZSBVTkVTQ08gV29ybGQgSGVyaXRhZ2UgTGlzdA==
9655e6f4b4db8b97aa7b4083	4Z6U4Z674Z6O4Z+S4Z6Z4oCL4Z6O4Z684Z6i4Z+C4Z6b	Q2hyaXN0bWFzIERheQ==
96566bd2b78937cc79fe84b7	4Z6U4Z634Z6O4Z+S4Z6MIOGfow==	QmVuIDM=
965e4213b6ab407b6a4e90c9	4Z6Q4Z+S4Z6E4Z+D4oCL4Z6U4Z674Z6O4Z+S4Z6Z4oCL4Z6T4Z+D4oCL4Z6f4Z+B4Z6F4Z6A4Z+S4Z6P4Z644oCL4Z6f4Z+S4Z6a4Z6b4Z624Z6J4Z+L	VmFsZW50aW5lJ3MgRGF5
9690bc2485866802c4d397ff	4Z6R4Z634Z6c4Z624oCL4oCL4Z6U4Z+S4Z6a4Z6H4Z624Z6H4Z6T4Z6H4Z624Z6P4Z63IOGek+Get+GehOKAi+KAi+GelOGfkuGemuGeh+GetuGeh+Gek+KAi+GeluGet+Gel+GeluKAi+Gem+GfhOGegA==	TmF0aW9uYWwgUG9wdWxhdGlvbiBEYXkgYW5kIFdvcmxkIFBvcHVsYXRpb24gRGF5
96a07d678950e82e81ffada3	4Z6R4Z634Z6c4Z624oCL4Z6f4Z6T4Z+S4Z6P4Z634oCL4Z6X4Z624Z6W4oCL4Z6i4Z6T4Z+S4Z6P4Z6a4oCL4Z6H4Z624Z6P4Z63	SW50ZXJuYXRpb25hbCBEYXkgb2YgUGVhY2U=
96a08e0e63faa0eb2ac3e832	4Z6U4Z634Z6O4Z+S4Z6MIOGfoeGfoA==	QmVuIDEw
96af1eb4e05cdf9315af19a5	4Z6U4Z674Z6O4Z+S4Z6Z4oCL4Z6O4Z684Z6i4Z+C4Z6b	Q2hyaXN0bWFzIERheQ==
96b2f654345aca17b19c498d	4Z6U4Z634Z6O4Z+S4Z6MIOGfog==	QmVuIDI=
96d8c4a4a0bd25effd8be1b6	4Z6R4Z634Z6c4Z624oCL4Z6U4Z644Z6P4Z62	RmF0aGVyJ3MgRGF5
96e4f15b6d43f63e5d165f90	4Z6f4Z+C4Z6T4Z6T4Z+G4Z6i4Z+K4Z64	V2ludGVyIFNvbHN0aWNlIEZlc3RpdmFs
970ead4bdf2ec02e5e2d4352	4Z6W4Z+S4Z6a4Z+H4oCL4Z6a4Z624Z6H4oCL4Z6W4Z634Z6S4Z644oCL4Z6F4Z+S4Z6a4Z6P4Z+L4oCL4Z6W4Z+S4Z6a4Z+H4oCL4Z6T4Z6E4Z+S4Z6C4Z+Q4Z6b	Um95YWwgUGxvdWdoaW5nIENlcmVtb255
97186e70083377ad66872aff	4Z6A4Z6Y4Z+S4Z6W4Z674Z6H4Z624oCL4Z6F4Z684Z6b4oCL4Z6H4Z624oCL4Z6f4Z6Y4Z624oCL4Z6H4Z634Z6A4oCL4Z6i4Z624Z6f4Z+K4Z624Z6TIOGegeGeveGelOGem+GevuGegOGekeGeuOGfpQ==	Q2FtYm9kaWEgam9pbmVkIFRoZSBBc3NvY2lhdGlvbiBvZiBTb3V0aGVhc3QgQXNpYW4gTmF0aW9ucyAoQVNFQU4p
971c2f0b7a18c0820d60736f	4Z6R4Z634Z6c4Z624oCL4Z6W4Z634Z6X4Z6W4oCL4Z6b4Z+E4Z6A4oCL4Z6U4Z+S4Z6a4Z6Z4Z674Z6R4Z+S4Z6S4oCL4Z6U4Z+S4Z6a4Z6G4Z624Z+G4Z6E4oCL4Z6T4Z654Z6E4oCL4Z6H4Z+G4Z6E4Z664oCL4Z6i4Z+B4Z6K4Z6f4Z+N	V29ybGQgQUlEUyBEYXk=
977eab35b7a2487a0039b3c3	4Z6R4Z634Z6c4Z624oCL4Z6i4Z6T4Z+S4Z6P4Z6a4oCL4Z6H4Z624Z6P4Z634oCL4Z6T4Z+D4oCL4Z6C4Z+S4Z6a4Z694Z6f4Z624Z6a	SW50ZXJuYXRpb25hbCBEYXkgb2YgRmFtaWxpZXM=
9781934357e477669f5c2650	4Z6P4Z+G4Z6U4Z6T4Z+L4oCL4Z6a4Z6Y4Z6O4Z644oCL4Z6K4Z+S4Z6L4Z624Z6T4oCL4Z6i4Z6E4Z+S4Z6C4Z6aIOGej+GfkuGemuGevOGenOKAi+GelOGetuGek+KAi+GeheGeu+Gfh+KAi+GegOGfkuGek+Geu+GehOKAi+GelOGeieGfkuGeh+GeuOKAi+GelOGfgeGej+Get+GegOKAi+Gel+GejuGfkuGejOKAi+GeluGet+Gel+GeluGem+GfhOGegOGemuGelOGen+Gfi+GeouGehOGfkuGeguGegOGetuGemuGemeGevOGejuGfgeGen+GfkuGegOGevCDhnoHhnr3hnpThnpvhnr7hnoDhnpHhnrjhn6Hhn6E=	QW5na29yIHdhcyBpbnNjcmliZWQgb24gdGhlIFVORVNDTyBXb3JsZCBIZXJpdGFnZSBMaXN0
97b23f23ecd74e155d5dfaf0	4Z6R4Z634Z6c4Z624oCL4Z6H4Z+Q4Z6Z4oCL4Z6H4Z6Y4Z+S4Z6T4Z+H4oCL4Z6b4Z6+4oCL4Z6a4Z6U4Z6U4oCL4Z6U4Z+S4Z6a4Z6b4Z+Q4Z6Z4oCL4Z6W4Z684Z6H4oCL4Z6f4Z624Z6f4Z6T4Z+NIOGegeGeveGelOGem+GevuGegOGekeGeuOGfpOGfpA==	VmljdG9yeSBPdmVyIEdlbm9jaWRlIERheQ==
97b8c4425c5bb92160de0e08	4Z6R4Z634Z6c4Z624oCL4Z6W4Z634Z6X4Z6W4oCL4Z6b4Z+E4Z6A4oCL4Z6A4Z624Z6A4oCL4Z6U4Z624Z6R4oCL4Z6A4Z+S4Z6a4Z6g4Z6YIOGek+Get+GehOKAi+GeouGejOGfkuGejeGeheGek+GfkuGekeGegOGfkuGemuGeoOGemA==	V29ybGQgUmVkIENyb3NzIGFuZCBSZWQgQ3Jlc2NlbnQgRGF5
97bcdeb6bb120d5dd1c44c9b	4Z6U4Z634Z6O4Z+S4Z6MIOGfpA==	QmVuIDQ=
97cb29c518fca2e2685952c2	4Z6P4Z674Z6b4Z624oCL4Z6A4Z624Z6a4oCL4Z6Z4Z674Z6P4Z+S4Z6P4Z634oCL4Z6S4Z6Y4Z+M4oCL4Z6i4Z6T4Z+S4Z6P4Z6a4oCL4Z6H4Z624Z6P4Z634oCL4Z6A4Z+S4Z6a4Z674Z6E4oCL4Z6h4Z624oCL4Z6i4Z+BIOGen+GemOGfkuGemuGfgeGeheKAi+GeseGfkuGemeKAi+GegOGemOGfkuGeluGeu+Geh+GetuGeh+GetuGemOGfkuGeheGetuGen+Gfi+GegOGemOGfkuGemOGen+Get+GekeGfkuGekuGetyDhnpvhnr7hnpThn5Lhnprhnrbhnp/hnrbhnpHhnpbhn5Lhnprhn4fhnpzhnrfhnqDhnrbhnpog4Z6B4Z694Z6U4Z6b4Z6+4Z6A4Z6R4Z644Z+m4Z+i	SW50ZXJuYXRpb25hbCBDb3VydCBvZiBKdXN0aWNlIGluIFRoZSBIYWd1ZSBkZWNsYXJlZCBDYW1ib2RpYSBpcyB0aGUgb3duZXIgb2YgdGhlIFByZWFoIFZpaGVhciBUZW1wbGU=
97f47170f6146a358ee0f8c2	4Z6R4Z634Z6c4Z624oCL4Z6T4Z6Z4Z+E4oCL4Z6U4Z624Z6Z4oCL4Z6I4Z+S4Z6T4Z+HIOGeiOGfkuGek+Gfhw==	V2luLXdpbiBQb2xpY3kgRGF5
9807dde31d0ad998f255a255	4Z6U4Z634Z6O4Z+S4Z6MIOGfpA==	QmVuIDQ=
980c09a0307804ad7aeb8d10	4Z6U4Z634Z6O4Z+S4Z6MIOGfpA==	QmVuIDQ=
9824cf26346fb46d3dad15cd	4Z6U4Z634Z6O4Z+S4Z6MIOGfoeGfoQ==	QmVuIDEx
983efe5c85f61e124d7f2708	4Z6W4Z+S4Z6a4Z+H4oCL4Z6a4Z624Z6H4oCL4Z6W4Z634Z6S4Z644oCL4Z6U4Z674Z6O4Z+S4Z6Z4oCL4Z6F4Z6Y4Z+S4Z6a4Z6+4Z6T4oCL4Z6W4Z+S4Z6a4Z+H4oCL4Z6H4Z6T4Z+S4Z6YIOGeluGfkuGemuGfh+KAi+GegOGemuGeu+GejuGetuKAi+GeluGfkuGemuGfh+KAi+GelOGetuGekeKAi+Gen+GemOGfkuGej+GfgeGeheKAi+GeluGfkuGemuGfh+KAi+GelOGemuGemOKAi+Gek+GetuGekCDhnpPhnprhn4Thno/hn5Lhno/hnpgg4Z6f4Z644Z6g4Z6Y4Z674Z6T4Z64IOGeluGfkuGemuGfh+KAi+GemOGeoOGetuGegOGfkuGen+Gej+GfkuGemuKAi+Gek+Gfg+KAi+GeluGfkuGemuGfh+GemuGetuGeh+GetuGejuGetuGeheGegOGfkuGemuKAi+GegOGemOGfkuGeluGeu+Geh+Getg==	S2luZyBTaWhhbW9uaSdzIEJpcnRoZGF5
98541ab5f90d4d4c51af222b	4Z6R4Z634Z6c4Z624Z6Y4Z624Z6P4Z62	TW90aGVyJ3MgRGF5
9870f876c1181586b773cd69	4Z6U4Z634Z6O4Z+S4Z6MIOGfoeGfoA==	QmVuIDEw
98858b23676f82f437e43377	4Z6R4Z634Z6c4Z624oCL4Z6W4Z634Z6X4Z6W4oCL4Z6b4Z+E4Z6A4oCL4Z6U4Z+S4Z6a4Z6G4Z624Z+G4Z6E4oCL4Z6W4Z6b4Z6A4Z6Y4Z+S4Z6Y4oCL4Z6A4Z674Z6Y4Z624Z6aIOGegeGeveGelOGem+GevuGegOGekeGeuOGfoeGfqA==	SGFwcHkgV29ybGQgRGF5IEFnYWluc3QgQ2hpbGQgTGFib3Vy
989bcdeb1972dc5ad238f33c	4Z6U4Z634Z6O4Z+S4Z6MIOGfoeGfog==	QmVuIDEy
98a39587ea47e61a7dba9ea1	4Z6R4Z634Z6c4Z624oCL4Z6f4Z6T4Z+S4Z6P4Z634oCL4Z6X4Z624Z6W4oCL4Z6T4Z+F4oCL4Z6A4Z6Y4Z+S4Z6W4Z674Z6H4Z62	UGVhY2UgRGF5IGluIENhbWJvZGlh
98ad60ef3884e1df718351f8	4Z6R4Z634Z6c4Z624oCL4Z6f4Z674Z6B4oCL4Z6X4Z624Z6W4oCL4Z6W4Z634Z6X4Z6W4oCL4Z6b4Z+E4Z6A	V29ybGQgSGVhbHRoIERheQ==
98be038f5c8058835993bcbd	4Z6R4Z634Z6c4Z624oCL4Z6H4Z624Z6P4Z634oCL4Z6Z4Z6b4Z+L4oCL4Z6K4Z654Z6E4oCL4Z6W4Z644oCL4Z6Y4Z644Z6TIOGegeGeveGelOGem+GevuGegOGekeGeuOGfog==	TmF0aW9uYWwgTWluZSBBd2FyZW5lc3MgRGF5
98d4f17caeb2fb8f95856b12	4Z6F4Z684Z6b4oCL4Z6W4Z+S4Z6a4Z+H4oCL4Z6c4Z6f4Z+S4Z6f4Z62	QmVnaW5uaW5nIG9mIEJ1ZGRoaXN0IExlbnQ=
98d90c6039632c816d9a42f6	4Z6Q4Z+S4Z6E4Z+D4oCL4Z6f4Z+C4Z6T4oCL4Z6K4Z6A4oCL4Z6H4Z6+4Z6E4oCL4Z6S4Z684Z6U	S2l0Y2hlbiBHb2QgRmVzdGl2YWw=
990305b8e4e45a9287b33f32	4Z6R4Z634Z6c4Z624oCL4Z6i4Z6T4Z+S4Z6P4Z6a4oCL4Z6H4Z624Z6P4Z634oCL4Z6A4Z624Z6a4Z6W4Z624Z6a4oCL4Z6f4Z+S4Z6a4Z6R4Z624Z6U4Z+L4oCL4Z6i4Z684oCL4Z6g4Z+S4Z6f4Z684Z6TIOGegeGeveGelOGem+GevuGegOGekeGeuOGfouGfpw==	SW50ZXJuYXRpb25hbCBEYXkgZm9yIHRoZSBQcmVzZXJ2YXRpb24gb2YgdGhlIE96b25lIExheWVy
990e6080d603dd97d5ad2620	4Z6Q4Z+S4Z6E4Z+D4oCL4Z6f4Z+C4Z6T4oCL4Z6F4Z684Z6b4oCL4Z6G4Z+S4Z6T4Z624Z+G4oCL4Z6F4Z634Z6T	Q2hpbmVzZSBOZXcgWWVhcidzIEV2ZQ==
9972666530f50212c443a279	4Z6W4Z634Z6S4Z644oCL4Z6U4Z674Z6O4Z+S4Z6Z4oCL4Z6Y4Z624Z6D4Z6U4Z684Z6H4Z62	TWVhayBCb2NoZWE=
9997ac9431a4871c96448b05	4Z6W4Z634Z6S4Z644oCL4Z6U4Z674Z6O4Z+S4Z6Z4oCL4Z6c4Z634Z6f4Z624Z6B4oCL4Z6U4Z684Z6H4Z62	VmlzYWsgQm9jaGVh
99daaf202d460fdde8b3b04f	4Z6R4Z634Z6c4Z624oCL4Z6i4Z6T4Z+S4Z6P4Z6a4oCL4Z6H4Z624Z6P4Z634oCL4Z6H4Z6T4Z6H4Z624Z6P4Z634Z6K4Z6+4Z6Y4Z6X4Z624Z6C4Z6P4Z634Z6F4Z6W4Z634Z6X4Z6W4Z6b4Z+E4Z6A	SW50ZXJuYXRpb25hbCBEYXkgb2YgdGhlIFdvcmxkJ3MgSW5kaWdlbm91cyBQZW9wbGVz
99e7afda654ae1b7576d91f0	4Z6R4Z634Z6c4Z624oCL4Z6f4Z6T4Z+S4Z6P4Z634oCL4Z6X4Z624Z6W4oCL4Z6i4Z6T4Z+S4Z6P4Z6a4oCL4Z6H4Z624Z6P4Z63	SW50ZXJuYXRpb25hbCBEYXkgb2YgUGVhY2U=
99ed5d52e3f103a16cffc70f	4Z6R4Z634Z6c4Z624oCL4Z6H4Z624Z6P4Z634oCL4Z6T4Z+D4oCL4Z6A4Z624Z6a4oCL4Z6F4Z6E4oCL4Z6F4Z624Z+G	TmF0aW9uYWwgRGF5IG9mIFJlbWVtYnJhbmNl
9a0a9d7edf75454252390054	4Z6U4Z634Z6O4Z+S4Z6MIOGfow==	QmVuIDM=
9a0eca91def564d92fb4b2ed	4Z6F4Z684Z6b4oCL4Z6G4Z+S4Z6T4Z624Z+G4oCL4Z6F4Z634Z6T	Q2hpbmVzZSBOZXcgWWVhcg==
9a347a5d127241475429e8b4	4Z6U4Z634Z6O4Z+S4Z6MIOGfpA==	QmVuIDQ=
9a4b3a8e8f42f9190c363f99	4Z6Q4Z+S4Z6E4Z+D4oCL4Z6f4Z+C4Z6T4oCL4Z6F4Z684Z6b4oCL4Z6G4Z+S4Z6T4Z624Z+G4oCL4Z6F4Z634Z6T	Q2hpbmVzZSBOZXcgWWVhcidzIEV2ZQ==
9a7ab6a6f9ec5e0801300db0	4Z6R4Z634Z6c4Z624Z6a4Z+G4Z6b4Z654Z6A4oCL4Z6B4Z694Z6U4oCL4Z6T4Z+D4oCL4Z6A4Z634Z6F4Z+S4Z6F4Z6W4Z+S4Z6a4Z6Y4Z6W4Z+S4Z6a4Z+A4Z6E4oCL4Z6f4Z6T4Z+S4Z6P4Z634Z6X4Z624Z6W4oCL4Z6R4Z644Z6A4Z+S4Z6a4Z674Z6E4oCL4Z6U4Z+J4Z624Z6a4Z644Z6f	UGFyaXMgUGVhY2UgQWdyZWVtZW50IERheQ==
9a9b59b6b8c09038b6408ba1	4Z6W4Z634Z6S4Z644oCL4Z6U4Z674Z6O4Z+S4Z6Z4oCL4Z6v4Z6A4Z6a4Z624Z6H4Z+S4Z6Z4oCL4Z6H4Z624Z6P4Z63IOGegeGeveGelOGem+GevuGegOGekeGeuOGfpOGfqQ==	SW5kZXBlbmRlbmNlIERheQ==
9aa975578c30c9e727708f5b	4Z6R4Z634Z6c4Z624oCL4Z6f4Z6T4Z+S4Z6P4Z634oCL4Z6X4Z624Z6W4oCL4Z6T4Z+F4oCL4Z6A4Z6Y4Z+S4Z6W4Z674Z6H4Z62	UGVhY2UgRGF5IGluIENhbWJvZGlh
9aaf5bc434030da784930a4f	4Z6R4Z634Z6c4Z624oCL4Z6H4Z624Z6P4Z634oCL4Z6T4Z+D4oCL4Z6A4Z624Z6a4oCL4Z6F4Z6E4oCL4Z6F4Z624Z+G	TmF0aW9uYWwgRGF5IG9mIFJlbWVtYnJhbmNl
9ae3b4de7dc9b6925ebfcbb6	4Z6W4Z634Z6S4Z644oCL4Z6U4Z674Z6O4Z+S4Z6Z4oCL4Z6F4Z684Z6b4oCL4Z6G4Z+S4Z6T4Z624Z+G4oCL4Z6Q4Z+S4Z6Y4Z64IOGelOGfkuGemuGeluGfg+GejuGeuOKAi+Geh+GetuGej+GetyAtIOGenOGetuGemuGfiOKAi+GenOGfkOGek+KAi+GelOGejw==	S2htZXIgTmV3IFllYXIgLSBWZWFyZWFrIFZhbmFiYXQ=
9afb88515be14ccd0ebb4924	4Z6R4Z634Z6c4Z624oCL4oCL4Z6U4Z+S4Z6a4Z6H4Z624Z6H4Z6T4Z6H4Z624Z6P4Z63IOGek+Get+GehOKAi+KAi+GelOGfkuGemuGeh+GetuGeh+Gek+KAi+GeluGet+Gel+GeluKAi+Gem+GfhOGegA==	TmF0aW9uYWwgUG9wdWxhdGlvbiBEYXkgYW5kIFdvcmxkIFBvcHVsYXRpb24gRGF5
9b1b7ad8a502f6d488cf7751	4Z6R4Z634Z6c4Z624oCL4Z6W4Z634Z6X4Z6W4oCL4Z6b4Z+E4Z6A4oCL4Z6U4Z+S4Z6a4Z6Z4Z674Z6R4Z+S4Z6S4oCL4Z6U4Z+S4Z6a4Z6G4Z624Z+G4Z6E4oCL4Z6T4Z654Z6E4oCL4Z6H4Z+G4Z6E4Z664oCL4Z6i4Z+B4Z6K4Z6f4Z+N	V29ybGQgQUlEUyBEYXk=
9b3dd0fc0b96a12900cbb9eb	4Z6W4Z+S4Z6a4Z+H4oCL4Z6a4Z624Z6H4oCL4Z6W4Z634Z6S4Z644oCL4Z6U4Z674Z6O4Z+S4Z6Z4oCL4Z6F4Z6Y4Z+S4Z6a4Z6+4Z6T4oCL4Z6W4Z+S4Z6a4Z+H4oCL4Z6H4Z6T4Z+S4Z6YIOGeluGfkuGemuGfh+KAi+GegOGemuGeu+GejuGetuKAi+GeluGfkuGemuGfh+KAi+GelOGetuGekeKAi+Gen+GemOGfkuGej+GfgeGeheKAi+GeluGfkuGemuGfh+KAi+GelOGemuGemOKAi+Gek+GetuGekCDhnpPhnprhn4Thno/hn5Lhno/hnpgg4Z6f4Z644Z6g4Z6Y4Z674Z6T4Z64IOGeluGfkuGemuGfh+KAi+GemOGeoOGetuGegOGfkuGen+Gej+GfkuGemuKAi+Gek+Gfg+KAi+GeluGfkuGemuGfh+GemuGetuGeh+GetuGejuGetuGeheGegOGfkuGemuKAi+GegOGemOGfkuGeluGeu+Geh+Getg==	S2luZyBTaWhhbW9uaSdzIEJpcnRoZGF5
9b6108539b148d6fbf19945c	4Z6R4Z634Z6c4Z624oCL4Z6U4Z+S4Z6a4Z624Z6a4Z6W4Z+S4Z6S4oCL4Z6W4Z634Z6S4Z644oCL4Z6C4Z+E4Z6a4Z6W4oCL4Z6W4Z+S4Z6a4Z+H4Z6c4Z634Z6J4Z+S4Z6J4Z624Z6O4Z6A4Z+S4Z6B4Z6T4Z+S4Z6SIOGeluGfkuGemuGfh+GegOGemuGeu+GejuGetuKAi+GeluGfkuGemuGfh+GelOGetuGekeKAi+Gen+GemOGfkuGej+GfgeGeheKAi+GeluGfkuGemuGfhyDhnpPhnprhn4Thno/hn5Lhno/hnpgg4Z6f4Z644Z6g4Z6T4Z67IOGeluGfkuGemuGfh+GemOGeoOGetuGenOGeuOGemuGegOGfkuGen+Gej+GfkuGemiDhnpbhn5Lhnprhn4figIvhnpzhnprhnprhnrbhnofigIvhnpThnrfhno/hnrbigIvhnq/hnoDhnprhnrbhnofhn5Lhnpkg4Z6U4Z684Z6a4Z6O4Z6X4Z624Z6W4oCL4Z6R4Z654Z6A4Z6K4Z64IOGek+Get+GehOKAi+Ger+GegOGel+GetuGeluKAi+Geh+GetuGej+Get+KAi+GegeGfkuGemOGfguGemg==	S2luZyBGYXRoZXIncyBDb21tZW1vcmF0aW9uIERheQ==
9b9141479c75eb5688fbc9d3	4Z6R4Z634Z6c4Z624Z6R4Z654Z6AIOGek+Get+GehOGep+Gej+Geu+Gek+Get+GemeGemOGeluGet+Gel+GeluGem+GfhOGegA==	V29ybGQgV2F0ZXIgYW5kIFdvcmxkIE1ldGVvcm9sb2dpY2FsIERheQ==
9b96b06f8531d83e355f9bfd	4Z6R4Z634Z6c4Z624oCL4Z6A4Z674Z6Y4Z624Z6a4oCL4Z6i4Z6T4Z+S4Z6P4Z6a4oCL4Z6H4Z624Z6P4Z63IOGegeGeveGelOGem+GevuGegOGekeGeuOGfpeGfqQ==	SW50ZXJuYXRpb25hbCBDaGlsZHJlbidzIERheQ==
9bb032d7da4db143d0b0e433	4Z6P4Z+G4Z6U4Z6T4Z+L4oCL4Z6a4Z6Y4Z6O4Z644oCL4Z6K4Z+S4Z6L4Z624Z6T4oCL4Z6i4Z6E4Z+S4Z6C4Z6aIOGej+GfkuGemuGevOGenOKAi+GelOGetuGek+KAi+GeheGeu+Gfh+KAi+GegOGfkuGek+Geu+GehOKAi+GelOGeieGfkuGeh+GeuOKAi+GelOGfgeGej+Get+GegOKAi+Gel+GejuGfkuGejOKAi+GeluGet+Gel+GeluGem+GfhOGegOGemuGelOGen+Gfi+GeouGehOGfkuGeguGegOGetuGemuGemeGevOGejuGfgeGen+GfkuGegOGevCDhnoHhnr3hnpThnpvhnr7hnoDhnpHhnrjhn6Phn6A=	QW5na29yIHdhcyBpbnNjcmliZWQgb24gdGhlIFVORVNDTyBXb3JsZCBIZXJpdGFnZSBMaXN0
9be2461c1a3550dc7abe869d	4Z6U4Z634Z6O4Z+S4Z6MIOGfoeGfog==	QmVuIDEy
9bf624400fd26076b04c764b	4Z6R4Z634Z6c4Z624oCL4Z6T4Z624Z6a4Z644oCL4Z6i4Z6T4Z+S4Z6P4Z6a4Z6H4Z624Z6P4Z63IOGegeGeveGelOGem+GevuGegOGekeGeuOGfoeGfoeGfqQ==	SW50ZXJuYXRpb25hbCBXb21lbidzIERheQ==
9c48e8d03703a85adb504c93	4Z6f4Z+C4Z6T4oCL4Z6A4Z+S4Z6U4Z624Z6b4oCL4Z6R4Z654Z6A	R2hvc3QgRmVzdGl2YWw=
9c67b2a17babc499b73e6d23	4Z6R4Z634Z6c4Z624oCL4Z6W4Z634Z6X4Z6W4oCL4Z6b4Z+E4Z6AIOGeiuGevuGemOGfkuGelOGeuOGen+Geu+GenOGej+GfkuGekOGet+Gel+GetuGeliDhnpPhnrfhnoThnp/hnrvhnoHhnpfhnrbhnpbhnoDhnrbhnprhnoThnrbhnpo=	V29ybGQgRGF5IGZvciBTYWZldHkgYW5kIEhlYWx0aCBhdCBXb3Jr
9c6a95142dda7ed31fea0541	4Z6R4Z634Z6c4Z624oCL4Z6U4Z+S4Z6a4Z6Z4Z674Z6R4Z+S4Z6S4oCL4Z6U4Z+S4Z6a4Z6G4Z624Z+G4Z6E4oCL4Z6i4Z+G4Z6W4Z6+4oCL4Z6W4Z674Z6A4Z6a4Z6b4Z694Z6Z	QW50aS1Db3JydXB0aW9uIERheQ==
9c6e31fc52abbcd985b5bc3f	4Z6G4Z+B4Z6E4oCL4Z6Y4Z+J4Z+B4Z6E	VG9tYi1Td2VlcGluZyBEYXkgKFFpbmdtaW5nIEZlc3RpdmFsKQ==
9c923a7eba6cb3e2abecb35c	4Z6R4Z634Z6c4Z624oCL4Z6i4Z624oCL4Z6A4Z624Z6f4oCL4Z6F4Z6a4Z6O4Z+N4Z6f4Z+K4Z644Z6c4Z634Z6b	Q2l2aWwgQXZpYXRpb24gRGF5
9c9802c75441f95553a18247	4Z6R4Z634Z6c4Z624Z6a4Z+G4Z6b4Z654Z6A4oCL4Z6B4Z694Z6U4oCL4Z6T4Z+D4oCL4Z6A4Z634Z6F4Z+S4Z6F4Z6W4Z+S4Z6a4Z6Y4Z6W4Z+S4Z6a4Z+A4Z6E4oCL4Z6f4Z6T4Z+S4Z6P4Z634Z6X4Z624Z6W4oCL4Z6R4Z644Z6A4Z+S4Z6a4Z674Z6E4oCL4Z6U4Z+J4Z624Z6a4Z644Z6f	UGFyaXMgUGVhY2UgQWdyZWVtZW50IERheQ==
9cc7c94ad567fa87ca041588	4Z6F4Z684Z6b4oCL4Z6G4Z+S4Z6T4Z624Z+G4oCL4Z6F4Z634Z6T	Q2hpbmVzZSBOZXcgWWVhcg==
9cd26ae46606fa424288b883	4Z6U4Z674Z6O4Z+S4Z6Z4oCL4Z6g4Z624Z6h4Z684Z6c4Z644Z6T	SGFsbG93ZWVu
9ce2c9501d8cd33bbdc6cc53	4Z6R4Z634Z6c4Z624oCL4Z6H4Z624Z6P4Z634oCL4Z6i4Z+S4Z6T4Z6A4oCL4Z6T4Z634Z6W4Z6T4Z+S4Z6S	TmF0aW9uYWwgQXV0aG9ycycgRGF5
9cf05556c1045b99d9663b28	4Z6R4Z634Z6c4Z624oCL4Z6T4Z6Z4Z+E4Z6U4Z624Z6Z4oCL4Z6R4Z654Z6A	V2F0ZXIgUG9saWN5IERheQ==
9cf9b0f860f2f6a568552634	4Z6W4Z634Z6S4Z644oCL4Z6U4Z674Z6O4Z+S4Z6Z4oCL4Z6X4Z+S4Z6H4Z674Z+G4oCL4Z6U4Z634Z6O4Z+S4Z6M	UGNodW0gQmVuIEZlc3RpdmFs
9d1820c3bf1b12ad24cfb03b	4Z6R4Z634Z6c4Z624oCL4Z6W4Z+S4Z6a4Z+H4oCL4Z6W4Z674Z6R4Z+S4Z6S4oCL4Z6f4Z624Z6f4Z6T4Z624oCL4Z6i4Z6T4Z+S4Z6P4Z6a4Z6H4Z624Z6P4Z63	SW50ZXJuYXRpb25hbCBCdWRkaGlzdCBEYXk=
9d2810bfece1722c8290634f	4Z6R4Z634Z6c4Z624oCL4Z6U4Z+S4Z6a4Z6Z4Z674Z6R4Z+S4Z6S4oCL4Z6U4Z+S4Z6a4Z6G4Z624Z+G4Z6E4oCL4Z6i4Z+G4Z6W4Z6+4oCL4Z6W4Z674Z6A4Z6a4Z6b4Z694Z6Z	QW50aS1Db3JydXB0aW9uIERheQ==
9d47e7e9e187f6282725d868	4Z6U4Z634Z6O4Z+S4Z6MIOGfoeGfow==	QmVuIDEz
9d5b37b2d32751a256030cdd	4Z6R4Z634Z6c4Z624oCL4Z6c4Z6U4Z+S4Z6U4oCL4Z6S4Z6Y4Z+M4oCL4Z6H4Z624Z6P4Z63IOGegeGeveGelOGem+GevuGegOGekeGeuOGfouGfqA==	TmF0aW9uYWwgQ3VsdHVyZSBEYXk=
9d5cf60f9c9e48881a19bed6	4Z6R4Z634Z6c4Z624oCL4Z6T4Z6Z4Z+E4oCL4Z6U4Z624Z6Z4oCL4Z6I4Z+S4Z6T4Z+HIOGeiOGfkuGek+Gfhw==	V2luLXdpbiBQb2xpY3kgRGF5
9d88ba290f7d95eb9f655477	4Z6g4Z+C4oCL4Z6i4Z+S4Z6T4Z6A4oCL4Z6P4Z624oCL4Z6F4Z634Z6T	U3Bpcml0IFBhcmFkZQ==
9da155239eaa46f3a15740b4	4Z6R4Z634Z6c4Z624oCL4Z6H4Z624Z6P4Z634oCL4Z6f4Z674Z6B4Z6X4Z624Z6W4oCL4Z6Y4Z624Z6P4Z62IOGekeGetuGemuGegCDhnpPhnrfhnoTigIvhnoDhnrvhnpjhnrbhnpo=	TmF0aW9uYWwgRGF5IG9uIE1hdGVybmFsLCBOZXdib3JuIGFuZCBDaGlsZCBIZWFsdGg=
9da165873e226a0f375f363e	4Z6R4Z634Z6c4Z624oCL4Z6f4Z6T4Z+S4Z6P4Z634oCL4Z6X4Z624Z6W4oCL4Z6i4Z6T4Z+S4Z6P4Z6a4oCL4Z6H4Z624Z6P4Z63	SW50ZXJuYXRpb25hbCBEYXkgb2YgUGVhY2U=
9dacab0386b46d5959e52899	4Z6R4Z634Z6c4Z624oCL4Z6f4Z674Z6B4oCL4Z6X4Z624Z6W4oCL4Z6W4Z634Z6X4Z6W4oCL4Z6b4Z+E4Z6A	V29ybGQgSGVhbHRoIERheQ==
9db8a19190a404f6c4872c92	4Z6Q4Z+S4Z6E4Z+D4oCL4Z6f4Z+C4Z6T4oCL4Z6F4Z684Z6b4oCL4Z6G4Z+S4Z6T4Z624Z+G4oCL4Z6F4Z634Z6T	Q2hpbmVzZSBOZXcgWWVhcidzIEV2ZQ==
9de375a7489cd52941fdfc5b	4Z6R4Z634Z6c4Z624oCL4Z6Z4Z674Z6c4Z6H4Z6T4oCL4Z6i4Z6T4Z+S4Z6P4Z6a4oCL4Z6H4Z624Z6P4Z63	SW50ZXJuYXRpb25hbCBZb3V0aCBEYXk=
9e1d218319b44bd75d4cb04b	4Z6F4Z684Z6b4oCL4Z6G4Z+S4Z6T4Z624Z+G4oCL4Z6F4Z634Z6T	Q2hpbmVzZSBOZXcgWWVhcg==
9e40d7548ff3f51c8e81db6a	4Z6R4Z634Z6c4Z624oCL4Z6Y4Z6T4Z674Z6f4Z+S4Z6f4oCL4Z6F4Z624Z6f4Z+L4oCL4Z6A4Z6Y4Z+S4Z6W4Z674Z6H4Z62IOGek+Get+GehOGekeGet+GenOGetuGemOGek+Geu+Gen+GfkuGen+GeheGetuGen+Gfi+GeouGek+GfkuGej+GemuGeh+GetuGej+GetyDhnoHhnr3hnpThnpvhnr7hnoDhnpHhnrjhn6Hhn6Y=	Q2FtYm9kaWFuIE9sZGVyIFBlcnNvbnMgRGF5IGFuZCB0aGUgSW50ZXJuYXRpb25hbCBEYXkgb2YgT2xkZXIgUGVyc29ucw==
9e63688f9029f6d664a01ebb	4Z6R4Z634Z6c4Z624oCL4Z6T4Z6Z4Z+E4Z6U4Z624Z6Z4oCL4Z6R4Z654Z6A	V2F0ZXIgUG9saWN5IERheQ==
9e641e8a3d43b19ecc4a099d	4Z6W4Z634Z6S4Z644oCL4Z6U4Z674Z6O4Z+S4Z6Z4oCL4Z6c4Z634Z6f4Z624Z6B4oCL4Z6U4Z684Z6H4Z62	VmlzYWsgQm9jaGVh
9e73fdfa6cc12995732103b0	4Z6W4Z+S4Z6a4Z+H4oCL4Z6a4Z624Z6H4oCL4Z6W4Z634Z6S4Z644oCL4Z6C4Z+S4Z6a4Z6E4oCL4Z6W4Z+S4Z6a4Z+H4oCL4Z6U4Z6a4Z6Y4oCL4Z6a4Z624Z6H4oCL4Z6f4Z6Y4Z+S4Z6U4Z6P4Z+S4Z6P4Z63IOGeluGfkuGemuGfh+KAi+GegOGemuGeu+GejuGetuKAi+GeluGfkuGemuGfh+KAi+GelOGetuGekeKAi+Gen+GemOGfkuGej+GfgeGeheKAi+GeluGfkuGemuGfh+KAi+GelOGemuGemOGek+GetuGekCDhnpPhnprhn4Thno/hn5Lhno/hnpgg4Z6f4Z644Z6g4Z6Y4Z674Z6T4Z64IOGeluGfkuGemuGfh+KAi+GemOGeoOGetuGegOGfkuGen+Gej+GfkuGemuKAi+Gek+Gfg+KAi+GeluGfkuGemuGfh+GemuGetuGeh+GetuGejuGetuGeheGegOGfkuGemuKAi+GegOGemOGfkuGeluGeu+Geh+Getg==	S2luZydzIENvcm9uYXRpb24gRGF5
9e77e4bd7806d2ac483f197b	4Z6U4Z634Z6O4Z+S4Z6MIOGfog==	QmVuIDI=
9ea2b5725bd886e32168778d	4Z6R4Z634Z6c4Z624oCL4Z6W4Z6b4Z6A4Z6Y4Z+S4Z6Y4oCL4Z6i4Z6T4Z+S4Z6P4Z6a4Z6H4Z624Z6P4Z63IOGegeGeveGelOGem+GevuGegOGekeGeuOGfoeGfpOGfow==	SW50ZXJuYXRpb25hbCBMYWJvciBEYXk=
9eb6d9b55f03051425eb73ec	4Z6R4Z634Z6c4Z624oCL4Z6T4Z6Z4Z+E4oCL4Z6U4Z624Z6Z4oCL4Z6I4Z+S4Z6T4Z+HIOGeiOGfkuGek+Gfhw==	V2luLXdpbiBQb2xpY3kgRGF5
9ec7e906d19a3768e74701b6	4Z6R4Z634Z6c4Z624oCL4Z6Y4Z6T4Z674Z6f4Z+S4Z6f4oCL4Z6F4Z624Z6f4Z+L4oCL4Z6A4Z6Y4Z+S4Z6W4Z674Z6H4Z62IOGek+Get+GehOGekeGet+GenOGetuGemOGek+Geu+Gen+GfkuGen+GeheGetuGen+Gfi+GeouGek+GfkuGej+GemuGeh+GetuGej+GetyDhnoHhnr3hnpThnpvhnr7hnoDhnpHhnrjhn6Lhn6E=	Q2FtYm9kaWFuIE9sZGVyIFBlcnNvbnMgRGF5IGFuZCB0aGUgSW50ZXJuYXRpb25hbCBEYXkgb2YgT2xkZXIgUGVyc29ucw==
9ecb09c34271b5ef91570bd9	4Z6P4Z674Z6b4Z624oCL4Z6A4Z624Z6a4oCL4Z6Z4Z674Z6P4Z+S4Z6P4Z634oCL4Z6S4Z6Y4Z+M4oCL4Z6i4Z6T4Z+S4Z6P4Z6a4oCL4Z6H4Z624Z6P4Z634oCL4Z6A4Z+S4Z6a4Z674Z6E4oCL4Z6h4Z624oCL4Z6i4Z+BIOGen+GemOGfkuGemuGfgeGeheKAi+GeseGfkuGemeKAi+GegOGemOGfkuGeluGeu+Geh+GetuGeh+GetuGemOGfkuGeheGetuGen+Gfi+GegOGemOGfkuGemOGen+Get+GekeGfkuGekuGetyDhnpvhnr7hnpThn5Lhnprhnrbhnp/hnrbhnpHhnpbhn5Lhnprhn4fhnpzhnrfhnqDhnrbhnpog4Z6B4Z694Z6U4Z6b4Z6+4Z6A4Z6R4Z644Z+l4Z+g	SW50ZXJuYXRpb25hbCBDb3VydCBvZiBKdXN0aWNlIGluIFRoZSBIYWd1ZSBkZWNsYXJlZCBDYW1ib2RpYSBpcyB0aGUgb3duZXIgb2YgdGhlIFByZWFoIFZpaGVhciBUZW1wbGU=
9eeceed069389329dea5dad5	4Z6F4Z624Z6U4Z+J4Z644oCL4Z6K4Z6E4oCL4Z6c4Z+C4Z6EIOGej+GfkuGemuGevOGenOKAi+GelOGetuGek+KAi+GeheGeu+Gfh+KAi+GegOGfkuGek+Geu+GehOKAi+GelOGeieGfkuGeh+GeuOKAi+GelOGfgeGej+Get+GegOKAi+Gel+GejuGfkuGejOKAi+GenOGelOGfkuGelOGekuGemOGfjOGeouGemuGevOGelOGeuOGek+Gfg+GemOGek+Geu+Gen+GfkuGen+Geh+GetuGej+Getw==	Q2hhcGVpIERhbmcgVmVuZyBpbnNjcmliZWQgb24gdGhlIExpc3Qgb2YgSW50YW5naWJsZSBDdWx0dXJhbCBIZXJpdGFnZSBpbiBOZWVkIG9mIFVyZ2VudCBTYWZlZ3VhcmRpbmc=
9f18c369645f1a7f784ca73b	4Z6W4Z+S4Z6a4Z+H4oCL4Z6a4Z624Z6H4oCL4Z6W4Z634Z6S4Z644oCL4Z6U4Z674Z6O4Z+S4Z6Z4oCL4Z6F4Z6Y4Z+S4Z6a4Z6+4Z6T4oCL4Z6W4Z+S4Z6a4Z+H4oCL4Z6H4Z6T4Z+S4Z6YIOGen+GemOGfkuGej+GfgeGeheKAi+GeluGfkuGemuGfh+KAi+GemOGeoOGetuGegOGfkuGen+Gej+GfkuGemuGeuCDhnpPhnprhn4Thno/hn5Lhno/hnpgg4Z6Y4Z674Z6T4Z634Z6T4Z624Z6QIOGen+GeuOGeoOGek+GeuyDhnpbhn5Lhnprhn4figIvhnpzhnprhnprhnrbhnofigIvhnpjhnrbhno/hnrbigIvhnofhnrbhno/hnrfigIvhnoHhn5Lhnpjhn4Lhnpog4Z6A4Z+S4Z6T4Z674Z6E4oCL4Z6f4Z+B4Z6a4Z644Z6X4Z624Z6WIOGen+GfgeGeheGegOGfkuGej+GeuOGekOGfkuGem+Gfg+GekOGfkuGek+GevOGemiDhnpPhnrfhnoTigIvhnp/hnrvhnpfhnpjhnoThn5LhnoLhnps=	UXVlZW4gTW90aGVyJ3MgQmlydGhkYXk=
9f54ee5f91688c4854c48ae0	4Z6R4Z634Z6c4Z624Z6a4Z+G4Z6b4Z654Z6A4oCL4Z6B4Z694Z6U4oCL4Z6T4Z+D4oCL4Z6A4Z634Z6F4Z+S4Z6F4Z6W4Z+S4Z6a4Z6Y4Z6W4Z+S4Z6a4Z+A4Z6E4oCL4Z6f4Z6T4Z+S4Z6P4Z634Z6X4Z624Z6W4oCL4Z6R4Z644Z6A4Z+S4Z6a4Z674Z6E4oCL4Z6U4Z+J4Z624Z6a4Z644Z6f	UGFyaXMgUGVhY2UgQWdyZWVtZW50IERheQ==
9f652d9bbb139f20d181c17e	4Z6W4Z+S4Z6a4Z+H4oCL4Z6a4Z624Z6H4oCL4Z6W4Z634Z6S4Z644oCL4Z6U4Z674Z6O4Z+S4Z6Z4oCL4Z6F4Z6Y4Z+S4Z6a4Z6+4Z6T4oCL4Z6W4Z+S4Z6a4Z+H4oCL4Z6H4Z6T4Z+S4Z6YIOGeluGfkuGemuGfh+KAi+GegOGemuGeu+GejuGetuKAi+GeluGfkuGemuGfh+KAi+GelOGetuGekeKAi+Gen+GemOGfkuGej+GfgeGeheKAi+GeluGfkuGemuGfh+KAi+GelOGemuGemOKAi+Gek+GetuGekCDhnpPhnprhn4Thno/hn5Lhno/hnpgg4Z6f4Z644Z6g4Z6Y4Z674Z6T4Z64IOGeluGfkuGemuGfh+KAi+GemOGeoOGetuGegOGfkuGen+Gej+GfkuGemuKAi+Gek+Gfg+KAi+GeluGfkuGemuGfh+GemuGetuGeh+GetuGejuGetuGeheGegOGfkuGemuKAi+GegOGemOGfkuGeluGeu+Geh+Getg==	S2luZyBTaWhhbW9uaSdzIEJpcnRoZGF5
9f798005bdb384b4dbd944d5	4Z6W4Z+S4Z6a4Z+H4oCL4Z6a4Z624Z6H4oCL4Z6W4Z634Z6S4Z644oCL4Z6U4Z674Z6O4Z+S4Z6Z4oCL4Z6F4Z6Y4Z+S4Z6a4Z6+4Z6T4oCL4Z6W4Z+S4Z6a4Z+H4oCL4Z6H4Z6T4Z+S4Z6YIOGen+GemOGfkuGej+GfgeGeheKAi+GeluGfkuGemuGfh+KAi+GemOGeoOGetuGegOGfkuGen+Gej+GfkuGemuGeuCDhnpPhnprhn4Thno/hn5Lhno/hnpgg4Z6Y4Z674Z6T4Z634Z6T4Z624Z6QIOGen+GeuOGeoOGek+GeuyDhnpbhn5Lhnprhn4figIvhnpzhnprhnprhnrbhnofigIvhnpjhnrbhno/hnrbigIvhnofhnrbhno/hnrfigIvhnoHhn5Lhnpjhn4Lhnpog4Z6A4Z+S4Z6T4Z674Z6E4oCL4Z6f4Z+B4Z6a4Z644Z6X4Z624Z6WIOGen+GfgeGeheGegOGfkuGej+GeuOGekOGfkuGem+Gfg+GekOGfkuGek+GevOGemiDhnpPhnrfhnoTigIvhnp/hnrvhnpfhnpjhnoThn5LhnoLhnps=	UXVlZW4gTW90aGVyJ3MgQmlydGhkYXk=
9fa3988d73428d61ef234cc0	4Z6A4Z6Y4Z+S4Z6W4Z674Z6H4Z624oCL4Z6F4Z684Z6b4oCL4Z6H4Z624oCL4Z6f4Z6Y4Z624oCL4Z6H4Z634Z6A4oCL4Z6i4Z624Z6f4Z+K4Z624Z6TIOGegeGeveGelOGem+GevuGegOGekeGeuOGfog==	Q2FtYm9kaWEgam9pbmVkIFRoZSBBc3NvY2lhdGlvbiBvZiBTb3V0aGVhc3QgQXNpYW4gTmF0aW9ucyAoQVNFQU4p
9fd0b8a00097cbfc5b03ed18	4Z6R4Z634Z6c4Z624oCL4Z6U4Z644Z6P4Z62	RmF0aGVyJ3MgRGF5
9fd4c60bf5de95e3486207bd	4Z6R4Z634Z6c4Z624oCL4Z6c4Z6U4Z+S4Z6U4oCL4Z6S4Z6Y4Z+M4oCL4Z6H4Z624Z6P4Z63IOGegeGeveGelOGem+GevuGegOGekeGeuOGfpQ==	TmF0aW9uYWwgQ3VsdHVyZSBEYXk=
9ffc66c2505b2fd5cfea2c54	4Z6R4Z634Z6c4Z624oCL4Z6R4Z+B4Z6f4oCL4Z6F4Z6a4Z6O4Z+N4oCL4Z6W4Z634oCL4Z6X4Z6W4oCL4Z6b4Z+E4Z6A	V29ybGQgVG91cmlzbSBEYXk=
a01f19f62d9e48205385c856	4Z6R4Z634Z6c4Z624oCL4Z6i4Z6T4Z+S4Z6P4Z6a4oCL4Z6H4Z624Z6P4Z634oCL4Z6U4Z+S4Z6a4Z6Z4Z674Z6R4Z+S4Z6S4oCL4Z6U4Z+S4Z6a4Z6G4Z624Z+G4Z6E4oCL4Z6C4Z+S4Z6a4Z6/4Z6E4oCL4Z6J4Z+A4Z6T	SW50ZXJuYXRpb25hbCBEYXkgQWdhaW5zdCBEcnVnIEFidXNlIGFuZCBJbGxpY2l0IFRyYWZmaWNraW5n
a02a66d5f81893cd489de728	4Z6F4Z684Z6b4oCL4Z6G4Z+S4Z6T4Z624Z+G4oCL4Z6F4Z634Z6T	Q2hpbmVzZSBOZXcgWWVhcg==
a045fdd06145ce7b24bba82e	4Z6R4Z634Z6c4Z624oCL4Z6H4Z624Z6P4Z634oCL4Z6i4Z+S4Z6T4Z6A4oCL4Z6T4Z634Z6W4Z6T4Z+S4Z6S	TmF0aW9uYWwgQXV0aG9ycycgRGF5
a063a13fa7eea21abdb78297	4Z6U4Z634Z6O4Z+S4Z6MIOGfow==	QmVuIDM=
a065e7e576cf52c348fd13ad	4Z6R4Z634Z6c4Z624oCL4Z6Y4Z6F4Z+S4Z6G4Z624oCL4Z6H4Z624Z6P4Z63	TmF0aW9uYWwgRmlzaCBEYXk=
a06600190263998f77c0c980	4Z6W4Z634Z6S4Z644oCL4Z6U4Z+G4Z6U4Z694Z6f4oCL4Z6T4Z624Z6C4oCL4Z6B4Z+S4Z6T4Z624Z6T	VGhlIE9yZGFpbmVkIERyYWdvbiBNb25r
a08393e2538819cbddb6d463	4Z6F4Z684Z6b4oCL4Z6W4Z+S4Z6a4Z+H4oCL4Z6c4Z6f4Z+S4Z6f4Z62	QmVnaW5uaW5nIG9mIEJ1ZGRoaXN0IExlbnQ=
a09c8740b984e7ce02e693e1	4Z6U4Z+S4Z6a4Z624Z6f4Z624Z6R4oCL4Z6W4Z+S4Z6a4Z+H4oCL4Z6c4Z634Z6g4Z624Z6aIOGej+GfkuGemuGevOGenOKAi+GelOGetuGek+KAi+GeheGeu+Gfh+KAi+GegOGfkuGek+Geu+GehOKAi+GelOGeieGfkuGeh+GeuOKAi+GelOGfgeGej+Get+GegOKAi+Gel+GejuGfkuGejOKAi+GeluGet+Gel+GeluGem+GfhOGegOGemuGelOGen+Gfi+GeouGehOGfkuGeguGegOGetuGemuGemeGevOGejuGfgeGen+GfkuGegOGevCDhnoHhnr3hnpThnpvhnr7hnoDhnpHhnrjhn6Lhn6E=	VGVtcGxlIG9mIFByZWFoIFZpaGVhciB3YXMgaW5zY3JpYmVkIG9uIHRoZSBVTkVTQ08gV29ybGQgSGVyaXRhZ2UgTGlzdA==
a09cd7ecb973b65d6e03eb7f	4Z6W4Z+S4Z6a4Z+H4oCL4Z6a4Z624Z6H4oCL4Z6W4Z634Z6S4Z644oCL4Z6F4Z+S4Z6a4Z6P4Z+L4oCL4Z6W4Z+S4Z6a4Z+H4oCL4Z6T4Z6E4Z+S4Z6C4Z+Q4Z6b	Um95YWwgUGxvdWdoaW5nIENlcmVtb255
a0b0d2d8807f8163e8d15d30	4Z6F4Z+B4Z6J4oCL4Z6W4Z+S4Z6a4Z+H4oCL4Z6c4Z6f4Z+S4Z6f4Z62	RW5kaW5nIG9mIEJ1ZGRoaXN0IExlbnQ=
a0ba1f0c56b49e474b23b82f	4Z6W4Z634Z6S4Z644oCL4Z6U4Z674Z6O4Z+S4Z6Z4oCL4Z6Y4Z624Z6D4Z6U4Z684Z6H4Z62	TWVhayBCb2NoZWE=
a0e0eb155766a3675fe1cd08	4Z6b4Z+S4Z6B4Z+E4Z6T4oCL4Z6f4Z+S4Z6a4Z6Y4Z+E4Z6b4oCL4Z6f4Z+S4Z6U4Z+C4Z6A4oCLIOGej+GfkuGemuGevOGenOKAi+GelOGetuGek+KAi+GeheGeu+Gfh+KAi+GegOGfkuGek+Geu+GehOKAi+GelOGeieGfkuGeh+GeuOKAi+GelOGfgeGej+Get+GegOKAi+Gel+GejuGfkuGejOGenOGelOGfkuGelOGekuGemOGfjOGeouGemuGevOGelOGeuOGek+Gfg+GemOGek+Geu+Gen+GfkuGen+Geh+GetuGej+GetyDhnoHhnr3hnpThnpvhnr7hnoDhnpHhnrjhn6k=	S2htZXIgU2hhZG93IFRoZWF0cmUgaW5zY3JpYmVkIG9uIHRoZSBSZXByZXNlbnRhdGl2ZSBMaXN0IG9mIHRoZSBJbnRhbmdpYmxlIEN1bHR1cmFsIEhlcml0YWdlIG9mIEh1bWFuaXR5
a0e87132ecd58f63e3c7c211	4Z6R4Z634Z6c4Z624oCL4Z6U4Z644Z6P4Z62	RmF0aGVyJ3MgRGF5
a1059b32c48d5b4bd4627256	4Z6Q4Z+S4Z6E4Z+D4oCL4Z6f4Z+C4Z6T4oCL4Z6K4Z6A4oCL4Z6H4Z6+4Z6E4oCL4Z6S4Z684Z6U	S2l0Y2hlbiBHb2QgRmVzdGl2YWw=
a11297a4ce8a5c3a59f82864	4Z6R4Z634Z6c4Z624oCL4Z6A4Z674Z6Y4Z624Z6a4oCL4Z6i4Z6T4Z+S4Z6P4Z6a4oCL4Z6H4Z624Z6P4Z63IOGegeGeveGelOGem+GevuGegOGekeGeuOGfp+Gfpg==	SW50ZXJuYXRpb25hbCBDaGlsZHJlbidzIERheQ==
a12e62f7d75dbb9328da3000	4Z6g4Z+C4oCL4Z6i4Z+S4Z6T4Z6A4oCL4Z6P4Z624oCL4Z6F4Z634Z6T	U3Bpcml0IFBhcmFkZQ==
a135a4f3e512dbf3c8d14c8b	4Z6R4Z634Z6c4Z624oCL4Z6U4Z6a4Z634oCL4Z6f4Z+S4Z6Q4Z624Z6T4oCL4Z6H4Z624Z6P4Z63IOGek+Get+GehOKAi+GelOGemuGet+KAi+Gen+GfkuGekOGetuGek+KAi+GeluGet+Gel+GeluKAi+Gem+GfhOGegCDhnoHhnr3hnpThnpvhnr7hnoDhnpHhnrjhn6Lhn6I=	TmF0aW9uYWwgYW5kIFdvcmxkIEVudmlyb25tZW50IERheQ==
a14250aa7bc12a442c0b8584	4Z6U4Z634Z6O4Z+S4Z6MIOGfoeGfoA==	QmVuIDEw
a144338bb2fa965312c45c7c	4Z6R4Z634Z6c4Z624oCL4Z6W4Z6b4Z6A4Z6Y4Z+S4Z6Y4oCL4Z6i4Z6T4Z+S4Z6P4Z6a4Z6H4Z624Z6P4Z63IOGegeGeveGelOGem+GevuGegOGekeGeuOGfoeGfouGfqA==	SW50ZXJuYXRpb25hbCBMYWJvciBEYXk=
a14961697a93a2d5b10e06e4	4Z6U4Z674Z6O4Z+S4Z6Z4oCL4Z6O4Z684Z6i4Z+C4Z6b	Q2hyaXN0bWFzIERheQ==
a14be608e704f2885bacc29d	4Z6R4Z634Z6c4Z624oCL4Z6i4Z6T4Z+S4Z6P4Z6a4oCL4Z6H4Z624Z6P4Z634oCL4Z6H4Z6T4Z6H4Z624Z6P4Z634Z6K4Z6+4Z6Y4Z6X4Z624Z6C4Z6P4Z634Z6F4Z6W4Z634Z6X4Z6W4Z6b4Z+E4Z6A	SW50ZXJuYXRpb25hbCBEYXkgb2YgdGhlIFdvcmxkJ3MgSW5kaWdlbm91cyBQZW9wbGVz
a14c06aeaa90838dbb8651a0	4Z6R4Z634Z6c4Z624oCL4oCL4Z6U4Z+S4Z6a4Z6H4Z624Z6H4Z6T4Z6H4Z624Z6P4Z63IOGek+Get+GehOKAi+KAi+GelOGfkuGemuGeh+GetuGeh+Gek+KAi+GeluGet+Gel+GeluKAi+Gem+GfhOGegA==	TmF0aW9uYWwgUG9wdWxhdGlvbiBEYXkgYW5kIFdvcmxkIFBvcHVsYXRpb24gRGF5
a1b853f5bded38495aadd3f5	4Z6U4Z674Z6O4Z+S4Z6Z4oCL4Z6g4Z624Z6h4Z684Z6c4Z644Z6T	SGFsbG93ZWVu
a1c62098db1792541061beff	4Z6R4Z634Z6c4Z624oCL4Z6f4Z634Z6R4Z+S4Z6S4Z634oCL4Z6Y4Z6T4Z674Z6f4Z+S4Z6f4oCL4Z6i4Z6T4Z+S4Z6P4Z6a4Z6H4Z624Z6P4Z63IOGegeGeveGelOGem+GevuGegOGekeGeuOGfp+GfqA==	SW50ZXJuYXRpb25hbCBIdW1hbiBSaWdodHMgRGF5
a2193b78f7f72286e9f06f74	4Z6W4Z+S4Z6a4Z+H4oCL4Z6a4Z624Z6H4oCL4Z6W4Z634Z6S4Z644oCL4Z6F4Z+S4Z6a4Z6P4Z+L4oCL4Z6W4Z+S4Z6a4Z+H4oCL4Z6T4Z6E4Z+S4Z6C4Z+Q4Z6b	Um95YWwgUGxvdWdoaW5nIENlcmVtb255
a21caa7c31acb35a118ec594	4Z6R4Z634Z6c4Z624oCL4Z6i4Z6A4Z+S4Z6B4Z6a4oCL4Z6A4Z6Y4Z+S4Z6Y4oCL4Z6i4Z6T4Z+S4Z6P4Z6a4oCL4Z6H4Z624Z6P4Z63	SW50ZXJuYXRpb25hbCBMaXRlcmFjeSBEYXk=
a234ff74c894eecea43b344a	4Z6f4Z+C4Z6T4Z6T4Z+G4Z6i4Z+K4Z64	V2ludGVyIFNvbHN0aWNlIEZlc3RpdmFs
a2367fab92c47a1aa4e3fb50	4Z6R4Z634Z6c4Z624oCL4Z6U4Z+S4Z6a4Z6Z4Z674Z6R4Z+S4Z6S4oCL4Z6U4Z+S4Z6a4Z6G4Z624Z+G4Z6E4oCL4Z6i4Z+G4Z6W4Z6+4oCL4Z6W4Z674Z6A4Z6a4Z6b4Z694Z6Z	QW50aS1Db3JydXB0aW9uIERheQ==
a24876e93cb7be6fa20a90fc	4Z6A4Z6Y4Z+S4Z6W4Z674Z6H4Z624oCL4Z6F4Z684Z6b4oCL4Z6H4Z624oCL4Z6f4Z6Y4Z624oCL4Z6H4Z634Z6A4oCL4Z6i4Z6E4Z+S4Z6C4oCL4Z6A4Z624Z6a4oCL4Z6Z4Z684Z6O4Z+B4Z6f4Z+S4Z6A4Z68IOGegeGeveGelOGem+GevuGegOGekeGeuOGfpeGfqQ==	Q2FtYm9kaWEgam9pbmVkIFVORVNDTw==
a253e36dd26a593f88adeae3	4Z6R4Z634Z6c4Z624oCL4Z6U4Z+S4Z6a4Z6Z4Z674Z6R4Z+S4Z6S4oCL4Z6U4Z+S4Z6a4Z6G4Z624Z+G4Z6E4oCL4Z6i4Z+G4Z6W4Z6+4oCL4Z6W4Z674Z6A4Z6a4Z6b4Z694Z6Z	QW50aS1Db3JydXB0aW9uIERheQ==
a26fb782108a58ccd1b8c72e	4Z6R4Z634Z6c4Z624oCL4Z6i4Z624oCL4Z6A4Z624Z6f4oCL4Z6F4Z6a4Z6O4Z+N4Z6f4Z+K4Z644Z6c4Z634Z6b	Q2l2aWwgQXZpYXRpb24gRGF5
a274c038597259fb3de96c7b	4Z6R4Z634Z6c4Z624oCL4Z6U4Z6a4Z634oCL4Z6f4Z+S4Z6Q4Z624Z6T4oCL4Z6H4Z624Z6P4Z63IOGek+Get+GehOKAi+GelOGemuGet+KAi+Gen+GfkuGekOGetuGek+KAi+GeluGet+Gel+GeluKAi+Gem+GfhOGegCDhnoHhnr3hnpThnpvhnr7hnoDhnpHhnrjhn6Y=	TmF0aW9uYWwgYW5kIFdvcmxkIEVudmlyb25tZW50IERheQ==
a27dcc36c374f5a6e01fdb75	4Z6A4Z6Y4Z+S4Z6W4Z674Z6H4Z624oCL4Z6F4Z684Z6b4oCL4Z6H4Z624oCL4Z6f4Z6Y4Z624oCL4Z6H4Z634Z6A4oCL4Z6i4Z624Z6f4Z+K4Z624Z6TIOGegeGeveGelOGem+GevuGegOGekeGeuOGfoeGfpA==	Q2FtYm9kaWEgam9pbmVkIFRoZSBBc3NvY2lhdGlvbiBvZiBTb3V0aGVhc3QgQXNpYW4gTmF0aW9ucyAoQVNFQU4p
a2848ab63c93e6e45e819b40	4Z6a4Z6U4Z624Z+G4oCL4Z6W4Z+S4Z6a4Z+H4oCL4Z6a4Z624Z6H4oCL4Z6R4Z+S4Z6a4Z6W4Z+S4Z6ZIOGej+GfkuGemuGevOGenOKAi+GelOGetuGek+KAi+GeheGeu+Gfh+KAi+GegOGfkuGek+Geu+GehOKAi+GelOGeieGfkuGeh+GeuOKAi+GelOGfgeGej+Get+KAi+GegOGel+GejuGfkuGejOKAi+GenOGelOGfkuGelOGekuGemOGfjOGeouGemuGevOGelOGeuOGek+Gfg+GemOGek+Geu+Gen+GfkuGen+Geh+GetuGej+GetyDhnoHhnr3hnpThnpvhnr7hnoDhnpHhnrjhn6Lhn6E=	Um95YWwgQmFsbGV0IG9mIENhbWJvZGlhIGluc2NyaWJlZCBvbiB0aGUgUmVwcmVzZW50YXRpdmUgTGlzdCBvZiB0aGUgSW50YW5naWJsZSBDdWx0dXJhbCBIZXJpdGFnZSBvZiBIdW1hbml0eQ==
a2a59e75b010283adeae8c45	4Z6F4Z684Z6b4oCL4Z6W4Z+S4Z6a4Z+H4oCL4Z6c4Z6f4Z+S4Z6f4Z62	QmVnaW5uaW5nIG9mIEJ1ZGRoaXN0IExlbnQ=
a2acade516c6c28201f002e4	4Z6U4Z674Z6O4Z+S4Z6Z4oCL4Z6g4Z624Z6h4Z684Z6c4Z644Z6T	SGFsbG93ZWVu
a2dfbeb595603fceaaa85729	4Z6a4Z6U4Z624Z+G4oCL4Z6W4Z+S4Z6a4Z+H4oCL4Z6a4Z624Z6H4oCL4Z6R4Z+S4Z6a4Z6W4Z+S4Z6ZIOGej+GfkuGemuGevOGenOKAi+GelOGetuGek+KAi+GeheGeu+Gfh+KAi+GegOGfkuGek+Geu+GehOKAi+GelOGeieGfkuGeh+GeuOKAi+GelOGfgeGej+Get+KAi+GegOGel+GejuGfkuGejOKAi+GenOGelOGfkuGelOGekuGemOGfjOGeouGemuGevOGelOGeuOGek+Gfg+GemOGek+Geu+Gen+GfkuGen+Geh+GetuGej+GetyDhnoHhnr3hnpThnpvhnr7hnoDhnpHhnrjhn6Hhn6k=	Um95YWwgQmFsbGV0IG9mIENhbWJvZGlhIGluc2NyaWJlZCBvbiB0aGUgUmVwcmVzZW50YXRpdmUgTGlzdCBvZiB0aGUgSW50YW5naWJsZSBDdWx0dXJhbCBIZXJpdGFnZSBvZiBIdW1hbml0eQ==
a2e444de7d69daa7db5459bc	4Z6R4Z634Z6c4Z624oCL4Z6H4Z6T4oCL4Z6Y4Z624Z6T4oCL4Z6W4Z634Z6A4Z624Z6a4Z6X4Z624Z6W4oCL4Z6i4Z6T4Z+S4Z6P4Z6a4Z6H4Z624Z6P4Z63	SW50ZXJuYXRpb25hbCBEYXkgb2YgRGlzYWJsZWQgUGVyc29ucw==
a3069217f1666eb36e5109a0	4Z6R4Z634Z6c4Z624oCL4Z6i4Z6A4Z+S4Z6B4Z6a4oCL4Z6A4Z6Y4Z+S4Z6Y4oCL4Z6i4Z6T4Z+S4Z6P4Z6a4oCL4Z6H4Z624Z6P4Z63	SW50ZXJuYXRpb25hbCBMaXRlcmFjeSBEYXk=
a342d5eda25edc6304e2522a	4Z6R4Z634Z6c4Z624oCL4Z6W4Z634Z6X4Z6W4oCL4Z6b4Z+E4Z6A4oCL4Z6U4Z+S4Z6a4Z6Z4Z674Z6R4Z+S4Z6S4oCL4Z6U4Z+S4Z6a4Z6G4Z624Z+G4Z6E4oCL4Z6T4Z654Z6E4oCL4Z6H4Z+G4Z6E4Z664oCL4Z6i4Z+B4Z6K4Z6f4Z+N	V29ybGQgQUlEUyBEYXk=
a3489a04d4cba99c38eb22ba	4Z6f4Z+C4Z6T4oCL4Z6T4Z+G4oCL4Z6F4Z624Z+G4Z6E	U3RpY2t5IFJpY2UgRHVtcGxpbmdzIChab25nemkp
a35e995eef71dd6ab19f939f	4Z6W4Z634Z6S4Z644oCL4Z6U4Z674Z6O4Z+S4Z6Z4oCL4Z6c4Z634Z6f4Z624Z6B4oCL4Z6U4Z684Z6H4Z62	VmlzYWsgQm9jaGVh
a361fb9a73c3850a3982eb5b	4Z6R4Z634Z6c4Z624oCL4Z6W4Z634Z6X4Z6W4oCL4Z6b4Z+E4Z6A4oCL4Z6U4Z+S4Z6a4Z6G4Z624Z+G4Z6E4oCL4Z6W4Z6b4Z6A4Z6Y4Z+S4Z6Y4oCL4Z6A4Z674Z6Y4Z624Z6aIOGegeGeveGelOGem+GevuGegOGekeGeuOGfouGfog==	SGFwcHkgV29ybGQgRGF5IEFnYWluc3QgQ2hpbGQgTGFib3Vy
a37502c974397a76243629b4	4Z6W4Z+S4Z6a4Z+H4oCL4Z6a4Z624Z6H4oCL4Z6W4Z634Z6S4Z644oCL4Z6U4Z674Z6O4Z+S4Z6Z4oCL4Z6i4Z674Z+G4oCL4Z6R4Z684Z6AIOGelOGejuGfkuGeiuGfguGej+KAi+GelOGfkuGemuGekeGeuOGelCDhnpPhnrfhnoTigIvhnp/hn4bhnpbhn4figIvhnpbhn5Lhnprhn4figIvhnoHhn4Ig4Z6i4Z6A4Z6i4Z+G4Z6U4Z674Z6A	V2F0ZXIgRmVzdGl2YWw=
a38541f45c24c963825ca8fc	4Z6W4Z634Z6S4Z644oCL4Z6U4Z674Z6O4Z+S4Z6Z4oCL4Z6F4Z684Z6b4oCL4Z6G4Z+S4Z6T4Z624Z+G4oCL4Z6Q4Z+S4Z6Y4Z64IOGelOGfkuGemuGeluGfg+GejuGeuOKAi+Geh+GetuGej+GetyAtIOGekOGfkuGehOGfg+KAi+GeoeGevuGehOKAi+Gen+GfkOGegA==	S2htZXIgTmV3IFllYXIgLSBWZWFyZWFrIExhZXVuZyBTYWs=
a39159ebbe16ba6da7c0dfff	4Z6R4Z634Z6c4Z624oCL4Z6U4Z+S4Z6a4Z6A4Z624Z6f4oCL4Z6a4Z6K4Z+S4Z6L4oCL4Z6S4Z6Y4Z+S4Z6Y4Z6T4Z674Z6J4Z+S4Z6JIOGegeGeveGelOGem+GevuGegOGekeGeuOGfoeGfpw==	Q29uc3RpdHV0aW9uIERheQ==
a3997244bcc683fc9ef6d865	4Z6R4Z634Z6c4Z624oCL4Z6i4Z6T4Z+S4Z6P4Z6a4oCL4Z6H4Z624Z6P4Z634oCL4Z6U4Z+S4Z6a4Z6Z4Z674Z6R4Z+S4Z6S4oCL4Z6U4Z+S4Z6a4Z6G4Z624Z+G4Z6E4oCL4Z6C4Z+S4Z6a4Z6/4Z6E4oCL4Z6J4Z+A4Z6T	SW50ZXJuYXRpb25hbCBEYXkgQWdhaW5zdCBEcnVnIEFidXNlIGFuZCBJbGxpY2l0IFRyYWZmaWNraW5n
a3b56f5b595c7d43a4fa041d	4Z6U4Z634Z6O4Z+S4Z6MIOGfqQ==	QmVuIDk=
a3d2bd7e6a0db3353214716f	4Z6W4Z634Z6S4Z644oCL4Z6f4Z634Z6P4oCL4Z6R4Z+A4Z6T4oCL4Z6W4Z+S4Z6a4Z+H4oCL4Z6c4Z6f4Z+S4Z6f4Z62	QnVkZGhpc3QgTGVudCBDYW5kbGVzIE1ha2luZyBEYXk=
a3d4dd14d6aa3c0002514cd8	4Z6F4Z684Z6b4oCL4Z6G4Z+S4Z6T4Z624Z+G4oCL4Z6F4Z634Z6T	Q2hpbmVzZSBOZXcgWWVhcg==
a401dbbe8c24f9c9823c252b	4Z6R4Z634Z6c4Z624oCL4Z6H4Z624Z6P4Z634oCL4Z6f4Z674Z6B4Z6X4Z624Z6W4oCL4Z6Y4Z624Z6P4Z62IOGekeGetuGemuGegCDhnpPhnrfhnoTigIvhnoDhnrvhnpjhnrbhnpo=	TmF0aW9uYWwgRGF5IG9uIE1hdGVybmFsLCBOZXdib3JuIGFuZCBDaGlsZCBIZWFsdGg=
a4440d123ce7b822bf54d557	4Z6R4Z634Z6c4Z624oCL4Z6U4Z+S4Z6a4Z6A4Z624Z6f4oCL4Z6a4Z6K4Z+S4Z6L4oCL4Z6S4Z6Y4Z+S4Z6Y4Z6T4Z674Z6J4Z+S4Z6JIOGegeGeveGelOGem+GevuGegOGekeGeuOGfqA==	Q29uc3RpdHV0aW9uIERheQ==
a47b784280eaf349db74d83b	4Z6R4Z634Z6c4Z624oCL4Z6i4Z6T4Z+S4Z6P4Z6a4oCL4Z6H4Z624Z6P4Z634oCL4Z6H4Z6T4Z6H4Z624Z6P4Z634Z6K4Z6+4Z6Y4Z6X4Z624Z6C4Z6P4Z634Z6F4Z6W4Z634Z6X4Z6W4Z6b4Z+E4Z6A	SW50ZXJuYXRpb25hbCBEYXkgb2YgdGhlIFdvcmxkJ3MgSW5kaWdlbm91cyBQZW9wbGVz
a4b0ab70bdc5d19cf5f39455	4Z6W4Z+S4Z6a4Z+H4oCL4Z6a4Z624Z6H4oCL4Z6W4Z634Z6S4Z644oCL4Z6U4Z674Z6O4Z+S4Z6Z4oCL4Z6i4Z674Z+G4oCL4Z6R4Z684Z6AIOGelOGejuGfkuGeiuGfguGej+KAi+GelOGfkuGemuGekeGeuOGelCDhnpPhnrfhnoTigIvhnp/hn4bhnpbhn4figIvhnpbhn5Lhnprhn4figIvhnoHhn4Ig4Z6i4Z6A4Z6i4Z+G4Z6U4Z674Z6A	V2F0ZXIgRmVzdGl2YWw=
a4e6b9e4a42a17e8527b5513	4Z6R4Z634Z6c4Z624oCL4Z6H4Z624Z6P4Z634oCL4Z6T4Z+D4oCL4Z6A4Z624Z6a4oCL4Z6F4Z6E4oCL4Z6F4Z624Z+G	TmF0aW9uYWwgRGF5IG9mIFJlbWVtYnJhbmNl
a50f17364bd66f862862b5d1	4Z6U4Z634Z6O4Z+S4Z6MIOGfpg==	QmVuIDY=
a5169f063bca32452b14bf5f	4Z6R4Z634Z6c4Z624oCL4Z6i4Z6T4Z+S4Z6P4Z6a4oCL4Z6H4Z624Z6P4Z634oCL4Z6U4Z+S4Z6a4Z6Z4Z674Z6R4Z+S4Z6S4oCL4Z6U4Z+S4Z6a4Z6G4Z624Z+G4Z6E4oCL4Z6C4Z+S4Z6a4Z6/4Z6E4oCL4Z6J4Z+A4Z6T	SW50ZXJuYXRpb25hbCBEYXkgQWdhaW5zdCBEcnVnIEFidXNlIGFuZCBJbGxpY2l0IFRyYWZmaWNraW5n
a5290f1015186db79987e8b5	4Z6U4Z634Z6O4Z+S4Z6MIOGfqA==	QmVuIDg=
a54871d1ef4804958bb62cb4	4Z6R4Z634Z6c4Z624oCL4Z6i4Z6T4Z+S4Z6P4Z6a4oCL4Z6H4Z624Z6P4Z634oCL4Z6H4Z6T4Z6H4Z624Z6P4Z634Z6K4Z6+4Z6Y4Z6X4Z624Z6C4Z6P4Z634Z6F4Z6W4Z634Z6X4Z6W4Z6b4Z+E4Z6A	SW50ZXJuYXRpb25hbCBEYXkgb2YgdGhlIFdvcmxkJ3MgSW5kaWdlbm91cyBQZW9wbGVz
a5540301256139fc88bc20c9	4Z6U4Z634Z6O4Z+S4Z6MIOGfoeGfoQ==	QmVuIDEx
a574f066dac13a54a21a99b4	4Z6R4Z634Z6c4Z624oCL4Z6H4Z624Z6P4Z634oCL4Z6U4Z+S4Z6a4Z6G4Z624Z+G4Z6E4oCL4Z6A4Z624Z6a4oCL4Z6H4Z694Z6J4oCL4Z6K4Z684Z6a4oCL4Z6Y4Z6T4Z674Z6f4Z+S4Z6f	TmF0aW9uYWwgQW50aS1IdW1hbiBUcmFmZmlja2luZyBEYXk=
a575958bc6fc1efc6649c269	4Z6U4Z634Z6O4Z+S4Z6MIOGfow==	QmVuIDM=
a57afda76331e0a266819b21	4Z6R4Z634Z6c4Z624oCL4Z6W4Z634Z6X4Z6W4oCL4Z6b4Z+E4Z6A4oCL4Z6C4Z+S4Z6Y4Z624Z6T4oCL4Z6Q4Z+S4Z6T4Z624Z+G4oCL4Z6H4Z6A4Z+L	V29ybGQgTm8gVG9iYWNjbyBEYXk=
a58be47cd92d856e2db44ded	4Z6a4Z674Z6A4Z+S4Z6B4oCL4Z6R4Z634Z6c4Z62	QXJib3IgRGF5
a5ba36b8e7f814a8778aa405	4Z6F4Z684Z6b4oCL4Z6G4Z+S4Z6T4Z624Z+G4oCL4Z6F4Z634Z6T	Q2hpbmVzZSBOZXcgWWVhcg==
a5c220f65425fc0d4e5d7d56	4Z6f4Z+C4Z6T4oCL4Z6A4Z+S4Z6U4Z624Z6b4oCL4Z6R4Z654Z6A	R2hvc3QgRmVzdGl2YWw=
a5e40e103c0b555e2cae2988	4Z6b4Z+S4Z6U4Z+C4Z6E4oCL4Z6R4Z624Z6J4oCL4Z6W4Z+S4Z6a4Z+Q4Z6P4Z+S4Z6aIOGej+GfkuGemuGevOGenOKAi+GelOGetuGek+KAi+GeheGeu+Gfh+KAi+GegOGfkuGek+Geu+GehOKAi+GelOGeieGfkuGeh+GeuOKAi+GelOGfgeGej+Get+GegOKAi+Gel+GejuGfkuGejOKAi+GenOGelOGfkuGelOGekuGemOGfjOGeouGemuGevOGelOGeuOGek+Gfg+GemOGek+Geu+Gen+GfkuGen+Geh+GetuGej+GetyDhnoHhnr3hnpThnpvhnr7hnoDhnpHhnrjhn6U=	VHVnIG9mIFdhciBpbnNjcmliZWQgb24gdGhlIFJlcHJlc2VudGF0aXZlIExpc3Qgb2YgdGhlIEludGFuZ2libGUgQ3VsdHVyYWwgSGVyaXRhZ2Ugb2YgSHVtYW5pdHk=
a5fd522bb70d05c92f552461	4Z6P4Z+G4Z6U4Z6T4Z+L4oCL4Z6U4Z+S4Z6a4Z624Z6f4Z624Z6R4oCL4Z6f4Z+G4Z6U4Z684Z6a4oCL4Z6W4Z+S4Z6a4Z+D4oCL4Z6C4Z674Z6AIOGej+GfkuGemuGevOGenOKAi+GelOGetuGek+KAi+GeheGeu+Gfh+KAi+GegOGfkuGek+Geu+GehOKAi+GelOGeieGfkuGeh+GeuOKAi+GelOGfgeGej+Get+GegOKAi+Gel+GejuGfkuGejOKAi+GeluGet+Gel+GeluGem+GfhOGegOGemuGelOGen+Gfi+GeouGehOGfkuGeguGegOGetuGemuGemeGevOGejuGfgeGen+GfkuGegOGevCDhnoHhnr3hnpThnpvhnr7hnoDhnpHhnrjhn6Hhn6E=	VGVtcGxlIFpvbmUgb2YgU2FtYm9yIFByZWkgS3VrIHdhcyBpbnNjcmliZWQgb24gdGhlIFVORVNDTyBXb3JsZCBIZXJpdGFnZSBMaXN0
a5ff407abc00e2d89bdf6a5d	4Z6Q4Z+S4Z6E4Z+D4oCL4Z6U4Z674Z6O4Z+S4Z6Z4oCL4Z6T4Z+D4oCL4Z6f4Z+B4Z6F4Z6A4Z+S4Z6P4Z644oCL4Z6f4Z+S4Z6a4Z6b4Z624Z6J4Z+L	VmFsZW50aW5lJ3MgRGF5
a6081f5f251394425cf887db	4Z6R4Z634Z6c4Z624Z6a4Z+G4Z6b4Z654Z6A4oCL4Z6B4Z694Z6U4oCL4Z6T4Z+D4oCL4Z6A4Z634Z6F4Z+S4Z6F4Z6W4Z+S4Z6a4Z6Y4Z6W4Z+S4Z6a4Z+A4Z6E4oCL4Z6f4Z6T4Z+S4Z6P4Z634Z6X4Z624Z6W4oCL4Z6R4Z644Z6A4Z+S4Z6a4Z674Z6E4oCL4Z6U4Z+J4Z624Z6a4Z644Z6f	UGFyaXMgUGVhY2UgQWdyZWVtZW50IERheQ==
a61d2b3ed448724909917183	4Z6W4Z+S4Z6a4Z+H4oCL4Z6a4Z624Z6H4oCL4Z6W4Z634Z6S4Z644oCL4Z6U4Z674Z6O4Z+S4Z6Z4oCL4Z6F4Z6Y4Z+S4Z6a4Z6+4Z6T4oCL4Z6W4Z+S4Z6a4Z+H4oCL4Z6H4Z6T4Z+S4Z6YIOGen+GemOGfkuGej+GfgeGeheKAi+GeluGfkuGemuGfh+KAi+GemOGeoOGetuGegOGfkuGen+Gej+GfkuGemuGeuCDhnpPhnprhn4Thno/hn5Lhno/hnpgg4Z6Y4Z674Z6T4Z634Z6T4Z624Z6QIOGen+GeuOGeoOGek+GeuyDhnpbhn5Lhnprhn4figIvhnpzhnprhnprhnrbhnofigIvhnpjhnrbhno/hnrbigIvhnofhnrbhno/hnrfigIvhnoHhn5Lhnpjhn4Lhnpog4Z6A4Z+S4Z6T4Z674Z6E4oCL4Z6f4Z+B4Z6a4Z644Z6X4Z624Z6WIOGen+GfgeGeheGegOGfkuGej+GeuOGekOGfkuGem+Gfg+GekOGfkuGek+GevOGemiDhnpPhnrfhnoTigIvhnp/hnrvhnpfhnpjhnoThn5LhnoLhnps=	UXVlZW4gTW90aGVyJ3MgQmlydGhkYXk=
a6315bb440844bdfef1bd47d	4Z6W4Z+S4Z6a4Z+H4oCL4Z6a4Z624Z6H4oCL4Z6W4Z634Z6S4Z644oCL4Z6U4Z674Z6O4Z+S4Z6Z4oCL4Z6i4Z674Z+G4oCL4Z6R4Z684Z6AIOGelOGejuGfkuGeiuGfguGej+KAi+GelOGfkuGemuGekeGeuOGelCDhnpPhnrfhnoTigIvhnp/hn4bhnpbhn4figIvhnpbhn5Lhnprhn4figIvhnoHhn4Ig4Z6i4Z6A4Z6i4Z+G4Z6U4Z674Z6A	V2F0ZXIgRmVzdGl2YWw=
a66614b39ba81e1f29576d4d	4Z6R4Z634Z6c4Z624oCL4Z6H4Z624Z6P4Z634oCL4Z6T4Z+D4oCL4Z6A4Z624Z6a4oCL4Z6F4Z6E4oCL4Z6F4Z624Z+G	TmF0aW9uYWwgRGF5IG9mIFJlbWVtYnJhbmNl
a66d6eef62c8528e103dd60b	4Z6R4Z634Z6c4Z624oCL4Z6W4Z634Z6X4Z6W4Z6b4Z+E4Z6A4oCL4Z6A4Z+G4Z6F4Z624Z6P4Z+L4oCL4Z6a4Z+E4Z6C4oCL4Z6a4Z6U4Z+B4Z6E	V29ybGQgVHViZXJjdWxvc2lzIERheQ==
a687097fc412b56faa0de978	4Z6R4Z634Z6c4Z624oCL4Z6f4Z634Z6R4Z+S4Z6S4Z634oCL4Z6Y4Z6T4Z674Z6f4Z+S4Z6f4oCL4Z6i4Z6T4Z+S4Z6P4Z6a4Z6H4Z624Z6P4Z63IOGegeGeveGelOGem+GevuGegOGekeGeuOGfpeGfpg==	SW50ZXJuYXRpb25hbCBIdW1hbiBSaWdodHMgRGF5
a68eec86596f20fa13cb2536	4Z6R4Z634Z6c4Z624oCL4Z6F4Z684Z6b4oCL4Z6G4Z+S4Z6T4Z624Z+G4oCL4Z6f4Z624Z6A4Z6b	TmV3IFllYXIncyBEYXk=
a6ac6ee8b864f97a8b6a552d	4Z6F4Z684Z6b4oCL4Z6G4Z+S4Z6T4Z624Z+G4oCL4Z6F4Z634Z6T	Q2hpbmVzZSBOZXcgWWVhcg==
a6bdb376a0de271fa31b0615	4Z6U4Z+S4Z6a4Z624Z6f4Z624Z6R4oCL4Z6W4Z+S4Z6a4Z+H4oCL4Z6c4Z634Z6g4Z624Z6aIOGej+GfkuGemuGevOGenOKAi+GelOGetuGek+KAi+GeheGeu+Gfh+KAi+GegOGfkuGek+Geu+GehOKAi+GelOGeieGfkuGeh+GeuOKAi+GelOGfgeGej+Get+GegOKAi+Gel+GejuGfkuGejOKAi+GeluGet+Gel+GeluGem+GfhOGegOGemuGelOGen+Gfi+GeouGehOGfkuGeguGegOGetuGemuGemeGevOGejuGfgeGen+GfkuGegOGevCDhnoHhnr3hnpThnpvhnr7hnoDhnpHhnrjhn6Hhn6k=	VGVtcGxlIG9mIFByZWFoIFZpaGVhciB3YXMgaW5zY3JpYmVkIG9uIHRoZSBVTkVTQ08gV29ybGQgSGVyaXRhZ2UgTGlzdA==
a707a8cb09ca441fcddb5ef8	4Z6R4Z634Z6c4Z624Z6a4Z+G4Z6b4Z654Z6A4oCL4Z6B4Z694Z6U4oCL4Z6T4Z+D4oCL4Z6A4Z634Z6F4Z+S4Z6F4Z6W4Z+S4Z6a4Z6Y4Z6W4Z+S4Z6a4Z+A4Z6E4oCL4Z6f4Z6T4Z+S4Z6P4Z634Z6X4Z624Z6W4oCL4Z6R4Z644Z6A4Z+S4Z6a4Z674Z6E4oCL4Z6U4Z+J4Z624Z6a4Z644Z6f	UGFyaXMgUGVhY2UgQWdyZWVtZW50IERheQ==
a71413a828b93e8b44926574	4Z6W4Z+S4Z6a4Z+H4oCL4Z6a4Z624Z6H4oCL4Z6W4Z634Z6S4Z644oCL4Z6U4Z674Z6O4Z+S4Z6Z4oCL4Z6i4Z674Z+G4oCL4Z6R4Z684Z6AIOGelOGejuGfkuGeiuGfguGej+KAi+GelOGfkuGemuGekeGeuOGelCDhnpPhnrfhnoTigIvhnp/hn4bhnpbhn4figIvhnpbhn5Lhnprhn4figIvhnoHhn4Ig4Z6i4Z6A4Z6i4Z+G4Z6U4Z674Z6A	V2F0ZXIgRmVzdGl2YWw=
a72d60de93264757df63df32	4Z6R4Z634Z6c4Z624oCL4Z6i4Z6T4Z+S4Z6P4Z6a4oCL4Z6H4Z624Z6P4Z634oCL4Z6T4Z+D4oCL4Z6C4Z+S4Z6a4Z694Z6f4Z624Z6a	SW50ZXJuYXRpb25hbCBEYXkgb2YgRmFtaWxpZXM=
a72fdd59c2f4de1cfb5958b5	4Z6F4Z684Z6b4oCL4Z6W4Z+S4Z6a4Z+H4oCL4Z6c4Z6f4Z+S4Z6f4Z62	QmVnaW5uaW5nIG9mIEJ1ZGRoaXN0IExlbnQ=
a73f5508852bb8c537682eb3	4Z6R4Z634Z6c4Z624oCL4Z6W4Z6b4Z6A4Z6Y4Z+S4Z6Y4oCL4Z6i4Z6T4Z+S4Z6P4Z6a4Z6H4Z624Z6P4Z63IOGegeGeveGelOGem+GevuGegOGekeGeuOGfoeGfouGfow==	SW50ZXJuYXRpb25hbCBMYWJvciBEYXk=
a75235e8a746440e82d9745c	4Z6R4Z634Z6c4Z624oCL4Z6i4Z6A4Z+S4Z6B4Z6a4oCL4Z6A4Z6Y4Z+S4Z6Y4oCL4Z6i4Z6T4Z+S4Z6P4Z6a4oCL4Z6H4Z624Z6P4Z63	SW50ZXJuYXRpb25hbCBMaXRlcmFjeSBEYXk=
a7578d8892c8146f94722609	4Z6b4Z+S4Z6B4Z+E4Z6T4oCL4Z6B4Z+E4Z6b4oCL4Z6c4Z6P4Z+S4Z6P4oCL4Z6f4Z+S4Z6c4Z624Z6Z4oCL4Z6i4Z6O4Z+S4Z6P4Z+C4Z6PIOGej+GfkuGemuGevOGenOKAi+GelOGetuGek+KAi+GeheGeu+Gfh+KAi+GegOGfkuGek+Geu+GehOKAi+GelOGeieGfkuGeh+GeuOKAi+GelOGfgeGej+Get+GegOKAi+Gel+GejuGfkuGejOKAi+GenOGelOGfkuGelOKAi+GekuGemOGfjOKAi+GeouGemuGevOGelOGeuOGek+Gfg+GemOGek+Geu+Gen+GfkuGen+Geh+GetuGej+GetyDhnoHhnr3hnpThnpvhnr7hnoDhnpHhnrjhn6g=	TGtob24gS2hvbCBXYXQgU3ZheSBBbmRldCBpbnNjcmliZWQgb24gdGhlIExpc3Qgb2YgSW50YW5naWJsZSBDdWx0dXJhbCBIZXJpdGFnZSBpbiBOZWVkIG9mIFVyZ2VudCBTYWZlZ3VhcmRpbmc=
a7ac06551e1d53215cac6dc8	4Z6W4Z634Z6S4Z644oCL4Z6U4Z674Z6O4Z+S4Z6Z4oCL4Z6Y4Z624Z6D4Z6U4Z684Z6H4Z62	TWVhayBCb2NoZWE=
a7ba1b17ed0def4700efe301	4Z6W4Z634Z6S4Z644oCL4Z6U4Z674Z6O4Z+S4Z6Z4oCL4Z6X4Z+S4Z6H4Z674Z+G4oCL4Z6U4Z634Z6O4Z+S4Z6M	UGNodW0gQmVuIEZlc3RpdmFs
a7df6f20973d7dc496f6ca76	4Z6R4Z634Z6c4Z624Z6Y4Z624Z6P4Z62	TW90aGVyJ3MgRGF5
a7f4d7e0fc6c7312945f386a	4Z6R4Z634Z6c4Z624oCL4Z6f4Z+B4Z6a4Z644oCL4Z6X4Z624Z6W4oCL4Z6f4Z624Z6a4Z6W4Z+Q4Z6P4Z+M4Z6Y4Z624Z6T4oCL4Z6W4Z634Z6X4Z6W4oCL4Z6b4Z+E4Z6AIOGegeGeveGelOGem+GevuGegOGekeGeuOGfqQ==	V29ybGQgUHJlc3MgRnJlZWRvbSBEYXk=
a803d6252abd92186cc3f820	4Z6Q4Z+S4Z6E4Z+D4oCL4Z6U4Z674Z6O4Z+S4Z6Z4oCL4Z6T4Z+D4oCL4Z6f4Z+B4Z6F4Z6A4Z+S4Z6P4Z644oCL4Z6f4Z+S4Z6a4Z6b4Z624Z6J4Z+L	VmFsZW50aW5lJ3MgRGF5
a8112bafe2b7403f91c714eb	4Z6R4Z634Z6c4Z624oCL4Z6f4Z6T4Z+S4Z6P4Z634oCL4Z6X4Z624Z6W4oCL4Z6i4Z6T4Z+S4Z6P4Z6a4oCL4Z6H4Z624Z6P4Z63	SW50ZXJuYXRpb25hbCBEYXkgb2YgUGVhY2U=
a839f0ced75583698be899ca	4Z6R4Z634Z6c4Z624oCL4Z6U4Z6a4Z634oCL4Z6f4Z+S4Z6Q4Z624Z6T4oCL4Z6H4Z624Z6P4Z63IOGek+Get+GehOKAi+GelOGemuGet+KAi+Gen+GfkuGekOGetuGek+KAi+GeluGet+Gel+GeluKAi+Gem+GfhOGegCDhnoHhnr3hnpThnpvhnr7hnoDhnpHhnrjhn6Q=	TmF0aW9uYWwgYW5kIFdvcmxkIEVudmlyb25tZW50IERheQ==
a85dafd1bff455b94ab1883a	4Z6R4Z634Z6c4Z624oCL4Z6U4Z644Z6P4Z62	RmF0aGVyJ3MgRGF5
a860146e0599f6cd5a902ed8	4Z6G4Z+B4Z6E4oCL4Z6Y4Z+J4Z+B4Z6E	VG9tYi1Td2VlcGluZyBEYXkgKFFpbmdtaW5nIEZlc3RpdmFsKQ==
a86ee5837c9aab8281c8b03e	4Z6R4Z634Z6c4Z624oCL4Z6W4Z6b4Z6A4Z6Y4Z+S4Z6Y4oCL4Z6i4Z6T4Z+S4Z6P4Z6a4Z6H4Z624Z6P4Z63IOGegeGeveGelOGem+GevuGegOGekeGeuOGfoeGfo+Gfog==	SW50ZXJuYXRpb25hbCBMYWJvciBEYXk=
a8aa5dec84692f50424c83f1	4Z6g4Z+C4oCL4Z6i4Z+S4Z6T4Z6A4oCL4Z6P4Z624oCL4Z6F4Z634Z6T	U3Bpcml0IFBhcmFkZQ==
a8bad5ab2ac4601df6a807af	4Z6b4Z+S4Z6B4Z+E4Z6T4oCL4Z6f4Z+S4Z6a4Z6Y4Z+E4Z6b4oCL4Z6f4Z+S4Z6U4Z+C4Z6A4oCLIOGej+GfkuGemuGevOGenOKAi+GelOGetuGek+KAi+GeheGeu+Gfh+KAi+GegOGfkuGek+Geu+GehOKAi+GelOGeieGfkuGeh+GeuOKAi+GelOGfgeGej+Get+GegOKAi+Gel+GejuGfkuGejOGenOGelOGfkuGelOGekuGemOGfjOGeouGemuGevOGelOGeuOGek+Gfg+GemOGek+Geu+Gen+GfkuGen+Geh+GetuGej+GetyDhnoHhnr3hnpThnpvhnr7hnoDhnpHhnrjhn6Hhn6k=	S2htZXIgU2hhZG93IFRoZWF0cmUgaW5zY3JpYmVkIG9uIHRoZSBSZXByZXNlbnRhdGl2ZSBMaXN0IG9mIHRoZSBJbnRhbmdpYmxlIEN1bHR1cmFsIEhlcml0YWdlIG9mIEh1bWFuaXR5
a8c3cbc30608f8561062d429	4Z6U4Z634Z6O4Z+S4Z6MIOGfoeGfow==	QmVuIDEz
a8ceb6aec08b517b7ff31631	4Z6W4Z634Z6S4Z644oCL4Z6U4Z674Z6O4Z+S4Z6Z4oCL4Z6c4Z634Z6f4Z624Z6B4oCL4Z6U4Z684Z6H4Z62	VmlzYWsgQm9jaGVh
a8d55ced296326a14272e81f	4Z6R4Z634Z6c4Z624oCL4Z6Y4Z6T4Z674Z6f4Z+S4Z6f4oCL4Z6F4Z624Z6f4Z+L4oCL4Z6A4Z6Y4Z+S4Z6W4Z674Z6H4Z62IOGek+Get+GehOGekeGet+GenOGetuGemOGek+Geu+Gen+GfkuGen+GeheGetuGen+Gfi+GeouGek+GfkuGej+GemuGeh+GetuGej+GetyDhnoHhnr3hnpThnpvhnr7hnoDhnpHhnrjhn6Lhn6Y=	Q2FtYm9kaWFuIE9sZGVyIFBlcnNvbnMgRGF5IGFuZCB0aGUgSW50ZXJuYXRpb25hbCBEYXkgb2YgT2xkZXIgUGVyc29ucw==
a8e18bf4c0832142e854f3ae	4Z6R4Z634Z6c4Z624oCL4Z6W4Z634Z6X4Z6W4oCL4Z6b4Z+E4Z6A4oCL4Z6U4Z+S4Z6a4Z6G4Z624Z+G4Z6E4oCL4Z6W4Z6b4Z6A4Z6Y4Z+S4Z6Y4oCL4Z6A4Z674Z6Y4Z624Z6aIOGegeGeveGelOGem+GevuGegOGekeGeuOGfouGfpQ==	SGFwcHkgV29ybGQgRGF5IEFnYWluc3QgQ2hpbGQgTGFib3Vy
a8eae41f876465e513b85b09	4Z6R4Z634Z6c4Z624oCL4Z6U4Z644Z6P4Z62	RmF0aGVyJ3MgRGF5
a8ee485cbb01fa0709a6c245	4Z6U4Z634Z6O4Z+S4Z6MIOGfoeGfog==	QmVuIDEy
a902b2d7663bc568bfe2cdc4	4Z6W4Z634Z6S4Z644oCL4Z6U4Z674Z6O4Z+S4Z6Z4oCL4Z6Y4Z624Z6D4Z6U4Z684Z6H4Z62	TWVhayBCb2NoZWE=
a91140d7fd470a90f6cfd4d9	4Z6U4Z634Z6O4Z+S4Z6MIOGfoeGfoQ==	QmVuIDEx
a91322c6441952e988481a48	4Z6R4Z634Z6c4Z624oCL4Z6T4Z6Z4Z+E4oCL4Z6U4Z624Z6Z4oCL4Z6I4Z+S4Z6T4Z+HIOGeiOGfkuGek+Gfhw==	V2luLXdpbiBQb2xpY3kgRGF5
a92378af1f9e7585ebcb5468	4Z6U4Z634Z6O4Z+S4Z6MIOGfqQ==	QmVuIDk=
a9289c2a4d39cccd62ddc546	4Z6U4Z634Z6O4Z+S4Z6MIOGfoeGfoQ==	QmVuIDEx
a9527a61bbedb8cfd92c68e7	4Z6R4Z634Z6c4Z624oCL4Z6Y4Z6T4Z674Z6f4Z+S4Z6f4oCL4Z6F4Z624Z6f4Z+L4oCL4Z6A4Z6Y4Z+S4Z6W4Z674Z6H4Z62IOGek+Get+GehOGekeGet+GenOGetuGemOGek+Geu+Gen+GfkuGen+GeheGetuGen+Gfi+GeouGek+GfkuGej+GemuGeh+GetuGej+GetyDhnoHhnr3hnpThnpvhnr7hnoDhnpHhnrjhn6Lhn6Q=	Q2FtYm9kaWFuIE9sZGVyIFBlcnNvbnMgRGF5IGFuZCB0aGUgSW50ZXJuYXRpb25hbCBEYXkgb2YgT2xkZXIgUGVyc29ucw==
a96f4b9880b40f4ea4da8d1a	4Z6a4Z6U4Z624Z+G4oCL4Z6W4Z+S4Z6a4Z+H4oCL4Z6a4Z624Z6H4oCL4Z6R4Z+S4Z6a4Z6W4Z+S4Z6ZIOGej+GfkuGemuGevOGenOKAi+GelOGetuGek+KAi+GeheGeu+Gfh+KAi+GegOGfkuGek+Geu+GehOKAi+GelOGeieGfkuGeh+GeuOKAi+GelOGfgeGej+Get+KAi+GegOGel+GejuGfkuGejOKAi+GenOGelOGfkuGelOGekuGemOGfjOGeouGemuGevOGelOGeuOGek+Gfg+GemOGek+Geu+Gen+GfkuGen+Geh+GetuGej+GetyDhnoHhnr3hnpThnpvhnr7hnoDhnpHhnrjhn6Hhn6U=	Um95YWwgQmFsbGV0IG9mIENhbWJvZGlhIGluc2NyaWJlZCBvbiB0aGUgUmVwcmVzZW50YXRpdmUgTGlzdCBvZiB0aGUgSW50YW5naWJsZSBDdWx0dXJhbCBIZXJpdGFnZSBvZiBIdW1hbml0eQ==
a972978e6c8ca7bdcc1da2b7	4Z6R4Z634Z6c4Z624oCL4Z6W4Z634Z6X4Z6W4oCL4Z6b4Z+E4Z6A4oCL4Z6U4Z+S4Z6a4Z6G4Z624Z+G4Z6E4oCL4Z6W4Z6b4Z6A4Z6Y4Z+S4Z6Y4oCL4Z6A4Z674Z6Y4Z624Z6aIOGegeGeveGelOGem+GevuGegOGekeGeuOGfow==	SGFwcHkgV29ybGQgRGF5IEFnYWluc3QgQ2hpbGQgTGFib3Vy
a97436177771fa2e77eb472d	4Z6R4Z634Z6c4Z624oCL4Z6A4Z674Z6Y4Z624Z6a4oCL4Z6i4Z6T4Z+S4Z6P4Z6a4oCL4Z6H4Z624Z6P4Z63IOGegeGeveGelOGem+GevuGegOGekeGeuOGfpeGfpQ==	SW50ZXJuYXRpb25hbCBDaGlsZHJlbidzIERheQ==
a97d9c858e0f44c26203aabc	4Z6W4Z+S4Z6a4Z+H4oCL4Z6a4Z624Z6H4oCL4Z6W4Z634Z6S4Z644oCL4Z6F4Z+S4Z6a4Z6P4Z+L4oCL4Z6W4Z+S4Z6a4Z+H4oCL4Z6T4Z6E4Z+S4Z6C4Z+Q4Z6b	Um95YWwgUGxvdWdoaW5nIENlcmVtb255
a9a37b7003e22a9fb866653a	4Z6R4Z634Z6c4Z624oCL4Z6c4Z6U4Z+S4Z6U4oCL4Z6S4Z6Y4Z+M4oCL4Z6H4Z624Z6P4Z63IOGegeGeveGelOGem+GevuGegOGekeGeuOGfo+GfoA==	TmF0aW9uYWwgQ3VsdHVyZSBEYXk=
a9b75fb2cac628598c6bd00f	4Z6U4Z634Z6O4Z+S4Z6MIOGfpw==	QmVuIDc=
a9b89aabd070ffbe2a366388	4Z6R4Z634Z6c4Z624oCL4Z6W4Z6b4Z6A4Z6Y4Z+S4Z6Y4oCL4Z6i4Z6T4Z+S4Z6P4Z6a4Z6H4Z624Z6P4Z63IOGegeGeveGelOGem+GevuGegOGekeGeuOGfoeGfouGfoQ==	SW50ZXJuYXRpb25hbCBMYWJvciBEYXk=
a9db3c099d8a8bbb8b4aa718	4Z6U4Z634Z6O4Z+S4Z6MIOGfpA==	QmVuIDQ=
aa4339482475c6d622067ef5	4Z6R4Z634Z6c4Z624oCL4Z6f4Z+B4Z6a4Z644oCL4Z6X4Z624Z6W4oCL4Z6f4Z624Z6a4Z6W4Z+Q4Z6P4Z+M4Z6Y4Z624Z6T4oCL4Z6W4Z634Z6X4Z6W4oCL4Z6b4Z+E4Z6AIOGegeGeveGelOGem+GevuGegOGekeGeuOGfpw==	V29ybGQgUHJlc3MgRnJlZWRvbSBEYXk=
aa47b2a9f360aaa434dd141c	4Z6R4Z634Z6c4Z624oCL4Z6T4Z6Z4Z+E4Z6U4Z624Z6Z4oCL4Z6R4Z654Z6A	V2F0ZXIgUG9saWN5IERheQ==
aa4b78401f5f8df89fb975c8	4Z6Q4Z+S4Z6E4Z+D4oCL4Z6f4Z+C4Z6T4oCL4Z6K4Z6A4oCL4Z6H4Z6+4Z6E4oCL4Z6S4Z684Z6U	S2l0Y2hlbiBHb2QgRmVzdGl2YWw=
aa83bd2adf73f341e7057bc8	4Z6R4Z634Z6c4Z624oCL4Z6U4Z+S4Z6a4Z624Z6a4Z6W4Z+S4Z6S4oCL4Z6W4Z634Z6S4Z644oCL4Z6C4Z+E4Z6a4Z6W4oCL4Z6W4Z+S4Z6a4Z+H4Z6c4Z634Z6J4Z+S4Z6J4Z624Z6O4Z6A4Z+S4Z6B4Z6T4Z+S4Z6SIOGeluGfkuGemuGfh+GegOGemuGeu+GejuGetuKAi+GeluGfkuGemuGfh+GelOGetuGekeKAi+Gen+GemOGfkuGej+GfgeGeheKAi+GeluGfkuGemuGfhyDhnpPhnprhn4Thno/hn5Lhno/hnpgg4Z6f4Z644Z6g4Z6T4Z67IOGeluGfkuGemuGfh+GemOGeoOGetuGenOGeuOGemuGegOGfkuGen+Gej+GfkuGemiDhnpbhn5Lhnprhn4figIvhnpzhnprhnprhnrbhnofigIvhnpThnrfhno/hnrbigIvhnq/hnoDhnprhnrbhnofhn5Lhnpkg4Z6U4Z684Z6a4Z6O4Z6X4Z624Z6W4oCL4Z6R4Z654Z6A4Z6K4Z64IOGek+Get+GehOKAi+Ger+GegOGel+GetuGeluKAi+Geh+GetuGej+Get+KAi+GegeGfkuGemOGfguGemg==	S2luZyBGYXRoZXIncyBDb21tZW1vcmF0aW9uIERheQ==
aa9d59dd8cd9d5cef3f118ea	4Z6W4Z+S4Z6a4Z+H4oCL4Z6a4Z624Z6H4oCL4Z6W4Z634Z6S4Z644oCL4Z6U4Z674Z6O4Z+S4Z6Z4oCL4Z6F4Z6Y4Z+S4Z6a4Z6+4Z6T4oCL4Z6W4Z+S4Z6a4Z+H4oCL4Z6H4Z6T4Z+S4Z6YIOGeluGfkuGemuGfh+KAi+GegOGemuGeu+GejuGetuKAi+GeluGfkuGemuGfh+KAi+GelOGetuGekeKAi+Gen+GemOGfkuGej+GfgeGeheKAi+GeluGfkuGemuGfh+KAi+GelOGemuGemOKAi+Gek+GetuGekCDhnpPhnprhn4Thno/hn5Lhno/hnpgg4Z6f4Z644Z6g4Z6Y4Z674Z6T4Z64IOGeluGfkuGemuGfh+KAi+GemOGeoOGetuGegOGfkuGen+Gej+GfkuGemuKAi+Gek+Gfg+KAi+GeluGfkuGemuGfh+GemuGetuGeh+GetuGejuGetuGeheGegOGfkuGemuKAi+GegOGemOGfkuGeluGeu+Geh+Getg==	S2luZyBTaWhhbW9uaSdzIEJpcnRoZGF5
aaa8c65079f05b96fb0eea55	4Z6R4Z634Z6c4Z624oCL4Z6H4Z+Q4Z6Z4oCL4Z6H4Z6Y4Z+S4Z6T4Z+H4oCL4Z6b4Z6+4oCL4Z6a4Z6U4Z6U4oCL4Z6U4Z+S4Z6a4Z6b4Z+Q4Z6Z4oCL4Z6W4Z684Z6H4oCL4Z6f4Z624Z6f4Z6T4Z+NIOGegeGeveGelOGem+GevuGegOGekeGeuOGfpOGfow==	VmljdG9yeSBPdmVyIEdlbm9jaWRlIERheQ==
aadb1dd83aa0893e939a3049	4Z6R4Z634Z6c4Z624oCL4Z6T4Z6Z4Z+E4Z6U4Z624Z6Z4oCL4Z6R4Z654Z6A	V2F0ZXIgUG9saWN5IERheQ==
aadf5575a99db7046c838e1e	4Z6R4Z634Z6c4Z624oCL4Z6i4Z6T4Z+S4Z6P4Z6a4oCL4Z6H4Z624Z6P4Z634oCL4Z6T4Z+D4oCL4Z6C4Z+S4Z6a4Z694Z6f4Z624Z6a	SW50ZXJuYXRpb25hbCBEYXkgb2YgRmFtaWxpZXM=
aae2ab246103152649dca7d5	4Z6W4Z634Z6S4Z644oCL4Z6U4Z674Z6O4Z+S4Z6Z4oCL4Z6v4Z6A4Z6a4Z624Z6H4Z+S4Z6Z4oCL4Z6H4Z624Z6P4Z63IOGegeGeveGelOGem+GevuGegOGekeGeuOGfp+Gfpw==	SW5kZXBlbmRlbmNlIERheQ==
aaf5143220f8c58d350e6b69	4Z6R4Z634Z6c4Z624oCL4Z6T4Z6Z4Z+E4Z6U4Z624Z6Z4oCL4Z6R4Z654Z6A	V2F0ZXIgUG9saWN5IERheQ==
aafd4dedc6f66110723cdf1b	4Z6R4Z634Z6c4Z624oCL4Z6U4Z+S4Z6a4Z6Z4Z674Z6R4Z+S4Z6S4oCL4Z6U4Z+S4Z6a4Z6G4Z624Z+G4Z6E4oCL4Z6i4Z+G4Z6W4Z6+4oCL4Z6W4Z674Z6A4Z6a4Z6b4Z694Z6Z	QW50aS1Db3JydXB0aW9uIERheQ==
ab1b5116c306338641bb607c	4Z6W4Z634Z6S4Z644oCL4Z6U4Z674Z6O4Z+S4Z6Z4oCL4Z6X4Z+S4Z6H4Z674Z+G4oCL4Z6U4Z634Z6O4Z+S4Z6M	UGNodW0gQmVuIEZlc3RpdmFs
ab47d708ce4bd2c0b51e080b	4Z6W4Z634Z6S4Z644oCL4Z6U4Z674Z6O4Z+S4Z6Z4oCL4Z6F4Z684Z6b4oCL4Z6G4Z+S4Z6T4Z624Z+G4oCL4Z6Q4Z+S4Z6Y4Z64IOGelOGfkuGemuGeluGfg+GejuGeuOKAi+Geh+GetuGej+GetyAtIOGemOGeoOGetuKAi+Gen+GehOGfkuGegOGfkuGemuGetuGek+GfkuGejyDhnpjhn4nhn4ThnoQg4Z+g4Z+iOuGfouGfpCBBTQ==	S2htZXIgTmV3IFllYXIgLSBNb2hhIFNhbmtyYW50YSBhdCAwMjoyNCBBTQ==
ab49f7f7deda9824c92f206f	4Z6W4Z634Z6S4Z644oCL4Z6U4Z674Z6O4Z+S4Z6Z4oCL4Z6F4Z684Z6b4oCL4Z6G4Z+S4Z6T4Z624Z+G4oCL4Z6Q4Z+S4Z6Y4Z64IOGelOGfkuGemuGeluGfg+GejuGeuOKAi+Geh+GetuGej+GetyAtIOGekOGfkuGehOGfg+KAi+GeoeGevuGehOKAi+Gen+GfkOGegA==	S2htZXIgTmV3IFllYXIgLSBWZWFyZWFrIExhZXVuZyBTYWs=
ab5456d368bbe9fab8cfbf54	4Z6R4Z634Z6c4Z624oCL4Z6W4Z634Z6X4Z6W4oCL4Z6b4Z+E4Z6AIOGeiuGevuGemOGfkuGelOGeuOGen+Geu+GenOGej+GfkuGekOGet+Gel+GetuGeliDhnpPhnrfhnoThnp/hnrvhnoHhnpfhnrbhnpbhnoDhnrbhnprhnoThnrbhnpog4Z6B4Z694Z6U4Z6b4Z6+4Z6A4Z6R4Z644Z+p	V29ybGQgRGF5IGZvciBTYWZldHkgYW5kIEhlYWx0aCBhdCBXb3Jr
ab78a2f8cfecc976e58b149d	4Z6b4Z+S4Z6B4Z+E4Z6T4oCL4Z6B4Z+E4Z6b4oCL4Z6c4Z6P4Z+S4Z6P4oCL4Z6f4Z+S4Z6c4Z624Z6Z4oCL4Z6i4Z6O4Z+S4Z6P4Z+C4Z6PIOGej+GfkuGemuGevOGenOKAi+GelOGetuGek+KAi+GeheGeu+Gfh+KAi+GegOGfkuGek+Geu+GehOKAi+GelOGeieGfkuGeh+GeuOKAi+GelOGfgeGej+Get+GegOKAi+Gel+GejuGfkuGejOKAi+GenOGelOGfkuGelOKAi+GekuGemOGfjOKAi+GeouGemuGevOGelOGeuOGek+Gfg+GemOGek+Geu+Gen+GfkuGen+Geh+GetuGej+GetyDhnoHhnr3hnpThnpvhnr7hnoDhnpHhnrjhn6Hhn6A=	TGtob24gS2hvbCBXYXQgU3ZheSBBbmRldCBpbnNjcmliZWQgb24gdGhlIExpc3Qgb2YgSW50YW5naWJsZSBDdWx0dXJhbCBIZXJpdGFnZSBpbiBOZWVkIG9mIFVyZ2VudCBTYWZlZ3VhcmRpbmc=
ab7ab8181786e1e35ed4da75	4Z6R4Z634Z6c4Z624oCL4Z6W4Z634Z6X4Z6W4Z6b4Z+E4Z6A4oCL4Z6A4Z+G4Z6F4Z624Z6P4Z+L4oCL4Z6a4Z+E4Z6C4oCL4Z6a4Z6U4Z+B4Z6E	V29ybGQgVHViZXJjdWxvc2lzIERheQ==
ab7bc529eeb36d2108ed1bf2	4Z6R4Z634Z6c4Z624oCL4Z6W4Z634Z6X4Z6W4oCL4Z6b4Z+E4Z6AIOGeiuGevuGemOGfkuGelOGeuOGen+Geu+GenOGej+GfkuGekOGet+Gel+GetuGeliDhnpPhnrfhnoThnp/hnrvhnoHhnpfhnrbhnpbhnoDhnrbhnprhnoThnrbhnpog4Z6B4Z694Z6U4Z6b4Z6+4Z6A4Z6R4Z644Z+m	V29ybGQgRGF5IGZvciBTYWZldHkgYW5kIEhlYWx0aCBhdCBXb3Jr
ab899d60cfa9d00c3198333c	4Z6R4Z634Z6c4Z624oCL4Z6R4Z+B4Z6f4oCL4Z6F4Z6a4Z6O4Z+N4oCL4Z6W4Z634oCL4Z6X4Z6W4oCL4Z6b4Z+E4Z6A	V29ybGQgVG91cmlzbSBEYXk=
ab8a41ef049b8afbd2879738	4Z6R4Z634Z6c4Z624oCL4Z6T4Z624Z6a4Z644oCL4Z6i4Z6T4Z+S4Z6P4Z6a4Z6H4Z624Z6P4Z63IOGegeGeveGelOGem+GevuGegOGekeGeuOGfqeGfow==	SW50ZXJuYXRpb25hbCBXb21lbidzIERheQ==
aba53ea0c736e40b8ef6e30d	4Z6W4Z+S4Z6a4Z+H4oCL4Z6a4Z624Z6H4oCL4Z6W4Z634Z6S4Z644oCL4Z6U4Z674Z6O4Z+S4Z6Z4oCL4Z6i4Z674Z+G4oCL4Z6R4Z684Z6AIOGelOGejuGfkuGeiuGfguGej+KAi+GelOGfkuGemuGekeGeuOGelCDhnpPhnrfhnoTigIvhnp/hn4bhnpbhn4figIvhnpbhn5Lhnprhn4figIvhnoHhn4Ig4Z6i4Z6A4Z6i4Z+G4Z6U4Z674Z6A	V2F0ZXIgRmVzdGl2YWw=
abb19ad7e669598ab56798ae	4Z6A4Z6Y4Z+S4Z6W4Z674Z6H4Z624oCL4Z6F4Z684Z6b4oCL4Z6H4Z624oCL4Z6f4Z6Y4Z624oCL4Z6H4Z634Z6A4oCL4Z6i4Z624Z6f4Z+K4Z624Z6TIOGegeGeveGelOGem+GevuGegOGekeGeuOGfqQ==	Q2FtYm9kaWEgam9pbmVkIFRoZSBBc3NvY2lhdGlvbiBvZiBTb3V0aGVhc3QgQXNpYW4gTmF0aW9ucyAoQVNFQU4p
abd628e847234b68b5257ee8	4Z6R4Z634Z6c4Z624oCL4Z6W4Z634Z6X4Z6W4Z6b4Z+E4Z6A4oCL4Z6A4Z+G4Z6F4Z624Z6P4Z+L4oCL4Z6a4Z+E4Z6C4oCL4Z6a4Z6U4Z+B4Z6E	V29ybGQgVHViZXJjdWxvc2lzIERheQ==
abe8f6baf4fc0559a58e9ade	4Z6W4Z634Z6S4Z644oCL4Z6U4Z+G4Z6U4Z694Z6f4oCL4Z6T4Z624Z6C4oCL4Z6B4Z+S4Z6T4Z624Z6T	VGhlIE9yZGFpbmVkIERyYWdvbiBNb25r
abf28eb98897963869d8e494	4Z6U4Z634Z6O4Z+S4Z6MIOGfoeGfoA==	QmVuIDEw
abf78c49fde1bbab7cbd9516	4Z6R4Z634Z6c4Z624oCL4Z6Z4Z674Z6c4Z6H4Z6T4oCL4Z6i4Z6T4Z+S4Z6P4Z6a4oCL4Z6H4Z624Z6P4Z63	SW50ZXJuYXRpb25hbCBZb3V0aCBEYXk=
ac12dbe360ce300342b965fa	4Z6R4Z634Z6c4Z624oCL4Z6i4Z624oCL4Z6A4Z624Z6f4oCL4Z6F4Z6a4Z6O4Z+N4Z6f4Z+K4Z644Z6c4Z634Z6b	Q2l2aWwgQXZpYXRpb24gRGF5
ac145a11bcfe3ae6f7e37245	4Z6R4Z634Z6c4Z624oCL4Z6f4Z634Z6R4Z+S4Z6S4Z634oCL4Z6Y4Z6T4Z674Z6f4Z+S4Z6f4oCL4Z6i4Z6T4Z+S4Z6P4Z6a4Z6H4Z624Z6P4Z63IOGegeGeveGelOGem+GevuGegOGekeGeuOGfp+GfoA==	SW50ZXJuYXRpb25hbCBIdW1hbiBSaWdodHMgRGF5
ac1bc880a22733df181a8e40	4Z6R4Z634Z6c4Z624oCL4Z6i4Z6T4Z+S4Z6P4Z6a4oCL4Z6H4Z624Z6P4Z634oCL4Z6U4Z+S4Z6a4Z6Z4Z674Z6R4Z+S4Z6S4oCL4Z6U4Z+S4Z6a4Z6G4Z624Z+G4Z6E4oCL4Z6C4Z+S4Z6a4Z6/4Z6E4oCL4Z6J4Z+A4Z6T	SW50ZXJuYXRpb25hbCBEYXkgQWdhaW5zdCBEcnVnIEFidXNlIGFuZCBJbGxpY2l0IFRyYWZmaWNraW5n
ac264fa8957ffd9ab9336295	4Z6W4Z634Z6S4Z644oCL4Z6U4Z674Z6O4Z+S4Z6Z4oCL4Z6F4Z684Z6b4oCL4Z6G4Z+S4Z6T4Z624Z+G4oCL4Z6Q4Z+S4Z6Y4Z64IOGelOGfkuGemuGeluGfg+GejuGeuOKAi+Geh+GetuGej+GetyAtIOGemOGeoOGetuKAi+Gen+GehOGfkuGegOGfkuGemuGetuGek+GfkuGejyDhnpjhn4nhn4ThnoQg4Z+g4Z+kOuGfpOGfqCBQTQ==	S2htZXIgTmV3IFllYXIgLSBNb2hhIFNhbmtyYW50YSBhdCAwNDo0OCBQTQ==
ac495e19c60f171fb36e2b86	4Z6F4Z+B4Z6J4oCL4Z6W4Z+S4Z6a4Z+H4oCL4Z6c4Z6f4Z+S4Z6f4Z62	RW5kaW5nIG9mIEJ1ZGRoaXN0IExlbnQ=
ac53f21c65dd74ad9949cfbe	4Z6R4Z634Z6c4Z624oCL4Z6f4Z+B4Z6a4Z644oCL4Z6X4Z624Z6W4oCL4Z6f4Z624Z6a4Z6W4Z+Q4Z6P4Z+M4Z6Y4Z624Z6T4oCL4Z6W4Z634Z6X4Z6W4oCL4Z6b4Z+E4Z6AIOGegeGeveGelOGem+GevuGegOGekeGeuOGfoeGfpg==	V29ybGQgUHJlc3MgRnJlZWRvbSBEYXk=
ac568851cdb61d638e91af41	4Z6P4Z+G4Z6U4Z6T4Z+L4oCL4Z6a4Z6Y4Z6O4Z644oCL4Z6K4Z+S4Z6L4Z624Z6T4oCL4Z6i4Z6E4Z+S4Z6C4Z6aIOGej+GfkuGemuGevOGenOKAi+GelOGetuGek+KAi+GeheGeu+Gfh+KAi+GegOGfkuGek+Geu+GehOKAi+GelOGeieGfkuGeh+GeuOKAi+GelOGfgeGej+Get+GegOKAi+Gel+GejuGfkuGejOKAi+GeluGet+Gel+GeluGem+GfhOGegOGemuGelOGen+Gfi+GeouGehOGfkuGeguGegOGetuGemuGemeGevOGejuGfgeGen+GfkuGegOGevCDhnoHhnr3hnpThnpvhnr7hnoDhnpHhnrjhn6Hhn6U=	QW5na29yIHdhcyBpbnNjcmliZWQgb24gdGhlIFVORVNDTyBXb3JsZCBIZXJpdGFnZSBMaXN0
ac5ce7d202a7e0a6da101217	4Z6W4Z+S4Z6a4Z+H4oCL4Z6a4Z624Z6H4oCL4Z6W4Z634Z6S4Z644oCL4Z6U4Z674Z6O4Z+S4Z6Z4oCL4Z6i4Z674Z+G4oCL4Z6R4Z684Z6AIOGelOGejuGfkuGeiuGfguGej+KAi+GelOGfkuGemuGekeGeuOGelCDhnpPhnrfhnoTigIvhnp/hn4bhnpbhn4figIvhnpbhn5Lhnprhn4figIvhnoHhn4Ig4Z6i4Z6A4Z6i4Z+G4Z6U4Z674Z6A	V2F0ZXIgRmVzdGl2YWw=
ac671e411f4db055cbc16e17	4Z6Q4Z+S4Z6E4Z+D4oCL4Z6f4Z+C4Z6T4oCL4Z6K4Z6A4oCL4Z6H4Z6+4Z6E4oCL4Z6S4Z684Z6U	S2l0Y2hlbiBHb2QgRmVzdGl2YWw=
ac8cd052718ba83ae3f2c848	4Z6P4Z+G4Z6U4Z6T4Z+L4oCL4Z6a4Z6Y4Z6O4Z644oCL4Z6K4Z+S4Z6L4Z624Z6T4oCL4Z6i4Z6E4Z+S4Z6C4Z6aIOGej+GfkuGemuGevOGenOKAi+GelOGetuGek+KAi+GeheGeu+Gfh+KAi+GegOGfkuGek+Geu+GehOKAi+GelOGeieGfkuGeh+GeuOKAi+GelOGfgeGej+Get+GegOKAi+Gel+GejuGfkuGejOKAi+GeluGet+Gel+GeluGem+GfhOGegOGemuGelOGen+Gfi+GeouGehOGfkuGeguGegOGetuGemuGemeGevOGejuGfgeGen+GfkuGegOGevCDhnoHhnr3hnpThnpvhnr7hnoDhnpHhnrjhn6Hhn6Q=	QW5na29yIHdhcyBpbnNjcmliZWQgb24gdGhlIFVORVNDTyBXb3JsZCBIZXJpdGFnZSBMaXN0
ac98f732f3a7e2c6f3303a98	4Z6W4Z634Z6S4Z644oCL4Z6U4Z674Z6O4Z+S4Z6Z4oCL4Z6X4Z+S4Z6H4Z674Z+G4oCL4Z6U4Z634Z6O4Z+S4Z6M	UGNodW0gQmVuIEZlc3RpdmFs
aca0c16789dea054db5c3ccc	4Z6R4Z634Z6c4Z624Z6Y4Z624Z6P4Z62	TW90aGVyJ3MgRGF5
acb59e52b25902d901e2448b	4Z6g4Z+C4oCL4Z6i4Z+S4Z6T4Z6A4oCL4Z6P4Z624oCL4Z6F4Z634Z6T	U3Bpcml0IFBhcmFkZQ==
acbbd0a6d870532d68887470	4Z6R4Z634Z6c4Z624Z6R4Z654Z6AIOGek+Get+GehOGep+Gej+Geu+Gek+Get+GemeGemOGeluGet+Gel+GeluGem+GfhOGegA==	V29ybGQgV2F0ZXIgYW5kIFdvcmxkIE1ldGVvcm9sb2dpY2FsIERheQ==
ad1a3689a68d75a0aa2c32cf	4Z6R4Z634Z6c4Z624oCL4Z6i4Z6A4Z+S4Z6B4Z6a4oCL4Z6A4Z6Y4Z+S4Z6Y4oCL4Z6i4Z6T4Z+S4Z6P4Z6a4oCL4Z6H4Z624Z6P4Z63	SW50ZXJuYXRpb25hbCBMaXRlcmFjeSBEYXk=
ad1e89e0ceb54e40d5cc6db5	4Z6W4Z634Z6S4Z644oCL4Z6U4Z674Z6O4Z+S4Z6Z4oCL4Z6F4Z684Z6b4oCL4Z6G4Z+S4Z6T4Z624Z+G4oCL4Z6Q4Z+S4Z6Y4Z64IOGelOGfkuGemuGeluGfg+GejuGeuOKAi+Geh+GetuGej+GetyAtIOGekOGfkuGehOGfg+KAi+GeoeGevuGehOKAi+Gen+GfkOGegA==	S2htZXIgTmV3IFllYXIgLSBWZWFyZWFrIExhZXVuZyBTYWs=
ad3b46892453d8a202ae5668	4Z6W4Z634Z6S4Z644oCL4Z6U4Z674Z6O4Z+S4Z6Z4oCL4Z6X4Z+S4Z6H4Z674Z+G4oCL4Z6U4Z634Z6O4Z+S4Z6M	UGNodW0gQmVuIEZlc3RpdmFs
ad7665a518c18f6d4bf635e3	4Z6R4Z634Z6c4Z624oCL4Z6U4Z644Z6P4Z62	RmF0aGVyJ3MgRGF5
ada96ae752a4eef137d82968	4Z6R4Z634Z6c4Z624Z6a4Z+G4Z6b4Z654Z6A4oCL4Z6B4Z694Z6U4oCL4Z6T4Z+D4oCL4Z6A4Z634Z6F4Z+S4Z6F4Z6W4Z+S4Z6a4Z6Y4Z6W4Z+S4Z6a4Z+A4Z6E4oCL4Z6f4Z6T4Z+S4Z6P4Z634Z6X4Z624Z6W4oCL4Z6R4Z644Z6A4Z+S4Z6a4Z674Z6E4oCL4Z6U4Z+J4Z624Z6a4Z644Z6f	UGFyaXMgUGVhY2UgQWdyZWVtZW50IERheQ==
adb38ed3bc5f4e73037ba56e	4Z6W4Z634Z6S4Z644oCL4Z6U4Z674Z6O4Z+S4Z6Z4oCL4Z6v4Z6A4Z6a4Z624Z6H4Z+S4Z6Z4oCL4Z6H4Z624Z6P4Z63IOGegeGeveGelOGem+GevuGegOGekeGeuOGfp+Gfow==	SW5kZXBlbmRlbmNlIERheQ==
adcb871082e678e84fd1cf86	4Z6R4Z634Z6c4Z624Z6R4Z654Z6AIOGek+Get+GehOGep+Gej+Geu+Gek+Get+GemeGemOGeluGet+Gel+GeluGem+GfhOGegA==	V29ybGQgV2F0ZXIgYW5kIFdvcmxkIE1ldGVvcm9sb2dpY2FsIERheQ==
add418ef10efb5afbcecbf93	4Z6W4Z+S4Z6a4Z+H4oCL4Z6a4Z624Z6H4oCL4Z6W4Z634Z6S4Z644oCL4Z6F4Z+S4Z6a4Z6P4Z+L4oCL4Z6W4Z+S4Z6a4Z+H4oCL4Z6T4Z6E4Z+S4Z6C4Z+Q4Z6b	Um95YWwgUGxvdWdoaW5nIENlcmVtb255
ade1fd9ab845eca016b646ea	4Z6b4Z+S4Z6U4Z+C4Z6E4oCL4Z6R4Z624Z6J4oCL4Z6W4Z+S4Z6a4Z+Q4Z6P4Z+S4Z6aIOGej+GfkuGemuGevOGenOKAi+GelOGetuGek+KAi+GeheGeu+Gfh+KAi+GegOGfkuGek+Geu+GehOKAi+GelOGeieGfkuGeh+GeuOKAi+GelOGfgeGej+Get+GegOKAi+Gel+GejuGfkuGejOKAi+GenOGelOGfkuGelOGekuGemOGfjOGeouGemuGevOGelOGeuOGek+Gfg+GemOGek+Geu+Gen+GfkuGen+Geh+GetuGej+Getw==	VHVnIG9mIFdhciBpbnNjcmliZWQgb24gdGhlIFJlcHJlc2VudGF0aXZlIExpc3Qgb2YgdGhlIEludGFuZ2libGUgQ3VsdHVyYWwgSGVyaXRhZ2Ugb2YgSHVtYW5pdHk=
ae059fa529539e7c9c94ba9c	4Z6U4Z6O4Z+S4Z6O4Z6f4Z624Z6a4oCL4Z6f4Z624Z6a4Z6Y4Z6T4Z+S4Z6R4Z644Z6a4oCL4Z6n4Z6A4Z+S4Z6a4Z634Z6K4Z+S4Z6L4Z6A4Z6Y4Z+S4Z6Y4oCL4Z6U4Z+S4Z6a4Z6b4Z+Q4Z6Z4oCL4Z6W4Z684Z6H4Z6f4Z624Z6f4Z6T4Z+N4oCL4Z6R4Z694Z6b4oCL4Z6f4Z+S4Z6b4Z+C4Z6EIOGej+GfkuGemuGevOGenOKAi+GelOGetuGek+KAi+GeheGeu+Gfh+KAi+GegOGfkuGek+Geu+GehOKAi+GelOGeieGfkuGeh+GeuOKAi+Gen+GfkuGemOGetuGemuGej+GeuOKAi+GeheGehOGeheGetuGfhuKAi+Gek+Gfg+KAi+GeluGet+Gel+GeluKAi+Gem+GfhOGegOKAi+GemuGelOGen+Gfi+KAi+GemeGevOGejuGfgeGen+GfkuGegOGevCDhnoHhnr3hnpThnpvhnr7hnoDhnpHhnrjhn6Hhn6E=	VGhlIGFyY2hpdmVzIG9mIFR1b2wgU2xlbmcgR2Vub2NpZGUgTXVzZXVtIGFyZSByZWdpc3RlcmVkIGFzIHBhcnQgb2YgdGhlIE1lbW9yeSBvZiB0aGUgV29ybGQgYnkgVU5FU0NP
ae11273e6b2c32b4e5982c2d	4Z6R4Z634Z6c4Z624oCL4Z6Z4Z674Z6c4Z6H4Z6T4oCL4Z6i4Z6T4Z+S4Z6P4Z6a4oCL4Z6H4Z624Z6P4Z63	SW50ZXJuYXRpb25hbCBZb3V0aCBEYXk=
ae1c35fcad8f1b6c976fb249	4Z6Q4Z+S4Z6E4Z+D4oCL4Z6U4Z674Z6O4Z+S4Z6Z4oCL4Z6T4Z+D4oCL4Z6f4Z+B4Z6F4Z6A4Z+S4Z6P4Z644oCL4Z6f4Z+S4Z6a4Z6b4Z624Z6J4Z+L	VmFsZW50aW5lJ3MgRGF5
ae23859b067f2f0e4671705e	4Z6A4Z+G4Z6O4Z6+4Z6P4oCL4Z6T4Z6C4Z6a4oCL4Z6U4Z624Z6b4oCL4Z6H4Z624Z6P4Z63IOGegeGeveGelOGem+GevuGegOGekeGeuOGfqOGfow==	QmlydGggb2YgdGhlIE5hdGlvbmFsIFBvbGljZQ==
ae286eb579c846feb24fe132	4Z6R4Z634Z6c4Z624oCL4Z6i4Z6T4Z+S4Z6P4Z6a4oCL4Z6H4Z624Z6P4Z634oCL4Z6H4Z6T4Z6H4Z624Z6P4Z634Z6K4Z6+4Z6Y4Z6X4Z624Z6C4Z6P4Z634Z6F4Z6W4Z634Z6X4Z6W4Z6b4Z+E4Z6A	SW50ZXJuYXRpb25hbCBEYXkgb2YgdGhlIFdvcmxkJ3MgSW5kaWdlbm91cyBQZW9wbGVz
ae3a98a131ecf816ef1d31c3	4Z6R4Z634Z6c4Z624oCL4Z6T4Z6Z4Z+E4Z6U4Z624Z6Z4oCL4Z6R4Z654Z6A	V2F0ZXIgUG9saWN5IERheQ==
ae3d60b93b0a1c606980cd92	4Z6F4Z+B4Z6J4oCL4Z6W4Z+S4Z6a4Z+H4oCL4Z6c4Z6f4Z+S4Z6f4Z62	RW5kaW5nIG9mIEJ1ZGRoaXN0IExlbnQ=
ae47307cedb98c87a77921d9	4Z6R4Z634Z6c4Z624oCL4Z6i4Z6T4Z+S4Z6P4Z6a4oCL4Z6H4Z624Z6P4Z634oCL4Z6A4Z624Z6a4Z6W4Z624Z6a4oCL4Z6f4Z+S4Z6a4Z6R4Z624Z6U4Z+L4oCL4Z6i4Z684oCL4Z6g4Z+S4Z6f4Z684Z6TIOGegeGeveGelOGem+GevuGegOGekeGeuOGfoeGfpw==	SW50ZXJuYXRpb25hbCBEYXkgZm9yIHRoZSBQcmVzZXJ2YXRpb24gb2YgdGhlIE96b25lIExheWVy
ae5f4f8c2a0b79c643257840	4Z6W4Z634Z6S4Z644oCL4Z6U4Z+G4Z6U4Z694Z6f4oCL4Z6T4Z624Z6C4oCL4Z6B4Z+S4Z6T4Z624Z6T	VGhlIE9yZGFpbmVkIERyYWdvbiBNb25r
aea2780ce1d8989496eeaeff	4Z6U4Z674Z6O4Z+S4Z6Z4oCL4Z6O4Z684Z6i4Z+C4Z6b	Q2hyaXN0bWFzIERheQ==
aeb05f6b042bd05bd17788d8	4Z6F4Z684Z6b4oCL4Z6G4Z+S4Z6T4Z624Z+G4oCL4Z6F4Z634Z6T	Q2hpbmVzZSBOZXcgWWVhcg==
aed46928ecec753aac288933	4Z6R4Z634Z6c4Z624oCL4Z6W4Z634Z6X4Z6W4oCL4Z6b4Z+E4Z6A4oCL4Z6U4Z+S4Z6a4Z6G4Z624Z+G4Z6E4oCL4Z6W4Z6b4Z6A4Z6Y4Z+S4Z6Y4oCL4Z6A4Z674Z6Y4Z624Z6aIOGegeGeveGelOGem+GevuGegOGekeGeuOGfoeGfpA==	SGFwcHkgV29ybGQgRGF5IEFnYWluc3QgQ2hpbGQgTGFib3Vy
aeebdb7c7ccc807c5c77b847	4Z6W4Z+S4Z6a4Z+H4oCL4Z6a4Z624Z6H4oCL4Z6W4Z634Z6S4Z644oCL4Z6U4Z674Z6O4Z+S4Z6Z4oCL4Z6F4Z6Y4Z+S4Z6a4Z6+4Z6T4oCL4Z6W4Z+S4Z6a4Z+H4oCL4Z6H4Z6T4Z+S4Z6YIOGen+GemOGfkuGej+GfgeGeheKAi+GeluGfkuGemuGfh+KAi+GemOGeoOGetuGegOGfkuGen+Gej+GfkuGemuGeuCDhnpPhnprhn4Thno/hn5Lhno/hnpgg4Z6Y4Z674Z6T4Z634Z6T4Z624Z6QIOGen+GeuOGeoOGek+GeuyDhnpbhn5Lhnprhn4figIvhnpzhnprhnprhnrbhnofigIvhnpjhnrbhno/hnrbigIvhnofhnrbhno/hnrfigIvhnoHhn5Lhnpjhn4Lhnpog4Z6A4Z+S4Z6T4Z674Z6E4oCL4Z6f4Z+B4Z6a4Z644Z6X4Z624Z6WIOGen+GfgeGeheGegOGfkuGej+GeuOGekOGfkuGem+Gfg+GekOGfkuGek+GevOGemiDhnpPhnrfhnoTigIvhnp/hnrvhnpfhnpjhnoThn5LhnoLhnps=	UXVlZW4gTW90aGVyJ3MgQmlydGhkYXk=
aeffa56e4fff84b3072fefdf	4Z6U4Z674Z6O4Z+S4Z6Z4oCL4Z6O4Z684Z6i4Z+C4Z6b	Q2hyaXN0bWFzIERheQ==
af05af86e1eb1213629d200e	4Z6R4Z634Z6c4Z624oCL4Z6f4Z674Z6B4oCL4Z6X4Z624Z6W4oCL4Z6W4Z634Z6X4Z6W4oCL4Z6b4Z+E4Z6A	V29ybGQgSGVhbHRoIERheQ==
af071ec8588584e36426dfd9	4Z6R4Z634Z6c4Z624oCL4Z6W4Z634Z6X4Z6W4Z6b4Z+E4Z6A4oCL4Z6A4Z+G4Z6F4Z624Z6P4Z+L4oCL4Z6a4Z+E4Z6C4oCL4Z6a4Z6U4Z+B4Z6E	V29ybGQgVHViZXJjdWxvc2lzIERheQ==
af0a01440d9b631ca072a6ea	4Z6W4Z634Z6S4Z644oCL4Z6U4Z674Z6O4Z+S4Z6Z4oCL4Z6F4Z684Z6b4oCL4Z6G4Z+S4Z6T4Z624Z+G4oCL4Z6Q4Z+S4Z6Y4Z64IOGelOGfkuGemuGeluGfg+GejuGeuOKAi+Geh+GetuGej+GetyAtIOGekOGfkuGehOGfg+KAi+GeoeGevuGehOKAi+Gen+GfkOGegA==	S2htZXIgTmV3IFllYXIgLSBWZWFyZWFrIExhZXVuZyBTYWs=
af14753c2c075abe98c8f451	4Z6R4Z634Z6c4Z624oCL4Z6H4Z624Z6P4Z634oCL4Z6T4Z+D4oCL4Z6A4Z624Z6a4oCL4Z6F4Z6E4oCL4Z6F4Z624Z+G	TmF0aW9uYWwgRGF5IG9mIFJlbWVtYnJhbmNl
af17dd20fa0d6022a0b7e257	4Z6U4Z634Z6O4Z+S4Z6MIOGfog==	QmVuIDI=
af3789aee1a39fac7a9a2190	4Z6W4Z634Z6S4Z644oCL4Z6U4Z674Z6O4Z+S4Z6Z4oCL4Z6F4Z684Z6b4oCL4Z6G4Z+S4Z6T4Z624Z+G4oCL4Z6Q4Z+S4Z6Y4Z64IOGelOGfkuGemuGeluGfg+GejuGeuOKAi+Geh+GetuGej+GetyAtIOGekOGfkuGehOGfg+KAi+GeoeGevuGehOKAi+Gen+GfkOGegA==	S2htZXIgTmV3IFllYXIgLSBWZWFyZWFrIExhZXVuZyBTYWs=
af452df2a1e184ae6ce58d03	4Z6R4Z634Z6c4Z624oCL4Z6i4Z6T4Z+S4Z6P4Z6a4oCL4Z6H4Z624Z6P4Z634oCL4Z6T4Z+D4oCL4Z6C4Z+S4Z6a4Z694Z6f4Z624Z6a	SW50ZXJuYXRpb25hbCBEYXkgb2YgRmFtaWxpZXM=
af6e9360c518315727a28d0e	4Z6F4Z684Z6b4oCL4Z6G4Z+S4Z6T4Z624Z+G4oCL4Z6F4Z634Z6T	Q2hpbmVzZSBOZXcgWWVhcg==
af79c5025b765609bbea15b1	4Z6U4Z634Z6O4Z+S4Z6MIOGfpg==	QmVuIDY=
af7e625900324653b0f8e6b8	4Z6W4Z634Z6S4Z644oCL4Z6U4Z674Z6O4Z+S4Z6Z4oCL4Z6c4Z634Z6f4Z624Z6B4oCL4Z6U4Z684Z6H4Z62	VmlzYWsgQm9jaGVh
af902d3ec532185d380e8f43	4Z6f4Z+C4Z6T4Z6T4Z+G4Z6i4Z+K4Z64	V2ludGVyIFNvbHN0aWNlIEZlc3RpdmFs
afb0d0e1f6b31c772136a26c	4Z6U4Z634Z6O4Z+S4Z6MIOGfoeGfoQ==	QmVuIDEx
afb7617ebe06442584ce2c17	4Z6A4Z6Y4Z+S4Z6W4Z674Z6H4Z624oCL4Z6F4Z684Z6b4oCL4Z6H4Z624oCL4Z6f4Z6Y4Z624oCL4Z6H4Z634Z6A4oCL4Z6i4Z624Z6f4Z+K4Z624Z6TIOGegeGeveGelOGem+GevuGegOGekeGeuOGfouGfow==	Q2FtYm9kaWEgam9pbmVkIFRoZSBBc3NvY2lhdGlvbiBvZiBTb3V0aGVhc3QgQXNpYW4gTmF0aW9ucyAoQVNFQU4p
afbf50f6e138e9c5602012af	4Z6U4Z634Z6O4Z+S4Z6MIOGfpg==	QmVuIDY=
afc9802957341c2992966890	4Z6W4Z634Z6S4Z644oCL4Z6U4Z674Z6O4Z+S4Z6Z4oCL4Z6X4Z+S4Z6H4Z674Z+G4oCL4Z6U4Z634Z6O4Z+S4Z6M	UGNodW0gQmVuIEZlc3RpdmFs
afe9292824886f58059739e8	4Z6W4Z634Z6S4Z644oCL4Z6U4Z674Z6O4Z+S4Z6Z4oCL4Z6v4Z6A4Z6a4Z624Z6H4Z+S4Z6Z4oCL4Z6H4Z624Z6P4Z63IOGegeGeveGelOGem+GevuGegOGekeGeuOGfpeGfog==	SW5kZXBlbmRlbmNlIERheQ==
afedf1282592d768074c1174	4Z6W4Z+S4Z6a4Z+H4oCL4Z6a4Z624Z6H4oCL4Z6W4Z634Z6S4Z644oCL4Z6U4Z674Z6O4Z+S4Z6Z4oCL4Z6i4Z674Z+G4oCL4Z6R4Z684Z6AIOGelOGejuGfkuGeiuGfguGej+KAi+GelOGfkuGemuGekeGeuOGelCDhnpPhnrfhnoTigIvhnp/hn4bhnpbhn4figIvhnpbhn5Lhnprhn4figIvhnoHhn4Ig4Z6i4Z6A4Z6i4Z+G4Z6U4Z674Z6A	V2F0ZXIgRmVzdGl2YWw=
b03f0bdad5a603c6ff4e32a7	4Z6Q4Z+S4Z6E4Z+D4oCL4Z6f4Z+C4Z6T4oCL4Z6K4Z6A4oCL4Z6H4Z6+4Z6E4oCL4Z6S4Z684Z6U	S2l0Y2hlbiBHb2QgRmVzdGl2YWw=
b04f7d889d1fbdbd2632eb87	4Z6R4Z634Z6c4Z624oCL4Z6A4Z674Z6Y4Z624Z6a4oCL4Z6i4Z6T4Z+S4Z6P4Z6a4oCL4Z6H4Z624Z6P4Z63IOGegeGeveGelOGem+GevuGegOGekeGeuOGfpeGfow==	SW50ZXJuYXRpb25hbCBDaGlsZHJlbidzIERheQ==
b059dc3c2a7cec5bce75a48f	4Z6W4Z634Z6S4Z644oCL4Z6f4Z634Z6P4oCL4Z6R4Z+A4Z6T4oCL4Z6W4Z+S4Z6a4Z+H4oCL4Z6c4Z6f4Z+S4Z6f4Z62	QnVkZGhpc3QgTGVudCBDYW5kbGVzIE1ha2luZyBEYXk=
b06406fd4bc342f80048492d	4Z6W4Z634Z6S4Z644oCL4Z6U4Z674Z6O4Z+S4Z6Z4oCL4Z6X4Z+S4Z6H4Z674Z+G4oCL4Z6U4Z634Z6O4Z+S4Z6M	UGNodW0gQmVuIEZlc3RpdmFs
b07da9cd986a4a9ae951d5da	4Z6W4Z634Z6S4Z644oCL4Z6U4Z674Z6O4Z+S4Z6Z4oCL4Z6F4Z684Z6b4oCL4Z6G4Z+S4Z6T4Z624Z+G4oCL4Z6Q4Z+S4Z6Y4Z64IOGelOGfkuGemuGeluGfg+GejuGeuOKAi+Geh+GetuGej+GetyAtIOGemOGeoOGetuKAi+Gen+GehOGfkuGegOGfkuGemuGetuGek+GfkuGejyDhnpjhn4nhn4ThnoQg4Z+g4Z+hOuGfo+GfpiBQTQ==	S2htZXIgTmV3IFllYXIgLSBNb2hhIFNhbmtyYW50YSBhdCAwMTozNiBQTQ==
b08c2b92d0908385702d4d6d	4Z6U4Z634Z6O4Z+S4Z6MIOGfqA==	QmVuIDg=
b0a82c831757f3ebdc051ca3	4Z6U4Z634Z6O4Z+S4Z6MIOGfqA==	QmVuIDg=
b0caf9dd905b4b2b217268f7	4Z6R4Z634Z6c4Z624oCL4Z6C4Z+S4Z6a4Z684oCL4Z6U4Z6E4Z+S4Z6a4Z+A4Z6T4oCL4Z6W4Z634Z6X4Z6W4oCL4Z6b4Z+E4Z6A	V29ybGQgVGVhY2hlcidzIERheQ==
b0d0042b8c880c60ea7b0623	4Z6A4Z6Y4Z+S4Z6W4Z674Z6H4Z624oCL4Z6F4Z684Z6b4oCL4Z6H4Z624oCL4Z6f4Z6Y4Z624oCL4Z6H4Z634Z6A4oCL4Z6i4Z6E4Z+S4Z6C4oCL4Z6A4Z624Z6a4oCL4Z6f4Z6g4oCL4Z6U4Z+S4Z6a4Z6H4Z624Z6H4Z624Z6P4Z63IOGegeGeveGelOGem+GevuGegOGekeGeuOGfpuGfpg==	Q2FtYm9kaWEgYmVjYW1lIGEgbWVtYmVyIG9mIHRoZSBVbml0ZWQgTmF0aW9ucw==
b0dfcf9365f13113d2616d7b	4Z6R4Z634Z6c4Z624oCL4Z6i4Z6T4Z+S4Z6P4Z6a4oCL4Z6H4Z624Z6P4Z634oCL4Z6U4Z+S4Z6a4Z6Z4Z674Z6R4Z+S4Z6S4oCL4Z6U4Z+S4Z6a4Z6G4Z624Z+G4Z6E4oCL4Z6C4Z+S4Z6a4Z6/4Z6E4oCL4Z6J4Z+A4Z6T	SW50ZXJuYXRpb25hbCBEYXkgQWdhaW5zdCBEcnVnIEFidXNlIGFuZCBJbGxpY2l0IFRyYWZmaWNraW5n
b0e228cec86d73ffb95cab80	4Z6R4Z634Z6c4Z624oCL4Z6U4Z+S4Z6a4Z6A4Z624Z6f4oCL4Z6a4Z6K4Z+S4Z6L4oCL4Z6S4Z6Y4Z+S4Z6Y4Z6T4Z674Z6J4Z+S4Z6JIOGegeGeveGelOGem+GevuGegOGekeGeuOGfouGfog==	Q29uc3RpdHV0aW9uIERheQ==
b0f550e8307100566c2e6c23	4Z6U4Z634Z6O4Z+S4Z6MIOGfpw==	QmVuIDc=
b0ffa2971b58eea441489e6d	4Z6R4Z634Z6c4Z624oCL4Z6T4Z624Z6a4Z644oCL4Z6i4Z6T4Z+S4Z6P4Z6a4Z6H4Z624Z6P4Z63IOGegeGeveGelOGem+GevuGegOGekeGeuOGfoeGfoOGfow==	SW50ZXJuYXRpb25hbCBXb21lbidzIERheQ==
b1189720fe358d597a16d462	4Z6Q4Z+S4Z6E4Z+D4oCL4Z6f4Z+C4Z6T4oCL4Z6K4Z6A4oCL4Z6H4Z6+4Z6E4oCL4Z6S4Z684Z6U	S2l0Y2hlbiBHb2QgRmVzdGl2YWw=
b122de25fa2b7ee730b7ae59	4Z6R4Z634Z6c4Z624oCL4Z6W4Z634Z6X4Z6W4oCL4Z6b4Z+E4Z6A4oCL4Z6U4Z+S4Z6a4Z6G4Z624Z+G4Z6E4oCL4Z6W4Z6b4Z6A4Z6Y4Z+S4Z6Y4oCL4Z6A4Z674Z6Y4Z624Z6aIOGegeGeveGelOGem+GevuGegOGekeGeuOGfoeGfow==	SGFwcHkgV29ybGQgRGF5IEFnYWluc3QgQ2hpbGQgTGFib3Vy
b1539f246ee5a32414bf98d7	4Z6f4Z+C4Z6T4Z6T4Z+G4Z6i4Z+K4Z64	V2ludGVyIFNvbHN0aWNlIEZlc3RpdmFs
b1589b21de19a16ea6c3e1c3	4Z6R4Z634Z6c4Z624oCL4Z6W4Z6b4Z6A4Z6Y4Z+S4Z6Y4oCL4Z6i4Z6T4Z+S4Z6P4Z6a4Z6H4Z624Z6P4Z63IOGegeGeveGelOGem+GevuGegOGekeGeuOGfoeGfo+Gfpw==	SW50ZXJuYXRpb25hbCBMYWJvciBEYXk=
b179cb62772445e68d2f3714	4Z6R4Z634Z6c4Z624oCL4Z6Z4Z674Z6c4Z6H4Z6T4oCL4Z6i4Z6T4Z+S4Z6P4Z6a4oCL4Z6H4Z624Z6P4Z63	SW50ZXJuYXRpb25hbCBZb3V0aCBEYXk=
b17f46b42d6ff33628f7c937	4Z6W4Z634Z6S4Z644oCL4Z6U4Z674Z6O4Z+S4Z6Z4oCL4Z6v4Z6A4Z6a4Z624Z6H4Z+S4Z6Z4oCL4Z6H4Z624Z6P4Z63IOGegeGeveGelOGem+GevuGegOGekeGeuOGfpuGfqQ==	SW5kZXBlbmRlbmNlIERheQ==
b191f06d30bccd70115a7954	4Z6W4Z634Z6S4Z644oCL4Z6U4Z674Z6O4Z+S4Z6Z4oCL4Z6F4Z684Z6b4oCL4Z6G4Z+S4Z6T4Z624Z+G4oCL4Z6Q4Z+S4Z6Y4Z64IOGelOGfkuGemuGeluGfg+GejuGeuOKAi+Geh+GetuGej+GetyAtIOGenOGetuGemuGfiOKAi+GenOGfkOGek+KAi+GelOGejw==	S2htZXIgTmV3IFllYXIgLSBWZWFyZWFrIFZhbmFiYXQ=
b1c2c90d886e2c39f3bbd82b	4Z6P4Z+G4Z6U4Z6T4Z+L4oCL4Z6U4Z+S4Z6a4Z624Z6f4Z624Z6R4oCL4Z6A4Z+E4Z+H4oCL4Z6A4Z+B4Z6aIOGej+GfkuGemuGevOGenOKAi+GelOGetuGek+KAi+GeheGeu+Gfh+KAi+GegOGfkuGek+Geu+GehOKAi+GelOGeieGfkuGeh+GeuOKAi+GelOGfgeGej+Get+GegOKAi+Gel+GejuGfkuGejOKAi+GeluGet+Gel+GeluGem+GfhOGegOGemuGelOGen+Gfi+GeouGehOGfkuGeguGegOGetuGemuGemeGevOGejuGfgeGen+GfkuGegOGevCDhnoHhnr3hnpThnpvhnr7hnoDhnpHhnrjhn6M=	S29oIEtlciBpbnNjcmliZWQgb24gdGhlIFVORVNDTyBXb3JsZCBIZXJpdGFnZSBMaXN0
b1f209137d3e158566436af9	4Z6W4Z+S4Z6a4Z+H4oCL4Z6a4Z624Z6H4oCL4Z6W4Z634Z6S4Z644oCL4Z6U4Z674Z6O4Z+S4Z6Z4oCL4Z6F4Z6Y4Z+S4Z6a4Z6+4Z6T4oCL4Z6W4Z+S4Z6a4Z+H4oCL4Z6H4Z6T4Z+S4Z6YIOGen+GemOGfkuGej+GfgeGeheKAi+GeluGfkuGemuGfh+KAi+GemOGeoOGetuGegOGfkuGen+Gej+GfkuGemuGeuCDhnpPhnprhn4Thno/hn5Lhno/hnpgg4Z6Y4Z674Z6T4Z634Z6T4Z624Z6QIOGen+GeuOGeoOGek+GeuyDhnpbhn5Lhnprhn4figIvhnpzhnprhnprhnrbhnofigIvhnpjhnrbhno/hnrbigIvhnofhnrbhno/hnrfigIvhnoHhn5Lhnpjhn4Lhnpog4Z6A4Z+S4Z6T4Z674Z6E4oCL4Z6f4Z+B4Z6a4Z644Z6X4Z624Z6WIOGen+GfgeGeheGegOGfkuGej+GeuOGekOGfkuGem+Gfg+GekOGfkuGek+GevOGemiDhnpPhnrfhnoTigIvhnp/hnrvhnpfhnpjhnoThn5LhnoLhnps=	UXVlZW4gTW90aGVyJ3MgQmlydGhkYXk=
b22b3de0f6c9b2dd99389681	4Z6f4Z+C4Z6T4oCL4Z6T4Z+G4oCL4Z6F4Z624Z+G4Z6E	U3RpY2t5IFJpY2UgRHVtcGxpbmdzIChab25nemkp
b260678ab2b03bb2c4f6fcff	4Z6U4Z634Z6O4Z+S4Z6MIOGfoeGfoA==	QmVuIDEw
b260be794a1bf7e4b0131bd8	4Z6R4Z634Z6c4Z624oCL4Z6T4Z6Z4Z+E4oCL4Z6U4Z624Z6Z4oCL4Z6I4Z+S4Z6T4Z+HIOGeiOGfkuGek+Gfhw==	V2luLXdpbiBQb2xpY3kgRGF5
b2a1cdfadccbce1daaa6d83c	4Z6U4Z634Z6O4Z+S4Z6MIOGfoeGfoQ==	QmVuIDEx
b2a5fa77d3d88101214781ae	4Z6W4Z634Z6S4Z644oCL4Z6U4Z674Z6O4Z+S4Z6Z4oCL4Z6F4Z684Z6b4oCL4Z6G4Z+S4Z6T4Z624Z+G4oCL4Z6Q4Z+S4Z6Y4Z64IOGelOGfkuGemuGeluGfg+GejuGeuOKAi+Geh+GetuGej+GetyAtIOGenOGetuGemuGfiOKAi+GenOGfkOGek+KAi+GelOGejw==	S2htZXIgTmV3IFllYXIgLSBWZWFyZWFrIFZhbmFiYXQ=
b2ad3dc92775292645ee934a	4Z6W4Z634Z6S4Z644oCL4Z6U4Z674Z6O4Z+S4Z6Z4oCL4Z6X4Z+S4Z6H4Z674Z+G4oCL4Z6U4Z634Z6O4Z+S4Z6M	UGNodW0gQmVuIEZlc3RpdmFs
b2bdcb8bd3a7a2d387cd6473	4Z6R4Z634Z6c4Z624oCL4Z6i4Z624oCL4Z6A4Z624Z6f4oCL4Z6F4Z6a4Z6O4Z+N4Z6f4Z+K4Z644Z6c4Z634Z6b	Q2l2aWwgQXZpYXRpb24gRGF5
b2bfa7db429d5dc5268b2c59	4Z6F4Z684Z6b4oCL4Z6G4Z+S4Z6T4Z624Z+G4oCL4Z6F4Z634Z6T	Q2hpbmVzZSBOZXcgWWVhcg==
b2c0db471a5c29ab1a958594	4Z6R4Z634Z6c4Z624oCL4Z6i4Z6A4Z+S4Z6B4Z6a4oCL4Z6A4Z6Y4Z+S4Z6Y4oCL4Z6i4Z6T4Z+S4Z6P4Z6a4oCL4Z6H4Z624Z6P4Z63	SW50ZXJuYXRpb25hbCBMaXRlcmFjeSBEYXk=
b2c492b21644369e033276c6	4Z6F4Z684Z6b4oCL4Z6G4Z+S4Z6T4Z624Z+G4oCL4Z6F4Z634Z6T	Q2hpbmVzZSBOZXcgWWVhcg==
b2c70d47780c3f49e5056d12	4Z6F4Z684Z6b4oCL4Z6W4Z+S4Z6a4Z+H4oCL4Z6c4Z6f4Z+S4Z6f4Z62	QmVnaW5uaW5nIG9mIEJ1ZGRoaXN0IExlbnQ=
b2ef16e65ac1036e58f41a00	4Z6F4Z684Z6b4oCL4Z6G4Z+S4Z6T4Z624Z+G4oCL4Z6F4Z634Z6T	Q2hpbmVzZSBOZXcgWWVhcg==
b2fbc06480536ff97800a185	4Z6F4Z684Z6b4oCL4Z6G4Z+S4Z6T4Z624Z+G4oCL4Z6F4Z634Z6T	Q2hpbmVzZSBOZXcgWWVhcg==
b311b88943a98d96a74d4a61	4Z6f4Z+C4Z6T4oCL4Z6T4Z+G4oCL4Z6F4Z624Z+G4Z6E	U3RpY2t5IFJpY2UgRHVtcGxpbmdzIChab25nemkp
b337103bd150da2f3cb15720	4Z6W4Z+S4Z6a4Z+H4oCL4Z6a4Z624Z6H4oCL4Z6W4Z634Z6S4Z644oCL4Z6F4Z+S4Z6a4Z6P4Z+L4oCL4Z6W4Z+S4Z6a4Z+H4oCL4Z6T4Z6E4Z+S4Z6C4Z+Q4Z6b	Um95YWwgUGxvdWdoaW5nIENlcmVtb255
b346ea72072c67b05807d49c	4Z6R4Z634Z6c4Z624oCL4Z6i4Z6T4Z624oCL4Z6Y4Z+Q4Z6Z4oCL4Z6U4Z6a4Z634oCL4Z6f4Z+S4Z6Q4Z624Z6T4oCL4Z6H4Z624Z6P4Z63	TmF0aW9uYWwgRW52aXJvbm1lbnRhbCBTYW5pdGF0aW9uIERheQ==
b35a5f86be42d2a82b40c390	4Z6W4Z634Z6S4Z644oCL4Z6U4Z674Z6O4Z+S4Z6Z4oCL4Z6Y4Z624Z6D4Z6U4Z684Z6H4Z62	TWVhayBCb2NoZWE=
b36840aaf7aaaa7c06c35ace	4Z6R4Z634Z6c4Z624oCL4Z6i4Z6T4Z+S4Z6P4Z6a4oCL4Z6H4Z624Z6P4Z634oCL4Z6U4Z+S4Z6a4Z6Z4Z674Z6R4Z+S4Z6S4oCL4Z6U4Z+S4Z6a4Z6G4Z624Z+G4Z6E4oCL4Z6C4Z+S4Z6a4Z6/4Z6E4oCL4Z6J4Z+A4Z6T	SW50ZXJuYXRpb25hbCBEYXkgQWdhaW5zdCBEcnVnIEFidXNlIGFuZCBJbGxpY2l0IFRyYWZmaWNraW5n
b389301252b6aab2b9b807fd	4Z6W4Z634Z6S4Z644oCL4Z6U4Z674Z6O4Z+S4Z6Z4oCL4Z6v4Z6A4Z6a4Z624Z6H4Z+S4Z6Z4oCL4Z6H4Z624Z6P4Z63IOGegeGeveGelOGem+GevuGegOGekeGeuOGfpuGfow==	SW5kZXBlbmRlbmNlIERheQ==
b38bbbc077dd541002a8e092	4Z6F4Z684Z6b4oCL4Z6G4Z+S4Z6T4Z624Z+G4oCL4Z6F4Z634Z6T	Q2hpbmVzZSBOZXcgWWVhcg==
b39d066692d147627c131738	4Z6R4Z634Z6c4Z624oCL4Z6W4Z634Z6X4Z6W4oCL4Z6b4Z+E4Z6A4oCL4Z6U4Z+S4Z6a4Z6Z4Z674Z6R4Z+S4Z6S4oCL4Z6U4Z+S4Z6a4Z6G4Z624Z+G4Z6E4oCL4Z6T4Z654Z6E4oCL4Z6H4Z+G4Z6E4Z664oCL4Z6i4Z+B4Z6K4Z6f4Z+N	V29ybGQgQUlEUyBEYXk=
b3eda4c90564174868396860	4Z6R4Z634Z6c4Z624oCL4Z6Y4Z6T4Z674Z6f4Z+S4Z6f4oCL4Z6F4Z624Z6f4Z+L4oCL4Z6A4Z6Y4Z+S4Z6W4Z674Z6H4Z62IOGek+Get+GehOGekeGet+GenOGetuGemOGek+Geu+Gen+GfkuGen+GeheGetuGen+Gfi+GeouGek+GfkuGej+GemuGeh+GetuGej+GetyDhnoHhnr3hnpThnpvhnr7hnoDhnpHhnrjhn6Q=	Q2FtYm9kaWFuIE9sZGVyIFBlcnNvbnMgRGF5IGFuZCB0aGUgSW50ZXJuYXRpb25hbCBEYXkgb2YgT2xkZXIgUGVyc29ucw==
b4595ab9405a3a4ab5c85f86	4Z6b4Z+S4Z6B4Z+E4Z6T4oCL4Z6f4Z+S4Z6a4Z6Y4Z+E4Z6b4oCL4Z6f4Z+S4Z6U4Z+C4Z6A4oCLIOGej+GfkuGemuGevOGenOKAi+GelOGetuGek+KAi+GeheGeu+Gfh+KAi+GegOGfkuGek+Geu+GehOKAi+GelOGeieGfkuGeh+GeuOKAi+GelOGfgeGej+Get+GegOKAi+Gel+GejuGfkuGejOGenOGelOGfkuGelOGekuGemOGfjOGeouGemuGevOGelOGeuOGek+Gfg+GemOGek+Geu+Gen+GfkuGen+Geh+GetuGej+GetyDhnoHhnr3hnpThnpvhnr7hnoDhnpHhnrjhn6Hhn6E=	S2htZXIgU2hhZG93IFRoZWF0cmUgaW5zY3JpYmVkIG9uIHRoZSBSZXByZXNlbnRhdGl2ZSBMaXN0IG9mIHRoZSBJbnRhbmdpYmxlIEN1bHR1cmFsIEhlcml0YWdlIG9mIEh1bWFuaXR5
b478b5025d4f6921444e444c	4Z6C4Z674Z6T4oCL4Z6b4Z+S4Z6U4Z674Z6A4Z+S4Z6A4oCL4Z6P4Z+EIOGej+GfkuGemuGevOGenOKAi+GelOGetuGek+KAi+GeheGeu+Gfh+GegOGfkuGek+Geu+GehOGelOGeieGfkuGeh+GeuOGelOGfgeGej+Get+GegOGel+GejuGfkuGejOGenOGelOGfkuGelOGekuGemOGfjOGeouGemuGevOGelOGeuOGek+Gfg+GemOGek+Geu+Gen+GfkuGen+Geh+GetuGej+GetyDhnoHhnr3hnpThnpvhnr7hnoDhnpHhnrjhn6E=	S3VuIExib2thdG9yIGluc2NyaWJlZCBvbiB0aGUgUmVwcmVzZW50YXRpdmUgTGlzdCBvZiB0aGUgSW50YW5naWJsZSBDdWx0dXJhbCBIZXJpdGFnZSBvZiBIdW1hbml0eQ==
b486d6a5ddc8d4cf5b7636ab	4Z6R4Z634Z6c4Z624oCL4Z6i4Z6T4Z+S4Z6P4Z6a4oCL4Z6H4Z624Z6P4Z634oCL4Z6T4Z+D4oCL4Z6C4Z+S4Z6a4Z694Z6f4Z624Z6a	SW50ZXJuYXRpb25hbCBEYXkgb2YgRmFtaWxpZXM=
b4ab4079192bdc7367917414	4Z6R4Z634Z6c4Z624oCL4Z6C4Z+S4Z6a4Z684oCL4Z6U4Z6E4Z+S4Z6a4Z+A4Z6T4oCL4Z6W4Z634Z6X4Z6W4oCL4Z6b4Z+E4Z6A	V29ybGQgVGVhY2hlcidzIERheQ==
b4d2ddd18f1cc096ea8404e8	4Z6R4Z634Z6c4Z624oCL4Z6Z4Z674Z6c4Z6H4Z6T4oCL4Z6i4Z6T4Z+S4Z6P4Z6a4oCL4Z6H4Z624Z6P4Z63	SW50ZXJuYXRpb25hbCBZb3V0aCBEYXk=
b4ec39a5b3cc01702f7a1482	4Z6R4Z634Z6c4Z624oCL4Z6n4Z6R4Z+S4Z6Z4Z624Z6T4Z674oCL4Z6a4Z6A4Z+S4Z6f4Z6W4Z634Z6X4Z6W4Z6b4Z+E4Z6AIOGegeGeveGelOGem+GevuGegOGekeGeuOGfoeGfpg==	V29ybGQgUmFuZ2VyIERheQ==
b4f08c79cb61d455f2bc582e	4Z6P4Z+G4Z6U4Z6T4Z+L4oCL4Z6a4Z6Y4Z6O4Z644oCL4Z6K4Z+S4Z6L4Z624Z6T4oCL4Z6i4Z6E4Z+S4Z6C4Z6aIOGej+GfkuGemuGevOGenOKAi+GelOGetuGek+KAi+GeheGeu+Gfh+KAi+GegOGfkuGek+Geu+GehOKAi+GelOGeieGfkuGeh+GeuOKAi+GelOGfgeGej+Get+GegOKAi+Gel+GejuGfkuGejOKAi+GeluGet+Gel+GeluGem+GfhOGegOGemuGelOGen+Gfi+GeouGehOGfkuGeguGegOGetuGemuGemeGevOGejuGfgeGen+GfkuGegOGevCDhnoHhnr3hnpThnpvhnr7hnoDhnpHhnrjhn6Phn6M=	QW5na29yIHdhcyBpbnNjcmliZWQgb24gdGhlIFVORVNDTyBXb3JsZCBIZXJpdGFnZSBMaXN0
b5013cefc4cbccf1c02c26f9	4Z6a4Z674Z6A4Z+S4Z6B4oCL4Z6R4Z634Z6c4Z62	QXJib3IgRGF5
b501d6a71ccbb20c3a8d0dda	4Z6F4Z684Z6b4oCL4Z6G4Z+S4Z6T4Z624Z+G4oCL4Z6F4Z634Z6T	Q2hpbmVzZSBOZXcgWWVhcg==
b5074293d9c00c24997cf7b5	4Z6W4Z634Z6S4Z644oCL4Z6f4Z634Z6P4oCL4Z6R4Z+A4Z6T4oCL4Z6W4Z+S4Z6a4Z+H4oCL4Z6c4Z6f4Z+S4Z6f4Z62	QnVkZGhpc3QgTGVudCBDYW5kbGVzIE1ha2luZyBEYXk=
b51c8f0fbcb0ad96134dc8a5	4Z6R4Z634Z6c4Z624oCL4Z6i4Z6T4Z+S4Z6P4Z6a4oCL4Z6H4Z624Z6P4Z634oCL4Z6A4Z624Z6a4Z6W4Z624Z6a4oCL4Z6f4Z+S4Z6a4Z6R4Z624Z6U4Z+L4oCL4Z6i4Z684oCL4Z6g4Z+S4Z6f4Z684Z6TIOGegeGeveGelOGem+GevuGegOGekeGeuOGfo+Gfpw==	SW50ZXJuYXRpb25hbCBEYXkgZm9yIHRoZSBQcmVzZXJ2YXRpb24gb2YgdGhlIE96b25lIExheWVy
b52bc0fd74613d087d495053	4Z6U4Z634Z6O4Z+S4Z6MIOGfpg==	QmVuIDY=
b537603e55ccf443116e0b1f	4Z6W4Z634Z6S4Z644oCL4Z6U4Z674Z6O4Z+S4Z6Z4oCL4Z6v4Z6A4Z6a4Z624Z6H4Z+S4Z6Z4oCL4Z6H4Z624Z6P4Z63IOGegeGeveGelOGem+GevuGegOGekeGeuOGfpuGfog==	SW5kZXBlbmRlbmNlIERheQ==
b53a0002ec968831b6a1aced	4Z6R4Z634Z6c4Z624oCL4Z6T4Z6Z4Z+E4oCL4Z6U4Z624Z6Z4oCL4Z6I4Z+S4Z6T4Z+HIOGeiOGfkuGek+Gfhw==	V2luLXdpbiBQb2xpY3kgRGF5
b5721a95f0b7eacf622ea7c0	4Z6A4Z+G4Z6O4Z6+4Z6P4oCL4Z6T4Z6C4Z6a4oCL4Z6U4Z624Z6b4oCL4Z6H4Z624Z6P4Z63IOGegeGeveGelOGem+GevuGegOGekeGeuOGfpuGfqA==	QmlydGggb2YgdGhlIE5hdGlvbmFsIFBvbGljZQ==
b57e36357b421e3bbe2085b1	4Z6A4Z6L4Z634Z6T4oCL4Z6A4Z624Z6b	S2F0aGVuIEthbA==
b58a584ec93f8eb0322fef11	4Z6P4Z674Z6b4Z624oCL4Z6A4Z624Z6a4oCL4Z6Z4Z674Z6P4Z+S4Z6P4Z634oCL4Z6S4Z6Y4Z+M4oCL4Z6i4Z6T4Z+S4Z6P4Z6a4oCL4Z6H4Z624Z6P4Z634oCL4Z6A4Z+S4Z6a4Z674Z6E4oCL4Z6h4Z624oCL4Z6i4Z+BIOGen+GemOGfkuGemuGfgeGeheKAi+GeseGfkuGemeKAi+GegOGemOGfkuGeluGeu+Geh+GetuGeh+GetuGemOGfkuGeheGetuGen+Gfi+GegOGemOGfkuGemOGen+Get+GekeGfkuGekuGetyDhnpvhnr7hnpThn5Lhnprhnrbhnp/hnrbhnpHhnpbhn5Lhnprhn4fhnpzhnrfhnqDhnrbhnpog4Z6B4Z694Z6U4Z6b4Z6+4Z6A4Z6R4Z644Z+k4Z+o	SW50ZXJuYXRpb25hbCBDb3VydCBvZiBKdXN0aWNlIGluIFRoZSBIYWd1ZSBkZWNsYXJlZCBDYW1ib2RpYSBpcyB0aGUgb3duZXIgb2YgdGhlIFByZWFoIFZpaGVhciBUZW1wbGU=
b596dc5bcd225678156a3681	4Z6W4Z634Z6S4Z644oCL4Z6U4Z674Z6O4Z+S4Z6Z4oCL4Z6Y4Z624Z6D4Z6U4Z684Z6H4Z62	TWVhayBCb2NoZWE=
b5b43517d2e5f066f741ea19	4Z6A4Z6Y4Z+S4Z6W4Z674Z6H4Z624oCL4Z6F4Z684Z6b4oCL4Z6H4Z624oCL4Z6f4Z6Y4Z624oCL4Z6H4Z634Z6A4oCL4Z6i4Z624Z6f4Z+K4Z624Z6TIOGegeGeveGelOGem+GevuGegOGekeGeuOGfoeGfoQ==	Q2FtYm9kaWEgam9pbmVkIFRoZSBBc3NvY2lhdGlvbiBvZiBTb3V0aGVhc3QgQXNpYW4gTmF0aW9ucyAoQVNFQU4p
b5bec7f00070fc0638a7e473	4Z6R4Z634Z6c4Z624oCL4Z6H4Z624Z6P4Z634oCL4Z6T4Z+D4oCL4Z6A4Z624Z6a4oCL4Z6F4Z6E4oCL4Z6F4Z624Z+G	TmF0aW9uYWwgRGF5IG9mIFJlbWVtYnJhbmNl
b5c3e1d4f05fece7cbc363fd	4Z6F4Z684Z6b4oCL4Z6G4Z+S4Z6T4Z624Z+G4oCL4Z6F4Z634Z6T	Q2hpbmVzZSBOZXcgWWVhcg==
b5c60235c883a448a26b1990	4Z6R4Z634Z6c4Z624oCL4oCL4Z6U4Z+S4Z6a4Z6H4Z624Z6H4Z6T4Z6H4Z624Z6P4Z63IOGek+Get+GehOKAi+KAi+GelOGfkuGemuGeh+GetuGeh+Gek+KAi+GeluGet+Gel+GeluKAi+Gem+GfhOGegA==	TmF0aW9uYWwgUG9wdWxhdGlvbiBEYXkgYW5kIFdvcmxkIFBvcHVsYXRpb24gRGF5
b5c9ab5c81ea373b56930d21	4Z6R4Z634Z6c4Z624oCL4Z6Z4Z674Z6c4Z6H4Z6T4oCL4Z6i4Z6T4Z+S4Z6P4Z6a4oCL4Z6H4Z624Z6P4Z63	SW50ZXJuYXRpb25hbCBZb3V0aCBEYXk=
b5e6aa60f406ad3d0218bb60	4Z6R4Z634Z6c4Z624oCL4Z6F4Z684Z6b4oCL4Z6G4Z+S4Z6T4Z624Z+G4oCL4Z6f4Z624Z6A4Z6b	TmV3IFllYXIncyBEYXk=
b5ee2cf1a0f18e6d361c43cb	4Z6f4Z+C4Z6T4oCL4Z6A4Z+S4Z6U4Z624Z6b4oCL4Z6R4Z654Z6A	R2hvc3QgRmVzdGl2YWw=
b62b02d4e30a8d1d39e6c436	4Z6W4Z+S4Z6a4Z+H4oCL4Z6a4Z624Z6H4oCL4Z6W4Z634Z6S4Z644oCL4Z6U4Z674Z6O4Z+S4Z6Z4oCL4Z6i4Z674Z+G4oCL4Z6R4Z684Z6AIOGelOGejuGfkuGeiuGfguGej+KAi+GelOGfkuGemuGekeGeuOGelCDhnpPhnrfhnoTigIvhnp/hn4bhnpbhn4figIvhnpbhn5Lhnprhn4figIvhnoHhn4Ig4Z6i4Z6A4Z6i4Z+G4Z6U4Z674Z6A	V2F0ZXIgRmVzdGl2YWw=
b636861c72e23b93d834972c	4Z6R4Z634Z6c4Z624oCL4Z6i4Z6T4Z+S4Z6P4Z6a4oCL4Z6H4Z624Z6P4Z634oCL4Z6H4Z6T4Z6H4Z624Z6P4Z634Z6K4Z6+4Z6Y4Z6X4Z624Z6C4Z6P4Z634Z6F4Z6W4Z634Z6X4Z6W4Z6b4Z+E4Z6A	SW50ZXJuYXRpb25hbCBEYXkgb2YgdGhlIFdvcmxkJ3MgSW5kaWdlbm91cyBQZW9wbGVz
b636a0f7b2d8f5c495ae58ca	4Z6R4Z634Z6c4Z624oCL4Z6i4Z6T4Z+S4Z6P4Z6a4oCL4Z6H4Z624Z6P4Z634oCL4Z6T4Z+D4oCL4Z6C4Z+S4Z6a4Z694Z6f4Z624Z6a	SW50ZXJuYXRpb25hbCBEYXkgb2YgRmFtaWxpZXM=
b636ef2a86fc2d54364eb748	4Z6U4Z634Z6O4Z+S4Z6MIOGfog==	QmVuIDI=
b64e7f3e8f522988042ccf07	4Z6W4Z634Z6S4Z644oCL4Z6U4Z674Z6O4Z+S4Z6Z4oCL4Z6X4Z+S4Z6H4Z674Z+G4oCL4Z6U4Z634Z6O4Z+S4Z6M	UGNodW0gQmVuIEZlc3RpdmFs
b651365e640a1ec221b5eebf	4Z6R4Z634Z6c4Z624oCL4Z6i4Z6T4Z+S4Z6P4Z6a4oCL4Z6H4Z624Z6P4Z634oCL4Z6A4Z624Z6a4Z6W4Z624Z6a4oCL4Z6f4Z+S4Z6a4Z6R4Z624Z6U4Z+L4oCL4Z6i4Z684oCL4Z6g4Z+S4Z6f4Z684Z6TIOGegeGeveGelOGem+GevuGegOGekeGeuOGfo+Gfog==	SW50ZXJuYXRpb25hbCBEYXkgZm9yIHRoZSBQcmVzZXJ2YXRpb24gb2YgdGhlIE96b25lIExheWVy
b65d7d6d1beb08073e6f0e42	4Z6R4Z634Z6c4Z624oCL4Z6i4Z6T4Z+S4Z6P4Z6a4oCL4Z6H4Z624Z6P4Z634oCL4Z6U4Z+S4Z6a4Z6Z4Z674Z6R4Z+S4Z6S4oCL4Z6U4Z+S4Z6a4Z6G4Z624Z+G4Z6E4oCL4Z6C4Z+S4Z6a4Z6/4Z6E4oCL4Z6J4Z+A4Z6T	SW50ZXJuYXRpb25hbCBEYXkgQWdhaW5zdCBEcnVnIEFidXNlIGFuZCBJbGxpY2l0IFRyYWZmaWNraW5n
b67bd91f786a6604b54f503f	4Z6W4Z+S4Z6a4Z+H4oCL4Z6a4Z624Z6H4oCL4Z6W4Z634Z6S4Z644oCL4Z6U4Z674Z6O4Z+S4Z6Z4oCL4Z6F4Z6Y4Z+S4Z6a4Z6+4Z6T4oCL4Z6W4Z+S4Z6a4Z+H4oCL4Z6H4Z6T4Z+S4Z6YIOGeluGfkuGemuGfh+KAi+GegOGemuGeu+GejuGetuKAi+GeluGfkuGemuGfh+KAi+GelOGetuGekeKAi+Gen+GemOGfkuGej+GfgeGeheKAi+GeluGfkuGemuGfh+KAi+GelOGemuGemOKAi+Gek+GetuGekCDhnpPhnprhn4Thno/hn5Lhno/hnpgg4Z6f4Z644Z6g4Z6Y4Z674Z6T4Z64IOGeluGfkuGemuGfh+KAi+GemOGeoOGetuGegOGfkuGen+Gej+GfkuGemuKAi+Gek+Gfg+KAi+GeluGfkuGemuGfh+GemuGetuGeh+GetuGejuGetuGeheGegOGfkuGemuKAi+GegOGemOGfkuGeluGeu+Geh+Getg==	S2luZyBTaWhhbW9uaSdzIEJpcnRoZGF5
b69b03c4d6252e2e9a8aa4e1	4Z6Q4Z+S4Z6E4Z+D4oCL4Z6U4Z674Z6O4Z+S4Z6Z4oCL4Z6T4Z+D4oCL4Z6f4Z+B4Z6F4Z6A4Z+S4Z6P4Z644oCL4Z6f4Z+S4Z6a4Z6b4Z624Z6J4Z+L	VmFsZW50aW5lJ3MgRGF5
b6b1a0a864537d0ea762583b	4Z6R4Z634Z6c4Z624oCL4Z6T4Z6Z4Z+E4Z6U4Z624Z6Z4oCL4Z6R4Z654Z6A	V2F0ZXIgUG9saWN5IERheQ==
b6b64dfb4c746edf363772df	4Z6W4Z+S4Z6a4Z+H4oCL4Z6a4Z624Z6H4oCL4Z6W4Z634Z6S4Z644oCL4Z6U4Z674Z6O4Z+S4Z6Z4oCL4Z6i4Z674Z+G4oCL4Z6R4Z684Z6AIOGelOGejuGfkuGeiuGfguGej+KAi+GelOGfkuGemuGekeGeuOGelCDhnpPhnrfhnoTigIvhnp/hn4bhnpbhn4figIvhnpbhn5Lhnprhn4figIvhnoHhn4Ig4Z6i4Z6A4Z6i4Z+G4Z6U4Z674Z6A	V2F0ZXIgRmVzdGl2YWw=
b6bed5910458813982e94fc4	4Z6U4Z634Z6O4Z+S4Z6MIOGfow==	QmVuIDM=
b7396a9c9578ab2e51030a2c	4Z6R4Z634Z6c4Z624oCL4Z6H4Z624Z6P4Z634oCL4Z6Z4Z6b4Z+L4oCL4Z6K4Z654Z6E4oCL4Z6W4Z644oCL4Z6Y4Z644Z6TIOGegeGeveGelOGem+GevuGegOGekeGeuOGfouGfpQ==	TmF0aW9uYWwgTWluZSBBd2FyZW5lc3MgRGF5
b74f959d4510115a4dffc676	4Z6R4Z634Z6c4Z624oCL4Z6R4Z+B4Z6f4oCL4Z6F4Z6a4Z6O4Z+N4oCL4Z6W4Z634oCL4Z6X4Z6W4oCL4Z6b4Z+E4Z6A	V29ybGQgVG91cmlzbSBEYXk=
b7540c6d9368eb8db724eab9	4Z6a4Z674Z6A4Z+S4Z6B4oCL4Z6R4Z634Z6c4Z62	QXJib3IgRGF5
b7542422f6837e000298b458	4Z6W4Z634Z6S4Z644oCL4Z6U4Z674Z6O4Z+S4Z6Z4oCL4Z6X4Z+S4Z6H4Z674Z+G4oCL4Z6U4Z634Z6O4Z+S4Z6M	UGNodW0gQmVuIEZlc3RpdmFs
b761e3449cfad18d6275c0bc	4Z6R4Z634Z6c4Z624oCL4Z6c4Z6U4Z+S4Z6U4oCL4Z6S4Z6Y4Z+M4oCL4Z6H4Z624Z6P4Z63IOGegeGeveGelOGem+GevuGegOGekeGeuOGfouGfpw==	TmF0aW9uYWwgQ3VsdHVyZSBEYXk=
b77ce1e474ed2c754aee3e8b	4Z6W4Z+S4Z6a4Z+H4oCL4Z6a4Z624Z6H4oCL4Z6W4Z634Z6S4Z644oCL4Z6U4Z674Z6O4Z+S4Z6Z4oCL4Z6i4Z674Z+G4oCL4Z6R4Z684Z6AIOGelOGejuGfkuGeiuGfguGej+KAi+GelOGfkuGemuGekeGeuOGelCDhnpPhnrfhnoTigIvhnp/hn4bhnpbhn4figIvhnpbhn5Lhnprhn4figIvhnoHhn4Ig4Z6i4Z6A4Z6i4Z+G4Z6U4Z674Z6A	V2F0ZXIgRmVzdGl2YWw=
b77efaae1f5df6010e769e84	4Z6U4Z634Z6O4Z+S4Z6MIOGfpw==	QmVuIDc=
b7984deeef6f77e0fc558375	4Z6R4Z634Z6c4Z624oCL4Z6U4Z+S4Z6a4Z6Z4Z674Z6R4Z+S4Z6S4oCL4Z6U4Z+S4Z6a4Z6G4Z624Z+G4Z6E4oCL4Z6i4Z+G4Z6W4Z6+4oCL4Z6W4Z674Z6A4Z6a4Z6b4Z694Z6Z	QW50aS1Db3JydXB0aW9uIERheQ==
b7bf76302da565e9b10a650c	4Z6R4Z634Z6c4Z624oCL4Z6W4Z634Z6X4Z6W4oCL4Z6b4Z+E4Z6A4oCL4Z6A4Z624Z6A4oCL4Z6U4Z624Z6R4oCL4Z6A4Z+S4Z6a4Z6g4Z6YIOGek+Get+GehOKAi+GeouGejOGfkuGejeGeheGek+GfkuGekeGegOGfkuGemuGeoOGemA==	V29ybGQgUmVkIENyb3NzIGFuZCBSZWQgQ3Jlc2NlbnQgRGF5
b7c1e9f1b39286783b9771ca	4Z6G4Z+B4Z6E4oCL4Z6Y4Z+J4Z+B4Z6E	VG9tYi1Td2VlcGluZyBEYXkgKFFpbmdtaW5nIEZlc3RpdmFsKQ==
b7c8808d84afa2ab70da4c0d	4Z6R4Z634Z6c4Z624oCL4Z6W4Z634Z6X4Z6W4oCL4Z6b4Z+E4Z6AIOGeiuGevuGemOGfkuGelOGeuOGen+Geu+GenOGej+GfkuGekOGet+Gel+GetuGeliDhnpPhnrfhnoThnp/hnrvhnoHhnpfhnrbhnpbhnoDhnrbhnprhnoThnrbhnpog4Z6B4Z694Z6U4Z6b4Z6+4Z6A4Z6R4Z644Z+h4Z+n	V29ybGQgRGF5IGZvciBTYWZldHkgYW5kIEhlYWx0aCBhdCBXb3Jr
b7e8ece076c705434f262ca6	4Z6F4Z+B4Z6J4oCL4Z6W4Z+S4Z6a4Z+H4oCL4Z6c4Z6f4Z+S4Z6f4Z62	RW5kaW5nIG9mIEJ1ZGRoaXN0IExlbnQ=
b820cef0288341c6f6f10dd0	4Z6U4Z634Z6O4Z+S4Z6MIOGfoeGfoQ==	QmVuIDEx
b83e3ed09386c27bec8cfda2	4Z6P4Z674Z6b4Z624oCL4Z6A4Z624Z6a4oCL4Z6Z4Z674Z6P4Z+S4Z6P4Z634oCL4Z6S4Z6Y4Z+M4oCL4Z6i4Z6T4Z+S4Z6P4Z6a4oCL4Z6H4Z624Z6P4Z634oCL4Z6A4Z+S4Z6a4Z674Z6E4oCL4Z6h4Z624oCL4Z6i4Z+BIOGen+GemOGfkuGemuGfgeGeheKAi+GeseGfkuGemeKAi+GegOGemOGfkuGeluGeu+Geh+GetuGeh+GetuGemOGfkuGeheGetuGen+Gfi+GegOGemOGfkuGemOGen+Get+GekeGfkuGekuGetyDhnpvhnr7hnpThn5Lhnprhnrbhnp/hnrbhnpHhnpbhn5Lhnprhn4fhnpzhnrfhnqDhnrbhnpog4Z6B4Z694Z6U4Z6b4Z6+4Z6A4Z6R4Z644Z+m4Z+h	SW50ZXJuYXRpb25hbCBDb3VydCBvZiBKdXN0aWNlIGluIFRoZSBIYWd1ZSBkZWNsYXJlZCBDYW1ib2RpYSBpcyB0aGUgb3duZXIgb2YgdGhlIFByZWFoIFZpaGVhciBUZW1wbGU=
b863eb4cf295ff20770f8768	4Z6R4Z634Z6c4Z624oCL4Z6W4Z634Z6X4Z6W4Z6b4Z+E4Z6A4oCL4Z6A4Z+G4Z6F4Z624Z6P4Z+L4oCL4Z6a4Z+E4Z6C4oCL4Z6a4Z6U4Z+B4Z6E	V29ybGQgVHViZXJjdWxvc2lzIERheQ==
b87de5f931593d6865a9e9a5	4Z6W4Z634Z6S4Z644oCL4Z6U4Z674Z6O4Z+S4Z6Z4oCL4Z6X4Z+S4Z6H4Z674Z+G4oCL4Z6U4Z634Z6O4Z+S4Z6M	UGNodW0gQmVuIEZlc3RpdmFs
b887cd532035f5ccb24dce64	4Z6U4Z634Z6O4Z+S4Z6MIOGfoeGfog==	QmVuIDEy
b89cdf53d0757476f181b4d3	4Z6R4Z634Z6c4Z624oCL4Z6T4Z6Z4Z+E4Z6U4Z624Z6Z4oCL4Z6R4Z654Z6A	V2F0ZXIgUG9saWN5IERheQ==
b89fcf0d0d6dc0a6ae040a2f	4Z6W4Z+S4Z6a4Z+H4oCL4Z6a4Z624Z6H4oCL4Z6W4Z634Z6S4Z644oCL4Z6F4Z+S4Z6a4Z6P4Z+L4oCL4Z6W4Z+S4Z6a4Z+H4oCL4Z6T4Z6E4Z+S4Z6C4Z+Q4Z6b	Um95YWwgUGxvdWdoaW5nIENlcmVtb255
b8a1c1d3d2cb74bc76e7bea6	4Z6Q4Z+S4Z6E4Z+D4oCL4Z6U4Z674Z6O4Z+S4Z6Z4oCL4Z6T4Z+D4oCL4Z6f4Z+B4Z6F4Z6A4Z+S4Z6P4Z644oCL4Z6f4Z+S4Z6a4Z6b4Z624Z6J4Z+L	VmFsZW50aW5lJ3MgRGF5
b8ab112c038a45a444d85b85	4Z6R4Z634Z6c4Z624oCL4Z6W4Z6b4Z6A4Z6Y4Z+S4Z6Y4oCL4Z6i4Z6T4Z+S4Z6P4Z6a4Z6H4Z624Z6P4Z63IOGegeGeveGelOGem+GevuGegOGekeGeuOGfoeGfpOGfog==	SW50ZXJuYXRpb25hbCBMYWJvciBEYXk=
b8bcd3b7a0b624944c94d871	4Z6R4Z634Z6c4Z624oCL4Z6i4Z6T4Z+S4Z6P4Z6a4oCL4Z6H4Z624Z6P4Z634oCL4Z6A4Z624Z6a4Z6W4Z624Z6a4oCL4Z6f4Z+S4Z6a4Z6R4Z624Z6U4Z+L4oCL4Z6i4Z684oCL4Z6g4Z+S4Z6f4Z684Z6TIOGegeGeveGelOGem+GevuGegOGekeGeuOGfouGfow==	SW50ZXJuYXRpb25hbCBEYXkgZm9yIHRoZSBQcmVzZXJ2YXRpb24gb2YgdGhlIE96b25lIExheWVy
b8d12823a0f679fbd60deaf1	4Z6R4Z634Z6c4Z624oCL4Z6H4Z6T4oCL4Z6Y4Z624Z6T4oCL4Z6W4Z634Z6A4Z624Z6a4Z6X4Z624Z6W4oCL4Z6i4Z6T4Z+S4Z6P4Z6a4Z6H4Z624Z6P4Z63	SW50ZXJuYXRpb25hbCBEYXkgb2YgRGlzYWJsZWQgUGVyc29ucw==
b90567daa39c7627841a1cda	4Z6f4Z+C4Z6T4oCL4Z6A4Z+S4Z6U4Z624Z6b4oCL4Z6R4Z654Z6A	R2hvc3QgRmVzdGl2YWw=
b908d00ba826913c0cb2dccb	4Z6R4Z634Z6c4Z624oCL4Z6Y4Z6F4Z+S4Z6G4Z624oCL4Z6H4Z624Z6P4Z63	TmF0aW9uYWwgRmlzaCBEYXk=
b91f263bc6ab5ec8e2f2d272	4Z6R4Z634Z6c4Z624oCL4Z6i4Z6T4Z624oCL4Z6Y4Z+Q4Z6Z4oCL4Z6U4Z6a4Z634oCL4Z6f4Z+S4Z6Q4Z624Z6T4oCL4Z6H4Z624Z6P4Z63	TmF0aW9uYWwgRW52aXJvbm1lbnRhbCBTYW5pdGF0aW9uIERheQ==
b925cf6476c91819ef076df2	4Z6R4Z634Z6c4Z624oCL4Z6R4Z+B4Z6f4oCL4Z6F4Z6a4Z6O4Z+N4oCL4Z6W4Z634oCL4Z6X4Z6W4oCL4Z6b4Z+E4Z6A	V29ybGQgVG91cmlzbSBEYXk=
b93af3b230baa79162021d6f	4Z6R4Z634Z6c4Z624Z6R4Z654Z6AIOGek+Get+GehOGep+Gej+Geu+Gek+Get+GemeGemOGeluGet+Gel+GeluGem+GfhOGegA==	V29ybGQgV2F0ZXIgYW5kIFdvcmxkIE1ldGVvcm9sb2dpY2FsIERheQ==
b94738f9887bc2aef08d5eaa	4Z6G4Z+B4Z6E4oCL4Z6Y4Z+J4Z+B4Z6E	VG9tYi1Td2VlcGluZyBEYXkgKFFpbmdtaW5nIEZlc3RpdmFsKQ==
b956e4f614363c19d8a4ca2e	4Z6R4Z634Z6c4Z624oCL4Z6W4Z634Z6X4Z6W4Z6b4Z+E4Z6A4oCL4Z6A4Z+G4Z6F4Z624Z6P4Z+L4oCL4Z6a4Z+E4Z6C4oCL4Z6a4Z6U4Z+B4Z6E	V29ybGQgVHViZXJjdWxvc2lzIERheQ==
b962693e6923c0bcdba356a2	4Z6R4Z634Z6c4Z624oCL4Z6W4Z6b4Z6A4Z6Y4Z+S4Z6Y4oCL4Z6i4Z6T4Z+S4Z6P4Z6a4Z6H4Z624Z6P4Z63IOGegeGeveGelOGem+GevuGegOGekeGeuOGfoeGfouGfpA==	SW50ZXJuYXRpb25hbCBMYWJvciBEYXk=
b96813253724eb51aa7b8cbe	4Z6W4Z634Z6S4Z644oCL4Z6U4Z674Z6O4Z+S4Z6Z4oCL4Z6X4Z+S4Z6H4Z674Z+G4oCL4Z6U4Z634Z6O4Z+S4Z6M	UGNodW0gQmVuIEZlc3RpdmFs
b98bc1290e2fd3223e3555ad	4Z6R4Z634Z6c4Z624oCL4Z6A4Z674Z6Y4Z624Z6a4oCL4Z6i4Z6T4Z+S4Z6P4Z6a4oCL4Z6H4Z624Z6P4Z63IOGegeGeveGelOGem+GevuGegOGekeGeuOGfp+GfpA==	SW50ZXJuYXRpb25hbCBDaGlsZHJlbidzIERheQ==
b9b832e332b051632995dae1	4Z6R4Z634Z6c4Z624oCL4Z6f4Z+B4Z6a4Z644oCL4Z6X4Z624Z6W4oCL4Z6f4Z624Z6a4Z6W4Z+Q4Z6P4Z+M4Z6Y4Z624Z6T4oCL4Z6W4Z634Z6X4Z6W4oCL4Z6b4Z+E4Z6AIOGegeGeveGelOGem+GevuGegOGekeGeuOGfo+Gfpg==	V29ybGQgUHJlc3MgRnJlZWRvbSBEYXk=
b9cb3f24ba61905f718bb014	4Z6W4Z634Z6S4Z644oCL4Z6U4Z674Z6O4Z+S4Z6Z4oCL4Z6X4Z+S4Z6H4Z674Z+G4oCL4Z6U4Z634Z6O4Z+S4Z6M	UGNodW0gQmVuIEZlc3RpdmFs
b9d255e9d57c9b14c214bffe	4Z6W4Z634Z6S4Z644oCL4Z6f4Z634Z6P4oCL4Z6R4Z+A4Z6T4oCL4Z6W4Z+S4Z6a4Z+H4oCL4Z6c4Z6f4Z+S4Z6f4Z62	QnVkZGhpc3QgTGVudCBDYW5kbGVzIE1ha2luZyBEYXk=
b9d9b17286f95884d3bc315e	4Z6R4Z634Z6c4Z624oCL4Z6c4Z6U4Z+S4Z6U4oCL4Z6S4Z6Y4Z+M4oCL4Z6H4Z624Z6P4Z63IOGegeGeveGelOGem+GevuGegOGekeGeuOGfoeGfqQ==	TmF0aW9uYWwgQ3VsdHVyZSBEYXk=
ba2b79f936393673ecef011e	4Z6A4Z+G4Z6O4Z6+4Z6P4oCL4Z6T4Z6C4Z6a4oCL4Z6U4Z624Z6b4oCL4Z6H4Z624Z6P4Z63IOGegeGeveGelOGem+GevuGegOGekeGeuOGfp+GfpA==	QmlydGggb2YgdGhlIE5hdGlvbmFsIFBvbGljZQ==
ba41204c3b2cf4c2abe6ce17	4Z6R4Z634Z6c4Z624oCL4Z6H4Z+Q4Z6Z4oCL4Z6H4Z6Y4Z+S4Z6T4Z+H4oCL4Z6b4Z6+4oCL4Z6a4Z6U4Z6U4oCL4Z6U4Z+S4Z6a4Z6b4Z+Q4Z6Z4oCL4Z6W4Z684Z6H4oCL4Z6f4Z624Z6f4Z6T4Z+NIOGegeGeveGelOGem+GevuGegOGekeGeuOGfouGfpw==	VmljdG9yeSBPdmVyIEdlbm9jaWRlIERheQ==
ba57351e85d8426b06bee392	4Z6R4Z634Z6c4Z624Z6R4Z654Z6AIOGek+Get+GehOGep+Gej+Geu+Gek+Get+GemeGemOGeluGet+Gel+GeluGem+GfhOGegA==	V29ybGQgV2F0ZXIgYW5kIFdvcmxkIE1ldGVvcm9sb2dpY2FsIERheQ==
ba7ca490fd9b33da136721b0	4Z6R4Z634Z6c4Z624oCL4Z6F4Z684Z6b4oCL4Z6G4Z+S4Z6T4Z624Z+G4oCL4Z6f4Z624Z6A4Z6b	TmV3IFllYXIncyBEYXk=
ba7e645756b875cfce0a378b	4Z6W4Z634Z6S4Z644oCL4Z6U4Z674Z6O4Z+S4Z6Z4oCL4Z6X4Z+S4Z6H4Z674Z+G4oCL4Z6U4Z634Z6O4Z+S4Z6M	UGNodW0gQmVuIEZlc3RpdmFs
ba7ec56dd6404a23e5c25d0a	4Z6W4Z+S4Z6a4Z+H4oCL4Z6a4Z624Z6H4oCL4Z6W4Z634Z6S4Z644oCL4Z6F4Z+S4Z6a4Z6P4Z+L4oCL4Z6W4Z+S4Z6a4Z+H4oCL4Z6T4Z6E4Z+S4Z6C4Z+Q4Z6b	Um95YWwgUGxvdWdoaW5nIENlcmVtb255
ba7f993f3670a2fa2abe7ffc	4Z6W4Z634Z6S4Z644oCL4Z6U4Z+G4Z6U4Z694Z6f4oCL4Z6T4Z624Z6C4oCL4Z6B4Z+S4Z6T4Z624Z6T	VGhlIE9yZGFpbmVkIERyYWdvbiBNb25r
ba7fa20dc6adadee1d85f4a4	4Z6R4Z634Z6c4Z624oCL4Z6C4Z+S4Z6a4Z684oCL4Z6U4Z6E4Z+S4Z6a4Z+A4Z6T4oCL4Z6W4Z634Z6X4Z6W4oCL4Z6b4Z+E4Z6A	V29ybGQgVGVhY2hlcidzIERheQ==
ba94f3e59012708315c56e81	4Z6R4Z634Z6c4Z624Z6Y4Z624Z6P4Z62	TW90aGVyJ3MgRGF5
baa638224303919ff257e5e4	4Z6W4Z634Z6S4Z644oCL4Z6U4Z674Z6O4Z+S4Z6Z4oCL4Z6X4Z+S4Z6H4Z674Z+G4oCL4Z6U4Z634Z6O4Z+S4Z6M	UGNodW0gQmVuIEZlc3RpdmFs
baaf9c8ca987af3fed8b7a5c	4Z6R4Z634Z6c4Z624oCL4Z6n4Z6R4Z+S4Z6Z4Z624Z6T4Z674oCL4Z6a4Z6A4Z+S4Z6f4Z6W4Z634Z6X4Z6W4Z6b4Z+E4Z6AIOGegeGeveGelOGem+GevuGegOGekeGeuOGfoeGfpQ==	V29ybGQgUmFuZ2VyIERheQ==
bab263b80eba045ee0c4a814	4Z6F4Z684Z6b4oCL4Z6G4Z+S4Z6T4Z624Z+G4oCL4Z6F4Z634Z6T	Q2hpbmVzZSBOZXcgWWVhcg==
bafcc499f987e7a3cf13e4f2	4Z6W4Z+S4Z6a4Z+H4oCL4Z6a4Z624Z6H4oCL4Z6W4Z634Z6S4Z644oCL4Z6U4Z674Z6O4Z+S4Z6Z4oCL4Z6i4Z674Z+G4oCL4Z6R4Z684Z6AIOGelOGejuGfkuGeiuGfguGej+KAi+GelOGfkuGemuGekeGeuOGelCDhnpPhnrfhnoTigIvhnp/hn4bhnpbhn4figIvhnpbhn5Lhnprhn4figIvhnoHhn4Ig4Z6i4Z6A4Z6i4Z+G4Z6U4Z674Z6A	V2F0ZXIgRmVzdGl2YWw=
bb0ede866d5897ad3c043244	4Z6R4Z634Z6c4Z624oCL4Z6H4Z6T4oCL4Z6Y4Z624Z6T4oCL4Z6W4Z634Z6A4Z624Z6a4Z6X4Z624Z6W4oCL4Z6i4Z6T4Z+S4Z6P4Z6a4Z6H4Z624Z6P4Z63	SW50ZXJuYXRpb25hbCBEYXkgb2YgRGlzYWJsZWQgUGVyc29ucw==
bb169ae4a5fb5a0b16456ee9	4Z6F4Z684Z6b4oCL4Z6G4Z+S4Z6T4Z624Z+G4oCL4Z6F4Z634Z6T	Q2hpbmVzZSBOZXcgWWVhcg==
bb22eaad6eb011b74d0f0c63	4Z6R4Z634Z6c4Z624Z6a4Z+G4Z6b4Z654Z6A4oCL4Z6B4Z694Z6U4oCL4Z6T4Z+D4oCL4Z6A4Z634Z6F4Z+S4Z6F4Z6W4Z+S4Z6a4Z6Y4Z6W4Z+S4Z6a4Z+A4Z6E4oCL4Z6f4Z6T4Z+S4Z6P4Z634Z6X4Z624Z6W4oCL4Z6R4Z644Z6A4Z+S4Z6a4Z674Z6E4oCL4Z6U4Z+J4Z624Z6a4Z644Z6f	UGFyaXMgUGVhY2UgQWdyZWVtZW50IERheQ==
bb246b46926878b6338fc1e5	4Z6U4Z634Z6O4Z+S4Z6MIOGfow==	QmVuIDM=
bb47ee0d621362a680d8f2aa	4Z6U4Z634Z6O4Z+S4Z6MIOGfpA==	QmVuIDQ=
bb8a64eaa73d20c162210be7	4Z6P4Z+G4Z6U4Z6T4Z+L4oCL4Z6a4Z6Y4Z6O4Z644oCL4Z6K4Z+S4Z6L4Z624Z6T4oCL4Z6i4Z6E4Z+S4Z6C4Z6aIOGej+GfkuGemuGevOGenOKAi+GelOGetuGek+KAi+GeheGeu+Gfh+KAi+GegOGfkuGek+Geu+GehOKAi+GelOGeieGfkuGeh+GeuOKAi+GelOGfgeGej+Get+GegOKAi+Gel+GejuGfkuGejOKAi+GeluGet+Gel+GeluGem+GfhOGegOGemuGelOGen+Gfi+GeouGehOGfkuGeguGegOGetuGemuGemeGevOGejuGfgeGen+GfkuGegOGevCDhnoHhnr3hnpThnpvhnr7hnoDhnpHhnrjhn6Hhn6I=	QW5na29yIHdhcyBpbnNjcmliZWQgb24gdGhlIFVORVNDTyBXb3JsZCBIZXJpdGFnZSBMaXN0
bb9b64bee8926c441a2f012c	4Z6Q4Z+S4Z6E4Z+D4oCL4Z6f4Z+C4Z6T4oCL4Z6K4Z6A4oCL4Z6H4Z6+4Z6E4oCL4Z6S4Z684Z6U	S2l0Y2hlbiBHb2QgRmVzdGl2YWw=
bbcadb21c88ed5ff3938823e	4Z6R4Z634Z6c4Z624oCL4Z6H4Z624Z6P4Z634oCL4Z6T4Z+D4oCL4Z6A4Z624Z6a4oCL4Z6F4Z6E4oCL4Z6F4Z624Z+G	TmF0aW9uYWwgRGF5IG9mIFJlbWVtYnJhbmNl
bbccd75ca4ca81e7786b5b29	4Z6R4Z634Z6c4Z624oCL4Z6i4Z6T4Z+S4Z6P4Z6a4oCL4Z6H4Z624Z6P4Z634oCL4Z6H4Z6T4Z6H4Z624Z6P4Z634Z6K4Z6+4Z6Y4Z6X4Z624Z6C4Z6P4Z634Z6F4Z6W4Z634Z6X4Z6W4Z6b4Z+E4Z6A	SW50ZXJuYXRpb25hbCBEYXkgb2YgdGhlIFdvcmxkJ3MgSW5kaWdlbm91cyBQZW9wbGVz
bbce28f87d31e8f84a099fef	4Z6R4Z634Z6c4Z624oCL4Z6H4Z+Q4Z6Z4oCL4Z6H4Z6Y4Z+S4Z6T4Z+H4oCL4Z6b4Z6+4oCL4Z6a4Z6U4Z6U4oCL4Z6U4Z+S4Z6a4Z6b4Z+Q4Z6Z4oCL4Z6W4Z684Z6H4oCL4Z6f4Z624Z6f4Z6T4Z+NIOGegeGeveGelOGem+GevuGegOGekeGeuOGfouGfqQ==	VmljdG9yeSBPdmVyIEdlbm9jaWRlIERheQ==
bbf87eac403bb0820db4b53a	4Z6A4Z6Y4Z+S4Z6W4Z674Z6H4Z624oCL4Z6F4Z684Z6b4oCL4Z6H4Z624oCL4Z6f4Z6Y4Z624oCL4Z6H4Z634Z6A4oCL4Z6i4Z624Z6f4Z+K4Z624Z6TIOGegeGeveGelOGem+GevuGegOGekeGeuOGfouGfoA==	Q2FtYm9kaWEgam9pbmVkIFRoZSBBc3NvY2lhdGlvbiBvZiBTb3V0aGVhc3QgQXNpYW4gTmF0aW9ucyAoQVNFQU4p
bc26db50a3197b0839469c3f	4Z6R4Z634Z6c4Z624oCL4Z6W4Z634Z6X4Z6W4oCL4Z6b4Z+E4Z6A4oCL4Z6C4Z+S4Z6Y4Z624Z6T4oCL4Z6Q4Z+S4Z6T4Z624Z+G4oCL4Z6H4Z6A4Z+L	V29ybGQgTm8gVG9iYWNjbyBEYXk=
bc320b4c95c55307e2cc734c	4Z6U4Z634Z6O4Z+S4Z6MIOGfoeGfog==	QmVuIDEy
bc55592362f792d59cc79735	4Z6R4Z634Z6c4Z624oCL4Z6W4Z634Z6X4Z6W4Z6b4Z+E4Z6A4oCL4Z6A4Z+G4Z6F4Z624Z6P4Z+L4oCL4Z6a4Z+E4Z6C4oCL4Z6a4Z6U4Z+B4Z6E	V29ybGQgVHViZXJjdWxvc2lzIERheQ==
bc793a9cf716565a97e37420	4Z6R4Z634Z6c4Z624oCL4Z6H4Z624Z6P4Z634oCL4Z6T4Z+D4oCL4Z6A4Z624Z6a4oCL4Z6F4Z6E4oCL4Z6F4Z624Z+G	TmF0aW9uYWwgRGF5IG9mIFJlbWVtYnJhbmNl
bc7f398d6fea8591a25dcce6	4Z6A4Z6Y4Z+S4Z6W4Z674Z6H4Z624oCL4Z6F4Z684Z6b4oCL4Z6H4Z624oCL4Z6f4Z6Y4Z624oCL4Z6H4Z634Z6A4oCL4Z6i4Z6E4Z+S4Z6C4oCL4Z6A4Z624Z6a4oCL4Z6f4Z6g4oCL4Z6U4Z+S4Z6a4Z6H4Z624Z6H4Z624Z6P4Z63IOGegeGeveGelOGem+GevuGegOGekeGeuOGfpOGfqQ==	Q2FtYm9kaWEgYmVjYW1lIGEgbWVtYmVyIG9mIHRoZSBVbml0ZWQgTmF0aW9ucw==
bc7fd9ba2b4fa57213dc9f60	4Z6R4Z634Z6c4Z624oCL4Z6f4Z674Z6B4oCL4Z6X4Z624Z6W4oCL4Z6W4Z634Z6X4Z6W4oCL4Z6b4Z+E4Z6A	V29ybGQgSGVhbHRoIERheQ==
bc8290d936f5e1dd002889c3	4Z6W4Z+S4Z6a4Z+H4oCL4Z6a4Z624Z6H4oCL4Z6W4Z634Z6S4Z644oCL4Z6U4Z674Z6O4Z+S4Z6Z4oCL4Z6F4Z6Y4Z+S4Z6a4Z6+4Z6T4oCL4Z6W4Z+S4Z6a4Z+H4oCL4Z6H4Z6T4Z+S4Z6YIOGeluGfkuGemuGfh+KAi+GegOGemuGeu+GejuGetuKAi+GeluGfkuGemuGfh+KAi+GelOGetuGekeKAi+Gen+GemOGfkuGej+GfgeGeheKAi+GeluGfkuGemuGfh+KAi+GelOGemuGemOKAi+Gek+GetuGekCDhnpPhnprhn4Thno/hn5Lhno/hnpgg4Z6f4Z644Z6g4Z6Y4Z674Z6T4Z64IOGeluGfkuGemuGfh+KAi+GemOGeoOGetuGegOGfkuGen+Gej+GfkuGemuKAi+Gek+Gfg+KAi+GeluGfkuGemuGfh+GemuGetuGeh+GetuGejuGetuGeheGegOGfkuGemuKAi+GegOGemOGfkuGeluGeu+Geh+Getg==	S2luZyBTaWhhbW9uaSdzIEJpcnRoZGF5
bc9a4cbcb16312a94e9f91c9	4Z6b4Z+S4Z6B4Z+E4Z6T4oCL4Z6B4Z+E4Z6b4oCL4Z6c4Z6P4Z+S4Z6P4oCL4Z6f4Z+S4Z6c4Z624Z6Z4oCL4Z6i4Z6O4Z+S4Z6P4Z+C4Z6PIOGej+GfkuGemuGevOGenOKAi+GelOGetuGek+KAi+GeheGeu+Gfh+KAi+GegOGfkuGek+Geu+GehOKAi+GelOGeieGfkuGeh+GeuOKAi+GelOGfgeGej+Get+GegOKAi+Gel+GejuGfkuGejOKAi+GenOGelOGfkuGelOKAi+GekuGemOGfjOKAi+GeouGemuGevOGelOGeuOGek+Gfg+GemOGek+Geu+Gen+GfkuGen+Geh+GetuGej+GetyDhnoHhnr3hnpThnpvhnr7hnoDhnpHhnrjhn6M=	TGtob24gS2hvbCBXYXQgU3ZheSBBbmRldCBpbnNjcmliZWQgb24gdGhlIExpc3Qgb2YgSW50YW5naWJsZSBDdWx0dXJhbCBIZXJpdGFnZSBpbiBOZWVkIG9mIFVyZ2VudCBTYWZlZ3VhcmRpbmc=
bccc6018eae33d65186887d7	4Z6C4Z674Z6T4oCL4Z6b4Z+S4Z6U4Z674Z6A4Z+S4Z6A4oCL4Z6P4Z+EIOGej+GfkuGemuGevOGenOKAi+GelOGetuGek+KAi+GeheGeu+Gfh+GegOGfkuGek+Geu+GehOGelOGeieGfkuGeh+GeuOGelOGfgeGej+Get+GegOGel+GejuGfkuGejOGenOGelOGfkuGelOGekuGemOGfjOGeouGemuGevOGelOGeuOGek+Gfg+GemOGek+Geu+Gen+GfkuGen+Geh+GetuGej+GetyDhnoHhnr3hnpThnpvhnr7hnoDhnpHhnrjhn6Q=	S3VuIExib2thdG9yIGluc2NyaWJlZCBvbiB0aGUgUmVwcmVzZW50YXRpdmUgTGlzdCBvZiB0aGUgSW50YW5naWJsZSBDdWx0dXJhbCBIZXJpdGFnZSBvZiBIdW1hbml0eQ==
bcf1e5b737bfa85f2b950cf3	4Z6A4Z6Y4Z+S4Z6W4Z674Z6H4Z624oCL4Z6F4Z684Z6b4oCL4Z6H4Z624oCL4Z6f4Z6Y4Z624oCL4Z6H4Z634Z6A4oCL4Z6i4Z624Z6f4Z+K4Z624Z6TIOGegeGeveGelOGem+GevuGegOGekeGeuOGfouGfpw==	Q2FtYm9kaWEgam9pbmVkIFRoZSBBc3NvY2lhdGlvbiBvZiBTb3V0aGVhc3QgQXNpYW4gTmF0aW9ucyAoQVNFQU4p
bd1219c28f6a53978a785f71	4Z6W4Z634Z6S4Z644oCL4Z6U4Z+G4Z6U4Z694Z6f4oCL4Z6T4Z624Z6C4oCL4Z6B4Z+S4Z6T4Z624Z6T	VGhlIE9yZGFpbmVkIERyYWdvbiBNb25r
bd156956cb4970e14483c395	4Z6W4Z634Z6S4Z644oCL4Z6U4Z674Z6O4Z+S4Z6Z4oCL4Z6X4Z+S4Z6H4Z674Z+G4oCL4Z6U4Z634Z6O4Z+S4Z6M	UGNodW0gQmVuIEZlc3RpdmFs
bd2699a57c7b965f8bbd0494	4Z6R4Z634Z6c4Z624oCL4Z6U4Z644Z6P4Z62	RmF0aGVyJ3MgRGF5
bd48b45338b01f2647befcfd	4Z6W4Z634Z6S4Z644oCL4Z6U4Z674Z6O4Z+S4Z6Z4oCL4Z6F4Z684Z6b4oCL4Z6G4Z+S4Z6T4Z624Z+G4oCL4Z6Q4Z+S4Z6Y4Z64IOGelOGfkuGemuGeluGfg+GejuGeuOKAi+Geh+GetuGej+GetyAtIOGemOGeoOGetuKAi+Gen+GehOGfkuGegOGfkuGemuGetuGek+GfkuGejyDhnpjhn4nhn4ThnoQg4Z+g4Z+iOuGfouGfpCBQTQ==	S2htZXIgTmV3IFllYXIgLSBNb2hhIFNhbmtyYW50YSBhdCAwMjoyNCBQTQ==
bd4f3eebe00e917abf25cdae	4Z6R4Z634Z6c4Z624oCL4Z6U4Z+S4Z6a4Z6A4Z624Z6f4oCL4Z6a4Z6K4Z+S4Z6L4oCL4Z6S4Z6Y4Z+S4Z6Y4Z6T4Z674Z6J4Z+S4Z6JIOGegeGeveGelOGem+GevuGegOGekeGeuOGfouGfpQ==	Q29uc3RpdHV0aW9uIERheQ==
bd50ee56a956c924b75528aa	4Z6Q4Z+S4Z6E4Z+D4oCL4Z6f4Z+C4Z6T4oCL4Z6F4Z684Z6b4oCL4Z6G4Z+S4Z6T4Z624Z+G4oCL4Z6F4Z634Z6T	Q2hpbmVzZSBOZXcgWWVhcidzIEV2ZQ==
bd5b3b5d8b119b30a9aca917	4Z6U4Z674Z6O4Z+S4Z6Z4oCL4Z6O4Z684Z6i4Z+C4Z6b	Q2hyaXN0bWFzIERheQ==
bd64d6a2c3c1a9a9c3ff1f4d	4Z6U4Z634Z6O4Z+S4Z6MIOGfpQ==	QmVuIDU=
bd7810b63ce07946f7879af7	4Z6F4Z684Z6b4oCL4Z6G4Z+S4Z6T4Z624Z+G4oCL4Z6F4Z634Z6T	Q2hpbmVzZSBOZXcgWWVhcg==
bd795f026bc5da0f0f0e54fa	4Z6U4Z634Z6O4Z+S4Z6MIOGfoeGfog==	QmVuIDEy
bd7b6fc8f6147d8b319b3b6a	4Z6W4Z634Z6S4Z644oCL4Z6f4Z634Z6P4oCL4Z6R4Z+A4Z6T4oCL4Z6W4Z+S4Z6a4Z+H4oCL4Z6c4Z6f4Z+S4Z6f4Z62	QnVkZGhpc3QgTGVudCBDYW5kbGVzIE1ha2luZyBEYXk=
bd807f2347541eea1c4a26fa	4Z6W4Z634Z6S4Z644oCL4Z6U4Z674Z6O4Z+S4Z6Z4oCL4Z6F4Z684Z6b4oCL4Z6G4Z+S4Z6T4Z624Z+G4oCL4Z6Q4Z+S4Z6Y4Z64IOGelOGfkuGemuGeluGfg+GejuGeuOKAi+Geh+GetuGej+GetyAtIOGekOGfkuGehOGfg+KAi+GeoeGevuGehOKAi+Gen+GfkOGegA==	S2htZXIgTmV3IFllYXIgLSBWZWFyZWFrIExhZXVuZyBTYWs=
bdb1fa390a6d346f8d88abb4	4Z6W4Z634Z6S4Z644oCL4Z6U4Z674Z6O4Z+S4Z6Z4oCL4Z6X4Z+S4Z6H4Z674Z+G4oCL4Z6U4Z634Z6O4Z+S4Z6M	UGNodW0gQmVuIEZlc3RpdmFs
bdb51025548c52f230fd6df9	4Z6R4Z634Z6c4Z624oCL4Z6U4Z644Z6P4Z62	RmF0aGVyJ3MgRGF5
bdd3aae4cbed6bdc030f2074	4Z6U4Z674Z6O4Z+S4Z6Z4oCL4Z6g4Z624Z6h4Z684Z6c4Z644Z6T	SGFsbG93ZWVu
bdd50f1a2dfc41c1a8000980	4Z6W4Z+S4Z6a4Z+H4oCL4Z6a4Z624Z6H4oCL4Z6W4Z634Z6S4Z644oCL4Z6U4Z674Z6O4Z+S4Z6Z4oCL4Z6i4Z674Z+G4oCL4Z6R4Z684Z6AIOGelOGejuGfkuGeiuGfguGej+KAi+GelOGfkuGemuGekeGeuOGelCDhnpPhnrfhnoTigIvhnp/hn4bhnpbhn4figIvhnpbhn5Lhnprhn4figIvhnoHhn4Ig4Z6i4Z6A4Z6i4Z+G4Z6U4Z674Z6A	V2F0ZXIgRmVzdGl2YWw=
bdd6a3970e07e9250500075f	4Z6W4Z634Z6S4Z644oCL4Z6f4Z634Z6P4oCL4Z6R4Z+A4Z6T4oCL4Z6W4Z+S4Z6a4Z+H4oCL4Z6c4Z6f4Z+S4Z6f4Z62	QnVkZGhpc3QgTGVudCBDYW5kbGVzIE1ha2luZyBEYXk=
bde279c2debeac5a38b6c86f	4Z6P4Z+G4Z6U4Z6T4Z+L4oCL4Z6a4Z6Y4Z6O4Z644oCL4Z6K4Z+S4Z6L4Z624Z6T4oCL4Z6i4Z6E4Z+S4Z6C4Z6aIOGej+GfkuGemuGevOGenOKAi+GelOGetuGek+KAi+GeheGeu+Gfh+KAi+GegOGfkuGek+Geu+GehOKAi+GelOGeieGfkuGeh+GeuOKAi+GelOGfgeGej+Get+GegOKAi+Gel+GejuGfkuGejOKAi+GeluGet+Gel+GeluGem+GfhOGegOGemuGelOGen+Gfi+GeouGehOGfkuGeguGegOGetuGemuGemeGevOGejuGfgeGen+GfkuGegOGevCDhnoHhnr3hnpThnpvhnr7hnoDhnpHhnrjhn6Lhn6Q=	QW5na29yIHdhcyBpbnNjcmliZWQgb24gdGhlIFVORVNDTyBXb3JsZCBIZXJpdGFnZSBMaXN0
bdf8ade527890f3b924e4624	4Z6f4Z+C4Z6T4oCL4Z6A4Z+S4Z6U4Z624Z6b4oCL4Z6R4Z654Z6A	R2hvc3QgRmVzdGl2YWw=
be15cb929c68163bd630ccc3	4Z6R4Z634Z6c4Z624oCL4Z6U4Z644Z6P4Z62	RmF0aGVyJ3MgRGF5
be1f669ee3498e359dd608a6	4Z6F4Z684Z6b4oCL4Z6G4Z+S4Z6T4Z624Z+G4oCL4Z6F4Z634Z6T	Q2hpbmVzZSBOZXcgWWVhcg==
be2140fdff433eaa0bee409d	4Z6U4Z674Z6O4Z+S4Z6Z4oCL4Z6O4Z684Z6i4Z+C4Z6b	Q2hyaXN0bWFzIERheQ==
be2b68fef38c449f6733375e	4Z6R4Z634Z6c4Z624oCL4Z6U4Z+S4Z6a4Z6A4Z624Z6f4oCL4Z6a4Z6K4Z+S4Z6L4oCL4Z6S4Z6Y4Z+S4Z6Y4Z6T4Z674Z6J4Z+S4Z6JIOGegeGeveGelOGem+GevuGegOGekeGeuOGfqQ==	Q29uc3RpdHV0aW9uIERheQ==
be2d7237112636f870da9bdf	4Z6f4Z+C4Z6T4Z6T4Z+G4Z6i4Z+K4Z64	V2ludGVyIFNvbHN0aWNlIEZlc3RpdmFs
be2fa180abf9ceb6dcb2cc5d	4Z6A4Z+S4Z6a4Z6Y4Z62IOGej+GfkuGemuGevOGenOKAi+GelOGetuGek+KAi+GeheGeu+Gfh+GegOGfkuGek+Geu+GehOGelOGeieGfkuGeh+GeuOGelOGfgeGej+Get+GegOGel+GejuGfkuGejOGenOGelOGfkuGelOGekuGemOGfjOGeouGemuGevOGelOGeuOGek+Gfg+GemOGek+Geu+Gen+GfkuGen+Geh+GetuGej+GetyDhnoHhnr3hnpThnpvhnr7hnoDhnpHhnrjhn6Y=	S3JhbWEgaW5zY3JpYmVkIG9uIHRoZSBSZXByZXNlbnRhdGl2ZSBMaXN0IG9mIHRoZSBJbnRhbmdpYmxlIEN1bHR1cmFsIEhlcml0YWdlIG9mIEh1bWFuaXR5
be504085a97e2445c58c7e1c	4Z6f4Z+C4Z6T4oCL4Z6A4Z+S4Z6U4Z624Z6b4oCL4Z6R4Z654Z6A	R2hvc3QgRmVzdGl2YWw=
be7b1cca96a5c10d25388890	4Z6R4Z634Z6c4Z624oCL4Z6H4Z624Z6P4Z634oCL4Z6U4Z+S4Z6a4Z6G4Z624Z+G4Z6E4oCL4Z6A4Z624Z6a4oCL4Z6H4Z694Z6J4oCL4Z6K4Z684Z6a4oCL4Z6Y4Z6T4Z674Z6f4Z+S4Z6f	TmF0aW9uYWwgQW50aS1IdW1hbiBUcmFmZmlja2luZyBEYXk=
be8eea428497b585b9c3e5fb	4Z6R4Z634Z6c4Z624oCL4Z6U4Z+S4Z6a4Z6Z4Z674Z6R4Z+S4Z6S4oCL4Z6U4Z+S4Z6a4Z6G4Z624Z+G4Z6E4oCL4Z6i4Z+G4Z6W4Z6+4oCL4Z6W4Z674Z6A4Z6a4Z6b4Z694Z6Z	QW50aS1Db3JydXB0aW9uIERheQ==
be916dddf784928b71cce9fa	4Z6R4Z634Z6c4Z624oCL4Z6i4Z6T4Z+S4Z6P4Z6a4oCL4Z6H4Z624Z6P4Z634oCL4Z6U4Z+S4Z6a4Z6Z4Z674Z6R4Z+S4Z6S4oCL4Z6U4Z+S4Z6a4Z6G4Z624Z+G4Z6E4oCL4Z6C4Z+S4Z6a4Z6/4Z6E4oCL4Z6J4Z+A4Z6T	SW50ZXJuYXRpb25hbCBEYXkgQWdhaW5zdCBEcnVnIEFidXNlIGFuZCBJbGxpY2l0IFRyYWZmaWNraW5n
beb5a357ad7097ac02c6bd15	4Z6R4Z634Z6c4Z624oCL4Z6H4Z+Q4Z6Z4oCL4Z6H4Z6Y4Z+S4Z6T4Z+H4oCL4Z6b4Z6+4oCL4Z6a4Z6U4Z6U4oCL4Z6U4Z+S4Z6a4Z6b4Z+Q4Z6Z4oCL4Z6W4Z684Z6H4oCL4Z6f4Z624Z6f4Z6T4Z+NIOGegeGeveGelOGem+GevuGegOGekeGeuOGfo+GfqA==	VmljdG9yeSBPdmVyIEdlbm9jaWRlIERheQ==
beb7b6c2d2d311df00f534d2	4Z6R4Z634Z6c4Z624oCL4Z6H4Z624Z6P4Z634oCL4Z6T4Z+D4oCL4Z6A4Z624Z6a4oCL4Z6F4Z6E4oCL4Z6F4Z624Z+G	TmF0aW9uYWwgRGF5IG9mIFJlbWVtYnJhbmNl
bec1fc945dbba1f46a6b4a7b	4Z6W4Z+S4Z6a4Z+H4oCL4Z6a4Z624Z6H4oCL4Z6W4Z634Z6S4Z644oCL4Z6U4Z674Z6O4Z+S4Z6Z4oCL4Z6i4Z674Z+G4oCL4Z6R4Z684Z6AIOGelOGejuGfkuGeiuGfguGej+KAi+GelOGfkuGemuGekeGeuOGelCDhnpPhnrfhnoTigIvhnp/hn4bhnpbhn4figIvhnpbhn5Lhnprhn4figIvhnoHhn4Ig4Z6i4Z6A4Z6i4Z+G4Z6U4Z674Z6A	V2F0ZXIgRmVzdGl2YWw=
becb543b863b25224e20b4a5	4Z6W4Z+S4Z6a4Z+H4oCL4Z6a4Z624Z6H4oCL4Z6W4Z634Z6S4Z644oCL4Z6C4Z+S4Z6a4Z6E4oCL4Z6W4Z+S4Z6a4Z+H4oCL4Z6U4Z6a4Z6Y4oCL4Z6a4Z624Z6H4oCL4Z6f4Z6Y4Z+S4Z6U4Z6P4Z+S4Z6P4Z63IOGeluGfkuGemuGfh+KAi+GegOGemuGeu+GejuGetuKAi+GeluGfkuGemuGfh+KAi+GelOGetuGekeKAi+Gen+GemOGfkuGej+GfgeGeheKAi+GeluGfkuGemuGfh+KAi+GelOGemuGemOGek+GetuGekCDhnpPhnprhn4Thno/hn5Lhno/hnpgg4Z6f4Z644Z6g4Z6Y4Z674Z6T4Z64IOGeluGfkuGemuGfh+KAi+GemOGeoOGetuGegOGfkuGen+Gej+GfkuGemuKAi+Gek+Gfg+KAi+GeluGfkuGemuGfh+GemuGetuGeh+GetuGejuGetuGeheGegOGfkuGemuKAi+GegOGemOGfkuGeluGeu+Geh+Getg==	S2luZydzIENvcm9uYXRpb24gRGF5
bedabeb6b8f924eb6cb300dc	4Z6U4Z634Z6O4Z+S4Z6MIOGfoeGfow==	QmVuIDEz
bedade017b1f82e4600175db	4Z6F4Z684Z6b4oCL4Z6W4Z+S4Z6a4Z+H4oCL4Z6c4Z6f4Z+S4Z6f4Z62	QmVnaW5uaW5nIG9mIEJ1ZGRoaXN0IExlbnQ=
bef390c653ca4d676c628691	4Z6R4Z634Z6c4Z624oCL4Z6W4Z634Z6X4Z6W4oCL4Z6b4Z+E4Z6AIOGeiuGevuGemOGfkuGelOGeuOGen+Geu+GenOGej+GfkuGekOGet+Gel+GetuGeliDhnpPhnrfhnoThnp/hnrvhnoHhnpfhnrbhnpbhnoDhnrbhnprhnoThnrbhnpog4Z6B4Z694Z6U4Z6b4Z6+4Z6A4Z6R4Z644Z+h4Z+l	V29ybGQgRGF5IGZvciBTYWZldHkgYW5kIEhlYWx0aCBhdCBXb3Jr
bf1368ec4281f1dfb6b58990	4Z6W4Z634Z6S4Z644oCL4Z6U4Z674Z6O4Z+S4Z6Z4oCL4Z6F4Z684Z6b4oCL4Z6G4Z+S4Z6T4Z624Z+G4oCL4Z6Q4Z+S4Z6Y4Z64IOGelOGfkuGemuGeluGfg+GejuGeuOKAi+Geh+GetuGej+GetyAtIOGekOGfkuGehOGfg+KAi+GeoeGevuGehOKAi+Gen+GfkOGegA==	S2htZXIgTmV3IFllYXIgLSBWZWFyZWFrIExhZXVuZyBTYWs=
bf5143716fb5895bca39fe8c	4Z6F4Z684Z6b4oCL4Z6G4Z+S4Z6T4Z624Z+G4oCL4Z6F4Z634Z6T	Q2hpbmVzZSBOZXcgWWVhcg==
bf60786fe1577e8b8c498c6e	4Z6R4Z634Z6c4Z624oCL4Z6f4Z6T4Z+S4Z6P4Z634oCL4Z6X4Z624Z6W4oCL4Z6i4Z6T4Z+S4Z6P4Z6a4oCL4Z6H4Z624Z6P4Z63	SW50ZXJuYXRpb25hbCBEYXkgb2YgUGVhY2U=
bf799ffcf54d1f8569d30031	4Z6W4Z634Z6S4Z644oCL4Z6U4Z674Z6O4Z+S4Z6Z4oCL4Z6f4Z+C4Z6T4oCL4Z6W4Z+S4Z6a4Z+H4oCL4Z6B4Z+C	TWlkLUF1dHVtbiBGZXN0aXZhbA==
bf824d4a6bf5717a85e49682	4Z6R4Z634Z6c4Z624oCL4Z6f4Z674Z6B4oCL4Z6X4Z624Z6W4oCL4Z6W4Z634Z6X4Z6W4oCL4Z6b4Z+E4Z6A	V29ybGQgSGVhbHRoIERheQ==
bfdb658e84e31f9d30d6e112	4Z6W4Z+S4Z6a4Z+H4oCL4Z6a4Z624Z6H4oCL4Z6W4Z634Z6S4Z644oCL4Z6U4Z674Z6O4Z+S4Z6Z4oCL4Z6i4Z674Z+G4oCL4Z6R4Z684Z6AIOGelOGejuGfkuGeiuGfguGej+KAi+GelOGfkuGemuGekeGeuOGelCDhnpPhnrfhnoTigIvhnp/hn4bhnpbhn4figIvhnpbhn5Lhnprhn4figIvhnoHhn4Ig4Z6i4Z6A4Z6i4Z+G4Z6U4Z674Z6A	V2F0ZXIgRmVzdGl2YWw=
bfdf5e319f16a8fdc540c6c7	4Z6R4Z634Z6c4Z624Z6Y4Z624Z6P4Z62	TW90aGVyJ3MgRGF5
bfe42dae8e7dd1031910792c	4Z6W4Z634Z6S4Z644oCL4Z6U4Z674Z6O4Z+S4Z6Z4oCL4Z6v4Z6A4Z6a4Z624Z6H4Z+S4Z6Z4oCL4Z6H4Z624Z6P4Z63IOGegeGeveGelOGem+GevuGegOGekeGeuOGfp+GfpA==	SW5kZXBlbmRlbmNlIERheQ==
c002ea915719250708d86516	4Z6U4Z634Z6O4Z+S4Z6MIOGfow==	QmVuIDM=
c013a076b5117b20da302bb0	4Z6W4Z634Z6S4Z644oCL4Z6U4Z674Z6O4Z+S4Z6Z4oCL4Z6X4Z+S4Z6H4Z674Z+G4oCL4Z6U4Z634Z6O4Z+S4Z6M	UGNodW0gQmVuIEZlc3RpdmFs
c02551859bf664c97ef1ac66	4Z6R4Z634Z6c4Z624Z6Y4Z624Z6P4Z62	TW90aGVyJ3MgRGF5
c02f09450760fd37d896df47	4Z6R4Z634Z6c4Z624oCL4Z6H4Z624Z6P4Z634oCL4Z6Z4Z6b4Z+L4oCL4Z6K4Z654Z6E4oCL4Z6W4Z644oCL4Z6Y4Z644Z6TIOGegeGeveGelOGem+GevuGegOGekeGeuOGfouGfqQ==	TmF0aW9uYWwgTWluZSBBd2FyZW5lc3MgRGF5
c047df4213f35fe000945008	4Z6R4Z634Z6c4Z624oCL4Z6Y4Z6F4Z+S4Z6G4Z624oCL4Z6H4Z624Z6P4Z63	TmF0aW9uYWwgRmlzaCBEYXk=
c0513f8ccd20199163a052f3	4Z6a4Z6U4Z624Z+G4oCL4Z6W4Z+S4Z6a4Z+H4oCL4Z6a4Z624Z6H4oCL4Z6R4Z+S4Z6a4Z6W4Z+S4Z6ZIOGej+GfkuGemuGevOGenOKAi+GelOGetuGek+KAi+GeheGeu+Gfh+KAi+GegOGfkuGek+Geu+GehOKAi+GelOGeieGfkuGeh+GeuOKAi+GelOGfgeGej+Get+KAi+GegOGel+GejuGfkuGejOKAi+GenOGelOGfkuGelOGekuGemOGfjOGeouGemuGevOGelOGeuOGek+Gfg+GemOGek+Geu+Gen+GfkuGen+Geh+GetuGej+GetyDhnoHhnr3hnpThnpvhnr7hnoDhnpHhnrjhn6E=	Um95YWwgQmFsbGV0IG9mIENhbWJvZGlhIGluc2NyaWJlZCBvbiB0aGUgUmVwcmVzZW50YXRpdmUgTGlzdCBvZiB0aGUgSW50YW5naWJsZSBDdWx0dXJhbCBIZXJpdGFnZSBvZiBIdW1hbml0eQ==
c05ae1ac14cb854960de4b6f	4Z6R4Z634Z6c4Z624oCL4Z6U4Z+S4Z6a4Z6Z4Z674Z6R4Z+S4Z6S4oCL4Z6U4Z+S4Z6a4Z6G4Z624Z+G4Z6E4oCL4Z6i4Z+G4Z6W4Z6+4oCL4Z6W4Z674Z6A4Z6a4Z6b4Z694Z6Z	QW50aS1Db3JydXB0aW9uIERheQ==
c05d9520e3d35930255c4c3a	4Z6f4Z+C4Z6T4oCL4Z6T4Z+G4oCL4Z6F4Z624Z+G4Z6E	U3RpY2t5IFJpY2UgRHVtcGxpbmdzIChab25nemkp
c0777f39678fb09f1b2281c0	4Z6W4Z+S4Z6a4Z+H4oCL4Z6a4Z624Z6H4oCL4Z6W4Z634Z6S4Z644oCL4Z6U4Z674Z6O4Z+S4Z6Z4oCL4Z6F4Z6Y4Z+S4Z6a4Z6+4Z6T4oCL4Z6W4Z+S4Z6a4Z+H4oCL4Z6H4Z6T4Z+S4Z6YIOGeluGfkuGemuGfh+KAi+GegOGemuGeu+GejuGetuKAi+GeluGfkuGemuGfh+KAi+GelOGetuGekeKAi+Gen+GemOGfkuGej+GfgeGeheKAi+GeluGfkuGemuGfh+KAi+GelOGemuGemOKAi+Gek+GetuGekCDhnpPhnprhn4Thno/hn5Lhno/hnpgg4Z6f4Z644Z6g4Z6Y4Z674Z6T4Z64IOGeluGfkuGemuGfh+KAi+GemOGeoOGetuGegOGfkuGen+Gej+GfkuGemuKAi+Gek+Gfg+KAi+GeluGfkuGemuGfh+GemuGetuGeh+GetuGejuGetuGeheGegOGfkuGemuKAi+GegOGemOGfkuGeluGeu+Geh+Getg==	S2luZyBTaWhhbW9uaSdzIEJpcnRoZGF5
c084ff9f96c22b75f613f172	4Z6R4Z634Z6c4Z624oCL4Z6W4Z634Z6X4Z6W4oCL4Z6b4Z+E4Z6A4oCL4Z6U4Z+S4Z6a4Z6Z4Z674Z6R4Z+S4Z6S4oCL4Z6U4Z+S4Z6a4Z6G4Z624Z+G4Z6E4oCL4Z6T4Z654Z6E4oCL4Z6H4Z+G4Z6E4Z664oCL4Z6i4Z+B4Z6K4Z6f4Z+N	V29ybGQgQUlEUyBEYXk=
c08ce05fc12e26adb92fa528	4Z6a4Z6U4Z624Z+G4oCL4Z6W4Z+S4Z6a4Z+H4oCL4Z6a4Z624Z6H4oCL4Z6R4Z+S4Z6a4Z6W4Z+S4Z6ZIOGej+GfkuGemuGevOGenOKAi+GelOGetuGek+KAi+GeheGeu+Gfh+KAi+GegOGfkuGek+Geu+GehOKAi+GelOGeieGfkuGeh+GeuOKAi+GelOGfgeGej+Get+KAi+GegOGel+GejuGfkuGejOKAi+GenOGelOGfkuGelOGekuGemOGfjOGeouGemuGevOGelOGeuOGek+Gfg+GemOGek+Geu+Gen+GfkuGen+Geh+GetuGej+GetyDhnoHhnr3hnpThnpvhnr7hnoDhnpHhnrjhn6g=	Um95YWwgQmFsbGV0IG9mIENhbWJvZGlhIGluc2NyaWJlZCBvbiB0aGUgUmVwcmVzZW50YXRpdmUgTGlzdCBvZiB0aGUgSW50YW5naWJsZSBDdWx0dXJhbCBIZXJpdGFnZSBvZiBIdW1hbml0eQ==
c0b9a6f2ba5744013fc691fc	4Z6f4Z+C4Z6T4Z6T4Z+G4Z6i4Z+K4Z64	V2ludGVyIFNvbHN0aWNlIEZlc3RpdmFs
c0d845f7445b4da8ea234698	4Z6R4Z634Z6c4Z624oCL4oCL4Z6U4Z+S4Z6a4Z6H4Z624Z6H4Z6T4Z6H4Z624Z6P4Z63IOGek+Get+GehOKAi+KAi+GelOGfkuGemuGeh+GetuGeh+Gek+KAi+GeluGet+Gel+GeluKAi+Gem+GfhOGegA==	TmF0aW9uYWwgUG9wdWxhdGlvbiBEYXkgYW5kIFdvcmxkIFBvcHVsYXRpb24gRGF5
c0de984f112884da20101b66	4Z6R4Z634Z6c4Z624oCL4Z6H4Z624Z6P4Z634oCL4Z6U4Z+S4Z6a4Z6G4Z624Z+G4Z6E4oCL4Z6A4Z624Z6a4oCL4Z6H4Z694Z6J4oCL4Z6K4Z684Z6a4oCL4Z6Y4Z6T4Z674Z6f4Z+S4Z6f	TmF0aW9uYWwgQW50aS1IdW1hbiBUcmFmZmlja2luZyBEYXk=
c0f023ed2866a6cead0361e6	4Z6R4Z634Z6c4Z624oCL4Z6W4Z634Z6X4Z6W4oCL4Z6b4Z+E4Z6A4oCL4Z6C4Z+S4Z6Y4Z624Z6T4oCL4Z6Q4Z+S4Z6T4Z624Z+G4oCL4Z6H4Z6A4Z+L	V29ybGQgTm8gVG9iYWNjbyBEYXk=
c0f2e25bdbeb755c870e4c25	4Z6U4Z634Z6O4Z+S4Z6MIOGfpA==	QmVuIDQ=
c102eafeae2737ffcdbd2e3a	4Z6U4Z634Z6O4Z+S4Z6MIOGfqQ==	QmVuIDk=
c10bca92523c434c968b5bd4	4Z6U4Z634Z6O4Z+S4Z6MIOGfoQ==	QmVuIDE=
c10bcf882c15aa30c4f82967	4Z6U4Z634Z6O4Z+S4Z6MIOGfoeGfoQ==	QmVuIDEx
c13366e4ad4ead44378d092c	4Z6U4Z634Z6O4Z+S4Z6MIOGfog==	QmVuIDI=
c1530ef163010413beb497d6	4Z6R4Z634Z6c4Z624oCL4Z6C4Z+S4Z6a4Z684oCL4Z6U4Z6E4Z+S4Z6a4Z+A4Z6T4oCL4Z6W4Z634Z6X4Z6W4oCL4Z6b4Z+E4Z6A	V29ybGQgVGVhY2hlcidzIERheQ==
c161337faae521f65fef954a	4Z6R4Z634Z6c4Z624oCL4Z6Z4Z674Z6c4Z6H4Z6T4oCL4Z6i4Z6T4Z+S4Z6P4Z6a4oCL4Z6H4Z624Z6P4Z63	SW50ZXJuYXRpb25hbCBZb3V0aCBEYXk=
c1aa594be2722a3e63375b4e	4Z6W4Z634Z6S4Z644oCL4Z6f4Z634Z6P4oCL4Z6R4Z+A4Z6T4oCL4Z6W4Z+S4Z6a4Z+H4oCL4Z6c4Z6f4Z+S4Z6f4Z62	QnVkZGhpc3QgTGVudCBDYW5kbGVzIE1ha2luZyBEYXk=
c1cd423246fa9c61a5df9b85	4Z6R4Z634Z6c4Z624oCL4Z6W4Z634Z6X4Z6W4oCL4Z6b4Z+E4Z6A4oCL4Z6A4Z624Z6A4oCL4Z6U4Z624Z6R4oCL4Z6A4Z+S4Z6a4Z6g4Z6YIOGek+Get+GehOKAi+GeouGejOGfkuGejeGeheGek+GfkuGekeGegOGfkuGemuGeoOGemA==	V29ybGQgUmVkIENyb3NzIGFuZCBSZWQgQ3Jlc2NlbnQgRGF5
c1df88ec59573c268efead2b	4Z6W4Z+S4Z6a4Z+H4oCL4Z6a4Z624Z6H4oCL4Z6W4Z634Z6S4Z644oCL4Z6U4Z674Z6O4Z+S4Z6Z4oCL4Z6F4Z6Y4Z+S4Z6a4Z6+4Z6T4oCL4Z6W4Z+S4Z6a4Z+H4oCL4Z6H4Z6T4Z+S4Z6YIOGen+GemOGfkuGej+GfgeGeheKAi+GeluGfkuGemuGfh+KAi+GemOGeoOGetuGegOGfkuGen+Gej+GfkuGemuGeuCDhnpPhnprhn4Thno/hn5Lhno/hnpgg4Z6Y4Z674Z6T4Z634Z6T4Z624Z6QIOGen+GeuOGeoOGek+GeuyDhnpbhn5Lhnprhn4figIvhnpzhnprhnprhnrbhnofigIvhnpjhnrbhno/hnrbigIvhnofhnrbhno/hnrfigIvhnoHhn5Lhnpjhn4Lhnpog4Z6A4Z+S4Z6T4Z674Z6E4oCL4Z6f4Z+B4Z6a4Z644Z6X4Z624Z6WIOGen+GfgeGeheGegOGfkuGej+GeuOGekOGfkuGem+Gfg+GekOGfkuGek+GevOGemiDhnpPhnrfhnoTigIvhnp/hnrvhnpfhnpjhnoThn5LhnoLhnps=	UXVlZW4gTW90aGVyJ3MgQmlydGhkYXk=
c1eb6d3630027a353a7a0d50	4Z6R4Z634Z6c4Z624oCL4Z6R4Z+B4Z6f4oCL4Z6F4Z6a4Z6O4Z+N4oCL4Z6W4Z634oCL4Z6X4Z6W4oCL4Z6b4Z+E4Z6A	V29ybGQgVG91cmlzbSBEYXk=
c20b35e23ab9493c6995a094	4Z6R4Z634Z6c4Z624oCL4Z6H4Z624Z6P4Z634oCL4Z6f4Z674Z6B4Z6X4Z624Z6W4oCL4Z6Y4Z624Z6P4Z62IOGekeGetuGemuGegCDhnpPhnrfhnoTigIvhnoDhnrvhnpjhnrbhnpo=	TmF0aW9uYWwgRGF5IG9uIE1hdGVybmFsLCBOZXdib3JuIGFuZCBDaGlsZCBIZWFsdGg=
c21049e9911d3a9e697f6fc5	4Z6W4Z+S4Z6a4Z+H4oCL4Z6a4Z624Z6H4oCL4Z6W4Z634Z6S4Z644oCL4Z6U4Z674Z6O4Z+S4Z6Z4oCL4Z6F4Z6Y4Z+S4Z6a4Z6+4Z6T4oCL4Z6W4Z+S4Z6a4Z+H4oCL4Z6H4Z6T4Z+S4Z6YIOGeluGfkuGemuGfh+KAi+GegOGemuGeu+GejuGetuKAi+GeluGfkuGemuGfh+KAi+GelOGetuGekeKAi+Gen+GemOGfkuGej+GfgeGeheKAi+GeluGfkuGemuGfh+KAi+GelOGemuGemOKAi+Gek+GetuGekCDhnpPhnprhn4Thno/hn5Lhno/hnpgg4Z6f4Z644Z6g4Z6Y4Z674Z6T4Z64IOGeluGfkuGemuGfh+KAi+GemOGeoOGetuGegOGfkuGen+Gej+GfkuGemuKAi+Gek+Gfg+KAi+GeluGfkuGemuGfh+GemuGetuGeh+GetuGejuGetuGeheGegOGfkuGemuKAi+GegOGemOGfkuGeluGeu+Geh+Getg==	S2luZyBTaWhhbW9uaSdzIEJpcnRoZGF5
c214882a41315051a9355682	4Z6R4Z634Z6c4Z624oCL4Z6Z4Z674Z6c4Z6H4Z6T4oCL4Z6i4Z6T4Z+S4Z6P4Z6a4oCL4Z6H4Z624Z6P4Z63	SW50ZXJuYXRpb25hbCBZb3V0aCBEYXk=
c2282b5ba81b386625baca53	4Z6A4Z6L4Z634Z6T4oCL4Z6A4Z624Z6b	S2F0aGVuIEthbA==
c22ae7c3eb14e6594671f27c	4Z6R4Z634Z6c4Z624oCL4Z6U4Z+S4Z6a4Z6Z4Z674Z6R4Z+S4Z6S4oCL4Z6U4Z+S4Z6a4Z6G4Z624Z+G4Z6E4oCL4Z6i4Z+G4Z6W4Z6+4oCL4Z6W4Z674Z6A4Z6a4Z6b4Z694Z6Z	QW50aS1Db3JydXB0aW9uIERheQ==
c235dd7247d1160f55f423f2	4Z6R4Z634Z6c4Z624oCL4Z6H4Z624Z6P4Z634oCL4Z6f4Z674Z6B4Z6X4Z624Z6W4oCL4Z6Y4Z624Z6P4Z62IOGekeGetuGemuGegCDhnpPhnrfhnoTigIvhnoDhnrvhnpjhnrbhnpo=	TmF0aW9uYWwgRGF5IG9uIE1hdGVybmFsLCBOZXdib3JuIGFuZCBDaGlsZCBIZWFsdGg=
c23aefbf7e6d93c037101b58	4Z6R4Z634Z6c4Z624oCL4Z6Z4Z674Z6c4Z6H4Z6T4oCL4Z6i4Z6T4Z+S4Z6P4Z6a4oCL4Z6H4Z624Z6P4Z63	SW50ZXJuYXRpb25hbCBZb3V0aCBEYXk=
c24284592d44dae9e1b562b6	4Z6U4Z634Z6O4Z+S4Z6MIOGfog==	QmVuIDI=
c243021bdd424d029e143562	4Z6U4Z674Z6O4Z+S4Z6Z4oCL4Z6O4Z684Z6i4Z+C4Z6b	Q2hyaXN0bWFzIERheQ==
c2477ae01fbb22beb4c3b999	4Z6R4Z634Z6c4Z624oCL4Z6R4Z+B4Z6f4oCL4Z6F4Z6a4Z6O4Z+N4oCL4Z6W4Z634oCL4Z6X4Z6W4oCL4Z6b4Z+E4Z6A	V29ybGQgVG91cmlzbSBEYXk=
c24e6a21f3fa4faff3ae91d9	4Z6U4Z634Z6O4Z+S4Z6MIOGfoeGfoA==	QmVuIDEw
c27b6ed5f268ce3fa65efdda	4Z6G4Z+B4Z6E4oCL4Z6Y4Z+J4Z+B4Z6E	VG9tYi1Td2VlcGluZyBEYXkgKFFpbmdtaW5nIEZlc3RpdmFsKQ==
c28f542a184884825f994fb9	4Z6R4Z634Z6c4Z624oCL4Z6T4Z624Z6a4Z644oCL4Z6i4Z6T4Z+S4Z6P4Z6a4Z6H4Z624Z6P4Z63IOGegeGeveGelOGem+GevuGegOGekeGeuOGfoeGfoOGfpA==	SW50ZXJuYXRpb25hbCBXb21lbidzIERheQ==
c2bf117bdcf902722c110adc	4Z6R4Z634Z6c4Z624oCL4Z6W4Z634Z6X4Z6W4oCL4Z6b4Z+E4Z6AIOGeiuGevuGemOGfkuGelOGeuOGen+Geu+GenOGej+GfkuGekOGet+Gel+GetuGeliDhnpPhnrfhnoThnp/hnrvhnoHhnpfhnrbhnpbhnoDhnrbhnprhnoThnrbhnpog4Z6B4Z694Z6U4Z6b4Z6+4Z6A4Z6R4Z644Z+h4Z+o	V29ybGQgRGF5IGZvciBTYWZldHkgYW5kIEhlYWx0aCBhdCBXb3Jr
c2e20f0a48b743fc0675b85c	4Z6R4Z634Z6c4Z624oCL4Z6f4Z674Z6B4oCL4Z6X4Z624Z6W4oCL4Z6W4Z634Z6X4Z6W4oCL4Z6b4Z+E4Z6A	V29ybGQgSGVhbHRoIERheQ==
c2f0b373cb681524e64b029a	4Z6R4Z634Z6c4Z624oCL4Z6Y4Z6F4Z+S4Z6G4Z624oCL4Z6H4Z624Z6P4Z63	TmF0aW9uYWwgRmlzaCBEYXk=
c2f4f48072fe8dc4cd917a56	4Z6R4Z634Z6c4Z624oCL4Z6f4Z+B4Z6a4Z644oCL4Z6X4Z624Z6W4oCL4Z6f4Z624Z6a4Z6W4Z+Q4Z6P4Z+M4Z6Y4Z624Z6T4oCL4Z6W4Z634Z6X4Z6W4oCL4Z6b4Z+E4Z6AIOGegeGeveGelOGem+GevuGegOGekeGeuOGfoeGfog==	V29ybGQgUHJlc3MgRnJlZWRvbSBEYXk=
c2f5e17728b82a9e8074c922	4Z6A4Z6L4Z634Z6T4oCL4Z6A4Z624Z6b	S2F0aGVuIEthbA==
c2fac8b78a7e2b722cd19ed6	4Z6W4Z634Z6S4Z644oCL4Z6U4Z674Z6O4Z+S4Z6Z4oCL4Z6Y4Z624Z6D4Z6U4Z684Z6H4Z62	TWVhayBCb2NoZWE=
c30236e6af81460c2eaedda6	4Z6F4Z684Z6b4oCL4Z6G4Z+S4Z6T4Z624Z+G4oCL4Z6F4Z634Z6T	Q2hpbmVzZSBOZXcgWWVhcg==
c30267f9a41fecf4d5cef4c2	4Z6W4Z634Z6S4Z644oCL4Z6f4Z634Z6P4oCL4Z6R4Z+A4Z6T4oCL4Z6W4Z+S4Z6a4Z+H4oCL4Z6c4Z6f4Z+S4Z6f4Z62	QnVkZGhpc3QgTGVudCBDYW5kbGVzIE1ha2luZyBEYXk=
c30760ac96ba90cb21f48eec	4Z6F4Z684Z6b4oCL4Z6G4Z+S4Z6T4Z624Z+G4oCL4Z6F4Z634Z6T	Q2hpbmVzZSBOZXcgWWVhcg==
c30eefcaebf0c281b7107e26	4Z6A4Z6Y4Z+S4Z6W4Z674Z6H4Z624oCL4Z6F4Z684Z6b4oCL4Z6H4Z624oCL4Z6f4Z6Y4Z624oCL4Z6H4Z634Z6A4oCL4Z6i4Z6E4Z+S4Z6C4oCL4Z6A4Z624Z6a4oCL4Z6Z4Z684Z6O4Z+B4Z6f4Z+S4Z6A4Z68IOGegeGeveGelOGem+GevuGegOGekeGeuOGfp+GfqA==	Q2FtYm9kaWEgam9pbmVkIFVORVNDTw==
c33693285661cf521972a09e	4Z6R4Z634Z6c4Z624oCL4Z6f4Z+B4Z6a4Z644oCL4Z6X4Z624Z6W4oCL4Z6f4Z624Z6a4Z6W4Z+Q4Z6P4Z+M4Z6Y4Z624Z6T4oCL4Z6W4Z634Z6X4Z6W4oCL4Z6b4Z+E4Z6AIOGegeGeveGelOGem+GevuGegOGekeGeuOGfouGfpg==	V29ybGQgUHJlc3MgRnJlZWRvbSBEYXk=
c34fcea62888357aa0dbc45e	4Z6Q4Z+S4Z6E4Z+D4oCL4Z6f4Z+C4Z6T4oCL4Z6F4Z684Z6b4oCL4Z6G4Z+S4Z6T4Z624Z+G4oCL4Z6F4Z634Z6T	Q2hpbmVzZSBOZXcgWWVhcidzIEV2ZQ==
c3686c0179adc7703d56fa03	4Z6R4Z634Z6c4Z624oCL4oCL4Z6U4Z+S4Z6a4Z6H4Z624Z6H4Z6T4Z6H4Z624Z6P4Z63IOGek+Get+GehOKAi+KAi+GelOGfkuGemuGeh+GetuGeh+Gek+KAi+GeluGet+Gel+GeluKAi+Gem+GfhOGegA==	TmF0aW9uYWwgUG9wdWxhdGlvbiBEYXkgYW5kIFdvcmxkIFBvcHVsYXRpb24gRGF5
c36e494c761fde0a8357403c	4Z6U4Z634Z6O4Z+S4Z6MIOGfqA==	QmVuIDg=
c38104fd6886d8b672ff8f8a	4Z6U4Z634Z6O4Z+S4Z6MIOGfpw==	QmVuIDc=
c3b5b8fa9ee3c3180f0aa986	4Z6U4Z634Z6O4Z+S4Z6MIOGfpg==	QmVuIDY=
c3b5d653b6581e0a0d51733c	4Z6F4Z624Z6U4Z+J4Z644oCL4Z6K4Z6E4oCL4Z6c4Z+C4Z6EIOGej+GfkuGemuGevOGenOKAi+GelOGetuGek+KAi+GeheGeu+Gfh+KAi+GegOGfkuGek+Geu+GehOKAi+GelOGeieGfkuGeh+GeuOKAi+GelOGfgeGej+Get+GegOKAi+Gel+GejuGfkuGejOKAi+GenOGelOGfkuGelOGekuGemOGfjOGeouGemuGevOGelOGeuOGek+Gfg+GemOGek+Geu+Gen+GfkuGen+Geh+GetuGej+GetyDhnoHhnr3hnpThnpvhnr7hnoDhnpHhnrjhn6k=	Q2hhcGVpIERhbmcgVmVuZyBpbnNjcmliZWQgb24gdGhlIExpc3Qgb2YgSW50YW5naWJsZSBDdWx0dXJhbCBIZXJpdGFnZSBpbiBOZWVkIG9mIFVyZ2VudCBTYWZlZ3VhcmRpbmc=
c3c0a4c320a2e26657c8b2fe	4Z6U4Z634Z6O4Z+S4Z6MIOGfoeGfoA==	QmVuIDEw
c3cea86d5ef7c52d94f9a333	4Z6W4Z634Z6S4Z644oCL4Z6U4Z674Z6O4Z+S4Z6Z4oCL4Z6F4Z684Z6b4oCL4Z6G4Z+S4Z6T4Z624Z+G4oCL4Z6Q4Z+S4Z6Y4Z64IOGelOGfkuGemuGeluGfg+GejuGeuOKAi+Geh+GetuGej+GetyAtIOGekOGfkuGehOGfg+KAi+GeoeGevuGehOKAi+Gen+GfkOGegA==	S2htZXIgTmV3IFllYXIgLSBWZWFyZWFrIExhZXVuZyBTYWs=
c3e14fdc1c0c1c536c2e639a	4Z6R4Z634Z6c4Z624oCL4Z6f4Z634Z6R4Z+S4Z6S4Z634oCL4Z6Y4Z6T4Z674Z6f4Z+S4Z6f4oCL4Z6i4Z6T4Z+S4Z6P4Z6a4Z6H4Z624Z6P4Z63IOGegeGeveGelOGem+GevuGegOGekeGeuOGfp+Gfpg==	SW50ZXJuYXRpb25hbCBIdW1hbiBSaWdodHMgRGF5
c3e86fabfea81f92d50c8547	4Z6R4Z634Z6c4Z624oCL4Z6Z4Z674Z6c4Z6H4Z6T4oCL4Z6i4Z6T4Z+S4Z6P4Z6a4oCL4Z6H4Z624Z6P4Z63	SW50ZXJuYXRpb25hbCBZb3V0aCBEYXk=
c3f564ffdf5c379d7068c127	4Z6U4Z+S4Z6a4Z624Z6f4Z624Z6R4oCL4Z6W4Z+S4Z6a4Z+H4oCL4Z6c4Z634Z6g4Z624Z6aIOGej+GfkuGemuGevOGenOKAi+GelOGetuGek+KAi+GeheGeu+Gfh+KAi+GegOGfkuGek+Geu+GehOKAi+GelOGeieGfkuGeh+GeuOKAi+GelOGfgeGej+Get+GegOKAi+Gel+GejuGfkuGejOKAi+GeluGet+Gel+GeluGem+GfhOGegOGemuGelOGen+Gfi+GeouGehOGfkuGeguGegOGetuGemuGemeGevOGejuGfgeGen+GfkuGegOGevCDhnoHhnr3hnpThnpvhnr7hnoDhnpHhnrjhn6Lhn6I=	VGVtcGxlIG9mIFByZWFoIFZpaGVhciB3YXMgaW5zY3JpYmVkIG9uIHRoZSBVTkVTQ08gV29ybGQgSGVyaXRhZ2UgTGlzdA==
c4094b332b4e855f3fa534c9	4Z6W4Z+S4Z6a4Z+H4oCL4Z6a4Z624Z6H4oCL4Z6W4Z634Z6S4Z644oCL4Z6U4Z674Z6O4Z+S4Z6Z4oCL4Z6i4Z674Z+G4oCL4Z6R4Z684Z6AIOGelOGejuGfkuGeiuGfguGej+KAi+GelOGfkuGemuGekeGeuOGelCDhnpPhnrfhnoTigIvhnp/hn4bhnpbhn4figIvhnpbhn5Lhnprhn4figIvhnoHhn4Ig4Z6i4Z6A4Z6i4Z+G4Z6U4Z674Z6A	V2F0ZXIgRmVzdGl2YWw=
c40aa652254d9dd35b7f135b	4Z6G4Z+B4Z6E4oCL4Z6Y4Z+J4Z+B4Z6E	VG9tYi1Td2VlcGluZyBEYXkgKFFpbmdtaW5nIEZlc3RpdmFsKQ==
c422a3ccadfec30f563cd804	4Z6U4Z634Z6O4Z+S4Z6MIOGfqQ==	QmVuIDk=
c4246305a217f5f2481be048	4Z6R4Z634Z6c4Z624oCL4Z6A4Z674Z6Y4Z624Z6a4oCL4Z6i4Z6T4Z+S4Z6P4Z6a4oCL4Z6H4Z624Z6P4Z63IOGegeGeveGelOGem+GevuGegOGekeGeuOGfpeGfpw==	SW50ZXJuYXRpb25hbCBDaGlsZHJlbidzIERheQ==
c425ae1350695815311d9463	4Z6R4Z634Z6c4Z624oCL4Z6W4Z634Z6X4Z6W4Z6b4Z+E4Z6A4oCL4Z6A4Z+G4Z6F4Z624Z6P4Z+L4oCL4Z6a4Z+E4Z6C4oCL4Z6a4Z6U4Z+B4Z6E	V29ybGQgVHViZXJjdWxvc2lzIERheQ==
c4616fae7c9c2d807dc0cccd	4Z6R4Z634Z6c4Z624oCL4Z6i4Z624oCL4Z6A4Z624Z6f4oCL4Z6F4Z6a4Z6O4Z+N4Z6f4Z+K4Z644Z6c4Z634Z6b	Q2l2aWwgQXZpYXRpb24gRGF5
c475cc039d07e9290e18bc63	4Z6U4Z634Z6O4Z+S4Z6MIOGfqA==	QmVuIDg=
c47ea91312085d548759367e	4Z6a4Z6U4Z624Z+G4oCL4Z6W4Z+S4Z6a4Z+H4oCL4Z6a4Z624Z6H4oCL4Z6R4Z+S4Z6a4Z6W4Z+S4Z6ZIOGej+GfkuGemuGevOGenOKAi+GelOGetuGek+KAi+GeheGeu+Gfh+KAi+GegOGfkuGek+Geu+GehOKAi+GelOGeieGfkuGeh+GeuOKAi+GelOGfgeGej+Get+KAi+GegOGel+GejuGfkuGejOKAi+GenOGelOGfkuGelOGekuGemOGfjOGeouGemuGevOGelOGeuOGek+Gfg+GemOGek+Geu+Gen+GfkuGen+Geh+GetuGej+Getw==	Um95YWwgQmFsbGV0IG9mIENhbWJvZGlhIGluc2NyaWJlZCBvbiB0aGUgUmVwcmVzZW50YXRpdmUgTGlzdCBvZiB0aGUgSW50YW5naWJsZSBDdWx0dXJhbCBIZXJpdGFnZSBvZiBIdW1hbml0eQ==
c486d07289095f97d168df60	4Z6U4Z634Z6O4Z+S4Z6MIOGfqQ==	QmVuIDk=
c489c3471d84b7e342939e18	4Z6W4Z634Z6S4Z644oCL4Z6U4Z674Z6O4Z+S4Z6Z4oCL4Z6X4Z+S4Z6H4Z674Z+G4oCL4Z6U4Z634Z6O4Z+S4Z6M	UGNodW0gQmVuIEZlc3RpdmFs
c4dac930c5616bb397e84040	4Z6A4Z6Y4Z+S4Z6W4Z674Z6H4Z624oCL4Z6F4Z684Z6b4oCL4Z6H4Z624oCL4Z6f4Z6Y4Z624oCL4Z6H4Z634Z6A4oCL4Z6i4Z6E4Z+S4Z6C4oCL4Z6A4Z624Z6a4oCL4Z6f4Z6g4oCL4Z6U4Z+S4Z6a4Z6H4Z624Z6H4Z624Z6P4Z63IOGegeGeveGelOGem+GevuGegOGekeGeuOGfpuGfog==	Q2FtYm9kaWEgYmVjYW1lIGEgbWVtYmVyIG9mIHRoZSBVbml0ZWQgTmF0aW9ucw==
c4eb4ba886cd6b04af58c1d4	4Z6W4Z+S4Z6a4Z+H4oCL4Z6a4Z624Z6H4oCL4Z6W4Z634Z6S4Z644oCL4Z6U4Z674Z6O4Z+S4Z6Z4oCL4Z6F4Z6Y4Z+S4Z6a4Z6+4Z6T4oCL4Z6W4Z+S4Z6a4Z+H4oCL4Z6H4Z6T4Z+S4Z6YIOGeluGfkuGemuGfh+KAi+GegOGemuGeu+GejuGetuKAi+GeluGfkuGemuGfh+KAi+GelOGetuGekeKAi+Gen+GemOGfkuGej+GfgeGeheKAi+GeluGfkuGemuGfh+KAi+GelOGemuGemOKAi+Gek+GetuGekCDhnpPhnprhn4Thno/hn5Lhno/hnpgg4Z6f4Z644Z6g4Z6Y4Z674Z6T4Z64IOGeluGfkuGemuGfh+KAi+GemOGeoOGetuGegOGfkuGen+Gej+GfkuGemuKAi+Gek+Gfg+KAi+GeluGfkuGemuGfh+GemuGetuGeh+GetuGejuGetuGeheGegOGfkuGemuKAi+GegOGemOGfkuGeluGeu+Geh+Getg==	S2luZyBTaWhhbW9uaSdzIEJpcnRoZGF5
c4f977cd86d2ce151a17b639	4Z6R4Z634Z6c4Z624Z6R4Z654Z6AIOGek+Get+GehOGep+Gej+Geu+Gek+Get+GemeGemOGeluGet+Gel+GeluGem+GfhOGegA==	V29ybGQgV2F0ZXIgYW5kIFdvcmxkIE1ldGVvcm9sb2dpY2FsIERheQ==
c50bf86c98a9c65bf2632146	4Z6f4Z+C4Z6T4oCL4Z6T4Z+G4oCL4Z6F4Z624Z+G4Z6E	U3RpY2t5IFJpY2UgRHVtcGxpbmdzIChab25nemkp
c5264b8d6c74ce7e5694a254	4Z6U4Z634Z6O4Z+S4Z6MIOGfpQ==	QmVuIDU=
c537e7e1468b867cda2f0ec1	4Z6U4Z634Z6O4Z+S4Z6MIOGfoQ==	QmVuIDE=
c53c672613e55604b4098ac7	4Z6U4Z674Z6O4Z+S4Z6Z4oCL4Z6g4Z624Z6h4Z684Z6c4Z644Z6T	SGFsbG93ZWVu
c5712c89f547e332cff054df	4Z6b4Z+S4Z6U4Z+C4Z6E4oCL4Z6R4Z624Z6J4oCL4Z6W4Z+S4Z6a4Z+Q4Z6P4Z+S4Z6aIOGej+GfkuGemuGevOGenOKAi+GelOGetuGek+KAi+GeheGeu+Gfh+KAi+GegOGfkuGek+Geu+GehOKAi+GelOGeieGfkuGeh+GeuOKAi+GelOGfgeGej+Get+GegOKAi+Gel+GejuGfkuGejOKAi+GenOGelOGfkuGelOGekuGemOGfjOGeouGemuGevOGelOGeuOGek+Gfg+GemOGek+Geu+Gen+GfkuGen+Geh+GetuGej+GetyDhnoHhnr3hnpThnpvhnr7hnoDhnpHhnrjhn6c=	VHVnIG9mIFdhciBpbnNjcmliZWQgb24gdGhlIFJlcHJlc2VudGF0aXZlIExpc3Qgb2YgdGhlIEludGFuZ2libGUgQ3VsdHVyYWwgSGVyaXRhZ2Ugb2YgSHVtYW5pdHk=
c58b97a715a649bcd9220cb9	4Z6G4Z+B4Z6E4oCL4Z6Y4Z+J4Z+B4Z6E	VG9tYi1Td2VlcGluZyBEYXkgKFFpbmdtaW5nIEZlc3RpdmFsKQ==
c5966591dd17e60b4f25651c	4Z6R4Z634Z6c4Z624oCL4Z6i4Z6T4Z+S4Z6P4Z6a4oCL4Z6H4Z624Z6P4Z634oCL4Z6A4Z624Z6a4Z6W4Z624Z6a4oCL4Z6f4Z+S4Z6a4Z6R4Z624Z6U4Z+L4oCL4Z6i4Z684oCL4Z6g4Z+S4Z6f4Z684Z6TIOGegeGeveGelOGem+GevuGegOGekeGeuOGfpOGfoA==	SW50ZXJuYXRpb25hbCBEYXkgZm9yIHRoZSBQcmVzZXJ2YXRpb24gb2YgdGhlIE96b25lIExheWVy
c5ab4c54da346f3b5ecb369e	4Z6W4Z634Z6S4Z644oCL4Z6U4Z674Z6O4Z+S4Z6Z4oCL4Z6f4Z+C4Z6T4oCL4Z6W4Z+S4Z6a4Z+H4oCL4Z6B4Z+C	TWlkLUF1dHVtbiBGZXN0aXZhbA==
c5b9450fd497240585a283a3	4Z6W4Z634Z6S4Z644oCL4Z6U4Z674Z6O4Z+S4Z6Z4oCL4Z6Y4Z624Z6D4Z6U4Z684Z6H4Z62	TWVhayBCb2NoZWE=
c5c1ddc940785e1bf0798c4c	4Z6P4Z674Z6b4Z624oCL4Z6A4Z624Z6a4oCL4Z6Z4Z674Z6P4Z+S4Z6P4Z634oCL4Z6S4Z6Y4Z+M4oCL4Z6i4Z6T4Z+S4Z6P4Z6a4oCL4Z6H4Z624Z6P4Z634oCL4Z6A4Z+S4Z6a4Z674Z6E4oCL4Z6h4Z624oCL4Z6i4Z+BIOGen+GemOGfkuGemuGfgeGeheKAi+GeseGfkuGemeKAi+GegOGemOGfkuGeluGeu+Geh+GetuGeh+GetuGemOGfkuGeheGetuGen+Gfi+GegOGemOGfkuGemOGen+Get+GekeGfkuGekuGetyDhnpvhnr7hnpThn5Lhnprhnrbhnp/hnrbhnpHhnpbhn5Lhnprhn4fhnpzhnrfhnqDhnrbhnpog4Z6B4Z694Z6U4Z6b4Z6+4Z6A4Z6R4Z644Z+l4Z+o	SW50ZXJuYXRpb25hbCBDb3VydCBvZiBKdXN0aWNlIGluIFRoZSBIYWd1ZSBkZWNsYXJlZCBDYW1ib2RpYSBpcyB0aGUgb3duZXIgb2YgdGhlIFByZWFoIFZpaGVhciBUZW1wbGU=
c5c839d976c13bfea67944b6	4Z6U4Z634Z6O4Z+S4Z6MIOGfoQ==	QmVuIDE=
c5d8476334020e1ad04e8356	4Z6R4Z634Z6c4Z624oCL4Z6W4Z634Z6X4Z6W4oCL4Z6b4Z+E4Z6A4oCL4Z6U4Z+S4Z6a4Z6G4Z624Z+G4Z6E4oCL4Z6W4Z6b4Z6A4Z6Y4Z+S4Z6Y4oCL4Z6A4Z674Z6Y4Z624Z6aIOGegeGeveGelOGem+GevuGegOGekeGeuOGfpw==	SGFwcHkgV29ybGQgRGF5IEFnYWluc3QgQ2hpbGQgTGFib3Vy
c5d84bc79cef96f2928d146e	4Z6U4Z634Z6O4Z+S4Z6MIOGfpg==	QmVuIDY=
c5dd7e4cf8f246f2fb5de966	4Z6b4Z+S4Z6U4Z+C4Z6E4oCL4Z6R4Z624Z6J4oCL4Z6W4Z+S4Z6a4Z+Q4Z6P4Z+S4Z6aIOGej+GfkuGemuGevOGenOKAi+GelOGetuGek+KAi+GeheGeu+Gfh+KAi+GegOGfkuGek+Geu+GehOKAi+GelOGeieGfkuGeh+GeuOKAi+GelOGfgeGej+Get+GegOKAi+Gel+GejuGfkuGejOKAi+GenOGelOGfkuGelOGekuGemOGfjOGeouGemuGevOGelOGeuOGek+Gfg+GemOGek+Geu+Gen+GfkuGen+Geh+GetuGej+GetyDhnoHhnr3hnpThnpvhnr7hnoDhnpHhnrjhn6Q=	VHVnIG9mIFdhciBpbnNjcmliZWQgb24gdGhlIFJlcHJlc2VudGF0aXZlIExpc3Qgb2YgdGhlIEludGFuZ2libGUgQ3VsdHVyYWwgSGVyaXRhZ2Ugb2YgSHVtYW5pdHk=
c5e36bcd4094edd7894e5f27	4Z6f4Z+C4Z6T4Z6T4Z+G4Z6i4Z+K4Z64	V2ludGVyIFNvbHN0aWNlIEZlc3RpdmFs
c60290c23fef17f5a8b8968a	4Z6R4Z634Z6c4Z624oCL4Z6W4Z634Z6X4Z6W4oCL4Z6b4Z+E4Z6AIOGeiuGevuGemOGfkuGelOGeuOGen+Geu+GenOGej+GfkuGekOGet+Gel+GetuGeliDhnpPhnrfhnoThnp/hnrvhnoHhnpfhnrbhnpbhnoDhnrbhnprhnoThnrbhnpog4Z6B4Z694Z6U4Z6b4Z6+4Z6A4Z6R4Z644Z+i4Z+g	V29ybGQgRGF5IGZvciBTYWZldHkgYW5kIEhlYWx0aCBhdCBXb3Jr
c6313375d601bd07d22a4f72	4Z6W4Z634Z6S4Z644oCL4Z6U4Z674Z6O4Z+S4Z6Z4oCL4Z6f4Z+C4Z6T4oCL4Z6W4Z+S4Z6a4Z+H4oCL4Z6B4Z+C	TWlkLUF1dHVtbiBGZXN0aXZhbA==
c641bfd1c75f93de976b1634	4Z6W4Z634Z6S4Z644oCL4Z6U4Z674Z6O4Z+S4Z6Z4oCL4Z6F4Z684Z6b4oCL4Z6G4Z+S4Z6T4Z624Z+G4oCL4Z6Q4Z+S4Z6Y4Z64IOGelOGfkuGemuGeluGfg+GejuGeuOKAi+Geh+GetuGej+GetyAtIOGekOGfkuGehOGfg+KAi+GeoeGevuGehOKAi+Gen+GfkOGegA==	S2htZXIgTmV3IFllYXIgLSBWZWFyZWFrIExhZXVuZyBTYWs=
c65debf787711f3b4bc5fdba	4Z6f4Z+C4Z6T4oCL4Z6A4Z+S4Z6U4Z624Z6b4oCL4Z6R4Z654Z6A	R2hvc3QgRmVzdGl2YWw=
c661e3980b39b36156aeab7c	4Z6W4Z634Z6S4Z644oCL4Z6U4Z674Z6O4Z+S4Z6Z4oCL4Z6F4Z684Z6b4oCL4Z6G4Z+S4Z6T4Z624Z+G4oCL4Z6Q4Z+S4Z6Y4Z64IOGelOGfkuGemuGeluGfg+GejuGeuOKAi+Geh+GetuGej+GetyAtIOGekOGfkuGehOGfg+KAi+GeoeGevuGehOKAi+Gen+GfkOGegA==	S2htZXIgTmV3IFllYXIgLSBWZWFyZWFrIExhZXVuZyBTYWs=
c67f283990ad62978e45eddc	4Z6R4Z634Z6c4Z624oCL4Z6c4Z6U4Z+S4Z6U4oCL4Z6S4Z6Y4Z+M4oCL4Z6H4Z624Z6P4Z63IOGegeGeveGelOGem+GevuGegOGekeGeuOGfoeGfoA==	TmF0aW9uYWwgQ3VsdHVyZSBEYXk=
c6bc4a1249938fb0bc09e7b2	4Z6Q4Z+S4Z6E4Z+D4oCL4Z6U4Z674Z6O4Z+S4Z6Z4oCL4Z6T4Z+D4oCL4Z6f4Z+B4Z6F4Z6A4Z+S4Z6P4Z644oCL4Z6f4Z+S4Z6a4Z6b4Z624Z6J4Z+L	VmFsZW50aW5lJ3MgRGF5
c6bfb2cfe1a9d53448ab33a3	4Z6R4Z634Z6c4Z624oCL4Z6H4Z624Z6P4Z634oCL4Z6Z4Z6b4Z+L4oCL4Z6K4Z654Z6E4oCL4Z6W4Z644oCL4Z6Y4Z644Z6TIOGegeGeveGelOGem+GevuGegOGekeGeuOGfoeGfoQ==	TmF0aW9uYWwgTWluZSBBd2FyZW5lc3MgRGF5
c6daf5a5bcb9fab945698f31	4Z6a4Z6U4Z624Z+G4oCL4Z6W4Z+S4Z6a4Z+H4oCL4Z6a4Z624Z6H4oCL4Z6R4Z+S4Z6a4Z6W4Z+S4Z6ZIOGej+GfkuGemuGevOGenOKAi+GelOGetuGek+KAi+GeheGeu+Gfh+KAi+GegOGfkuGek+Geu+GehOKAi+GelOGeieGfkuGeh+GeuOKAi+GelOGfgeGej+Get+KAi+GegOGel+GejuGfkuGejOKAi+GenOGelOGfkuGelOGekuGemOGfjOGeouGemuGevOGelOGeuOGek+Gfg+GemOGek+Geu+Gen+GfkuGen+Geh+GetuGej+GetyDhnoHhnr3hnpThnpvhnr7hnoDhnpHhnrjhn6Hhn6M=	Um95YWwgQmFsbGV0IG9mIENhbWJvZGlhIGluc2NyaWJlZCBvbiB0aGUgUmVwcmVzZW50YXRpdmUgTGlzdCBvZiB0aGUgSW50YW5naWJsZSBDdWx0dXJhbCBIZXJpdGFnZSBvZiBIdW1hbml0eQ==
c6e004d24b3ca44b4de8b152	4Z6R4Z634Z6c4Z624oCL4Z6W4Z634Z6X4Z6W4oCL4Z6b4Z+E4Z6AIOGeiuGevuGemOGfkuGelOGeuOGen+Geu+GenOGej+GfkuGekOGet+Gel+GetuGeliDhnpPhnrfhnoThnp/hnrvhnoHhnpfhnrbhnpbhnoDhnrbhnprhnoThnrbhnpog4Z6B4Z694Z6U4Z6b4Z6+4Z6A4Z6R4Z644Z+h4Z+k	V29ybGQgRGF5IGZvciBTYWZldHkgYW5kIEhlYWx0aCBhdCBXb3Jr
c705bd6b9804089862b82939	4Z6U4Z634Z6O4Z+S4Z6MIOGfqQ==	QmVuIDk=
c718848835227a8f8eefcd62	4Z6R4Z634Z6c4Z624oCL4Z6F4Z684Z6b4oCL4Z6G4Z+S4Z6T4Z624Z+G4oCL4Z6f4Z624Z6A4Z6b	TmV3IFllYXIncyBEYXk=
c72376244ef3bce2364612a2	4Z6W4Z+S4Z6a4Z+H4oCL4Z6a4Z624Z6H4oCL4Z6W4Z634Z6S4Z644oCL4Z6U4Z674Z6O4Z+S4Z6Z4oCL4Z6F4Z6Y4Z+S4Z6a4Z6+4Z6T4oCL4Z6W4Z+S4Z6a4Z+H4oCL4Z6H4Z6T4Z+S4Z6YIOGeluGfkuGemuGfh+KAi+GegOGemuGeu+GejuGetuKAi+GeluGfkuGemuGfh+KAi+GelOGetuGekeKAi+Gen+GemOGfkuGej+GfgeGeheKAi+GeluGfkuGemuGfh+KAi+GelOGemuGemOKAi+Gek+GetuGekCDhnpPhnprhn4Thno/hn5Lhno/hnpgg4Z6f4Z644Z6g4Z6Y4Z674Z6T4Z64IOGeluGfkuGemuGfh+KAi+GemOGeoOGetuGegOGfkuGen+Gej+GfkuGemuKAi+Gek+Gfg+KAi+GeluGfkuGemuGfh+GemuGetuGeh+GetuGejuGetuGeheGegOGfkuGemuKAi+GegOGemOGfkuGeluGeu+Geh+Getg==	S2luZyBTaWhhbW9uaSdzIEJpcnRoZGF5
c723abe5aabfc9503150470a	4Z6R4Z634Z6c4Z624oCL4Z6W4Z634Z6X4Z6W4oCL4Z6b4Z+E4Z6A4oCL4Z6C4Z+S4Z6Y4Z624Z6T4oCL4Z6Q4Z+S4Z6T4Z624Z+G4oCL4Z6H4Z6A4Z+L	V29ybGQgTm8gVG9iYWNjbyBEYXk=
c7310151da3f78ead2b8362d	4Z6W4Z634Z6S4Z644oCL4Z6U4Z674Z6O4Z+S4Z6Z4oCL4Z6F4Z684Z6b4oCL4Z6G4Z+S4Z6T4Z624Z+G4oCL4Z6Q4Z+S4Z6Y4Z64IOGelOGfkuGemuGeluGfg+GejuGeuOKAi+Geh+GetuGej+GetyAtIOGenOGetuGemuGfiOKAi+GenOGfkOGek+KAi+GelOGejw==	S2htZXIgTmV3IFllYXIgLSBWZWFyZWFrIFZhbmFiYXQ=
c735292c2eca7056380b74eb	4Z6G4Z+B4Z6E4oCL4Z6Y4Z+J4Z+B4Z6E	VG9tYi1Td2VlcGluZyBEYXkgKFFpbmdtaW5nIEZlc3RpdmFsKQ==
c73612658f096c1fdaf497a4	4Z6R4Z634Z6c4Z624oCL4Z6W4Z634Z6X4Z6W4oCL4Z6b4Z+E4Z6A4oCL4Z6A4Z624Z6A4oCL4Z6U4Z624Z6R4oCL4Z6A4Z+S4Z6a4Z6g4Z6YIOGek+Get+GehOKAi+GeouGejOGfkuGejeGeheGek+GfkuGekeGegOGfkuGemuGeoOGemA==	V29ybGQgUmVkIENyb3NzIGFuZCBSZWQgQ3Jlc2NlbnQgRGF5
c73705a2383973e6a353e449	4Z6U4Z634Z6O4Z+S4Z6MIOGfow==	QmVuIDM=
c73e45a2b6f6fb2fc663f178	4Z6W4Z634Z6S4Z644oCL4Z6f4Z634Z6P4oCL4Z6R4Z+A4Z6T4oCL4Z6W4Z+S4Z6a4Z+H4oCL4Z6c4Z6f4Z+S4Z6f4Z62	QnVkZGhpc3QgTGVudCBDYW5kbGVzIE1ha2luZyBEYXk=
c76b6008887cd594cb318b18	4Z6W4Z+S4Z6a4Z+H4oCL4Z6a4Z624Z6H4oCL4Z6W4Z634Z6S4Z644oCL4Z6U4Z674Z6O4Z+S4Z6Z4oCL4Z6i4Z674Z+G4oCL4Z6R4Z684Z6AIOGelOGejuGfkuGeiuGfguGej+KAi+GelOGfkuGemuGekeGeuOGelCDhnpPhnrfhnoTigIvhnp/hn4bhnpbhn4figIvhnpbhn5Lhnprhn4figIvhnoHhn4Ig4Z6i4Z6A4Z6i4Z+G4Z6U4Z674Z6A	V2F0ZXIgRmVzdGl2YWw=
c770d8cb6f14b87e109dce45	4Z6R4Z634Z6c4Z624oCL4Z6n4Z6R4Z+S4Z6Z4Z624Z6T4Z674oCL4Z6a4Z6A4Z+S4Z6f4Z6W4Z634Z6X4Z6W4Z6b4Z+E4Z6AIOGegeGeveGelOGem+GevuGegOGekeGeuOGfoeGfpw==	V29ybGQgUmFuZ2VyIERheQ==
c784bca954e2c842712dfedc	4Z6b4Z+S4Z6B4Z+E4Z6T4oCL4Z6f4Z+S4Z6a4Z6Y4Z+E4Z6b4oCL4Z6f4Z+S4Z6U4Z+C4Z6A4oCLIOGej+GfkuGemuGevOGenOKAi+GelOGetuGek+KAi+GeheGeu+Gfh+KAi+GegOGfkuGek+Geu+GehOKAi+GelOGeieGfkuGeh+GeuOKAi+GelOGfgeGej+Get+GegOKAi+Gel+GejuGfkuGejOGenOGelOGfkuGelOGekuGemOGfjOGeouGemuGevOGelOGeuOGek+Gfg+GemOGek+Geu+Gen+GfkuGen+Geh+GetuGej+GetyDhnoHhnr3hnpThnpvhnr7hnoDhnpHhnrjhn6I=	S2htZXIgU2hhZG93IFRoZWF0cmUgaW5zY3JpYmVkIG9uIHRoZSBSZXByZXNlbnRhdGl2ZSBMaXN0IG9mIHRoZSBJbnRhbmdpYmxlIEN1bHR1cmFsIEhlcml0YWdlIG9mIEh1bWFuaXR5
c7939df9e925768d31b334d3	4Z6R4Z634Z6c4Z624oCL4Z6c4Z6U4Z+S4Z6U4oCL4Z6S4Z6Y4Z+M4oCL4Z6H4Z624Z6P4Z63IOGegeGeveGelOGem+GevuGegOGekeGeuOGfouGfqQ==	TmF0aW9uYWwgQ3VsdHVyZSBEYXk=
c7b348d66e32449e26429608	4Z6W4Z634Z6S4Z644oCL4Z6U4Z674Z6O4Z+S4Z6Z4oCL4Z6X4Z+S4Z6H4Z674Z+G4oCL4Z6U4Z634Z6O4Z+S4Z6M	UGNodW0gQmVuIEZlc3RpdmFs
c7c12793f4df92a1de58f3e4	4Z6U4Z634Z6O4Z+S4Z6MIOGfqA==	QmVuIDg=
c7c750af3d7b20b04b33ae5f	4Z6Q4Z+S4Z6E4Z+D4oCL4Z6f4Z+C4Z6T4oCL4Z6K4Z6A4oCL4Z6H4Z6+4Z6E4oCL4Z6S4Z684Z6U	S2l0Y2hlbiBHb2QgRmVzdGl2YWw=
c7ff7d0923789ca359917fd6	4Z6R4Z634Z6c4Z624oCL4Z6C4Z+S4Z6a4Z684oCL4Z6U4Z6E4Z+S4Z6a4Z+A4Z6T4oCL4Z6W4Z634Z6X4Z6W4oCL4Z6b4Z+E4Z6A	V29ybGQgVGVhY2hlcidzIERheQ==
c8053c5c93a358931401e8ec	4Z6A4Z6Y4Z+S4Z6W4Z674Z6H4Z624oCL4Z6F4Z684Z6b4oCL4Z6H4Z624oCL4Z6f4Z6Y4Z624oCL4Z6H4Z634Z6A4oCL4Z6i4Z624Z6f4Z+K4Z624Z6TIOGegeGeveGelOGem+GevuGegOGekeGeuOGfoeGfog==	Q2FtYm9kaWEgam9pbmVkIFRoZSBBc3NvY2lhdGlvbiBvZiBTb3V0aGVhc3QgQXNpYW4gTmF0aW9ucyAoQVNFQU4p
c80fb3c4b0b4f630c9526050	4Z6R4Z634Z6c4Z624oCL4Z6Z4Z674Z6c4Z6H4Z6T4oCL4Z6i4Z6T4Z+S4Z6P4Z6a4oCL4Z6H4Z624Z6P4Z63	SW50ZXJuYXRpb25hbCBZb3V0aCBEYXk=
c820831e99d9f4961a232958	4Z6R4Z634Z6c4Z624oCL4Z6n4Z6R4Z+S4Z6Z4Z624Z6T4Z674oCL4Z6a4Z6A4Z+S4Z6f4Z6W4Z634Z6X4Z6W4Z6b4Z+E4Z6A	V29ybGQgUmFuZ2VyIERheQ==
c82bb1e3986e12c669f6b7b3	4Z6W4Z634Z6S4Z644oCL4Z6U4Z674Z6O4Z+S4Z6Z4oCL4Z6X4Z+S4Z6H4Z674Z+G4oCL4Z6U4Z634Z6O4Z+S4Z6M	UGNodW0gQmVuIEZlc3RpdmFs
c838f617a263ada723cf6129	4Z6R4Z634Z6c4Z624oCL4Z6Y4Z6T4Z674Z6f4Z+S4Z6f4oCL4Z6F4Z624Z6f4Z+L4oCL4Z6A4Z6Y4Z+S4Z6W4Z674Z6H4Z62IOGek+Get+GehOGekeGet+GenOGetuGemOGek+Geu+Gen+GfkuGen+GeheGetuGen+Gfi+GeouGek+GfkuGej+GemuGeh+GetuGej+GetyDhnoHhnr3hnpThnpvhnr7hnoDhnpHhnrjhn6Hhn6M=	Q2FtYm9kaWFuIE9sZGVyIFBlcnNvbnMgRGF5IGFuZCB0aGUgSW50ZXJuYXRpb25hbCBEYXkgb2YgT2xkZXIgUGVyc29ucw==
c856818ff1fae937e50dbdb7	4Z6W4Z634Z6S4Z644oCL4Z6U4Z674Z6O4Z+S4Z6Z4oCL4Z6X4Z+S4Z6H4Z674Z+G4oCL4Z6U4Z634Z6O4Z+S4Z6M	UGNodW0gQmVuIEZlc3RpdmFs
c85ec8a43e9d81a46b04c853	4Z6R4Z634Z6c4Z624oCL4Z6U4Z644Z6P4Z62	RmF0aGVyJ3MgRGF5
c87e8e491384eeeec0cc2d8d	4Z6W4Z+S4Z6a4Z+H4oCL4Z6a4Z624Z6H4oCL4Z6W4Z634Z6S4Z644oCL4Z6U4Z674Z6O4Z+S4Z6Z4oCL4Z6F4Z6Y4Z+S4Z6a4Z6+4Z6T4oCL4Z6W4Z+S4Z6a4Z+H4oCL4Z6H4Z6T4Z+S4Z6YIOGeluGfkuGemuGfh+KAi+GegOGemuGeu+GejuGetuKAi+GeluGfkuGemuGfh+KAi+GelOGetuGekeKAi+Gen+GemOGfkuGej+GfgeGeheKAi+GeluGfkuGemuGfh+KAi+GelOGemuGemOKAi+Gek+GetuGekCDhnpPhnprhn4Thno/hn5Lhno/hnpgg4Z6f4Z644Z6g4Z6Y4Z674Z6T4Z64IOGeluGfkuGemuGfh+KAi+GemOGeoOGetuGegOGfkuGen+Gej+GfkuGemuKAi+Gek+Gfg+KAi+GeluGfkuGemuGfh+GemuGetuGeh+GetuGejuGetuGeheGegOGfkuGemuKAi+GegOGemOGfkuGeluGeu+Geh+Getg==	S2luZyBTaWhhbW9uaSdzIEJpcnRoZGF5
c88815b76e240ffad371eb1a	4Z6P4Z+G4Z6U4Z6T4Z+L4oCL4Z6U4Z+S4Z6a4Z624Z6f4Z624Z6R4oCL4Z6f4Z+G4Z6U4Z684Z6a4oCL4Z6W4Z+S4Z6a4Z+D4oCL4Z6C4Z674Z6AIOGej+GfkuGemuGevOGenOKAi+GelOGetuGek+KAi+GeheGeu+Gfh+KAi+GegOGfkuGek+Geu+GehOKAi+GelOGeieGfkuGeh+GeuOKAi+GelOGfgeGej+Get+GegOKAi+Gel+GejuGfkuGejOKAi+GeluGet+Gel+GeluGem+GfhOGegOGemuGelOGen+Gfi+GeouGehOGfkuGeguGegOGetuGemuGemeGevOGejuGfgeGen+GfkuGegOGevCDhnoHhnr3hnpThnpvhnr7hnoDhnpHhnrjhn6c=	VGVtcGxlIFpvbmUgb2YgU2FtYm9yIFByZWkgS3VrIHdhcyBpbnNjcmliZWQgb24gdGhlIFVORVNDTyBXb3JsZCBIZXJpdGFnZSBMaXN0
c88d98d05e7b7b3a18d155f8	4Z6P4Z+G4Z6U4Z6T4Z+L4oCL4Z6a4Z6Y4Z6O4Z644oCL4Z6K4Z+S4Z6L4Z624Z6T4oCL4Z6i4Z6E4Z+S4Z6C4Z6aIOGej+GfkuGemuGevOGenOKAi+GelOGetuGek+KAi+GeheGeu+Gfh+KAi+GegOGfkuGek+Geu+GehOKAi+GelOGeieGfkuGeh+GeuOKAi+GelOGfgeGej+Get+GegOKAi+Gel+GejuGfkuGejOKAi+GeluGet+Gel+GeluGem+GfhOGegOGemuGelOGen+Gfi+GeouGehOGfkuGeguGegOGetuGemuGemeGevOGejuGfgeGen+GfkuGegOGevCDhnoHhnr3hnpThnpvhnr7hnoDhnpHhnrjhn6Lhn6Y=	QW5na29yIHdhcyBpbnNjcmliZWQgb24gdGhlIFVORVNDTyBXb3JsZCBIZXJpdGFnZSBMaXN0
c8c781eb4bbb2e9c92e41706	4Z6W4Z634Z6S4Z644oCL4Z6U4Z674Z6O4Z+S4Z6Z4oCL4Z6v4Z6A4Z6a4Z624Z6H4Z+S4Z6Z4oCL4Z6H4Z624Z6P4Z63IOGegeGeveGelOGem+GevuGegOGekeGeuOGfpOGfqA==	SW5kZXBlbmRlbmNlIERheQ==
c8e5475d7f8ad25e996b488f	4Z6W4Z634Z6S4Z644oCL4Z6U4Z674Z6O4Z+S4Z6Z4oCL4Z6F4Z684Z6b4oCL4Z6G4Z+S4Z6T4Z624Z+G4oCL4Z6Q4Z+S4Z6Y4Z64IOGelOGfkuGemuGeluGfg+GejuGeuOKAi+Geh+GetuGej+GetyAtIOGekOGfkuGehOGfg+KAi+GeoeGevuGehOKAi+Gen+GfkOGegA==	S2htZXIgTmV3IFllYXIgLSBWZWFyZWFrIExhZXVuZyBTYWs=
c90947d4867821abbf550bed	4Z6U4Z634Z6O4Z+S4Z6MIOGfoeGfoQ==	QmVuIDEx
c90970d80bcfac68c4b8f92d	4Z6P4Z+G4Z6U4Z6T4Z+L4oCL4Z6a4Z6Y4Z6O4Z644oCL4Z6K4Z+S4Z6L4Z624Z6T4oCL4Z6i4Z6E4Z+S4Z6C4Z6aIOGej+GfkuGemuGevOGenOKAi+GelOGetuGek+KAi+GeheGeu+Gfh+KAi+GegOGfkuGek+Geu+GehOKAi+GelOGeieGfkuGeh+GeuOKAi+GelOGfgeGej+Get+GegOKAi+Gel+GejuGfkuGejOKAi+GeluGet+Gel+GeluGem+GfhOGegOGemuGelOGen+Gfi+GeouGehOGfkuGeguGegOGetuGemuGemeGevOGejuGfgeGen+GfkuGegOGevCDhnoHhnr3hnpThnpvhnr7hnoDhnpHhnrjhn6Phn6U=	QW5na29yIHdhcyBpbnNjcmliZWQgb24gdGhlIFVORVNDTyBXb3JsZCBIZXJpdGFnZSBMaXN0
c90eb70fdc65fa32c7d8fe84	4Z6f4Z+C4Z6T4oCL4Z6T4Z+G4oCL4Z6F4Z624Z+G4Z6E	U3RpY2t5IFJpY2UgRHVtcGxpbmdzIChab25nemkp
c93a71ba5ff5ff2400585d41	4Z6A4Z6Y4Z+S4Z6W4Z674Z6H4Z624oCL4Z6F4Z684Z6b4oCL4Z6H4Z624oCL4Z6f4Z6Y4Z624oCL4Z6H4Z634Z6A4oCL4Z6i4Z6E4Z+S4Z6C4oCL4Z6A4Z624Z6a4oCL4Z6f4Z6g4oCL4Z6U4Z+S4Z6a4Z6H4Z624Z6H4Z624Z6P4Z63IOGegeGeveGelOGem+GevuGegOGekeGeuOGfpOGfpw==	Q2FtYm9kaWEgYmVjYW1lIGEgbWVtYmVyIG9mIHRoZSBVbml0ZWQgTmF0aW9ucw==
c93cbd27312cd5f26d65287a	4Z6W4Z634Z6S4Z644oCL4Z6U4Z674Z6O4Z+S4Z6Z4oCL4Z6v4Z6A4Z6a4Z624Z6H4Z+S4Z6Z4oCL4Z6H4Z624Z6P4Z63IOGegeGeveGelOGem+GevuGegOGekeGeuOGfpeGfoA==	SW5kZXBlbmRlbmNlIERheQ==
c95149eab9192fa485d4d8a1	4Z6W4Z634Z6S4Z644oCL4Z6U4Z674Z6O4Z+S4Z6Z4oCL4Z6F4Z684Z6b4oCL4Z6G4Z+S4Z6T4Z624Z+G4oCL4Z6Q4Z+S4Z6Y4Z64IOGelOGfkuGemuGeluGfg+GejuGeuOKAi+Geh+GetuGej+GetyAtIOGekOGfkuGehOGfg+KAi+GeoeGevuGehOKAi+Gen+GfkOGegA==	S2htZXIgTmV3IFllYXIgLSBWZWFyZWFrIExhZXVuZyBTYWs=
c96b9e074a3488a9a534daee	4Z6A4Z6L4Z634Z6T4oCL4Z6A4Z624Z6b	S2F0aGVuIEthbA==
c9794a7f5d18993cc1ddc556	4Z6f4Z+C4Z6T4oCL4Z6T4Z+G4oCL4Z6F4Z624Z+G4Z6E	U3RpY2t5IFJpY2UgRHVtcGxpbmdzIChab25nemkp
c9874ce2731aebab351af864	4Z6R4Z634Z6c4Z624oCL4Z6Y4Z6F4Z+S4Z6G4Z624oCL4Z6H4Z624Z6P4Z63	TmF0aW9uYWwgRmlzaCBEYXk=
c99dc43a00d6de5273d89a5a	4Z6U4Z634Z6O4Z+S4Z6MIOGfoeGfog==	QmVuIDEy
c9ce616b7ed14670a1475f7f	4Z6R4Z634Z6c4Z624oCL4oCL4Z6U4Z+S4Z6a4Z6H4Z624Z6H4Z6T4Z6H4Z624Z6P4Z63IOGek+Get+GehOKAi+KAi+GelOGfkuGemuGeh+GetuGeh+Gek+KAi+GeluGet+Gel+GeluKAi+Gem+GfhOGegA==	TmF0aW9uYWwgUG9wdWxhdGlvbiBEYXkgYW5kIFdvcmxkIFBvcHVsYXRpb24gRGF5
c9d7e85cf3b15d970e99c0ec	4Z6U4Z634Z6O4Z+S4Z6MIOGfoeGfoQ==	QmVuIDEx
ca0a62a26e9a996b6b45d221	4Z6R4Z634Z6c4Z624oCL4Z6T4Z6Z4Z+E4oCL4Z6U4Z624Z6Z4oCL4Z6I4Z+S4Z6T4Z+HIOGeiOGfkuGek+Gfhw==	V2luLXdpbiBQb2xpY3kgRGF5
ca1a10e24c5d05bfcb54e92d	4Z6R4Z634Z6c4Z624Z6R4Z654Z6AIOGek+Get+GehOGep+Gej+Geu+Gek+Get+GemeGemOGeluGet+Gel+GeluGem+GfhOGegA==	V29ybGQgV2F0ZXIgYW5kIFdvcmxkIE1ldGVvcm9sb2dpY2FsIERheQ==
ca2a2c4cfce1c4babc8ce14a	4Z6R4Z634Z6c4Z624oCL4Z6T4Z6Z4Z+E4Z6U4Z624Z6Z4oCL4Z6R4Z654Z6A	V2F0ZXIgUG9saWN5IERheQ==
ca66458562181aef8b96907d	4Z6R4Z634Z6c4Z624Z6a4Z+G4Z6b4Z654Z6A4oCL4Z6B4Z694Z6U4oCL4Z6T4Z+D4oCL4Z6A4Z634Z6F4Z+S4Z6F4Z6W4Z+S4Z6a4Z6Y4Z6W4Z+S4Z6a4Z+A4Z6E4oCL4Z6f4Z6T4Z+S4Z6P4Z634Z6X4Z624Z6W4oCL4Z6R4Z644Z6A4Z+S4Z6a4Z674Z6E4oCL4Z6U4Z+J4Z624Z6a4Z644Z6f	UGFyaXMgUGVhY2UgQWdyZWVtZW50IERheQ==
ca6e5276fb83547d366d03ee	4Z6W4Z634Z6S4Z644oCL4Z6U4Z674Z6O4Z+S4Z6Z4oCL4Z6c4Z634Z6f4Z624Z6B4oCL4Z6U4Z684Z6H4Z62	VmlzYWsgQm9jaGVh
ca78a9f380a809a7f2079bff	4Z6A4Z+G4Z6O4Z6+4Z6P4oCL4Z6T4Z6C4Z6a4oCL4Z6U4Z624Z6b4oCL4Z6H4Z624Z6P4Z63IOGegeGeveGelOGem+GevuGegOGekeGeuOGfpuGfpQ==	QmlydGggb2YgdGhlIE5hdGlvbmFsIFBvbGljZQ==
ca7b2297342b1691eb0b4556	4Z6W4Z634Z6S4Z644oCL4Z6U4Z674Z6O4Z+S4Z6Z4oCL4Z6F4Z684Z6b4oCL4Z6G4Z+S4Z6T4Z624Z+G4oCL4Z6Q4Z+S4Z6Y4Z64IOGelOGfkuGemuGeluGfg+GejuGeuOKAi+Geh+GetuGej+GetyAtIOGemOGeoOGetuKAi+Gen+GehOGfkuGegOGfkuGemuGetuGek+GfkuGejyDhnpjhn4nhn4ThnoQg4Z+h4Z+iOuGfpOGfqCBBTQ==	S2htZXIgTmV3IFllYXIgLSBNb2hhIFNhbmtyYW50YSBhdCAxMjo0OCBBTQ==
ca83a53e94e92ff238c5aa85	4Z6U4Z674Z6O4Z+S4Z6Z4oCL4Z6g4Z624Z6h4Z684Z6c4Z644Z6T	SGFsbG93ZWVu
ca869fcd035d6aefcc8fd3db	4Z6A4Z+G4Z6O4Z6+4Z6P4oCL4Z6T4Z6C4Z6a4oCL4Z6U4Z624Z6b4oCL4Z6H4Z624Z6P4Z63IOGegeGeveGelOGem+GevuGegOGekeGeuOGfp+Gfpg==	QmlydGggb2YgdGhlIE5hdGlvbmFsIFBvbGljZQ==
caa7e228c0e7d63d7dbeec67	4Z6R4Z634Z6c4Z624oCL4Z6A4Z674Z6Y4Z624Z6a4oCL4Z6i4Z6T4Z+S4Z6P4Z6a4oCL4Z6H4Z624Z6P4Z63IOGegeGeveGelOGem+GevuGegOGekeGeuOGfpeGfqA==	SW50ZXJuYXRpb25hbCBDaGlsZHJlbidzIERheQ==
cab01d6e3116df3308dde877	4Z6R4Z634Z6c4Z624oCL4Z6R4Z+B4Z6f4oCL4Z6F4Z6a4Z6O4Z+N4oCL4Z6W4Z634oCL4Z6X4Z6W4oCL4Z6b4Z+E4Z6A	V29ybGQgVG91cmlzbSBEYXk=
cabba707779ecc7bef05502d	4Z6R4Z634Z6c4Z624oCL4Z6W4Z634Z6X4Z6W4oCL4Z6b4Z+E4Z6A4oCL4Z6U4Z+S4Z6a4Z6Z4Z674Z6R4Z+S4Z6S4oCL4Z6U4Z+S4Z6a4Z6G4Z624Z+G4Z6E4oCL4Z6T4Z654Z6E4oCL4Z6H4Z+G4Z6E4Z664oCL4Z6i4Z+B4Z6K4Z6f4Z+N	V29ybGQgQUlEUyBEYXk=
cadfa8dedcc0ed23f654f492	4Z6W4Z+S4Z6a4Z+H4oCL4Z6a4Z624Z6H4oCL4Z6W4Z634Z6S4Z644oCL4Z6U4Z674Z6O4Z+S4Z6Z4oCL4Z6F4Z6Y4Z+S4Z6a4Z6+4Z6T4oCL4Z6W4Z+S4Z6a4Z+H4oCL4Z6H4Z6T4Z+S4Z6YIOGeluGfkuGemuGfh+KAi+GegOGemuGeu+GejuGetuKAi+GeluGfkuGemuGfh+KAi+GelOGetuGekeKAi+Gen+GemOGfkuGej+GfgeGeheKAi+GeluGfkuGemuGfh+KAi+GelOGemuGemOKAi+Gek+GetuGekCDhnpPhnprhn4Thno/hn5Lhno/hnpgg4Z6f4Z644Z6g4Z6Y4Z674Z6T4Z64IOGeluGfkuGemuGfh+KAi+GemOGeoOGetuGegOGfkuGen+Gej+GfkuGemuKAi+Gek+Gfg+KAi+GeluGfkuGemuGfh+GemuGetuGeh+GetuGejuGetuGeheGegOGfkuGemuKAi+GegOGemOGfkuGeluGeu+Geh+Getg==	S2luZyBTaWhhbW9uaSdzIEJpcnRoZGF5
caea38f93530606b0e3957a5	4Z6W4Z634Z6S4Z644oCL4Z6U4Z+G4Z6U4Z694Z6f4oCL4Z6T4Z624Z6C4oCL4Z6B4Z+S4Z6T4Z624Z6T	VGhlIE9yZGFpbmVkIERyYWdvbiBNb25r
cb1995a9f819395688f999d4	4Z6R4Z634Z6c4Z624oCL4Z6Y4Z6F4Z+S4Z6G4Z624oCL4Z6H4Z624Z6P4Z63	TmF0aW9uYWwgRmlzaCBEYXk=
cb310f51bf775459c1fed496	4Z6R4Z634Z6c4Z624oCL4Z6f4Z6T4Z+S4Z6P4Z634oCL4Z6X4Z624Z6W4oCL4Z6i4Z6T4Z+S4Z6P4Z6a4oCL4Z6H4Z624Z6P4Z63	SW50ZXJuYXRpb25hbCBEYXkgb2YgUGVhY2U=
cb5ff3585921596e01d0fe6f	4Z6U4Z634Z6O4Z+S4Z6MIOGfpw==	QmVuIDc=
cb698abf7e89df6246fdde83	4Z6F4Z684Z6b4oCL4Z6W4Z+S4Z6a4Z+H4oCL4Z6c4Z6f4Z+S4Z6f4Z62	QmVnaW5uaW5nIG9mIEJ1ZGRoaXN0IExlbnQ=
cb7d8b5741a93bfd54172c61	4Z6W4Z634Z6S4Z644oCL4Z6U4Z674Z6O4Z+S4Z6Z4oCL4Z6F4Z684Z6b4oCL4Z6G4Z+S4Z6T4Z624Z+G4oCL4Z6Q4Z+S4Z6Y4Z64IOGelOGfkuGemuGeluGfg+GejuGeuOKAi+Geh+GetuGej+GetyAtIOGenOGetuGemuGfiOKAi+GenOGfkOGek+KAi+GelOGejw==	S2htZXIgTmV3IFllYXIgLSBWZWFyZWFrIFZhbmFiYXQ=
cb91d5fc666f615c6fb17c07	4Z6F4Z+B4Z6J4oCL4Z6W4Z+S4Z6a4Z+H4oCL4Z6c4Z6f4Z+S4Z6f4Z62	RW5kaW5nIG9mIEJ1ZGRoaXN0IExlbnQ=
cbdc38f6eea439defe3184c3	4Z6R4Z634Z6c4Z624oCL4Z6i4Z6T4Z+S4Z6P4Z6a4oCL4Z6H4Z624Z6P4Z634oCL4Z6U4Z+S4Z6a4Z6Z4Z674Z6R4Z+S4Z6S4oCL4Z6U4Z+S4Z6a4Z6G4Z624Z+G4Z6E4oCL4Z6C4Z+S4Z6a4Z6/4Z6E4oCL4Z6J4Z+A4Z6T	SW50ZXJuYXRpb25hbCBEYXkgQWdhaW5zdCBEcnVnIEFidXNlIGFuZCBJbGxpY2l0IFRyYWZmaWNraW5n
cbe9155d2838c3826f2701eb	4Z6Q4Z+S4Z6E4Z+D4oCL4Z6U4Z674Z6O4Z+S4Z6Z4oCL4Z6T4Z+D4oCL4Z6f4Z+B4Z6F4Z6A4Z+S4Z6P4Z644oCL4Z6f4Z+S4Z6a4Z6b4Z624Z6J4Z+L	VmFsZW50aW5lJ3MgRGF5
cc44a3235936b776bb6224cf	4Z6R4Z634Z6c4Z624oCL4Z6U4Z6a4Z634oCL4Z6f4Z+S4Z6Q4Z624Z6T4oCL4Z6H4Z624Z6P4Z63IOGek+Get+GehOKAi+GelOGemuGet+KAi+Gen+GfkuGekOGetuGek+KAi+GeluGet+Gel+GeluKAi+Gem+GfhOGegCDhnoHhnr3hnpThnpvhnr7hnoDhnpHhnrjhn6c=	TmF0aW9uYWwgYW5kIFdvcmxkIEVudmlyb25tZW50IERheQ==
cc50b5365eb87bae05debc62	4Z6R4Z634Z6c4Z624oCL4Z6H4Z+Q4Z6Z4oCL4Z6H4Z6Y4Z+S4Z6T4Z+H4oCL4Z6b4Z6+4oCL4Z6a4Z6U4Z6U4oCL4Z6U4Z+S4Z6a4Z6b4Z+Q4Z6Z4oCL4Z6W4Z684Z6H4oCL4Z6f4Z624Z6f4Z6T4Z+NIOGegeGeveGelOGem+GevuGegOGekeGeuOGfo+GfpQ==	VmljdG9yeSBPdmVyIEdlbm9jaWRlIERheQ==
cc511478bba95d7ef406b4ed	4Z6f4Z+C4Z6T4Z6T4Z+G4Z6i4Z+K4Z64	V2ludGVyIFNvbHN0aWNlIEZlc3RpdmFs
cc6778da09584035b91bcb02	4Z6R4Z634Z6c4Z624oCL4Z6f4Z674Z6B4oCL4Z6X4Z624Z6W4oCL4Z6W4Z634Z6X4Z6W4oCL4Z6b4Z+E4Z6A	V29ybGQgSGVhbHRoIERheQ==
cc7de7cb21bef0b1e1725025	4Z6R4Z634Z6c4Z624oCL4Z6f4Z+B4Z6a4Z644oCL4Z6X4Z624Z6W4oCL4Z6f4Z624Z6a4Z6W4Z+Q4Z6P4Z+M4Z6Y4Z624Z6T4oCL4Z6W4Z634Z6X4Z6W4oCL4Z6b4Z+E4Z6AIOGegeGeveGelOGem+GevuGegOGekeGeuOGfouGfpQ==	V29ybGQgUHJlc3MgRnJlZWRvbSBEYXk=
cc8473175deec688dd68d992	4Z6U4Z634Z6O4Z+S4Z6MIOGfoeGfoA==	QmVuIDEw
cca24ba4ceb980e8c3ae0b13	4Z6R4Z634Z6c4Z624oCL4Z6T4Z6Z4Z+E4oCL4Z6U4Z624Z6Z4oCL4Z6I4Z+S4Z6T4Z+HIOGeiOGfkuGek+Gfhw==	V2luLXdpbiBQb2xpY3kgRGF5
cca5aaf2b362719695b12f35	4Z6W4Z+S4Z6a4Z+H4oCL4Z6a4Z624Z6H4oCL4Z6W4Z634Z6S4Z644oCL4Z6F4Z+S4Z6a4Z6P4Z+L4oCL4Z6W4Z+S4Z6a4Z+H4oCL4Z6T4Z6E4Z+S4Z6C4Z+Q4Z6b	Um95YWwgUGxvdWdoaW5nIENlcmVtb255
ccac4f9840c098fe5b061dcd	4Z6A4Z6L4Z634Z6T4oCL4Z6A4Z624Z6b	S2F0aGVuIEthbA==
ccbe78d6cdb66b9b95dfc95d	4Z6U4Z634Z6O4Z+S4Z6MIOGfoeGfoA==	QmVuIDEw
cce4f7a0ae5a5ca29d43a6bf	4Z6R4Z634Z6c4Z624oCL4Z6i4Z6T4Z+S4Z6P4Z6a4oCL4Z6H4Z624Z6P4Z634oCL4Z6H4Z6T4Z6H4Z624Z6P4Z634Z6K4Z6+4Z6Y4Z6X4Z624Z6C4Z6P4Z634Z6F4Z6W4Z634Z6X4Z6W4Z6b4Z+E4Z6A	SW50ZXJuYXRpb25hbCBEYXkgb2YgdGhlIFdvcmxkJ3MgSW5kaWdlbm91cyBQZW9wbGVz
cce8c0aee0d14f1d55e8ea7e	4Z6R4Z634Z6c4Z624oCL4Z6W4Z634Z6X4Z6W4oCL4Z6b4Z+E4Z6A4oCL4Z6U4Z+S4Z6a4Z6G4Z624Z+G4Z6E4oCL4Z6W4Z6b4Z6A4Z6Y4Z+S4Z6Y4oCL4Z6A4Z674Z6Y4Z624Z6aIOGegeGeveGelOGem+GevuGegOGekeGeuOGfpA==	SGFwcHkgV29ybGQgRGF5IEFnYWluc3QgQ2hpbGQgTGFib3Vy
cd171d5b07fe22c38c4c5426	4Z6U4Z634Z6O4Z+S4Z6MIOGfpg==	QmVuIDY=
cd285db7b1f19692f08c6b38	4Z6A4Z+G4Z6O4Z6+4Z6P4oCL4Z6T4Z6C4Z6a4oCL4Z6U4Z624Z6b4oCL4Z6H4Z624Z6P4Z63IOGegeGeveGelOGem+GevuGegOGekeGeuOGfpuGfpA==	QmlydGggb2YgdGhlIE5hdGlvbmFsIFBvbGljZQ==
cd2dcdb9f64af6ba4db2bbbd	4Z6R4Z634Z6c4Z624oCL4Z6W4Z6b4Z6A4Z6Y4Z+S4Z6Y4oCL4Z6i4Z6T4Z+S4Z6P4Z6a4Z6H4Z624Z6P4Z63IOGegeGeveGelOGem+GevuGegOGekeGeuOGfoeGfo+Gfow==	SW50ZXJuYXRpb25hbCBMYWJvciBEYXk=
cd37e36a0015122c939ab3f2	4Z6R4Z634Z6c4Z624oCL4Z6f4Z6T4Z+S4Z6P4Z634oCL4Z6X4Z624Z6W4oCL4Z6T4Z+F4oCL4Z6A4Z6Y4Z+S4Z6W4Z674Z6H4Z62	UGVhY2UgRGF5IGluIENhbWJvZGlh
cd4b0a4b2d48b112534134d5	4Z6U4Z634Z6O4Z+S4Z6MIOGfpw==	QmVuIDc=
cd80b5be6d6aaa33944687e1	4Z6R4Z634Z6c4Z624oCL4Z6W4Z634Z6X4Z6W4oCL4Z6b4Z+E4Z6A4oCL4Z6U4Z+S4Z6a4Z6Z4Z674Z6R4Z+S4Z6S4oCL4Z6U4Z+S4Z6a4Z6G4Z624Z+G4Z6E4oCL4Z6T4Z654Z6E4oCL4Z6H4Z+G4Z6E4Z664oCL4Z6i4Z+B4Z6K4Z6f4Z+N	V29ybGQgQUlEUyBEYXk=
cd8410716d28944873894fc6	4Z6R4Z634Z6c4Z624oCL4Z6i4Z6A4Z+S4Z6B4Z6a4oCL4Z6A4Z6Y4Z+S4Z6Y4oCL4Z6i4Z6T4Z+S4Z6P4Z6a4oCL4Z6H4Z624Z6P4Z63	SW50ZXJuYXRpb25hbCBMaXRlcmFjeSBEYXk=
cd8869b90036a871240405db	4Z6R4Z634Z6c4Z624oCL4Z6W4Z634Z6X4Z6W4oCL4Z6b4Z+E4Z6A4oCL4Z6C4Z+S4Z6Y4Z624Z6T4oCL4Z6Q4Z+S4Z6T4Z624Z+G4oCL4Z6H4Z6A4Z+L	V29ybGQgTm8gVG9iYWNjbyBEYXk=
cdc6c68ca9ba7fb34d8ef19a	4Z6R4Z634Z6c4Z624oCL4Z6n4Z6R4Z+S4Z6Z4Z624Z6T4Z674oCL4Z6a4Z6A4Z+S4Z6f4Z6W4Z634Z6X4Z6W4Z6b4Z+E4Z6AIOGegeGeveGelOGem+GevuGegOGekeGeuOGfpw==	V29ybGQgUmFuZ2VyIERheQ==
cdc86b70ff035003ec15a4ac	4Z6R4Z634Z6c4Z624oCL4Z6W4Z634Z6X4Z6W4oCL4Z6b4Z+E4Z6A4oCL4Z6C4Z+S4Z6Y4Z624Z6T4oCL4Z6Q4Z+S4Z6T4Z624Z+G4oCL4Z6H4Z6A4Z+L	V29ybGQgTm8gVG9iYWNjbyBEYXk=
cdde61af0991379093522744	4Z6R4Z634Z6c4Z624Z6Y4Z624Z6P4Z62	TW90aGVyJ3MgRGF5
cdeab71c9e6286b4bc834f56	4Z6U4Z634Z6O4Z+S4Z6MIOGfpg==	QmVuIDY=
cdeb4513ad890a64fb4b32f1	4Z6R4Z634Z6c4Z624oCL4Z6W4Z634Z6X4Z6W4oCL4Z6b4Z+E4Z6A4oCL4Z6A4Z624Z6A4oCL4Z6U4Z624Z6R4oCL4Z6A4Z+S4Z6a4Z6g4Z6YIOGek+Get+GehOKAi+GeouGejOGfkuGejeGeheGek+GfkuGekeGegOGfkuGemuGeoOGemA==	V29ybGQgUmVkIENyb3NzIGFuZCBSZWQgQ3Jlc2NlbnQgRGF5
cdfeb02206f345e2ed64f398	4Z6R4Z634Z6c4Z624oCL4oCL4Z6U4Z+S4Z6a4Z6H4Z624Z6H4Z6T4Z6H4Z624Z6P4Z63IOGek+Get+GehOKAi+KAi+GelOGfkuGemuGeh+GetuGeh+Gek+KAi+GeluGet+Gel+GeluKAi+Gem+GfhOGegA==	TmF0aW9uYWwgUG9wdWxhdGlvbiBEYXkgYW5kIFdvcmxkIFBvcHVsYXRpb24gRGF5
ce49938ff87a605c93196e30	4Z6R4Z634Z6c4Z624oCL4Z6R4Z+B4Z6f4oCL4Z6F4Z6a4Z6O4Z+N4oCL4Z6W4Z634oCL4Z6X4Z6W4oCL4Z6b4Z+E4Z6A	V29ybGQgVG91cmlzbSBEYXk=
ce4e9f3fa3bc6a1374474ee0	4Z6W4Z634Z6S4Z644oCL4Z6U4Z674Z6O4Z+S4Z6Z4oCL4Z6X4Z+S4Z6H4Z674Z+G4oCL4Z6U4Z634Z6O4Z+S4Z6M	UGNodW0gQmVuIEZlc3RpdmFs
ce4fd60361a6e420fcc24756	4Z6R4Z634Z6c4Z624oCL4Z6F4Z684Z6b4oCL4Z6G4Z+S4Z6T4Z624Z+G4oCL4Z6f4Z624Z6A4Z6b	TmV3IFllYXIncyBEYXk=
ce54319c29f25f3298bcbe83	4Z6W4Z634Z6S4Z644oCL4Z6U4Z674Z6O4Z+S4Z6Z4oCL4Z6v4Z6A4Z6a4Z624Z6H4Z+S4Z6Z4oCL4Z6H4Z624Z6P4Z63IOGegeGeveGelOGem+GevuGegOGekeGeuOGfpeGfpQ==	SW5kZXBlbmRlbmNlIERheQ==
ce79827d7ff340ed51363562	4Z6P4Z+G4Z6U4Z6T4Z+L4oCL4Z6U4Z+S4Z6a4Z624Z6f4Z624Z6R4oCL4Z6f4Z+G4Z6U4Z684Z6a4oCL4Z6W4Z+S4Z6a4Z+D4oCL4Z6C4Z674Z6AIOGej+GfkuGemuGevOGenOKAi+GelOGetuGek+KAi+GeheGeu+Gfh+KAi+GegOGfkuGek+Geu+GehOKAi+GelOGeieGfkuGeh+GeuOKAi+GelOGfgeGej+Get+GegOKAi+Gel+GejuGfkuGejOKAi+GeluGet+Gel+GeluGem+GfhOGegOGemuGelOGen+Gfi+GeouGehOGfkuGeguGegOGetuGemuGemeGevOGejuGfgeGen+GfkuGegOGevCDhnoHhnr3hnpThnpvhnr7hnoDhnpHhnrjhn6Hhn6A=	VGVtcGxlIFpvbmUgb2YgU2FtYm9yIFByZWkgS3VrIHdhcyBpbnNjcmliZWQgb24gdGhlIFVORVNDTyBXb3JsZCBIZXJpdGFnZSBMaXN0
ce9aa5b9a9d7a91fd0c50476	4Z6R4Z634Z6c4Z624oCL4Z6U4Z644Z6P4Z62	RmF0aGVyJ3MgRGF5
ced7cf99a5815b7682137951	4Z6g4Z+C4oCL4Z6i4Z+S4Z6T4Z6A4oCL4Z6P4Z624oCL4Z6F4Z634Z6T	U3Bpcml0IFBhcmFkZQ==
cf236d5ef081dbdb6b6b92c7	4Z6a4Z674Z6A4Z+S4Z6B4oCL4Z6R4Z634Z6c4Z62	QXJib3IgRGF5
cf298708d483544ab68b7b95	4Z6U4Z674Z6O4Z+S4Z6Z4oCL4Z6g4Z624Z6h4Z684Z6c4Z644Z6T	SGFsbG93ZWVu
cf3227ce49bc8d186111c679	4Z6R4Z634Z6c4Z624oCL4Z6U4Z6a4Z634oCL4Z6f4Z+S4Z6Q4Z624Z6T4oCL4Z6H4Z624Z6P4Z63IOGek+Get+GehOKAi+GelOGemuGet+KAi+Gen+GfkuGekOGetuGek+KAi+GeluGet+Gel+GeluKAi+Gem+GfhOGegCDhnoHhnr3hnpThnpvhnr7hnoDhnpHhnrjhn6Hhn6U=	TmF0aW9uYWwgYW5kIFdvcmxkIEVudmlyb25tZW50IERheQ==
cf3cea516b01271583ae4e9a	4Z6R4Z634Z6c4Z624oCL4Z6U4Z+S4Z6a4Z624Z6a4Z6W4Z+S4Z6S4oCL4Z6W4Z634Z6S4Z644oCL4Z6C4Z+E4Z6a4Z6W4oCL4Z6W4Z+S4Z6a4Z+H4Z6c4Z634Z6J4Z+S4Z6J4Z624Z6O4Z6A4Z+S4Z6B4Z6T4Z+S4Z6SIOGeluGfkuGemuGfh+GegOGemuGeu+GejuGetuKAi+GeluGfkuGemuGfh+GelOGetuGekeKAi+Gen+GemOGfkuGej+GfgeGeheKAi+GeluGfkuGemuGfhyDhnpPhnprhn4Thno/hn5Lhno/hnpgg4Z6f4Z644Z6g4Z6T4Z67IOGeluGfkuGemuGfh+GemOGeoOGetuGenOGeuOGemuGegOGfkuGen+Gej+GfkuGemiDhnpbhn5Lhnprhn4figIvhnpzhnprhnprhnrbhnofigIvhnpThnrfhno/hnrbigIvhnq/hnoDhnprhnrbhnofhn5Lhnpkg4Z6U4Z684Z6a4Z6O4Z6X4Z624Z6W4oCL4Z6R4Z654Z6A4Z6K4Z64IOGek+Get+GehOKAi+Ger+GegOGel+GetuGeluKAi+Geh+GetuGej+Get+KAi+GegeGfkuGemOGfguGemg==	S2luZyBGYXRoZXIncyBDb21tZW1vcmF0aW9uIERheQ==
cf4469c0bfd6251377501cac	4Z6A4Z6Y4Z+S4Z6W4Z674Z6H4Z624oCL4Z6F4Z684Z6b4oCL4Z6H4Z624oCL4Z6f4Z6Y4Z624oCL4Z6H4Z634Z6A4oCL4Z6i4Z6E4Z+S4Z6C4oCL4Z6A4Z624Z6a4oCL4Z6Z4Z684Z6O4Z+B4Z6f4Z+S4Z6A4Z68IOGegeGeveGelOGem+GevuGegOGekeGeuOGfp+Gfpw==	Q2FtYm9kaWEgam9pbmVkIFVORVNDTw==
cf4a83e98e8d3b0932cd1f59	4Z6W4Z+S4Z6a4Z+H4oCL4Z6a4Z624Z6H4oCL4Z6W4Z634Z6S4Z644oCL4Z6U4Z674Z6O4Z+S4Z6Z4oCL4Z6i4Z674Z+G4oCL4Z6R4Z684Z6AIOGelOGejuGfkuGeiuGfguGej+KAi+GelOGfkuGemuGekeGeuOGelCDhnpPhnrfhnoTigIvhnp/hn4bhnpbhn4figIvhnpbhn5Lhnprhn4figIvhnoHhn4Ig4Z6i4Z6A4Z6i4Z+G4Z6U4Z674Z6A	V2F0ZXIgRmVzdGl2YWw=
cf53f59c10575a70c95936de	4Z6R4Z634Z6c4Z624oCL4Z6i4Z6A4Z+S4Z6B4Z6a4oCL4Z6A4Z6Y4Z+S4Z6Y4oCL4Z6i4Z6T4Z+S4Z6P4Z6a4oCL4Z6H4Z624Z6P4Z63	SW50ZXJuYXRpb25hbCBMaXRlcmFjeSBEYXk=
cf79014c492b7ea5753b9901	4Z6W4Z634Z6S4Z644oCL4Z6U4Z674Z6O4Z+S4Z6Z4oCL4Z6c4Z634Z6f4Z624Z6B4oCL4Z6U4Z684Z6H4Z62	VmlzYWsgQm9jaGVh
cf90998ab2930cb29014042b	4Z6R4Z634Z6c4Z624oCL4Z6U4Z+S4Z6a4Z6Z4Z674Z6R4Z+S4Z6S4oCL4Z6U4Z+S4Z6a4Z6G4Z624Z+G4Z6E4oCL4Z6i4Z+G4Z6W4Z6+4oCL4Z6W4Z674Z6A4Z6a4Z6b4Z694Z6Z	QW50aS1Db3JydXB0aW9uIERheQ==
cfc317d039a318096eaca9cf	4Z6R4Z634Z6c4Z624oCL4Z6W4Z634Z6X4Z6W4oCL4Z6b4Z+E4Z6A4oCL4Z6A4Z624Z6A4oCL4Z6U4Z624Z6R4oCL4Z6A4Z+S4Z6a4Z6g4Z6YIOGek+Get+GehOKAi+GeouGejOGfkuGejeGeheGek+GfkuGekeGegOGfkuGemuGeoOGemA==	V29ybGQgUmVkIENyb3NzIGFuZCBSZWQgQ3Jlc2NlbnQgRGF5
cfce26fc1c9ff416f5d67760	4Z6R4Z634Z6c4Z624oCL4Z6H4Z624Z6P4Z634oCL4Z6Z4Z6b4Z+L4oCL4Z6K4Z654Z6E4oCL4Z6W4Z644oCL4Z6Y4Z644Z6TIOGegeGeveGelOGem+GevuGegOGekeGeuOGfoeGfqA==	TmF0aW9uYWwgTWluZSBBd2FyZW5lc3MgRGF5
cfd7d58f949f09f3224a27d6	4Z6W4Z+S4Z6a4Z+H4oCL4Z6a4Z624Z6H4oCL4Z6W4Z634Z6S4Z644oCL4Z6U4Z674Z6O4Z+S4Z6Z4oCL4Z6i4Z674Z+G4oCL4Z6R4Z684Z6AIOGelOGejuGfkuGeiuGfguGej+KAi+GelOGfkuGemuGekeGeuOGelCDhnpPhnrfhnoTigIvhnp/hn4bhnpbhn4figIvhnpbhn5Lhnprhn4figIvhnoHhn4Ig4Z6i4Z6A4Z6i4Z+G4Z6U4Z674Z6A	V2F0ZXIgRmVzdGl2YWw=
cfe053a220b2c01eee0eb262	4Z6R4Z634Z6c4Z624oCL4Z6H4Z624Z6P4Z634oCL4Z6U4Z+S4Z6a4Z6G4Z624Z+G4Z6E4oCL4Z6A4Z624Z6a4oCL4Z6H4Z694Z6J4oCL4Z6K4Z684Z6a4oCL4Z6Y4Z6T4Z674Z6f4Z+S4Z6f	TmF0aW9uYWwgQW50aS1IdW1hbiBUcmFmZmlja2luZyBEYXk=
cfe4aff33c79b6cb49e3435c	4Z6R4Z634Z6c4Z624oCL4Z6H4Z624Z6P4Z634oCL4Z6Z4Z6b4Z+L4oCL4Z6K4Z654Z6E4oCL4Z6W4Z644oCL4Z6Y4Z644Z6TIOGegeGeveGelOGem+GevuGegOGekeGeuOGfouGfog==	TmF0aW9uYWwgTWluZSBBd2FyZW5lc3MgRGF5
cff9836b168f1de1fd6cb74c	4Z6R4Z634Z6c4Z624oCL4Z6F4Z684Z6b4oCL4Z6G4Z+S4Z6T4Z624Z+G4oCL4Z6f4Z624Z6A4Z6b	TmV3IFllYXIncyBEYXk=
d004fd2d9f417030d4c0b17a	4Z6b4Z+S4Z6U4Z+C4Z6E4oCL4Z6R4Z624Z6J4oCL4Z6W4Z+S4Z6a4Z+Q4Z6P4Z+S4Z6aIOGej+GfkuGemuGevOGenOKAi+GelOGetuGek+KAi+GeheGeu+Gfh+KAi+GegOGfkuGek+Geu+GehOKAi+GelOGeieGfkuGeh+GeuOKAi+GelOGfgeGej+Get+GegOKAi+Gel+GejuGfkuGejOKAi+GenOGelOGfkuGelOGekuGemOGfjOGeouGemuGevOGelOGeuOGek+Gfg+GemOGek+Geu+Gen+GfkuGen+Geh+GetuGej+GetyDhnoHhnr3hnpThnpvhnr7hnoDhnpHhnrjhn6E=	VHVnIG9mIFdhciBpbnNjcmliZWQgb24gdGhlIFJlcHJlc2VudGF0aXZlIExpc3Qgb2YgdGhlIEludGFuZ2libGUgQ3VsdHVyYWwgSGVyaXRhZ2Ugb2YgSHVtYW5pdHk=
d02d67d390c241b834a4f555	4Z6R4Z634Z6c4Z624oCL4Z6f4Z674Z6B4oCL4Z6X4Z624Z6W4oCL4Z6W4Z634Z6X4Z6W4oCL4Z6b4Z+E4Z6A	V29ybGQgSGVhbHRoIERheQ==
d0381852edd0d900e0172a4d	4Z6F4Z684Z6b4oCL4Z6G4Z+S4Z6T4Z624Z+G4oCL4Z6F4Z634Z6T	Q2hpbmVzZSBOZXcgWWVhcg==
d04b39973d1da93b0480a3ce	4Z6R4Z634Z6c4Z624oCL4Z6i4Z6T4Z+S4Z6P4Z6a4oCL4Z6H4Z624Z6P4Z634oCL4Z6H4Z6T4Z6H4Z624Z6P4Z634Z6K4Z6+4Z6Y4Z6X4Z624Z6C4Z6P4Z634Z6F4Z6W4Z634Z6X4Z6W4Z6b4Z+E4Z6A	SW50ZXJuYXRpb25hbCBEYXkgb2YgdGhlIFdvcmxkJ3MgSW5kaWdlbm91cyBQZW9wbGVz
d04b9e9c026539c10937a46f	4Z6R4Z634Z6c4Z624oCL4Z6H4Z6T4oCL4Z6Y4Z624Z6T4oCL4Z6W4Z634Z6A4Z624Z6a4Z6X4Z624Z6W4oCL4Z6i4Z6T4Z+S4Z6P4Z6a4Z6H4Z624Z6P4Z63	SW50ZXJuYXRpb25hbCBEYXkgb2YgRGlzYWJsZWQgUGVyc29ucw==
d051c5a3be83660ee454ef20	4Z6R4Z634Z6c4Z624oCL4Z6W4Z6b4Z6A4Z6Y4Z+S4Z6Y4oCL4Z6i4Z6T4Z+S4Z6P4Z6a4Z6H4Z624Z6P4Z63IOGegeGeveGelOGem+GevuGegOGekeGeuOGfoeGfouGfpw==	SW50ZXJuYXRpb25hbCBMYWJvciBEYXk=
d07fc07697d4199aa06edd87	4Z6R4Z634Z6c4Z624oCL4Z6i4Z6T4Z+S4Z6P4Z6a4oCL4Z6H4Z624Z6P4Z634oCL4Z6T4Z+D4oCL4Z6C4Z+S4Z6a4Z694Z6f4Z624Z6a	SW50ZXJuYXRpb25hbCBEYXkgb2YgRmFtaWxpZXM=
d083e062143426413cad925f	4Z6A4Z6Y4Z+S4Z6W4Z674Z6H4Z624oCL4Z6F4Z684Z6b4oCL4Z6H4Z624oCL4Z6f4Z6Y4Z624oCL4Z6H4Z634Z6A4oCL4Z6i4Z6E4Z+S4Z6C4oCL4Z6A4Z624Z6a4oCL4Z6Z4Z684Z6O4Z+B4Z6f4Z+S4Z6A4Z68IOGegeGeveGelOGem+GevuGegOGekeGeuOGfp+Gfow==	Q2FtYm9kaWEgam9pbmVkIFVORVNDTw==
d08b0d50898cff3fa54c2d82	4Z6R4Z634Z6c4Z624oCL4Z6W4Z634Z6X4Z6W4oCL4Z6b4Z+E4Z6A4oCL4Z6U4Z+S4Z6a4Z6Z4Z674Z6R4Z+S4Z6S4oCL4Z6U4Z+S4Z6a4Z6G4Z624Z+G4Z6E4oCL4Z6T4Z654Z6E4oCL4Z6H4Z+G4Z6E4Z664oCL4Z6i4Z+B4Z6K4Z6f4Z+N	V29ybGQgQUlEUyBEYXk=
d0ccd5f372703505203afefb	4Z6b4Z+S4Z6B4Z+E4Z6T4oCL4Z6f4Z+S4Z6a4Z6Y4Z+E4Z6b4oCL4Z6f4Z+S4Z6U4Z+C4Z6A4oCLIOGej+GfkuGemuGevOGenOKAi+GelOGetuGek+KAi+GeheGeu+Gfh+KAi+GegOGfkuGek+Geu+GehOKAi+GelOGeieGfkuGeh+GeuOKAi+GelOGfgeGej+Get+GegOKAi+Gel+GejuGfkuGejOGenOGelOGfkuGelOGekuGemOGfjOGeouGemuGevOGelOGeuOGek+Gfg+GemOGek+Geu+Gen+GfkuGen+Geh+GetuGej+GetyDhnoHhnr3hnpThnpvhnr7hnoDhnpHhnrjhn6Lhn6A=	S2htZXIgU2hhZG93IFRoZWF0cmUgaW5zY3JpYmVkIG9uIHRoZSBSZXByZXNlbnRhdGl2ZSBMaXN0IG9mIHRoZSBJbnRhbmdpYmxlIEN1bHR1cmFsIEhlcml0YWdlIG9mIEh1bWFuaXR5
d0e315416fe571f8a4789f11	4Z6U4Z+S4Z6a4Z624Z6f4Z624Z6R4oCL4Z6W4Z+S4Z6a4Z+H4oCL4Z6c4Z634Z6g4Z624Z6aIOGej+GfkuGemuGevOGenOKAi+GelOGetuGek+KAi+GeheGeu+Gfh+KAi+GegOGfkuGek+Geu+GehOKAi+GelOGeieGfkuGeh+GeuOKAi+GelOGfgeGej+Get+GegOKAi+Gel+GejuGfkuGejOKAi+GeluGet+Gel+GeluGem+GfhOGegOGemuGelOGen+Gfi+GeouGehOGfkuGeguGegOGetuGemuGemeGevOGejuGfgeGen+GfkuGegOGevCDhnoHhnr3hnpThnpvhnr7hnoDhnpHhnrjhn6E=	VGVtcGxlIG9mIFByZWFoIFZpaGVhciB3YXMgaW5zY3JpYmVkIG9uIHRoZSBVTkVTQ08gV29ybGQgSGVyaXRhZ2UgTGlzdA==
d0f6a7d76843b4cf438f8ea7	4Z6g4Z+C4oCL4Z6i4Z+S4Z6T4Z6A4oCL4Z6P4Z624oCL4Z6F4Z634Z6T	U3Bpcml0IFBhcmFkZQ==
d0fc303acc85a51b9754583d	4Z6W4Z634Z6S4Z644oCL4Z6U4Z674Z6O4Z+S4Z6Z4oCL4Z6F4Z684Z6b4oCL4Z6G4Z+S4Z6T4Z624Z+G4oCL4Z6Q4Z+S4Z6Y4Z64IOGelOGfkuGemuGeluGfg+GejuGeuOKAi+Geh+GetuGej+GetyAtIOGemOGeoOGetuKAi+Gen+GehOGfkuGegOGfkuGemuGetuGek+GfkuGejyDhnpjhn4nhn4ThnoQg4Z+g4Z+oOuGfouGfpCBBTQ==	S2htZXIgTmV3IFllYXIgLSBNb2hhIFNhbmtyYW50YSBhdCAwODoyNCBBTQ==
d1321d2c093c6fd134507e73	4Z6U4Z634Z6O4Z+S4Z6MIOGfpw==	QmVuIDc=
d1345efe450d41b929745f4e	4Z6R4Z634Z6c4Z624oCL4Z6H4Z6T4oCL4Z6Y4Z624Z6T4oCL4Z6W4Z634Z6A4Z624Z6a4Z6X4Z624Z6W4oCL4Z6i4Z6T4Z+S4Z6P4Z6a4Z6H4Z624Z6P4Z63	SW50ZXJuYXRpb25hbCBEYXkgb2YgRGlzYWJsZWQgUGVyc29ucw==
d1370b677dc5a5fb2ba9d499	4Z6W4Z634Z6S4Z644oCL4Z6U4Z+G4Z6U4Z694Z6f4oCL4Z6T4Z624Z6C4oCL4Z6B4Z+S4Z6T4Z624Z6T	VGhlIE9yZGFpbmVkIERyYWdvbiBNb25r
d13f2b084bfe436c386807cb	4Z6W4Z634Z6S4Z644oCL4Z6U4Z674Z6O4Z+S4Z6Z4oCL4Z6Y4Z624Z6D4Z6U4Z684Z6H4Z62	TWVhayBCb2NoZWE=
d16d6288474f7a9f32e5604a	4Z6W4Z634Z6S4Z644oCL4Z6U4Z674Z6O4Z+S4Z6Z4oCL4Z6X4Z+S4Z6H4Z674Z+G4oCL4Z6U4Z634Z6O4Z+S4Z6M	UGNodW0gQmVuIEZlc3RpdmFs
d17a2a4f39af2c03dfeb8152	4Z6U4Z634Z6O4Z+S4Z6MIOGfqQ==	QmVuIDk=
d18559eb2a8c9771b24e83c5	4Z6R4Z634Z6c4Z624oCL4Z6f4Z6T4Z+S4Z6P4Z634oCL4Z6X4Z624Z6W4oCL4Z6i4Z6T4Z+S4Z6P4Z6a4oCL4Z6H4Z624Z6P4Z63	SW50ZXJuYXRpb25hbCBEYXkgb2YgUGVhY2U=
d18b8896743603a84b54ddfa	4Z6R4Z634Z6c4Z624oCL4Z6i4Z6T4Z+S4Z6P4Z6a4oCL4Z6H4Z624Z6P4Z634oCL4Z6U4Z+S4Z6a4Z6Z4Z674Z6R4Z+S4Z6S4oCL4Z6U4Z+S4Z6a4Z6G4Z624Z+G4Z6E4oCL4Z6C4Z+S4Z6a4Z6/4Z6E4oCL4Z6J4Z+A4Z6T	SW50ZXJuYXRpb25hbCBEYXkgQWdhaW5zdCBEcnVnIEFidXNlIGFuZCBJbGxpY2l0IFRyYWZmaWNraW5n
d19d2d89089d9aac374d5631	4Z6W4Z+S4Z6a4Z+H4oCL4Z6a4Z624Z6H4oCL4Z6W4Z634Z6S4Z644oCL4Z6U4Z674Z6O4Z+S4Z6Z4oCL4Z6i4Z674Z+G4oCL4Z6R4Z684Z6AIOGelOGejuGfkuGeiuGfguGej+KAi+GelOGfkuGemuGekeGeuOGelCDhnpPhnrfhnoTigIvhnp/hn4bhnpbhn4figIvhnpbhn5Lhnprhn4figIvhnoHhn4Ig4Z6i4Z6A4Z6i4Z+G4Z6U4Z674Z6A	V2F0ZXIgRmVzdGl2YWw=
d1a9f3de3f08f7d7f9c0eb54	4Z6R4Z634Z6c4Z624oCL4Z6H4Z624Z6P4Z634oCL4Z6U4Z+S4Z6a4Z6G4Z624Z+G4Z6E4oCL4Z6A4Z624Z6a4oCL4Z6H4Z694Z6J4oCL4Z6K4Z684Z6a4oCL4Z6Y4Z6T4Z674Z6f4Z+S4Z6f	TmF0aW9uYWwgQW50aS1IdW1hbiBUcmFmZmlja2luZyBEYXk=
d1b2cb9b8961c9dd25252049	4Z6U4Z634Z6O4Z+S4Z6MIOGfpQ==	QmVuIDU=
d1db70582ac8bcf27b55d456	4Z6W4Z634Z6S4Z644oCL4Z6U4Z674Z6O4Z+S4Z6Z4oCL4Z6f4Z+C4Z6T4oCL4Z6W4Z+S4Z6a4Z+H4oCL4Z6B4Z+C	TWlkLUF1dHVtbiBGZXN0aXZhbA==
d1ee408fb169d1b4f4c7eda1	4Z6R4Z634Z6c4Z624oCL4Z6c4Z6U4Z+S4Z6U4oCL4Z6S4Z6Y4Z+M4oCL4Z6H4Z624Z6P4Z63IOGegeGeveGelOGem+GevuGegOGekeGeuOGfouGfpA==	TmF0aW9uYWwgQ3VsdHVyZSBEYXk=
d1f0a80de4e6a8233760a38a	4Z6R4Z634Z6c4Z624oCL4Z6U4Z644Z6P4Z62	RmF0aGVyJ3MgRGF5
d202ec9ef51b54a38bc0a395	4Z6R4Z634Z6c4Z624Z6R4Z654Z6AIOGek+Get+GehOGep+Gej+Geu+Gek+Get+GemeGemOGeluGet+Gel+GeluGem+GfhOGegA==	V29ybGQgV2F0ZXIgYW5kIFdvcmxkIE1ldGVvcm9sb2dpY2FsIERheQ==
d215c8105c8fa65cd3fc7245	4Z6f4Z+C4Z6T4oCL4Z6T4Z+G4oCL4Z6F4Z624Z+G4Z6E	U3RpY2t5IFJpY2UgRHVtcGxpbmdzIChab25nemkp
d22b2631ed50a4c29af28f89	4Z6U4Z634Z6O4Z+S4Z6MIOGfpA==	QmVuIDQ=
d23610b6355f7c0fff9e3561	4Z6R4Z634Z6c4Z624oCL4Z6f4Z+B4Z6a4Z644oCL4Z6X4Z624Z6W4oCL4Z6f4Z624Z6a4Z6W4Z+Q4Z6P4Z+M4Z6Y4Z624Z6T4oCL4Z6W4Z634Z6X4Z6W4oCL4Z6b4Z+E4Z6AIOGegeGeveGelOGem+GevuGegOGekeGeuOGfqA==	V29ybGQgUHJlc3MgRnJlZWRvbSBEYXk=
d23b6f7ab47eefca11244a9e	4Z6G4Z+B4Z6E4oCL4Z6Y4Z+J4Z+B4Z6E	VG9tYi1Td2VlcGluZyBEYXkgKFFpbmdtaW5nIEZlc3RpdmFsKQ==
d23dc917bdff5e56ee4421a6	4Z6R4Z634Z6c4Z624oCL4Z6f4Z+B4Z6a4Z644oCL4Z6X4Z624Z6W4oCL4Z6f4Z624Z6a4Z6W4Z+Q4Z6P4Z+M4Z6Y4Z624Z6T4oCL4Z6W4Z634Z6X4Z6W4oCL4Z6b4Z+E4Z6AIOGegeGeveGelOGem+GevuGegOGekeGeuOGfo+Gfpw==	V29ybGQgUHJlc3MgRnJlZWRvbSBEYXk=
d246bc20c19d59037bf58c26	4Z6W4Z+S4Z6a4Z+H4oCL4Z6a4Z624Z6H4oCL4Z6W4Z634Z6S4Z644oCL4Z6U4Z674Z6O4Z+S4Z6Z4oCL4Z6i4Z674Z+G4oCL4Z6R4Z684Z6AIOGelOGejuGfkuGeiuGfguGej+KAi+GelOGfkuGemuGekeGeuOGelCDhnpPhnrfhnoTigIvhnp/hn4bhnpbhn4figIvhnpbhn5Lhnprhn4figIvhnoHhn4Ig4Z6i4Z6A4Z6i4Z+G4Z6U4Z674Z6A	V2F0ZXIgRmVzdGl2YWw=
d25d92df290bd24e3268ba47	4Z6W4Z634Z6S4Z644oCL4Z6U4Z+G4Z6U4Z694Z6f4oCL4Z6T4Z624Z6C4oCL4Z6B4Z+S4Z6T4Z624Z6T	VGhlIE9yZGFpbmVkIERyYWdvbiBNb25r
d26abd74d32665806bf8a3ee	4Z6R4Z634Z6c4Z624Z6Y4Z624Z6P4Z62	TW90aGVyJ3MgRGF5
d275bbdc04fad6160706993c	4Z6R4Z634Z6c4Z624oCL4Z6U4Z+S4Z6a4Z6A4Z624Z6f4oCL4Z6a4Z6K4Z+S4Z6L4oCL4Z6S4Z6Y4Z+S4Z6Y4Z6T4Z674Z6J4Z+S4Z6JIOGegeGeveGelOGem+GevuGegOGekeGeuOGfo+GfpA==	Q29uc3RpdHV0aW9uIERheQ==
d29c0281f9ddaa61f1a25951	4Z6R4Z634Z6c4Z624oCL4Z6C4Z+S4Z6a4Z684oCL4Z6U4Z6E4Z+S4Z6a4Z+A4Z6T4oCL4Z6W4Z634Z6X4Z6W4oCL4Z6b4Z+E4Z6A	V29ybGQgVGVhY2hlcidzIERheQ==
d2bb0dd8dd971706702e2600	4Z6a4Z674Z6A4Z+S4Z6B4oCL4Z6R4Z634Z6c4Z62	QXJib3IgRGF5
d2c9aafadc49b06ec83fbc5e	4Z6R4Z634Z6c4Z624Z6Y4Z624Z6P4Z62	TW90aGVyJ3MgRGF5
d2ca089a708af72dfc680944	4Z6U4Z634Z6O4Z+S4Z6MIOGfpw==	QmVuIDc=
d2ed50a084b41eb3be3b2216	4Z6R4Z634Z6c4Z624oCL4Z6H4Z+Q4Z6Z4oCL4Z6H4Z6Y4Z+S4Z6T4Z+H4oCL4Z6b4Z6+4oCL4Z6a4Z6U4Z6U4oCL4Z6U4Z+S4Z6a4Z6b4Z+Q4Z6Z4oCL4Z6W4Z684Z6H4oCL4Z6f4Z624Z6f4Z6T4Z+NIOGegeGeveGelOGem+GevuGegOGekeGeuOGfpOGfoA==	VmljdG9yeSBPdmVyIEdlbm9jaWRlIERheQ==
d30ea06be3500b6b527cbc87	4Z6R4Z634Z6c4Z624oCL4Z6T4Z6Z4Z+E4Z6U4Z624Z6Z4oCL4Z6R4Z654Z6A	V2F0ZXIgUG9saWN5IERheQ==
d31b285b8ac2796f4abdecd5	4Z6R4Z634Z6c4Z624oCL4Z6U4Z+S4Z6a4Z6A4Z624Z6f4oCL4Z6a4Z6K4Z+S4Z6L4oCL4Z6S4Z6Y4Z+S4Z6Y4Z6T4Z674Z6J4Z+S4Z6JIOGegeGeveGelOGem+GevuGegOGekeGeuOGfoeGfog==	Q29uc3RpdHV0aW9uIERheQ==
d31fe45c20f8f3e0761b2fb9	4Z6W4Z+S4Z6a4Z+H4oCL4Z6a4Z624Z6H4oCL4Z6W4Z634Z6S4Z644oCL4Z6U4Z674Z6O4Z+S4Z6Z4oCL4Z6F4Z6Y4Z+S4Z6a4Z6+4Z6T4oCL4Z6W4Z+S4Z6a4Z+H4oCL4Z6H4Z6T4Z+S4Z6YIOGeluGfkuGemuGfh+KAi+GegOGemuGeu+GejuGetuKAi+GeluGfkuGemuGfh+KAi+GelOGetuGekeKAi+Gen+GemOGfkuGej+GfgeGeheKAi+GeluGfkuGemuGfh+KAi+GelOGemuGemOKAi+Gek+GetuGekCDhnpPhnprhn4Thno/hn5Lhno/hnpgg4Z6f4Z644Z6g4Z6Y4Z674Z6T4Z64IOGeluGfkuGemuGfh+KAi+GemOGeoOGetuGegOGfkuGen+Gej+GfkuGemuKAi+Gek+Gfg+KAi+GeluGfkuGemuGfh+GemuGetuGeh+GetuGejuGetuGeheGegOGfkuGemuKAi+GegOGemOGfkuGeluGeu+Geh+Getg==	S2luZyBTaWhhbW9uaSdzIEJpcnRoZGF5
d358e363e18a9f531ee58c10	4Z6W4Z+S4Z6a4Z+H4oCL4Z6a4Z624Z6H4oCL4Z6W4Z634Z6S4Z644oCL4Z6U4Z674Z6O4Z+S4Z6Z4oCL4Z6F4Z6Y4Z+S4Z6a4Z6+4Z6T4oCL4Z6W4Z+S4Z6a4Z+H4oCL4Z6H4Z6T4Z+S4Z6YIOGen+GemOGfkuGej+GfgeGeheKAi+GeluGfkuGemuGfh+KAi+GemOGeoOGetuGegOGfkuGen+Gej+GfkuGemuGeuCDhnpPhnprhn4Thno/hn5Lhno/hnpgg4Z6Y4Z674Z6T4Z634Z6T4Z624Z6QIOGen+GeuOGeoOGek+GeuyDhnpbhn5Lhnprhn4figIvhnpzhnprhnprhnrbhnofigIvhnpjhnrbhno/hnrbigIvhnofhnrbhno/hnrfigIvhnoHhn5Lhnpjhn4Lhnpog4Z6A4Z+S4Z6T4Z674Z6E4oCL4Z6f4Z+B4Z6a4Z644Z6X4Z624Z6WIOGen+GfgeGeheGegOGfkuGej+GeuOGekOGfkuGem+Gfg+GekOGfkuGek+GevOGemiDhnpPhnrfhnoTigIvhnp/hnrvhnpfhnpjhnoThn5LhnoLhnps=	UXVlZW4gTW90aGVyJ3MgQmlydGhkYXk=
d37687d86fd233ca372a8a35	4Z6R4Z634Z6c4Z624oCL4Z6Y4Z6T4Z674Z6f4Z+S4Z6f4oCL4Z6F4Z624Z6f4Z+L4oCL4Z6A4Z6Y4Z+S4Z6W4Z674Z6H4Z62IOGek+Get+GehOGekeGet+GenOGetuGemOGek+Geu+Gen+GfkuGen+GeheGetuGen+Gfi+GeouGek+GfkuGej+GemuGeh+GetuGej+GetyDhnoHhnr3hnpThnpvhnr7hnoDhnpHhnrjhn6Lhn6U=	Q2FtYm9kaWFuIE9sZGVyIFBlcnNvbnMgRGF5IGFuZCB0aGUgSW50ZXJuYXRpb25hbCBEYXkgb2YgT2xkZXIgUGVyc29ucw==
d38180956605f9fbc630c821	4Z6R4Z634Z6c4Z624oCL4Z6H4Z624Z6P4Z634oCL4Z6T4Z+D4oCL4Z6A4Z624Z6a4oCL4Z6F4Z6E4oCL4Z6F4Z624Z+G	TmF0aW9uYWwgRGF5IG9mIFJlbWVtYnJhbmNl
d3b2fedcce39e335d0102aef	4Z6W4Z+S4Z6a4Z+H4oCL4Z6a4Z624Z6H4oCL4Z6W4Z634Z6S4Z644oCL4Z6U4Z674Z6O4Z+S4Z6Z4oCL4Z6F4Z6Y4Z+S4Z6a4Z6+4Z6T4oCL4Z6W4Z+S4Z6a4Z+H4oCL4Z6H4Z6T4Z+S4Z6YIOGeluGfkuGemuGfh+KAi+GegOGemuGeu+GejuGetuKAi+GeluGfkuGemuGfh+KAi+GelOGetuGekeKAi+Gen+GemOGfkuGej+GfgeGeheKAi+GeluGfkuGemuGfh+KAi+GelOGemuGemOKAi+Gek+GetuGekCDhnpPhnprhn4Thno/hn5Lhno/hnpgg4Z6f4Z644Z6g4Z6Y4Z674Z6T4Z64IOGeluGfkuGemuGfh+KAi+GemOGeoOGetuGegOGfkuGen+Gej+GfkuGemuKAi+Gek+Gfg+KAi+GeluGfkuGemuGfh+GemuGetuGeh+GetuGejuGetuGeheGegOGfkuGemuKAi+GegOGemOGfkuGeluGeu+Geh+Getg==	S2luZyBTaWhhbW9uaSdzIEJpcnRoZGF5
d3b85001df5169545b59e0e2	4Z6F4Z624Z6U4Z+J4Z644oCL4Z6K4Z6E4oCL4Z6c4Z+C4Z6EIOGej+GfkuGemuGevOGenOKAi+GelOGetuGek+KAi+GeheGeu+Gfh+KAi+GegOGfkuGek+Geu+GehOKAi+GelOGeieGfkuGeh+GeuOKAi+GelOGfgeGej+Get+GegOKAi+Gel+GejuGfkuGejOKAi+GenOGelOGfkuGelOGekuGemOGfjOGeouGemuGevOGelOGeuOGek+Gfg+GemOGek+Geu+Gen+GfkuGen+Geh+GetuGej+GetyDhnoHhnr3hnpThnpvhnr7hnoDhnpHhnrjhn6Q=	Q2hhcGVpIERhbmcgVmVuZyBpbnNjcmliZWQgb24gdGhlIExpc3Qgb2YgSW50YW5naWJsZSBDdWx0dXJhbCBIZXJpdGFnZSBpbiBOZWVkIG9mIFVyZ2VudCBTYWZlZ3VhcmRpbmc=
d3e6cc2a35ceb0f5c5fd28d7	4Z6R4Z634Z6c4Z624oCL4Z6T4Z6Z4Z+E4oCL4Z6U4Z624Z6Z4oCL4Z6I4Z+S4Z6T4Z+HIOGeiOGfkuGek+Gfhw==	V2luLXdpbiBQb2xpY3kgRGF5
d3f5ef81caf89f8c110b05d6	4Z6G4Z+B4Z6E4oCL4Z6Y4Z+J4Z+B4Z6E	VG9tYi1Td2VlcGluZyBEYXkgKFFpbmdtaW5nIEZlc3RpdmFsKQ==
d42d7818c338993ac15f842d	4Z6U4Z674Z6O4Z+S4Z6Z4oCL4Z6O4Z684Z6i4Z+C4Z6b	Q2hyaXN0bWFzIERheQ==
d43187f0d85f167db1b574d4	4Z6R4Z634Z6c4Z624oCL4Z6W4Z634Z6X4Z6W4oCL4Z6b4Z+E4Z6A4oCL4Z6C4Z+S4Z6Y4Z624Z6T4oCL4Z6Q4Z+S4Z6T4Z624Z+G4oCL4Z6H4Z6A4Z+L	V29ybGQgTm8gVG9iYWNjbyBEYXk=
d43c87eb081bf433903de71b	4Z6R4Z634Z6c4Z624oCL4Z6H4Z624Z6P4Z634oCL4Z6Z4Z6b4Z+L4oCL4Z6K4Z654Z6E4oCL4Z6W4Z644oCL4Z6Y4Z644Z6TIOGegeGeveGelOGem+GevuGegOGekeGeuOGfoeGfog==	TmF0aW9uYWwgTWluZSBBd2FyZW5lc3MgRGF5
d44051e8e7153e2c8842e89b	4Z6R4Z634Z6c4Z624oCL4Z6i4Z6A4Z+S4Z6B4Z6a4oCL4Z6A4Z6Y4Z+S4Z6Y4oCL4Z6i4Z6T4Z+S4Z6P4Z6a4oCL4Z6H4Z624Z6P4Z63	SW50ZXJuYXRpb25hbCBMaXRlcmFjeSBEYXk=
d441be9e5a8270efb586f23f	4Z6b4Z+S4Z6U4Z+C4Z6E4oCL4Z6R4Z624Z6J4oCL4Z6W4Z+S4Z6a4Z+Q4Z6P4Z+S4Z6aIOGej+GfkuGemuGevOGenOKAi+GelOGetuGek+KAi+GeheGeu+Gfh+KAi+GegOGfkuGek+Geu+GehOKAi+GelOGeieGfkuGeh+GeuOKAi+GelOGfgeGej+Get+GegOKAi+Gel+GejuGfkuGejOKAi+GenOGelOGfkuGelOGekuGemOGfjOGeouGemuGevOGelOGeuOGek+Gfg+GemOGek+Geu+Gen+GfkuGen+Geh+GetuGej+GetyDhnoHhnr3hnpThnpvhnr7hnoDhnpHhnrjhn6Hhn6E=	VHVnIG9mIFdhciBpbnNjcmliZWQgb24gdGhlIFJlcHJlc2VudGF0aXZlIExpc3Qgb2YgdGhlIEludGFuZ2libGUgQ3VsdHVyYWwgSGVyaXRhZ2Ugb2YgSHVtYW5pdHk=
d46c96e002f4d29246c107a5	4Z6F4Z684Z6b4oCL4Z6G4Z+S4Z6T4Z624Z+G4oCL4Z6F4Z634Z6T	Q2hpbmVzZSBOZXcgWWVhcg==
d473e14937fdd6001da0f767	4Z6R4Z634Z6c4Z624oCL4Z6F4Z684Z6b4oCL4Z6G4Z+S4Z6T4Z624Z+G4oCL4Z6f4Z624Z6A4Z6b	TmV3IFllYXIncyBEYXk=
d47979c95f72a21f17ca46e7	4Z6F4Z+B4Z6J4oCL4Z6W4Z+S4Z6a4Z+H4oCL4Z6c4Z6f4Z+S4Z6f4Z62	RW5kaW5nIG9mIEJ1ZGRoaXN0IExlbnQ=
d480c70353c1fb0e3310e0f0	4Z6W4Z+S4Z6a4Z+H4oCL4Z6a4Z624Z6H4oCL4Z6W4Z634Z6S4Z644oCL4Z6U4Z674Z6O4Z+S4Z6Z4oCL4Z6i4Z674Z+G4oCL4Z6R4Z684Z6AIOGelOGejuGfkuGeiuGfguGej+KAi+GelOGfkuGemuGekeGeuOGelCDhnpPhnrfhnoTigIvhnp/hn4bhnpbhn4figIvhnpbhn5Lhnprhn4figIvhnoHhn4Ig4Z6i4Z6A4Z6i4Z+G4Z6U4Z674Z6A	V2F0ZXIgRmVzdGl2YWw=
d4a84d4af4d5805b8d9463d9	4Z6R4Z634Z6c4Z624oCL4Z6f4Z+B4Z6a4Z644oCL4Z6X4Z624Z6W4oCL4Z6f4Z624Z6a4Z6W4Z+Q4Z6P4Z+M4Z6Y4Z624Z6T4oCL4Z6W4Z634Z6X4Z6W4oCL4Z6b4Z+E4Z6AIOGegeGeveGelOGem+GevuGegOGekeGeuOGfouGfoA==	V29ybGQgUHJlc3MgRnJlZWRvbSBEYXk=
d4aa68513a0f61d3394eb6e0	4Z6F4Z684Z6b4oCL4Z6G4Z+S4Z6T4Z624Z+G4oCL4Z6F4Z634Z6T	Q2hpbmVzZSBOZXcgWWVhcg==
d4ad9986a1a34c080641adee	4Z6R4Z634Z6c4Z624oCL4Z6T4Z6Z4Z+E4Z6U4Z624Z6Z4oCL4Z6R4Z654Z6A	V2F0ZXIgUG9saWN5IERheQ==
d4b143d0ceee330ccdc86aed	4Z6U4Z634Z6O4Z+S4Z6MIOGfoQ==	QmVuIDE=
d4bdd65e3ee49f8115e9d5df	4Z6W4Z634Z6S4Z644oCL4Z6U4Z674Z6O4Z+S4Z6Z4oCL4Z6F4Z684Z6b4oCL4Z6G4Z+S4Z6T4Z624Z+G4oCL4Z6Q4Z+S4Z6Y4Z64IOGelOGfkuGemuGeluGfg+GejuGeuOKAi+Geh+GetuGej+GetyAtIOGenOGetuGemuGfiOKAi+GenOGfkOGek+KAi+GelOGejw==	S2htZXIgTmV3IFllYXIgLSBWZWFyZWFrIFZhbmFiYXQ=
d4df267a3b11fda7311c416e	4Z6R4Z634Z6c4Z624oCL4Z6H4Z624Z6P4Z634oCL4Z6Z4Z6b4Z+L4oCL4Z6K4Z654Z6E4oCL4Z6W4Z644oCL4Z6Y4Z644Z6TIOGegeGeveGelOGem+GevuGegOGekeGeuOGfpw==	TmF0aW9uYWwgTWluZSBBd2FyZW5lc3MgRGF5
d507aa1cc5fd3b3dcc83bbdc	4Z6W4Z634Z6S4Z644oCL4Z6U4Z674Z6O4Z+S4Z6Z4oCL4Z6F4Z684Z6b4oCL4Z6G4Z+S4Z6T4Z624Z+G4oCL4Z6Q4Z+S4Z6Y4Z64IOGelOGfkuGemuGeluGfg+GejuGeuOKAi+Geh+GetuGej+GetyAtIOGekOGfkuGehOGfg+KAi+GeoeGevuGehOKAi+Gen+GfkOGegA==	S2htZXIgTmV3IFllYXIgLSBWZWFyZWFrIExhZXVuZyBTYWs=
d5224b9c60047372a5e26cb8	4Z6F4Z+B4Z6J4oCL4Z6W4Z+S4Z6a4Z+H4oCL4Z6c4Z6f4Z+S4Z6f4Z62	RW5kaW5nIG9mIEJ1ZGRoaXN0IExlbnQ=
d522609a5c3a98dd82a3228b	4Z6R4Z634Z6c4Z624oCL4Z6H4Z6T4oCL4Z6Y4Z624Z6T4oCL4Z6W4Z634Z6A4Z624Z6a4Z6X4Z624Z6W4oCL4Z6i4Z6T4Z+S4Z6P4Z6a4Z6H4Z624Z6P4Z63	SW50ZXJuYXRpb25hbCBEYXkgb2YgRGlzYWJsZWQgUGVyc29ucw==
d52b2ab8d09c56d86a461f0b	4Z6G4Z+B4Z6E4oCL4Z6Y4Z+J4Z+B4Z6E	VG9tYi1Td2VlcGluZyBEYXkgKFFpbmdtaW5nIEZlc3RpdmFsKQ==
d553664a98d1588d595110da	4Z6R4Z634Z6c4Z624oCL4Z6U4Z644Z6P4Z62	RmF0aGVyJ3MgRGF5
d5662840cb5a7cf8c8c4183e	4Z6W4Z+S4Z6a4Z+H4oCL4Z6a4Z624Z6H4oCL4Z6W4Z634Z6S4Z644oCL4Z6U4Z674Z6O4Z+S4Z6Z4oCL4Z6F4Z6Y4Z+S4Z6a4Z6+4Z6T4oCL4Z6W4Z+S4Z6a4Z+H4oCL4Z6H4Z6T4Z+S4Z6YIOGeluGfkuGemuGfh+KAi+GegOGemuGeu+GejuGetuKAi+GeluGfkuGemuGfh+KAi+GelOGetuGekeKAi+Gen+GemOGfkuGej+GfgeGeheKAi+GeluGfkuGemuGfh+KAi+GelOGemuGemOKAi+Gek+GetuGekCDhnpPhnprhn4Thno/hn5Lhno/hnpgg4Z6f4Z644Z6g4Z6Y4Z674Z6T4Z64IOGeluGfkuGemuGfh+KAi+GemOGeoOGetuGegOGfkuGen+Gej+GfkuGemuKAi+Gek+Gfg+KAi+GeluGfkuGemuGfh+GemuGetuGeh+GetuGejuGetuGeheGegOGfkuGemuKAi+GegOGemOGfkuGeluGeu+Geh+Getg==	S2luZyBTaWhhbW9uaSdzIEJpcnRoZGF5
d5679b47e1c324e2f4deb662	4Z6R4Z634Z6c4Z624oCL4Z6f4Z674Z6B4oCL4Z6X4Z624Z6W4oCL4Z6W4Z634Z6X4Z6W4oCL4Z6b4Z+E4Z6A	V29ybGQgSGVhbHRoIERheQ==
d57860bd919f0228ed1a4934	4Z6W4Z+S4Z6a4Z+H4oCL4Z6a4Z624Z6H4oCL4Z6W4Z634Z6S4Z644oCL4Z6U4Z674Z6O4Z+S4Z6Z4oCL4Z6F4Z6Y4Z+S4Z6a4Z6+4Z6T4oCL4Z6W4Z+S4Z6a4Z+H4oCL4Z6H4Z6T4Z+S4Z6YIOGeluGfkuGemuGfh+KAi+GegOGemuGeu+GejuGetuKAi+GeluGfkuGemuGfh+KAi+GelOGetuGekeKAi+Gen+GemOGfkuGej+GfgeGeheKAi+GeluGfkuGemuGfh+KAi+GelOGemuGemOKAi+Gek+GetuGekCDhnpPhnprhn4Thno/hn5Lhno/hnpgg4Z6f4Z644Z6g4Z6Y4Z674Z6T4Z64IOGeluGfkuGemuGfh+KAi+GemOGeoOGetuGegOGfkuGen+Gej+GfkuGemuKAi+Gek+Gfg+KAi+GeluGfkuGemuGfh+GemuGetuGeh+GetuGejuGetuGeheGegOGfkuGemuKAi+GegOGemOGfkuGeluGeu+Geh+Getg==	S2luZyBTaWhhbW9uaSdzIEJpcnRoZGF5
d57c3a2733c9360435879d8c	4Z6R4Z634Z6c4Z624oCL4Z6A4Z674Z6Y4Z624Z6a4oCL4Z6i4Z6T4Z+S4Z6P4Z6a4oCL4Z6H4Z624Z6P4Z63IOGegeGeveGelOGem+GevuGegOGekeGeuOGfpeGfoQ==	SW50ZXJuYXRpb25hbCBDaGlsZHJlbidzIERheQ==
d5b902d3e1a63c2adb9094c2	4Z6W4Z+S4Z6a4Z+H4oCL4Z6a4Z624Z6H4oCL4Z6W4Z634Z6S4Z644oCL4Z6U4Z674Z6O4Z+S4Z6Z4oCL4Z6F4Z6Y4Z+S4Z6a4Z6+4Z6T4oCL4Z6W4Z+S4Z6a4Z+H4oCL4Z6H4Z6T4Z+S4Z6YIOGeluGfkuGemuGfh+KAi+GegOGemuGeu+GejuGetuKAi+GeluGfkuGemuGfh+KAi+GelOGetuGekeKAi+Gen+GemOGfkuGej+GfgeGeheKAi+GeluGfkuGemuGfh+KAi+GelOGemuGemOKAi+Gek+GetuGekCDhnpPhnprhn4Thno/hn5Lhno/hnpgg4Z6f4Z644Z6g4Z6Y4Z674Z6T4Z64IOGeluGfkuGemuGfh+KAi+GemOGeoOGetuGegOGfkuGen+Gej+GfkuGemuKAi+Gek+Gfg+KAi+GeluGfkuGemuGfh+GemuGetuGeh+GetuGejuGetuGeheGegOGfkuGemuKAi+GegOGemOGfkuGeluGeu+Geh+Getg==	S2luZyBTaWhhbW9uaSdzIEJpcnRoZGF5
d5cade440873597a6d20ec7e	4Z6R4Z634Z6c4Z624oCL4Z6C4Z+S4Z6a4Z684oCL4Z6U4Z6E4Z+S4Z6a4Z+A4Z6T4oCL4Z6W4Z634Z6X4Z6W4oCL4Z6b4Z+E4Z6A	V29ybGQgVGVhY2hlcidzIERheQ==
d5f49e60270accd6e28d0bd8	4Z6F4Z+B4Z6J4oCL4Z6W4Z+S4Z6a4Z+H4oCL4Z6c4Z6f4Z+S4Z6f4Z62	RW5kaW5nIG9mIEJ1ZGRoaXN0IExlbnQ=
d5f675631dacdc0d801d6ebe	4Z6W4Z634Z6S4Z644oCL4Z6U4Z674Z6O4Z+S4Z6Z4oCL4Z6F4Z684Z6b4oCL4Z6G4Z+S4Z6T4Z624Z+G4oCL4Z6Q4Z+S4Z6Y4Z64IOGelOGfkuGemuGeluGfg+GejuGeuOKAi+Geh+GetuGej+GetyAtIOGemOGeoOGetuKAi+Gen+GehOGfkuGegOGfkuGemuGetuGek+GfkuGejyDhnpjhn4nhn4ThnoQg4Z+g4Z+pOuGfoeGfoiBBTQ==	S2htZXIgTmV3IFllYXIgLSBNb2hhIFNhbmtyYW50YSBhdCAwOToxMiBBTQ==
d60bc3a82eb984381b19363d	4Z6A4Z6Y4Z+S4Z6W4Z674Z6H4Z624oCL4Z6F4Z684Z6b4oCL4Z6H4Z624oCL4Z6f4Z6Y4Z624oCL4Z6H4Z634Z6A4oCL4Z6i4Z6E4Z+S4Z6C4oCL4Z6A4Z624Z6a4oCL4Z6Z4Z684Z6O4Z+B4Z6f4Z+S4Z6A4Z68IOGegeGeveGelOGem+GevuGegOGekeGeuOGfpeGfpQ==	Q2FtYm9kaWEgam9pbmVkIFVORVNDTw==
d634087d835d88430ad080ce	4Z6W4Z634Z6S4Z644oCL4Z6U4Z674Z6O4Z+S4Z6Z4oCL4Z6f4Z+C4Z6T4oCL4Z6W4Z+S4Z6a4Z+H4oCL4Z6B4Z+C	TWlkLUF1dHVtbiBGZXN0aXZhbA==
d645be9eb34329a5e448b901	4Z6f4Z+C4Z6T4oCL4Z6T4Z+G4oCL4Z6F4Z624Z+G4Z6E	U3RpY2t5IFJpY2UgRHVtcGxpbmdzIChab25nemkp
d64bf310a4fa01a243af2a39	4Z6R4Z634Z6c4Z624oCL4Z6W4Z634Z6X4Z6W4Z6b4Z+E4Z6A4oCL4Z6A4Z+G4Z6F4Z624Z6P4Z+L4oCL4Z6a4Z+E4Z6C4oCL4Z6a4Z6U4Z+B4Z6E	V29ybGQgVHViZXJjdWxvc2lzIERheQ==
d64e995a470cb359f04669ba	4Z6W4Z634Z6S4Z644oCL4Z6U4Z674Z6O4Z+S4Z6Z4oCL4Z6f4Z+C4Z6T4oCL4Z6W4Z+S4Z6a4Z+H4oCL4Z6B4Z+C	TWlkLUF1dHVtbiBGZXN0aXZhbA==
d6620c85f0ad4ff2d10a3ea0	4Z6Q4Z+S4Z6E4Z+D4oCL4Z6f4Z+C4Z6T4oCL4Z6F4Z684Z6b4oCL4Z6G4Z+S4Z6T4Z624Z+G4oCL4Z6F4Z634Z6T	Q2hpbmVzZSBOZXcgWWVhcidzIEV2ZQ==
d662ba74e816d5fc1e5ab163	4Z6U4Z684Z6H4Z6T4Z644Z6Z4Z6K4Z+S4Z6L4Z624Z6T4oCL4Z6F4Z6E4Z6F4Z624Z+G4oCL4Z6T4Z+D4oCL4Z6A4Z6Y4Z+S4Z6W4Z674Z6H4Z624Z+WIOGeluGeuOGekeGeuOGej+GetuGfhuGehOKAi+Gep+GegOGfkuGemuGet+GeiuGfkuGei+GegOGemOGfkuGemCDhnpjhnoDhnofhnrbigIvhnpjhno7hn5LhnozhnpvigIvhnpXhn5Lhnp/hn4fhnpXhn5Lhnp/hnrYg4Z6T4Z634Z6E4oCL4Z6f4Z6T4Z+S4Z6P4Z634Z6X4Z624Z6WIOGej+GfkuGemuGevOGenOKAi+GelOGetuGek+KAi+GeheGeu+Gfh+KAi+GegOGfkuGek+Geu+GehOKAi+GelOGeieGfkuGeh+GeuOKAi+GelOGfgeGej+Get+GegOGel+GejuGfkuGejOKAi+GeluGet+Gel+GeluGem+GfhOGegOKAi+GemuGelOGen+Gfi+KAi+GeouGehOGfkuGeguGegOGetuGemuKAi+GemeGevOGejuGfgeGen+GfkuGegOGevCDhnoHhnr3hnpThnpvhnr7hnoDhnpHhnrjhn6E=	TS0xMywgVHVvbCBTbGVuZyBHZW5vY2lkZSBNdXNldW0sIGFuZCBDaG9ldW5nIEVrIHdlcmUgaW5zY3JpYmVkIG9uIHRoZSBVTkVTQ08gV29ybGQgSGVyaXRhZ2UgTGlzdA==
d66bdc46db6a8f9a77e358a9	4Z6R4Z634Z6c4Z624oCL4Z6i4Z6T4Z+S4Z6P4Z6a4oCL4Z6H4Z624Z6P4Z634oCL4Z6T4Z+D4oCL4Z6C4Z+S4Z6a4Z694Z6f4Z624Z6a	SW50ZXJuYXRpb25hbCBEYXkgb2YgRmFtaWxpZXM=
d69cdaa2fb3bcc104281e09f	4Z6W4Z+S4Z6a4Z+H4oCL4Z6a4Z624Z6H4oCL4Z6W4Z634Z6S4Z644oCL4Z6U4Z674Z6O4Z+S4Z6Z4oCL4Z6i4Z674Z+G4oCL4Z6R4Z684Z6AIOGelOGejuGfkuGeiuGfguGej+KAi+GelOGfkuGemuGekeGeuOGelCDhnpPhnrfhnoTigIvhnp/hn4bhnpbhn4figIvhnpbhn5Lhnprhn4figIvhnoHhn4Ig4Z6i4Z6A4Z6i4Z+G4Z6U4Z674Z6A	V2F0ZXIgRmVzdGl2YWw=
d69dcdacc4d0db63eb8c1411	4Z6R4Z634Z6c4Z624oCL4Z6W4Z634Z6X4Z6W4Z6b4Z+E4Z6A4oCL4Z6A4Z+G4Z6F4Z624Z6P4Z+L4oCL4Z6a4Z+E4Z6C4oCL4Z6a4Z6U4Z+B4Z6E	V29ybGQgVHViZXJjdWxvc2lzIERheQ==
d6dc5411f7dcc5a9b18cf4e2	4Z6R4Z634Z6c4Z624oCL4Z6U4Z644Z6P4Z62	RmF0aGVyJ3MgRGF5
d6ec9b1250ed5f65e0f4d5a4	4Z6R4Z634Z6c4Z624oCL4Z6f4Z634Z6R4Z+S4Z6S4Z634oCL4Z6Y4Z6T4Z674Z6f4Z+S4Z6f4oCL4Z6i4Z6T4Z+S4Z6P4Z6a4Z6H4Z624Z6P4Z63IOGegeGeveGelOGem+GevuGegOGekeGeuOGfpeGfpw==	SW50ZXJuYXRpb25hbCBIdW1hbiBSaWdodHMgRGF5
d6f48f017036a65b2568440f	4Z6A4Z6Y4Z+S4Z6W4Z674Z6H4Z624oCL4Z6F4Z684Z6b4oCL4Z6H4Z624oCL4Z6f4Z6Y4Z624oCL4Z6H4Z634Z6A4oCL4Z6i4Z6E4Z+S4Z6C4oCL4Z6A4Z624Z6a4oCL4Z6Z4Z684Z6O4Z+B4Z6f4Z+S4Z6A4Z68IOGegeGeveGelOGem+GevuGegOGekeGeuOGfp+GfpA==	Q2FtYm9kaWEgam9pbmVkIFVORVNDTw==
d70d2286329924417d5f9e56	4Z6R4Z634Z6c4Z624oCL4Z6W4Z634Z6X4Z6W4Z6b4Z+E4Z6A4oCL4Z6A4Z+G4Z6F4Z624Z6P4Z+L4oCL4Z6a4Z+E4Z6C4oCL4Z6a4Z6U4Z+B4Z6E	V29ybGQgVHViZXJjdWxvc2lzIERheQ==
d7175f7ed0a276274358bbaf	4Z6R4Z634Z6c4Z624oCL4Z6i4Z6T4Z+S4Z6P4Z6a4oCL4Z6H4Z624Z6P4Z634oCL4Z6H4Z6T4Z6H4Z624Z6P4Z634Z6K4Z6+4Z6Y4Z6X4Z624Z6C4Z6P4Z634Z6F4Z6W4Z634Z6X4Z6W4Z6b4Z+E4Z6A	SW50ZXJuYXRpb25hbCBEYXkgb2YgdGhlIFdvcmxkJ3MgSW5kaWdlbm91cyBQZW9wbGVz
d7184a4a6d1e13c6b63e2c61	4Z6F4Z684Z6b4oCL4Z6G4Z+S4Z6T4Z624Z+G4oCL4Z6F4Z634Z6T	Q2hpbmVzZSBOZXcgWWVhcg==
d72ce5f3ea680a4a8e86f34b	4Z6W4Z634Z6S4Z644oCL4Z6U4Z674Z6O4Z+S4Z6Z4oCL4Z6X4Z+S4Z6H4Z674Z+G4oCL4Z6U4Z634Z6O4Z+S4Z6M	UGNodW0gQmVuIEZlc3RpdmFs
d733c7ec7311b6a3e1010ed7	4Z6R4Z634Z6c4Z624oCL4Z6f4Z674Z6B4oCL4Z6X4Z624Z6W4oCL4Z6W4Z634Z6X4Z6W4oCL4Z6b4Z+E4Z6A	V29ybGQgSGVhbHRoIERheQ==
d76aab50f943d0a84a45b3d9	4Z6R4Z634Z6c4Z624oCL4Z6U4Z6a4Z634oCL4Z6f4Z+S4Z6Q4Z624Z6T4oCL4Z6H4Z624Z6P4Z63IOGek+Get+GehOKAi+GelOGemuGet+KAi+Gen+GfkuGekOGetuGek+KAi+GeluGet+Gel+GeluKAi+Gem+GfhOGegCDhnoHhnr3hnpThnpvhnr7hnoDhnpHhnrjhn6g=	TmF0aW9uYWwgYW5kIFdvcmxkIEVudmlyb25tZW50IERheQ==
d76d2e3cf24071e96e0f7b2b	4Z6W4Z634Z6S4Z644oCL4Z6U4Z674Z6O4Z+S4Z6Z4oCL4Z6X4Z+S4Z6H4Z674Z+G4oCL4Z6U4Z634Z6O4Z+S4Z6M	UGNodW0gQmVuIEZlc3RpdmFs
d7854ec02a9ffc5e77dd61cb	4Z6R4Z634Z6c4Z624oCL4Z6U4Z6a4Z634oCL4Z6f4Z+S4Z6Q4Z624Z6T4oCL4Z6H4Z624Z6P4Z63IOGek+Get+GehOKAi+GelOGemuGet+KAi+Gen+GfkuGekOGetuGek+KAi+GeluGet+Gel+GeluKAi+Gem+GfhOGegCDhnoHhnr3hnpThnpvhnr7hnoDhnpHhnrjhn6Lhn6g=	TmF0aW9uYWwgYW5kIFdvcmxkIEVudmlyb25tZW50IERheQ==
d7a7fe8ae7787c341ae39609	4Z6R4Z634Z6c4Z624oCL4Z6f4Z6T4Z+S4Z6P4Z634oCL4Z6X4Z624Z6W4oCL4Z6T4Z+F4oCL4Z6A4Z6Y4Z+S4Z6W4Z674Z6H4Z62	UGVhY2UgRGF5IGluIENhbWJvZGlh
d7b18a0c70641e523c5bcc65	4Z6R4Z634Z6c4Z624oCL4Z6W4Z6b4Z6A4Z6Y4Z+S4Z6Y4oCL4Z6i4Z6T4Z+S4Z6P4Z6a4Z6H4Z624Z6P4Z63IOGegeGeveGelOGem+GevuGegOGekeGeuOGfoeGfo+GfpQ==	SW50ZXJuYXRpb25hbCBMYWJvciBEYXk=
d7c3f5ab342999f2fb5f9317	4Z6Q4Z+S4Z6E4Z+D4oCL4Z6f4Z+C4Z6T4oCL4Z6K4Z6A4oCL4Z6H4Z6+4Z6E4oCL4Z6S4Z684Z6U	S2l0Y2hlbiBHb2QgRmVzdGl2YWw=
d7d0d8aab5ac7510bf08516b	4Z6R4Z634Z6c4Z624oCL4Z6W4Z634Z6X4Z6W4oCL4Z6b4Z+E4Z6AIOGeiuGevuGemOGfkuGelOGeuOGen+Geu+GenOGej+GfkuGekOGet+Gel+GetuGeliDhnpPhnrfhnoThnp/hnrvhnoHhnpfhnrbhnpbhnoDhnrbhnprhnoThnrbhnpog4Z6B4Z694Z6U4Z6b4Z6+4Z6A4Z6R4Z644Z+h	V29ybGQgRGF5IGZvciBTYWZldHkgYW5kIEhlYWx0aCBhdCBXb3Jr
d7e853a30d64aeeefd7e7ccf	4Z6Q4Z+S4Z6E4Z+D4oCL4Z6f4Z+C4Z6T4oCL4Z6F4Z684Z6b4oCL4Z6G4Z+S4Z6T4Z624Z+G4oCL4Z6F4Z634Z6T	Q2hpbmVzZSBOZXcgWWVhcidzIEV2ZQ==
d7e8640175677eee4262d08a	4Z6R4Z634Z6c4Z624oCL4Z6W4Z634Z6X4Z6W4oCL4Z6b4Z+E4Z6A4oCL4Z6U4Z+S4Z6a4Z6G4Z624Z+G4Z6E4oCL4Z6W4Z6b4Z6A4Z6Y4Z+S4Z6Y4oCL4Z6A4Z674Z6Y4Z624Z6aIOGegeGeveGelOGem+GevuGegOGekeGeuOGfoeGfpw==	SGFwcHkgV29ybGQgRGF5IEFnYWluc3QgQ2hpbGQgTGFib3Vy
d80a0244b51ce309e3101473	4Z6W4Z634Z6S4Z644oCL4Z6U4Z674Z6O4Z+S4Z6Z4oCL4Z6F4Z684Z6b4oCL4Z6G4Z+S4Z6T4Z624Z+G4oCL4Z6Q4Z+S4Z6Y4Z64IOGelOGfkuGemuGeluGfg+GejuGeuOKAi+Geh+GetuGej+GetyAtIOGemOGeoOGetuKAi+Gen+GehOGfkuGegOGfkuGemuGetuGek+GfkuGejyDhnpjhn4nhn4ThnoQg4Z+g4Z+kOuGfpOGfqCBQTQ==	S2htZXIgTmV3IFllYXIgLSBNb2hhIFNhbmtyYW50YSBhdCAwNDo0OCBQTQ==
d85b160e0029f2deff038a9e	4Z6R4Z634Z6c4Z624oCL4Z6i4Z624oCL4Z6A4Z624Z6f4oCL4Z6F4Z6a4Z6O4Z+N4Z6f4Z+K4Z644Z6c4Z634Z6b	Q2l2aWwgQXZpYXRpb24gRGF5
d88c487ff88bc5097913c3a2	4Z6W4Z634Z6S4Z644oCL4Z6U4Z674Z6O4Z+S4Z6Z4oCL4Z6Y4Z624Z6D4Z6U4Z684Z6H4Z62	TWVhayBCb2NoZWE=
d8997ecf8a430dec0ad7df25	4Z6U4Z634Z6O4Z+S4Z6MIOGfow==	QmVuIDM=
d8b4ce74892e61981d23c40f	4Z6W4Z+S4Z6a4Z+H4oCL4Z6a4Z624Z6H4oCL4Z6W4Z634Z6S4Z644oCL4Z6U4Z674Z6O4Z+S4Z6Z4oCL4Z6i4Z674Z+G4oCL4Z6R4Z684Z6AIOGelOGejuGfkuGeiuGfguGej+KAi+GelOGfkuGemuGekeGeuOGelCDhnpPhnrfhnoTigIvhnp/hn4bhnpbhn4figIvhnpbhn5Lhnprhn4figIvhnoHhn4Ig4Z6i4Z6A4Z6i4Z+G4Z6U4Z674Z6A	V2F0ZXIgRmVzdGl2YWw=
d8c78a61748893575fbc9a7b	4Z6U4Z634Z6O4Z+S4Z6MIOGfpg==	QmVuIDY=
d8ea96319798cc90507709cb	4Z6f4Z+C4Z6T4oCL4Z6T4Z+G4oCL4Z6F4Z624Z+G4Z6E	U3RpY2t5IFJpY2UgRHVtcGxpbmdzIChab25nemkp
d914ba5f8250a6ecca9f4e17	4Z6R4Z634Z6c4Z624oCL4Z6H4Z+Q4Z6Z4oCL4Z6H4Z6Y4Z+S4Z6T4Z+H4oCL4Z6b4Z6+4oCL4Z6a4Z6U4Z6U4oCL4Z6U4Z+S4Z6a4Z6b4Z+Q4Z6Z4oCL4Z6W4Z684Z6H4oCL4Z6f4Z624Z6f4Z6T4Z+NIOGegeGeveGelOGem+GevuGegOGekeGeuOGfo+Gfow==	VmljdG9yeSBPdmVyIEdlbm9jaWRlIERheQ==
d9152e57ebb295228b28904d	4Z6W4Z634Z6S4Z644oCL4Z6U4Z674Z6O4Z+S4Z6Z4oCL4Z6X4Z+S4Z6H4Z674Z+G4oCL4Z6U4Z634Z6O4Z+S4Z6M	UGNodW0gQmVuIEZlc3RpdmFs
d93367e2efb0f0c0796a30ba	4Z6W4Z634Z6S4Z644oCL4Z6U4Z674Z6O4Z+S4Z6Z4oCL4Z6v4Z6A4Z6a4Z624Z6H4Z+S4Z6Z4oCL4Z6H4Z624Z6P4Z63IOGegeGeveGelOGem+GevuGegOGekeGeuOGfpeGfpA==	SW5kZXBlbmRlbmNlIERheQ==
d9676a87fb65cea167f6c8e3	4Z6b4Z+S4Z6B4Z+E4Z6T4oCL4Z6f4Z+S4Z6a4Z6Y4Z+E4Z6b4oCL4Z6f4Z+S4Z6U4Z+C4Z6A4oCLIOGej+GfkuGemuGevOGenOKAi+GelOGetuGek+KAi+GeheGeu+Gfh+KAi+GegOGfkuGek+Geu+GehOKAi+GelOGeieGfkuGeh+GeuOKAi+GelOGfgeGej+Get+GegOKAi+Gel+GejuGfkuGejOGenOGelOGfkuGelOGekuGemOGfjOGeouGemuGevOGelOGeuOGek+Gfg+GemOGek+Geu+Gen+GfkuGen+Geh+GetuGej+GetyDhnoHhnr3hnpThnpvhnr7hnoDhnpHhnrjhn6Hhn6I=	S2htZXIgU2hhZG93IFRoZWF0cmUgaW5zY3JpYmVkIG9uIHRoZSBSZXByZXNlbnRhdGl2ZSBMaXN0IG9mIHRoZSBJbnRhbmdpYmxlIEN1bHR1cmFsIEhlcml0YWdlIG9mIEh1bWFuaXR5
d96ee1cf01b4741bd8943efc	4Z6f4Z+C4Z6T4oCL4Z6A4Z+S4Z6U4Z624Z6b4oCL4Z6R4Z654Z6A	R2hvc3QgRmVzdGl2YWw=
d984f2c26da740146e9c7a48	4Z6R4Z634Z6c4Z624Z6a4Z+G4Z6b4Z654Z6A4oCL4Z6B4Z694Z6U4oCL4Z6T4Z+D4oCL4Z6A4Z634Z6F4Z+S4Z6F4Z6W4Z+S4Z6a4Z6Y4Z6W4Z+S4Z6a4Z+A4Z6E4oCL4Z6f4Z6T4Z+S4Z6P4Z634Z6X4Z624Z6W4oCL4Z6R4Z644Z6A4Z+S4Z6a4Z674Z6E4oCL4Z6U4Z+J4Z624Z6a4Z644Z6f	UGFyaXMgUGVhY2UgQWdyZWVtZW50IERheQ==
d9924038140799a537522fa3	4Z6a4Z674Z6A4Z+S4Z6B4oCL4Z6R4Z634Z6c4Z62	QXJib3IgRGF5
d9bfbbbe67c3620a86fa41f4	4Z6R4Z634Z6c4Z624oCL4Z6W4Z634Z6X4Z6W4oCL4Z6b4Z+E4Z6A4oCL4Z6A4Z624Z6A4oCL4Z6U4Z624Z6R4oCL4Z6A4Z+S4Z6a4Z6g4Z6YIOGek+Get+GehOKAi+GeouGejOGfkuGejeGeheGek+GfkuGekeGegOGfkuGemuGeoOGemA==	V29ybGQgUmVkIENyb3NzIGFuZCBSZWQgQ3Jlc2NlbnQgRGF5
d9d30ba98cb8a39f1779e0f4	4Z6R4Z634Z6c4Z624oCL4Z6i4Z6T4Z+S4Z6P4Z6a4oCL4Z6H4Z624Z6P4Z634oCL4Z6A4Z624Z6a4Z6W4Z624Z6a4oCL4Z6f4Z+S4Z6a4Z6R4Z624Z6U4Z+L4oCL4Z6i4Z684oCL4Z6g4Z+S4Z6f4Z684Z6TIOGegeGeveGelOGem+GevuGegOGekeGeuOGfouGfoQ==	SW50ZXJuYXRpb25hbCBEYXkgZm9yIHRoZSBQcmVzZXJ2YXRpb24gb2YgdGhlIE96b25lIExheWVy
d9ed5bfe10f9fd87ae97f5a3	4Z6A4Z6Y4Z+S4Z6W4Z674Z6H4Z624oCL4Z6F4Z684Z6b4oCL4Z6H4Z624oCL4Z6f4Z6Y4Z624oCL4Z6H4Z634Z6A4oCL4Z6i4Z624Z6f4Z+K4Z624Z6TIOGegeGeveGelOGem+GevuGegOGekeGeuOGfoeGfqQ==	Q2FtYm9kaWEgam9pbmVkIFRoZSBBc3NvY2lhdGlvbiBvZiBTb3V0aGVhc3QgQXNpYW4gTmF0aW9ucyAoQVNFQU4p
da16bc22087c6c6849ee9ecf	4Z6R4Z634Z6c4Z624oCL4Z6i4Z6T4Z+S4Z6P4Z6a4oCL4Z6H4Z624Z6P4Z634oCL4Z6T4Z+D4oCL4Z6C4Z+S4Z6a4Z694Z6f4Z624Z6a	SW50ZXJuYXRpb25hbCBEYXkgb2YgRmFtaWxpZXM=
da3672628999478e8ce5d7e2	4Z6R4Z634Z6c4Z624oCL4Z6f4Z6T4Z+S4Z6P4Z634oCL4Z6X4Z624Z6W4oCL4Z6i4Z6T4Z+S4Z6P4Z6a4oCL4Z6H4Z624Z6P4Z63	SW50ZXJuYXRpb25hbCBEYXkgb2YgUGVhY2U=
da543b2ea4e875b2138832ae	4Z6U4Z634Z6O4Z+S4Z6MIOGfpQ==	QmVuIDU=
da7fe18426df6841cd42a684	4Z6W4Z634Z6S4Z644oCL4Z6U4Z674Z6O4Z+S4Z6Z4oCL4Z6X4Z+S4Z6H4Z674Z+G4oCL4Z6U4Z634Z6O4Z+S4Z6M	UGNodW0gQmVuIEZlc3RpdmFs
da884b205ae5bdb1e850fcdb	4Z6W4Z+S4Z6a4Z+H4oCL4Z6a4Z624Z6H4oCL4Z6W4Z634Z6S4Z644oCL4Z6U4Z674Z6O4Z+S4Z6Z4oCL4Z6i4Z674Z+G4oCL4Z6R4Z684Z6AIOGelOGejuGfkuGeiuGfguGej+KAi+GelOGfkuGemuGekeGeuOGelCDhnpPhnrfhnoTigIvhnp/hn4bhnpbhn4figIvhnpbhn5Lhnprhn4figIvhnoHhn4Ig4Z6i4Z6A4Z6i4Z+G4Z6U4Z674Z6A	V2F0ZXIgRmVzdGl2YWw=
da8876fe75db9203d3412e12	4Z6U4Z634Z6O4Z+S4Z6MIOGfqA==	QmVuIDg=
daafaf167c9aab91befae0db	4Z6R4Z634Z6c4Z624oCL4Z6i4Z6T4Z+S4Z6P4Z6a4oCL4Z6H4Z624Z6P4Z634oCL4Z6A4Z624Z6a4Z6W4Z624Z6a4oCL4Z6f4Z+S4Z6a4Z6R4Z624Z6U4Z+L4oCL4Z6i4Z684oCL4Z6g4Z+S4Z6f4Z684Z6TIOGegeGeveGelOGem+GevuGegOGekeGeuOGfouGfpA==	SW50ZXJuYXRpb25hbCBEYXkgZm9yIHRoZSBQcmVzZXJ2YXRpb24gb2YgdGhlIE96b25lIExheWVy
dabf0466be708b8b295b6ccf	4Z6U4Z634Z6O4Z+S4Z6MIOGfpw==	QmVuIDc=
dacf4241153a893c0ded18b5	4Z6U4Z634Z6O4Z+S4Z6MIOGfpQ==	QmVuIDU=
daf4b411ff754bc229e24ed4	4Z6U4Z+S4Z6a4Z624Z6f4Z624Z6R4oCL4Z6W4Z+S4Z6a4Z+H4oCL4Z6c4Z634Z6g4Z624Z6aIOGej+GfkuGemuGevOGenOKAi+GelOGetuGek+KAi+GeheGeu+Gfh+KAi+GegOGfkuGek+Geu+GehOKAi+GelOGeieGfkuGeh+GeuOKAi+GelOGfgeGej+Get+GegOKAi+Gel+GejuGfkuGejOKAi+GeluGet+Gel+GeluGem+GfhOGegOGemuGelOGen+Gfi+GeouGehOGfkuGeguGegOGetuGemuGemeGevOGejuGfgeGen+GfkuGegOGevCDhnoHhnr3hnpThnpvhnr7hnoDhnpHhnrjhn6Q=	VGVtcGxlIG9mIFByZWFoIFZpaGVhciB3YXMgaW5zY3JpYmVkIG9uIHRoZSBVTkVTQ08gV29ybGQgSGVyaXRhZ2UgTGlzdA==
db05dc2e2cb7b349c7511990	4Z6U4Z634Z6O4Z+S4Z6MIOGfpw==	QmVuIDc=
db0b2bd1e243c8381420a8bc	4Z6R4Z634Z6c4Z624oCL4Z6i4Z6T4Z+S4Z6P4Z6a4oCL4Z6H4Z624Z6P4Z634oCL4Z6A4Z624Z6a4Z6W4Z624Z6a4oCL4Z6f4Z+S4Z6a4Z6R4Z624Z6U4Z+L4oCL4Z6i4Z684oCL4Z6g4Z+S4Z6f4Z684Z6TIOGegeGeveGelOGem+GevuGegOGekeGeuOGfo+Gfpg==	SW50ZXJuYXRpb25hbCBEYXkgZm9yIHRoZSBQcmVzZXJ2YXRpb24gb2YgdGhlIE96b25lIExheWVy
db1e4ea8268280fa81b1c51a	4Z6f4Z+C4Z6T4Z6T4Z+G4Z6i4Z+K4Z64	V2ludGVyIFNvbHN0aWNlIEZlc3RpdmFs
db32e497845d81cdc29cd994	4Z6R4Z634Z6c4Z624oCL4Z6R4Z+B4Z6f4oCL4Z6F4Z6a4Z6O4Z+N4oCL4Z6W4Z634oCL4Z6X4Z6W4oCL4Z6b4Z+E4Z6A	V29ybGQgVG91cmlzbSBEYXk=
db49937f79bf94974e92ef8d	4Z6F4Z684Z6b4oCL4Z6W4Z+S4Z6a4Z+H4oCL4Z6c4Z6f4Z+S4Z6f4Z62	QmVnaW5uaW5nIG9mIEJ1ZGRoaXN0IExlbnQ=
db501f72fe527e9dbf8ebe52	4Z6R4Z634Z6c4Z624oCL4Z6W4Z634Z6X4Z6W4oCL4Z6b4Z+E4Z6A4oCL4Z6A4Z624Z6A4oCL4Z6U4Z624Z6R4oCL4Z6A4Z+S4Z6a4Z6g4Z6YIOGek+Get+GehOKAi+GeouGejOGfkuGejeGeheGek+GfkuGekeGegOGfkuGemuGeoOGemA==	V29ybGQgUmVkIENyb3NzIGFuZCBSZWQgQ3Jlc2NlbnQgRGF5
db9229af8c401de2c7ab6b8c	4Z6R4Z634Z6c4Z624oCL4oCL4Z6U4Z+S4Z6a4Z6H4Z624Z6H4Z6T4Z6H4Z624Z6P4Z63IOGek+Get+GehOKAi+KAi+GelOGfkuGemuGeh+GetuGeh+Gek+KAi+GeluGet+Gel+GeluKAi+Gem+GfhOGegA==	TmF0aW9uYWwgUG9wdWxhdGlvbiBEYXkgYW5kIFdvcmxkIFBvcHVsYXRpb24gRGF5
db950190c41b86c7f321bdb2	4Z6W4Z+S4Z6a4Z+H4oCL4Z6a4Z624Z6H4oCL4Z6W4Z634Z6S4Z644oCL4Z6U4Z674Z6O4Z+S4Z6Z4oCL4Z6i4Z674Z+G4oCL4Z6R4Z684Z6AIOGelOGejuGfkuGeiuGfguGej+KAi+GelOGfkuGemuGekeGeuOGelCDhnpPhnrfhnoTigIvhnp/hn4bhnpbhn4figIvhnpbhn5Lhnprhn4figIvhnoHhn4Ig4Z6i4Z6A4Z6i4Z+G4Z6U4Z674Z6A	V2F0ZXIgRmVzdGl2YWw=
dbada7ca38e9f1a3f7eee30a	4Z6f4Z+C4Z6T4Z6T4Z+G4Z6i4Z+K4Z64	V2ludGVyIFNvbHN0aWNlIEZlc3RpdmFs
dbaf55f30282ca282a23bfe0	4Z6R4Z634Z6c4Z624oCL4Z6i4Z6T4Z+S4Z6P4Z6a4oCL4Z6H4Z624Z6P4Z634oCL4Z6H4Z6T4Z6H4Z624Z6P4Z634Z6K4Z6+4Z6Y4Z6X4Z624Z6C4Z6P4Z634Z6F4Z6W4Z634Z6X4Z6W4Z6b4Z+E4Z6A	SW50ZXJuYXRpb25hbCBEYXkgb2YgdGhlIFdvcmxkJ3MgSW5kaWdlbm91cyBQZW9wbGVz
dbb52825904af77d17a4b75c	4Z6f4Z+C4Z6T4oCL4Z6T4Z+G4oCL4Z6F4Z624Z+G4Z6E	U3RpY2t5IFJpY2UgRHVtcGxpbmdzIChab25nemkp
dbcc76bd0de5950e86764968	4Z6R4Z634Z6c4Z624oCL4Z6i4Z6A4Z+S4Z6B4Z6a4oCL4Z6A4Z6Y4Z+S4Z6Y4oCL4Z6i4Z6T4Z+S4Z6P4Z6a4oCL4Z6H4Z624Z6P4Z63	SW50ZXJuYXRpb25hbCBMaXRlcmFjeSBEYXk=
dbf0ca58113df13a3fc16860	4Z6R4Z634Z6c4Z624oCL4Z6c4Z6U4Z+S4Z6U4oCL4Z6S4Z6Y4Z+M4oCL4Z6H4Z624Z6P4Z63IOGegeGeveGelOGem+GevuGegOGekeGeuOGfo+GfoQ==	TmF0aW9uYWwgQ3VsdHVyZSBEYXk=
dc2d5e4ff0fa0c14d2ab64a4	4Z6R4Z634Z6c4Z624oCL4Z6f4Z6T4Z+S4Z6P4Z634oCL4Z6X4Z624Z6W4oCL4Z6i4Z6T4Z+S4Z6P4Z6a4oCL4Z6H4Z624Z6P4Z63	SW50ZXJuYXRpb25hbCBEYXkgb2YgUGVhY2U=
dc588629c2a3f26354e07136	4Z6R4Z634Z6c4Z624oCL4Z6A4Z674Z6Y4Z624Z6a4oCL4Z6i4Z6T4Z+S4Z6P4Z6a4oCL4Z6H4Z624Z6P4Z63IOGegeGeveGelOGem+GevuGegOGekeGeuOGfp+GfqA==	SW50ZXJuYXRpb25hbCBDaGlsZHJlbidzIERheQ==
dc712bdae0c2172e455be7ef	4Z6U4Z634Z6O4Z+S4Z6MIOGfoeGfow==	QmVuIDEz
dc99cc51a6183261e0c352db	4Z6U4Z634Z6O4Z+S4Z6MIOGfqA==	QmVuIDg=
dcb3daab309818a993ad437a	4Z6A4Z6L4Z634Z6T4oCL4Z6A4Z624Z6b	S2F0aGVuIEthbA==
dcc7b61a5126a7cb2f1b0fa6	4Z6R4Z634Z6c4Z624oCL4Z6H4Z624Z6P4Z634oCL4Z6Z4Z6b4Z+L4oCL4Z6K4Z654Z6E4oCL4Z6W4Z644oCL4Z6Y4Z644Z6TIOGegeGeveGelOGem+GevuGegOGekeGeuOGfouGfoQ==	TmF0aW9uYWwgTWluZSBBd2FyZW5lc3MgRGF5
dccd71004d668d8d35d22bce	4Z6R4Z634Z6c4Z624oCL4Z6A4Z674Z6Y4Z624Z6a4oCL4Z6i4Z6T4Z+S4Z6P4Z6a4oCL4Z6H4Z624Z6P4Z63IOGegeGeveGelOGem+GevuGegOGekeGeuOGfpeGfpg==	SW50ZXJuYXRpb25hbCBDaGlsZHJlbidzIERheQ==
dcd7d978918098c248055be0	4Z6R4Z634Z6c4Z624oCL4Z6W4Z634Z6X4Z6W4oCL4Z6b4Z+E4Z6AIOGeiuGevuGemOGfkuGelOGeuOGen+Geu+GenOGej+GfkuGekOGet+Gel+GetuGeliDhnpPhnrfhnoThnp/hnrvhnoHhnpfhnrbhnpbhnoDhnrbhnprhnoThnrbhnpog4Z6B4Z694Z6U4Z6b4Z6+4Z6A4Z6R4Z644Z+h4Z+i	V29ybGQgRGF5IGZvciBTYWZldHkgYW5kIEhlYWx0aCBhdCBXb3Jr
dce4e2045f2ddd63fc34cdc3	4Z6R4Z634Z6c4Z624oCL4Z6Y4Z6F4Z+S4Z6G4Z624oCL4Z6H4Z624Z6P4Z63	TmF0aW9uYWwgRmlzaCBEYXk=
dcec1155273d1b45f5f280d2	4Z6A4Z+G4Z6O4Z6+4Z6P4oCL4Z6T4Z6C4Z6a4oCL4Z6U4Z624Z6b4oCL4Z6H4Z624Z6P4Z63IOGegeGeveGelOGem+GevuGegOGekeGeuOGfpeGfpw==	QmlydGggb2YgdGhlIE5hdGlvbmFsIFBvbGljZQ==
dcfdc750493f7dc538346c19	4Z6R4Z634Z6c4Z624oCL4Z6R4Z+B4Z6f4oCL4Z6F4Z6a4Z6O4Z+N4oCL4Z6W4Z634oCL4Z6X4Z6W4oCL4Z6b4Z+E4Z6A	V29ybGQgVG91cmlzbSBEYXk=
dd0b8198a77cdcffae6ea70d	4Z6W4Z634Z6S4Z644oCL4Z6U4Z674Z6O4Z+S4Z6Z4oCL4Z6Y4Z624Z6D4Z6U4Z684Z6H4Z62	TWVhayBCb2NoZWE=
dd3a0a91af1a34dc11b43c3c	4Z6R4Z634Z6c4Z624oCL4Z6Y4Z6F4Z+S4Z6G4Z624oCL4Z6H4Z624Z6P4Z63	TmF0aW9uYWwgRmlzaCBEYXk=
dd431f7599306ae950abd456	4Z6R4Z634Z6c4Z624Z6a4Z+G4Z6b4Z654Z6A4oCL4Z6B4Z694Z6U4oCL4Z6T4Z+D4oCL4Z6A4Z634Z6F4Z+S4Z6F4Z6W4Z+S4Z6a4Z6Y4Z6W4Z+S4Z6a4Z+A4Z6E4oCL4Z6f4Z6T4Z+S4Z6P4Z634Z6X4Z624Z6W4oCL4Z6R4Z644Z6A4Z+S4Z6a4Z674Z6E4oCL4Z6U4Z+J4Z624Z6a4Z644Z6f	UGFyaXMgUGVhY2UgQWdyZWVtZW50IERheQ==
dd61159cabbbcc244623bb4f	4Z6R4Z634Z6c4Z624oCL4Z6W4Z634Z6X4Z6W4oCL4Z6b4Z+E4Z6A4oCL4Z6U4Z+S4Z6a4Z6Z4Z674Z6R4Z+S4Z6S4oCL4Z6U4Z+S4Z6a4Z6G4Z624Z+G4Z6E4oCL4Z6T4Z654Z6E4oCL4Z6H4Z+G4Z6E4Z664oCL4Z6i4Z+B4Z6K4Z6f4Z+N	V29ybGQgQUlEUyBEYXk=
dd6ce6019c5ade3de032b183	4Z6R4Z634Z6c4Z624oCL4Z6W4Z634Z6X4Z6W4oCL4Z6b4Z+E4Z6A4oCL4Z6U4Z+S4Z6a4Z6G4Z624Z+G4Z6E4oCL4Z6W4Z6b4Z6A4Z6Y4Z+S4Z6Y4oCL4Z6A4Z674Z6Y4Z624Z6aIOGegeGeveGelOGem+GevuGegOGekeGeuOGfqA==	SGFwcHkgV29ybGQgRGF5IEFnYWluc3QgQ2hpbGQgTGFib3Vy
dd7296049e937736101cd352	4Z6R4Z634Z6c4Z624oCL4Z6i4Z6T4Z+S4Z6P4Z6a4oCL4Z6H4Z624Z6P4Z634oCL4Z6T4Z+D4oCL4Z6C4Z+S4Z6a4Z694Z6f4Z624Z6a	SW50ZXJuYXRpb25hbCBEYXkgb2YgRmFtaWxpZXM=
dda1ceb5d1831fd8dfc95cd3	4Z6R4Z634Z6c4Z624oCL4Z6A4Z674Z6Y4Z624Z6a4oCL4Z6i4Z6T4Z+S4Z6P4Z6a4oCL4Z6H4Z624Z6P4Z63IOGegeGeveGelOGem+GevuGegOGekeGeuOGfpuGfqQ==	SW50ZXJuYXRpb25hbCBDaGlsZHJlbidzIERheQ==
ddbb8723531cd15ac1121b09	4Z6R4Z634Z6c4Z624oCL4Z6H4Z624Z6P4Z634oCL4Z6f4Z674Z6B4Z6X4Z624Z6W4oCL4Z6Y4Z624Z6P4Z62IOGekeGetuGemuGegCDhnpPhnrfhnoTigIvhnoDhnrvhnpjhnrbhnpo=	TmF0aW9uYWwgRGF5IG9uIE1hdGVybmFsLCBOZXdib3JuIGFuZCBDaGlsZCBIZWFsdGg=
ddedae96685a3b776cf56367	4Z6R4Z634Z6c4Z624oCL4Z6T4Z6Z4Z+E4Z6U4Z624Z6Z4oCL4Z6R4Z654Z6A	V2F0ZXIgUG9saWN5IERheQ==
ddfa3c2f65aeccd86e4afa5a	4Z6U4Z634Z6O4Z+S4Z6MIOGfoQ==	QmVuIDE=
ddffb0811647e805dcd50a1f	4Z6U4Z674Z6O4Z+S4Z6Z4oCL4Z6O4Z684Z6i4Z+C4Z6b	Q2hyaXN0bWFzIERheQ==
de004e52914ea44aa12d602a	4Z6R4Z634Z6c4Z624oCL4Z6W4Z634Z6X4Z6W4oCL4Z6b4Z+E4Z6AIOGeiuGevuGemOGfkuGelOGeuOGen+Geu+GenOGej+GfkuGekOGet+Gel+GetuGeliDhnpPhnrfhnoThnp/hnrvhnoHhnpfhnrbhnpbhnoDhnrbhnprhnoThnrbhnpog4Z6B4Z694Z6U4Z6b4Z6+4Z6A4Z6R4Z644Z+i4Z+i	V29ybGQgRGF5IGZvciBTYWZldHkgYW5kIEhlYWx0aCBhdCBXb3Jr
de0f137c257698ec8311361f	4Z6R4Z634Z6c4Z624oCL4Z6W4Z634Z6X4Z6W4oCL4Z6b4Z+E4Z6A4oCL4Z6U4Z+S4Z6a4Z6G4Z624Z+G4Z6E4oCL4Z6W4Z6b4Z6A4Z6Y4Z+S4Z6Y4oCL4Z6A4Z674Z6Y4Z624Z6a	SGFwcHkgV29ybGQgRGF5IEFnYWluc3QgQ2hpbGQgTGFib3Vy
de1de88197feaad35f26be7f	4Z6R4Z634Z6c4Z624oCL4Z6C4Z+S4Z6a4Z684oCL4Z6U4Z6E4Z+S4Z6a4Z+A4Z6T4oCL4Z6W4Z634Z6X4Z6W4oCL4Z6b4Z+E4Z6A	V29ybGQgVGVhY2hlcidzIERheQ==
de2d82e3cfa043f5586bf60b	4Z6U4Z+S4Z6a4Z624Z6f4Z624Z6R4oCL4Z6W4Z+S4Z6a4Z+H4oCL4Z6c4Z634Z6g4Z624Z6aIOGej+GfkuGemuGevOGenOKAi+GelOGetuGek+KAi+GeheGeu+Gfh+KAi+GegOGfkuGek+Geu+GehOKAi+GelOGeieGfkuGeh+GeuOKAi+GelOGfgeGej+Get+GegOKAi+Gel+GejuGfkuGejOKAi+GeluGet+Gel+GeluGem+GfhOGegOGemuGelOGen+Gfi+GeouGehOGfkuGeguGegOGetuGemuGemeGevOGejuGfgeGen+GfkuGegOGevCDhnoHhnr3hnpThnpvhnr7hnoDhnpHhnrjhn6Hhn6g=	VGVtcGxlIG9mIFByZWFoIFZpaGVhciB3YXMgaW5zY3JpYmVkIG9uIHRoZSBVTkVTQ08gV29ybGQgSGVyaXRhZ2UgTGlzdA==
de3519e415642d4a5faad527	4Z6A4Z6Y4Z+S4Z6W4Z674Z6H4Z624oCL4Z6F4Z684Z6b4oCL4Z6H4Z624oCL4Z6f4Z6Y4Z624oCL4Z6H4Z634Z6A4oCL4Z6i4Z6E4Z+S4Z6C4oCL4Z6A4Z624Z6a4oCL4Z6Z4Z684Z6O4Z+B4Z6f4Z+S4Z6A4Z68IOGegeGeveGelOGem+GevuGegOGekeGeuOGfpuGfoA==	Q2FtYm9kaWEgam9pbmVkIFVORVNDTw==
de50216b4b51c91c9e5b5d80	4Z6Q4Z+S4Z6E4Z+D4oCL4Z6f4Z+C4Z6T4oCL4Z6F4Z684Z6b4oCL4Z6G4Z+S4Z6T4Z624Z+G4oCL4Z6F4Z634Z6T	Q2hpbmVzZSBOZXcgWWVhcidzIEV2ZQ==
de60d26546731d225969d089	4Z6U4Z634Z6O4Z+S4Z6MIOGfow==	QmVuIDM=
de637628499fd50be2760312	4Z6W4Z+S4Z6a4Z+H4oCL4Z6a4Z624Z6H4oCL4Z6W4Z634Z6S4Z644oCL4Z6U4Z674Z6O4Z+S4Z6Z4oCL4Z6i4Z674Z+G4oCL4Z6R4Z684Z6AIOGelOGejuGfkuGeiuGfguGej+KAi+GelOGfkuGemuGekeGeuOGelCDhnpPhnrfhnoTigIvhnp/hn4bhnpbhn4figIvhnpbhn5Lhnprhn4figIvhnoHhn4Ig4Z6i4Z6A4Z6i4Z+G4Z6U4Z674Z6A	V2F0ZXIgRmVzdGl2YWw=
de7f7a98618a0072099c50b0	4Z6U4Z+S4Z6a4Z624Z6f4Z624Z6R4oCL4Z6W4Z+S4Z6a4Z+H4oCL4Z6c4Z634Z6g4Z624Z6aIOGej+GfkuGemuGevOGenOKAi+GelOGetuGek+KAi+GeheGeu+Gfh+KAi+GegOGfkuGek+Geu+GehOKAi+GelOGeieGfkuGeh+GeuOKAi+GelOGfgeGej+Get+GegOKAi+Gel+GejuGfkuGejOKAi+GeluGet+Gel+GeluGem+GfhOGegOGemuGelOGen+Gfi+GeouGehOGfkuGeguGegOGetuGemuGemeGevOGejuGfgeGen+GfkuGegOGevCDhnoHhnr3hnpThnpvhnr7hnoDhnpHhnrjhn6Y=	VGVtcGxlIG9mIFByZWFoIFZpaGVhciB3YXMgaW5zY3JpYmVkIG9uIHRoZSBVTkVTQ08gV29ybGQgSGVyaXRhZ2UgTGlzdA==
de8779a1d4e38ee6efa0cebe	4Z6f4Z+C4Z6T4oCL4Z6A4Z+S4Z6U4Z624Z6b4oCL4Z6R4Z654Z6A	R2hvc3QgRmVzdGl2YWw=
deb907be94dc101e6d3f794c	4Z6W4Z634Z6S4Z644oCL4Z6U4Z+G4Z6U4Z694Z6f4oCL4Z6T4Z624Z6C4oCL4Z6B4Z+S4Z6T4Z624Z6T	VGhlIE9yZGFpbmVkIERyYWdvbiBNb25r
dec280b7c0738cb37ccba36f	4Z6U4Z634Z6O4Z+S4Z6MIOGfpg==	QmVuIDY=
deddaa57c18d80ae176c8977	4Z6A4Z6Y4Z+S4Z6W4Z674Z6H4Z624oCL4Z6F4Z684Z6b4oCL4Z6H4Z624oCL4Z6f4Z6Y4Z624oCL4Z6H4Z634Z6A4oCL4Z6i4Z6E4Z+S4Z6C4oCL4Z6A4Z624Z6a4oCL4Z6f4Z6g4oCL4Z6U4Z+S4Z6a4Z6H4Z624Z6H4Z624Z6P4Z63IOGegeGeveGelOGem+GevuGegOGekeGeuOGfpeGfpg==	Q2FtYm9kaWEgYmVjYW1lIGEgbWVtYmVyIG9mIHRoZSBVbml0ZWQgTmF0aW9ucw==
deeca5f5825f2def93b5cd00	4Z6R4Z634Z6c4Z624oCL4Z6Y4Z6T4Z674Z6f4Z+S4Z6f4oCL4Z6F4Z624Z6f4Z+L4oCL4Z6A4Z6Y4Z+S4Z6W4Z674Z6H4Z62IOGek+Get+GehOGekeGet+GenOGetuGemOGek+Geu+Gen+GfkuGen+GeheGetuGen+Gfi+GeouGek+GfkuGej+GemuGeh+GetuGej+GetyDhnoHhnr3hnpThnpvhnr7hnoDhnpHhnrjhn6Hhn6A=	Q2FtYm9kaWFuIE9sZGVyIFBlcnNvbnMgRGF5IGFuZCB0aGUgSW50ZXJuYXRpb25hbCBEYXkgb2YgT2xkZXIgUGVyc29ucw==
df007b66e904ec7b85a111bc	4Z6W4Z634Z6S4Z644oCL4Z6U4Z674Z6O4Z+S4Z6Z4oCL4Z6F4Z684Z6b4oCL4Z6G4Z+S4Z6T4Z624Z+G4oCL4Z6Q4Z+S4Z6Y4Z64IOGelOGfkuGemuGeluGfg+GejuGeuOKAi+Geh+GetuGej+GetyAtIOGenOGetuGemuGfiOKAi+GenOGfkOGek+KAi+GelOGejw==	S2htZXIgTmV3IFllYXIgLSBWZWFyZWFrIFZhbmFiYXQ=
df02a61fbee3c000cd2db999	4Z6R4Z634Z6c4Z624oCL4Z6T4Z6Z4Z+E4oCL4Z6U4Z624Z6Z4oCL4Z6I4Z+S4Z6T4Z+HIOGeiOGfkuGek+Gfhw==	V2luLXdpbiBQb2xpY3kgRGF5
df400fdb95a6cb39dc916244	4Z6U4Z634Z6O4Z+S4Z6MIOGfoQ==	QmVuIDE=
df692e44165b4a4b02a940cb	4Z6R4Z634Z6c4Z624Z6a4Z+G4Z6b4Z654Z6A4oCL4Z6B4Z694Z6U4oCL4Z6T4Z+D4oCL4Z6A4Z634Z6F4Z+S4Z6F4Z6W4Z+S4Z6a4Z6Y4Z6W4Z+S4Z6a4Z+A4Z6E4oCL4Z6f4Z6T4Z+S4Z6P4Z634Z6X4Z624Z6W4oCL4Z6R4Z644Z6A4Z+S4Z6a4Z674Z6E4oCL4Z6U4Z+J4Z624Z6a4Z644Z6f	UGFyaXMgUGVhY2UgQWdyZWVtZW50IERheQ==
df6b115a080a9a002b5e357d	4Z6R4Z634Z6c4Z624oCL4Z6F4Z684Z6b4oCL4Z6G4Z+S4Z6T4Z624Z+G4oCL4Z6f4Z624Z6A4Z6b	TmV3IFllYXIncyBEYXk=
df72b4c74caeafc46b607a16	4Z6U4Z674Z6O4Z+S4Z6Z4oCL4Z6O4Z684Z6i4Z+C4Z6b	Q2hyaXN0bWFzIERheQ==
dfa24ee72fdaaa7847852726	4Z6U4Z6O4Z+S4Z6O4Z6f4Z624Z6a4oCL4Z6f4Z624Z6a4Z6Y4Z6T4Z+S4Z6R4Z644Z6a4oCL4Z6n4Z6A4Z+S4Z6a4Z634Z6K4Z+S4Z6L4Z6A4Z6Y4Z+S4Z6Y4oCL4Z6U4Z+S4Z6a4Z6b4Z+Q4Z6Z4oCL4Z6W4Z684Z6H4Z6f4Z624Z6f4Z6T4Z+N4oCL4Z6R4Z694Z6b4oCL4Z6f4Z+S4Z6b4Z+C4Z6EIOGej+GfkuGemuGevOGenOKAi+GelOGetuGek+KAi+GeheGeu+Gfh+KAi+GegOGfkuGek+Geu+GehOKAi+GelOGeieGfkuGeh+GeuOKAi+Gen+GfkuGemOGetuGemuGej+GeuOKAi+GeheGehOGeheGetuGfhuKAi+Gek+Gfg+KAi+GeluGet+Gel+GeluKAi+Gem+GfhOGegOKAi+GemuGelOGen+Gfi+KAi+GemeGevOGejuGfgeGen+GfkuGegOGevCDhnoHhnr3hnpThnpvhnr7hnoDhnpHhnrjhn6Hhn6M=	VGhlIGFyY2hpdmVzIG9mIFR1b2wgU2xlbmcgR2Vub2NpZGUgTXVzZXVtIGFyZSByZWdpc3RlcmVkIGFzIHBhcnQgb2YgdGhlIE1lbW9yeSBvZiB0aGUgV29ybGQgYnkgVU5FU0NP
dfb92ca9eababd5bec55e147	4Z6R4Z634Z6c4Z624oCL4Z6W4Z634Z6X4Z6W4oCL4Z6b4Z+E4Z6AIOGeiuGevuGemOGfkuGelOGeuOGen+Geu+GenOGej+GfkuGekOGet+Gel+GetuGeliDhnpPhnrfhnoThnp/hnrvhnoHhnpfhnrbhnpbhnoDhnrbhnprhnoThnrbhnpog4Z6B4Z694Z6U4Z6b4Z6+4Z6A4Z6R4Z644Z+h4Z+h	V29ybGQgRGF5IGZvciBTYWZldHkgYW5kIEhlYWx0aCBhdCBXb3Jr
dfc865276a49cf1049750e80	4Z6W4Z634Z6S4Z644oCL4Z6U4Z674Z6O4Z+S4Z6Z4oCL4Z6F4Z684Z6b4oCL4Z6G4Z+S4Z6T4Z624Z+G4oCL4Z6Q4Z+S4Z6Y4Z64IOGelOGfkuGemuGeluGfg+GejuGeuOKAi+Geh+GetuGej+GetyAtIOGemOGeoOGetuKAi+Gen+GehOGfkuGegOGfkuGemuGetuGek+GfkuGejyDhnpjhn4nhn4ThnoQg4Z+h4Z+hOuGfo+GfpiBQTQ==	S2htZXIgTmV3IFllYXIgLSBNb2hhIFNhbmtyYW50YSBhdCAxMTozNiBQTQ==
dfd794f103590b158ed3866f	4Z6F4Z684Z6b4oCL4Z6G4Z+S4Z6T4Z624Z+G4oCL4Z6F4Z634Z6T	Q2hpbmVzZSBOZXcgWWVhcg==
dfe992964fb403da9f668881	4Z6R4Z634Z6c4Z624oCL4Z6Z4Z674Z6c4Z6H4Z6T4oCL4Z6i4Z6T4Z+S4Z6P4Z6a4oCL4Z6H4Z624Z6P4Z63	SW50ZXJuYXRpb25hbCBZb3V0aCBEYXk=
dfeb14383bed363c9d3c8c93	4Z6F4Z684Z6b4oCL4Z6W4Z+S4Z6a4Z+H4oCL4Z6c4Z6f4Z+S4Z6f4Z62	QmVnaW5uaW5nIG9mIEJ1ZGRoaXN0IExlbnQ=
dff20e69b987536600cc5c92	4Z6F4Z684Z6b4oCL4Z6G4Z+S4Z6T4Z624Z+G4oCL4Z6F4Z634Z6T	Q2hpbmVzZSBOZXcgWWVhcg==
e0380e15ccdfe59af06c3615	4Z6U4Z634Z6O4Z+S4Z6MIOGfoeGfoQ==	QmVuIDEx
e04a61be23712aa8a7c4b8c2	4Z6R4Z634Z6c4Z624oCL4Z6U4Z+S4Z6a4Z6A4Z624Z6f4oCL4Z6a4Z6K4Z+S4Z6L4oCL4Z6S4Z6Y4Z+S4Z6Y4Z6T4Z674Z6J4Z+S4Z6JIOGegeGeveGelOGem+GevuGegOGekeGeuOGfo+GfoQ==	Q29uc3RpdHV0aW9uIERheQ==
e072b72ec61314ea79f6beac	4Z6A4Z+G4Z6O4Z6+4Z6P4oCL4Z6T4Z6C4Z6a4oCL4Z6U4Z624Z6b4oCL4Z6H4Z624Z6P4Z63IOGegeGeveGelOGem+GevuGegOGekeGeuOGfpeGfqQ==	QmlydGggb2YgdGhlIE5hdGlvbmFsIFBvbGljZQ==
e0837550af2580360b3209a3	4Z6U4Z634Z6O4Z+S4Z6MIOGfow==	QmVuIDM=
e0c98cf5543f6d8e8a0192b8	4Z6R4Z634Z6c4Z624oCL4oCL4Z6U4Z+S4Z6a4Z6H4Z624Z6H4Z6T4Z6H4Z624Z6P4Z63IOGek+Get+GehOKAi+KAi+GelOGfkuGemuGeh+GetuGeh+Gek+KAi+GeluGet+Gel+GeluKAi+Gem+GfhOGegA==	TmF0aW9uYWwgUG9wdWxhdGlvbiBEYXkgYW5kIFdvcmxkIFBvcHVsYXRpb24gRGF5
e0ca17268b24fd4ee70baf68	4Z6P4Z+G4Z6U4Z6T4Z+L4oCL4Z6U4Z+S4Z6a4Z624Z6f4Z624Z6R4oCL4Z6A4Z+E4Z+H4oCL4Z6A4Z+B4Z6aIOGej+GfkuGemuGevOGenOKAi+GelOGetuGek+KAi+GeheGeu+Gfh+KAi+GegOGfkuGek+Geu+GehOKAi+GelOGeieGfkuGeh+GeuOKAi+GelOGfgeGej+Get+GegOKAi+Gel+GejuGfkuGejOKAi+GeluGet+Gel+GeluGem+GfhOGegOGemuGelOGen+Gfi+GeouGehOGfkuGeguGegOGetuGemuGemeGevOGejuGfgeGen+GfkuGegOGevCDhnoHhnr3hnpThnpvhnr7hnoDhnpHhnrjhn6Y=	S29oIEtlciBpbnNjcmliZWQgb24gdGhlIFVORVNDTyBXb3JsZCBIZXJpdGFnZSBMaXN0
e0cb8439be3dbe6fb826b6cc	4Z6W4Z+S4Z6a4Z+H4oCL4Z6a4Z624Z6H4oCL4Z6W4Z634Z6S4Z644oCL4Z6U4Z674Z6O4Z+S4Z6Z4oCL4Z6i4Z674Z+G4oCL4Z6R4Z684Z6AIOGelOGejuGfkuGeiuGfguGej+KAi+GelOGfkuGemuGekeGeuOGelCDhnpPhnrfhnoTigIvhnp/hn4bhnpbhn4figIvhnpbhn5Lhnprhn4figIvhnoHhn4Ig4Z6i4Z6A4Z6i4Z+G4Z6U4Z674Z6A	V2F0ZXIgRmVzdGl2YWw=
e0d47c188f6ea36ee3abbb9e	4Z6a4Z674Z6A4Z+S4Z6B4oCL4Z6R4Z634Z6c4Z62	QXJib3IgRGF5
e0effed505ee0820c32d46f9	4Z6U4Z634Z6O4Z+S4Z6MIOGfpw==	QmVuIDc=
e0f079dc54a9731cb1167e72	4Z6R4Z634Z6c4Z624oCL4Z6Y4Z6T4Z674Z6f4Z+S4Z6f4oCL4Z6F4Z624Z6f4Z+L4oCL4Z6A4Z6Y4Z+S4Z6W4Z674Z6H4Z62IOGek+Get+GehOGekeGet+GenOGetuGemOGek+Geu+Gen+GfkuGen+GeheGetuGen+Gfi+GeouGek+GfkuGej+GemuGeh+GetuGej+GetyDhnoHhnr3hnpThnpvhnr7hnoDhnpHhnrjhn6Lhn6I=	Q2FtYm9kaWFuIE9sZGVyIFBlcnNvbnMgRGF5IGFuZCB0aGUgSW50ZXJuYXRpb25hbCBEYXkgb2YgT2xkZXIgUGVyc29ucw==
e0f9270a8c1c2700e7c21c44	4Z6R4Z634Z6c4Z624oCL4Z6H4Z+Q4Z6Z4oCL4Z6H4Z6Y4Z+S4Z6T4Z+H4oCL4Z6b4Z6+4oCL4Z6a4Z6U4Z6U4oCL4Z6U4Z+S4Z6a4Z6b4Z+Q4Z6Z4oCL4Z6W4Z684Z6H4oCL4Z6f4Z624Z6f4Z6T4Z+NIOGegeGeveGelOGem+GevuGegOGekeGeuOGfpOGfpw==	VmljdG9yeSBPdmVyIEdlbm9jaWRlIERheQ==
e0fbcf0173f522f11f6ef5de	4Z6a4Z674Z6A4Z+S4Z6B4oCL4Z6R4Z634Z6c4Z62	QXJib3IgRGF5
e11c5e24d3773708de6de567	4Z6R4Z634Z6c4Z624oCL4Z6U4Z+S4Z6a4Z6A4Z624Z6f4oCL4Z6a4Z6K4Z+S4Z6L4oCL4Z6S4Z6Y4Z+S4Z6Y4Z6T4Z674Z6J4Z+S4Z6JIOGegeGeveGelOGem+GevuGegOGekeGeuOGfouGfpg==	Q29uc3RpdHV0aW9uIERheQ==
e128e8d5977323e1113c07ce	4Z6W4Z+S4Z6a4Z+H4oCL4Z6a4Z624Z6H4oCL4Z6W4Z634Z6S4Z644oCL4Z6F4Z+S4Z6a4Z6P4Z+L4oCL4Z6W4Z+S4Z6a4Z+H4oCL4Z6T4Z6E4Z+S4Z6C4Z+Q4Z6b	Um95YWwgUGxvdWdoaW5nIENlcmVtb255
e13d47cf60bcb58a489c306e	4Z6R4Z634Z6c4Z624oCL4Z6H4Z+Q4Z6Z4oCL4Z6H4Z6Y4Z+S4Z6T4Z+H4oCL4Z6b4Z6+4oCL4Z6a4Z6U4Z6U4oCL4Z6U4Z+S4Z6a4Z6b4Z+Q4Z6Z4oCL4Z6W4Z684Z6H4oCL4Z6f4Z624Z6f4Z6T4Z+NIOGegeGeveGelOGem+GevuGegOGekeGeuOGfouGfpA==	VmljdG9yeSBPdmVyIEdlbm9jaWRlIERheQ==
e15d047d7a2a23e92ed85f3d	4Z6a4Z6U4Z624Z+G4oCL4Z6W4Z+S4Z6a4Z+H4oCL4Z6a4Z624Z6H4oCL4Z6R4Z+S4Z6a4Z6W4Z+S4Z6ZIOGej+GfkuGemuGevOGenOKAi+GelOGetuGek+KAi+GeheGeu+Gfh+KAi+GegOGfkuGek+Geu+GehOKAi+GelOGeieGfkuGeh+GeuOKAi+GelOGfgeGej+Get+KAi+GegOGel+GejuGfkuGejOKAi+GenOGelOGfkuGelOGekuGemOGfjOGeouGemuGevOGelOGeuOGek+Gfg+GemOGek+Geu+Gen+GfkuGen+Geh+GetuGej+GetyDhnoHhnr3hnpThnpvhnr7hnoDhnpHhnrjhn6Hhn6c=	Um95YWwgQmFsbGV0IG9mIENhbWJvZGlhIGluc2NyaWJlZCBvbiB0aGUgUmVwcmVzZW50YXRpdmUgTGlzdCBvZiB0aGUgSW50YW5naWJsZSBDdWx0dXJhbCBIZXJpdGFnZSBvZiBIdW1hbml0eQ==
e1628e03c1831bf868a8ebe0	4Z6R4Z634Z6c4Z624oCL4Z6A4Z674Z6Y4Z624Z6a4oCL4Z6i4Z6T4Z+S4Z6P4Z6a4oCL4Z6H4Z624Z6P4Z63IOGegeGeveGelOGem+GevuGegOGekeGeuOGfpuGfow==	SW50ZXJuYXRpb25hbCBDaGlsZHJlbidzIERheQ==
e173dc923c0101159fe7d205	4Z6R4Z634Z6c4Z624oCL4Z6n4Z6R4Z+S4Z6Z4Z624Z6T4Z674oCL4Z6a4Z6A4Z+S4Z6f4Z6W4Z634Z6X4Z6W4Z6b4Z+E4Z6AIOGegeGeveGelOGem+GevuGegOGekeGeuOGfoeGfpA==	V29ybGQgUmFuZ2VyIERheQ==
e17f95460d5a1811ba9d8acd	4Z6U4Z634Z6O4Z+S4Z6MIOGfoeGfoA==	QmVuIDEw
e181f18d3c92bb0e6ea24770	4Z6W4Z634Z6S4Z644oCL4Z6U4Z674Z6O4Z+S4Z6Z4oCL4Z6v4Z6A4Z6a4Z624Z6H4Z+S4Z6Z4oCL4Z6H4Z624Z6P4Z63IOGegeGeveGelOGem+GevuGegOGekeGeuOGfpOGfpw==	SW5kZXBlbmRlbmNlIERheQ==
e189dfa4a459ca89cdb819a0	4Z6W4Z+S4Z6a4Z+H4oCL4Z6a4Z624Z6H4oCL4Z6W4Z634Z6S4Z644oCL4Z6U4Z674Z6O4Z+S4Z6Z4oCL4Z6i4Z674Z+G4oCL4Z6R4Z684Z6AIOGelOGejuGfkuGeiuGfguGej+KAi+GelOGfkuGemuGekeGeuOGelCDhnpPhnrfhnoTigIvhnp/hn4bhnpbhn4figIvhnpbhn5Lhnprhn4figIvhnoHhn4Ig4Z6i4Z6A4Z6i4Z+G4Z6U4Z674Z6A	V2F0ZXIgRmVzdGl2YWw=
e1977c540844699f82c95834	4Z6U4Z634Z6O4Z+S4Z6MIOGfoQ==	QmVuIDE=
e19d80948f2bb2bedc153397	4Z6R4Z634Z6c4Z624oCL4Z6A4Z674Z6Y4Z624Z6a4oCL4Z6i4Z6T4Z+S4Z6P4Z6a4oCL4Z6H4Z624Z6P4Z63IOGegeGeveGelOGem+GevuGegOGekeGeuOGfpuGfog==	SW50ZXJuYXRpb25hbCBDaGlsZHJlbidzIERheQ==
e1a3505cd27ea59f81630dfa	4Z6C4Z674Z6T4oCL4Z6b4Z+S4Z6U4Z674Z6A4Z+S4Z6A4oCL4Z6P4Z+EIOGej+GfkuGemuGevOGenOKAi+GelOGetuGek+KAi+GeheGeu+Gfh+GegOGfkuGek+Geu+GehOGelOGeieGfkuGeh+GeuOGelOGfgeGej+Get+GegOGel+GejuGfkuGejOGenOGelOGfkuGelOGekuGemOGfjOGeouGemuGevOGelOGeuOGek+Gfg+GemOGek+Geu+Gen+GfkuGen+Geh+GetuGej+GetyDhnoHhnr3hnpThnpvhnr7hnoDhnpHhnrjhn6I=	S3VuIExib2thdG9yIGluc2NyaWJlZCBvbiB0aGUgUmVwcmVzZW50YXRpdmUgTGlzdCBvZiB0aGUgSW50YW5naWJsZSBDdWx0dXJhbCBIZXJpdGFnZSBvZiBIdW1hbml0eQ==
e1ab56e7262cf96f2fd7d9ac	4Z6U4Z634Z6O4Z+S4Z6MIOGfpA==	QmVuIDQ=
e1bc61a99420a61dda4d7972	4Z6U4Z634Z6O4Z+S4Z6MIOGfoQ==	QmVuIDE=
e1cce27de7b5a00c33e2e7c0	4Z6A4Z6L4Z634Z6T4oCL4Z6A4Z624Z6b	S2F0aGVuIEthbA==
e1ea174703fa7c64134da23f	4Z6U4Z634Z6O4Z+S4Z6MIOGfqQ==	QmVuIDk=
e2062d07e48f10acfd35a3d3	4Z6f4Z+C4Z6T4Z6T4Z+G4Z6i4Z+K4Z64	V2ludGVyIFNvbHN0aWNlIEZlc3RpdmFs
e20e63f31af1d383312b558a	4Z6W4Z+S4Z6a4Z+H4oCL4Z6a4Z624Z6H4oCL4Z6W4Z634Z6S4Z644oCL4Z6U4Z674Z6O4Z+S4Z6Z4oCL4Z6F4Z6Y4Z+S4Z6a4Z6+4Z6T4oCL4Z6W4Z+S4Z6a4Z+H4oCL4Z6H4Z6T4Z+S4Z6YIOGen+GemOGfkuGej+GfgeGeheKAi+GeluGfkuGemuGfh+KAi+GemOGeoOGetuGegOGfkuGen+Gej+GfkuGemuGeuCDhnpPhnprhn4Thno/hn5Lhno/hnpgg4Z6Y4Z674Z6T4Z634Z6T4Z624Z6QIOGen+GeuOGeoOGek+GeuyDhnpbhn5Lhnprhn4figIvhnpzhnprhnprhnrbhnofigIvhnpjhnrbhno/hnrbigIvhnofhnrbhno/hnrfigIvhnoHhn5Lhnpjhn4Lhnpog4Z6A4Z+S4Z6T4Z674Z6E4oCL4Z6f4Z+B4Z6a4Z644Z6X4Z624Z6WIOGen+GfgeGeheGegOGfkuGej+GeuOGekOGfkuGem+Gfg+GekOGfkuGek+GevOGemiDhnpPhnrfhnoTigIvhnp/hnrvhnpfhnpjhnoThn5LhnoLhnps=	UXVlZW4gTW90aGVyJ3MgQmlydGhkYXk=
e219af90e21741ac231e8740	4Z6R4Z634Z6c4Z624oCL4Z6i4Z6T4Z624oCL4Z6Y4Z+Q4Z6Z4oCL4Z6U4Z6a4Z634oCL4Z6f4Z+S4Z6Q4Z624Z6T4oCL4Z6H4Z624Z6P4Z63	TmF0aW9uYWwgRW52aXJvbm1lbnRhbCBTYW5pdGF0aW9uIERheQ==
e22928ab420e163c8bdcef0d	4Z6R4Z634Z6c4Z624oCL4Z6c4Z6U4Z+S4Z6U4oCL4Z6S4Z6Y4Z+M4oCL4Z6H4Z624Z6P4Z63IOGegeGeveGelOGem+GevuGegOGekeGeuOGfouGfpQ==	TmF0aW9uYWwgQ3VsdHVyZSBEYXk=
e230687b31d065b3a90da389	4Z6R4Z634Z6c4Z624oCL4Z6i4Z6A4Z+S4Z6B4Z6a4oCL4Z6A4Z6Y4Z+S4Z6Y4oCL4Z6i4Z6T4Z+S4Z6P4Z6a4oCL4Z6H4Z624Z6P4Z63	SW50ZXJuYXRpb25hbCBMaXRlcmFjeSBEYXk=
e28bd6b21fddec96b32f1dca	4Z6R4Z634Z6c4Z624oCL4Z6T4Z6Z4Z+E4oCL4Z6U4Z624Z6Z4oCL4Z6I4Z+S4Z6T4Z+HIOGeiOGfkuGek+Gfhw==	V2luLXdpbiBQb2xpY3kgRGF5
e2adf583e9bbd903278b621a	4Z6R4Z634Z6c4Z624oCL4Z6i4Z6T4Z+S4Z6P4Z6a4oCL4Z6H4Z624Z6P4Z634oCL4Z6U4Z+S4Z6a4Z6Z4Z674Z6R4Z+S4Z6S4oCL4Z6U4Z+S4Z6a4Z6G4Z624Z+G4Z6E4oCL4Z6C4Z+S4Z6a4Z6/4Z6E4oCL4Z6J4Z+A4Z6T	SW50ZXJuYXRpb25hbCBEYXkgQWdhaW5zdCBEcnVnIEFidXNlIGFuZCBJbGxpY2l0IFRyYWZmaWNraW5n
e2d40a11090b918079513d93	4Z6R4Z634Z6c4Z624oCL4Z6U4Z+S4Z6a4Z6Z4Z674Z6R4Z+S4Z6S4oCL4Z6U4Z+S4Z6a4Z6G4Z624Z+G4Z6E4oCL4Z6i4Z+G4Z6W4Z6+4oCL4Z6W4Z674Z6A4Z6a4Z6b4Z694Z6Z	QW50aS1Db3JydXB0aW9uIERheQ==
e2e8203963d8f3bf9b591226	4Z6b4Z+S4Z6B4Z+E4Z6T4oCL4Z6f4Z+S4Z6a4Z6Y4Z+E4Z6b4oCL4Z6f4Z+S4Z6U4Z+C4Z6A4oCLIOGej+GfkuGemuGevOGenOKAi+GelOGetuGek+KAi+GeheGeu+Gfh+KAi+GegOGfkuGek+Geu+GehOKAi+GelOGeieGfkuGeh+GeuOKAi+GelOGfgeGej+Get+GegOKAi+Gel+GejuGfkuGejOGenOGelOGfkuGelOGekuGemOGfjOGeouGemuGevOGelOGeuOGek+Gfg+GemOGek+Geu+Gen+GfkuGen+Geh+GetuGej+GetyDhnoHhnr3hnpThnpvhnr7hnoDhnpHhnrjhn6Lhn6M=	S2htZXIgU2hhZG93IFRoZWF0cmUgaW5zY3JpYmVkIG9uIHRoZSBSZXByZXNlbnRhdGl2ZSBMaXN0IG9mIHRoZSBJbnRhbmdpYmxlIEN1bHR1cmFsIEhlcml0YWdlIG9mIEh1bWFuaXR5
e300cc9aa9c47e744b91e6fa	4Z6R4Z634Z6c4Z624oCL4Z6R4Z+B4Z6f4oCL4Z6F4Z6a4Z6O4Z+N4oCL4Z6W4Z634oCL4Z6X4Z6W4oCL4Z6b4Z+E4Z6A	V29ybGQgVG91cmlzbSBEYXk=
e308483db919c6bcdb61ab0d	4Z6A4Z+S4Z6a4Z6Y4Z62IOGej+GfkuGemuGevOGenOKAi+GelOGetuGek+KAi+GeheGeu+Gfh+GegOGfkuGek+Geu+GehOGelOGeieGfkuGeh+GeuOGelOGfgeGej+Get+GegOGel+GejuGfkuGejOGenOGelOGfkuGelOGekuGemOGfjOGeouGemuGevOGelOGeuOGek+Gfg+GemOGek+Geu+Gen+GfkuGen+Geh+GetuGej+Getw==	S3JhbWEgaW5zY3JpYmVkIG9uIHRoZSBSZXByZXNlbnRhdGl2ZSBMaXN0IG9mIHRoZSBJbnRhbmdpYmxlIEN1bHR1cmFsIEhlcml0YWdlIG9mIEh1bWFuaXR5
e329a314e60497b5e42ddd71	4Z6W4Z634Z6S4Z644oCL4Z6U4Z674Z6O4Z+S4Z6Z4oCL4Z6F4Z684Z6b4oCL4Z6G4Z+S4Z6T4Z624Z+G4oCL4Z6Q4Z+S4Z6Y4Z64IOGelOGfkuGemuGeluGfg+GejuGeuOKAi+Geh+GetuGej+GetyAtIOGemOGeoOGetuKAi+Gen+GehOGfkuGegOGfkuGemuGetuGek+GfkuGejyDhnpjhn4nhn4ThnoQg4Z+g4Z+jOuGfoeGfoiBQTQ==	S2htZXIgTmV3IFllYXIgLSBNb2hhIFNhbmtyYW50YSBhdCAwMzoxMiBQTQ==
e34114efed36d17957460a4e	4Z6W4Z634Z6S4Z644oCL4Z6U4Z674Z6O4Z+S4Z6Z4oCL4Z6F4Z684Z6b4oCL4Z6G4Z+S4Z6T4Z624Z+G4oCL4Z6Q4Z+S4Z6Y4Z64IOGelOGfkuGemuGeluGfg+GejuGeuOKAi+Geh+GetuGej+GetyAtIOGenOGetuGemuGfiOKAi+GenOGfkOGek+KAi+GelOGejw==	S2htZXIgTmV3IFllYXIgLSBWZWFyZWFrIFZhbmFiYXQ=
e3687eb47b7f4e26c408c377	4Z6R4Z634Z6c4Z624oCL4oCL4Z6U4Z+S4Z6a4Z6H4Z624Z6H4Z6T4Z6H4Z624Z6P4Z63IOGek+Get+GehOKAi+KAi+GelOGfkuGemuGeh+GetuGeh+Gek+KAi+GeluGet+Gel+GeluKAi+Gem+GfhOGegA==	TmF0aW9uYWwgUG9wdWxhdGlvbiBEYXkgYW5kIFdvcmxkIFBvcHVsYXRpb24gRGF5
e373d70ff28b082ba5123f06	4Z6R4Z634Z6c4Z624oCL4Z6U4Z6a4Z634oCL4Z6f4Z+S4Z6Q4Z624Z6T4oCL4Z6H4Z624Z6P4Z63IOGek+Get+GehOKAi+GelOGemuGet+KAi+Gen+GfkuGekOGetuGek+KAi+GeluGet+Gel+GeluKAi+Gem+GfhOGegCDhnoHhnr3hnpThnpvhnr7hnoDhnpHhnrjhn6U=	TmF0aW9uYWwgYW5kIFdvcmxkIEVudmlyb25tZW50IERheQ==
e37459f505598f284099382b	4Z6A4Z6Y4Z+S4Z6W4Z674Z6H4Z624oCL4Z6F4Z684Z6b4oCL4Z6H4Z624oCL4Z6f4Z6Y4Z624oCL4Z6H4Z634Z6A4oCL4Z6i4Z6E4Z+S4Z6C4oCL4Z6A4Z624Z6a4oCL4Z6f4Z6g4oCL4Z6U4Z+S4Z6a4Z6H4Z624Z6H4Z624Z6P4Z63IOGegeGeveGelOGem+GevuGegOGekeGeuOGfpeGfqA==	Q2FtYm9kaWEgYmVjYW1lIGEgbWVtYmVyIG9mIHRoZSBVbml0ZWQgTmF0aW9ucw==
e3a551e3705325f7e32cd762	4Z6R4Z634Z6c4Z624oCL4Z6H4Z624Z6P4Z634oCL4Z6T4Z+D4oCL4Z6A4Z624Z6a4oCL4Z6F4Z6E4oCL4Z6F4Z624Z+G	TmF0aW9uYWwgRGF5IG9mIFJlbWVtYnJhbmNl
e3af72394d5ba58454f62a53	4Z6A4Z6Y4Z+S4Z6W4Z674Z6H4Z624oCL4Z6F4Z684Z6b4oCL4Z6H4Z624oCL4Z6f4Z6Y4Z624oCL4Z6H4Z634Z6A4oCL4Z6i4Z624Z6f4Z+K4Z624Z6TIOGegeGeveGelOGem+GevuGegOGekeGeuOGfqA==	Q2FtYm9kaWEgam9pbmVkIFRoZSBBc3NvY2lhdGlvbiBvZiBTb3V0aGVhc3QgQXNpYW4gTmF0aW9ucyAoQVNFQU4p
e3c5823cc450765c97e42589	4Z6W4Z634Z6S4Z644oCL4Z6U4Z674Z6O4Z+S4Z6Z4oCL4Z6F4Z684Z6b4oCL4Z6G4Z+S4Z6T4Z624Z+G4oCL4Z6Q4Z+S4Z6Y4Z64IOGelOGfkuGemuGeluGfg+GejuGeuOKAi+Geh+GetuGej+GetyAtIOGemOGeoOGetuKAi+Gen+GehOGfkuGegOGfkuGemuGetuGek+GfkuGejyDhnpjhn4nhn4ThnoQg4Z+g4Z+kOuGfoOGfoCBBTQ==	S2htZXIgTmV3IFllYXIgLSBNb2hhIFNhbmtyYW50YSBhdCAwNDowMCBBTQ==
e3c63eb0a8e020f8831191f7	4Z6U4Z634Z6O4Z+S4Z6MIOGfow==	QmVuIDM=
e3e33f5a749cc8bfceb787a7	4Z6U4Z634Z6O4Z+S4Z6MIOGfog==	QmVuIDI=
e3f33e89d819486eca942fc5	4Z6R4Z634Z6c4Z624oCL4Z6W4Z634Z6X4Z6W4oCL4Z6b4Z+E4Z6AIOGeiuGevuGemOGfkuGelOGeuOGen+Geu+GenOGej+GfkuGekOGet+Gel+GetuGeliDhnpPhnrfhnoThnp/hnrvhnoHhnpfhnrbhnpbhnoDhnrbhnprhnoThnrbhnpog4Z6B4Z694Z6U4Z6b4Z6+4Z6A4Z6R4Z644Z+h4Z+j	V29ybGQgRGF5IGZvciBTYWZldHkgYW5kIEhlYWx0aCBhdCBXb3Jr
e3f3dd032bdecc006c448609	4Z6R4Z634Z6c4Z624oCL4Z6i4Z6T4Z+S4Z6P4Z6a4oCL4Z6H4Z624Z6P4Z634oCL4Z6T4Z+D4oCL4Z6C4Z+S4Z6a4Z694Z6f4Z624Z6a	SW50ZXJuYXRpb25hbCBEYXkgb2YgRmFtaWxpZXM=
e4014155624462a69eb9f875	4Z6f4Z+C4Z6T4oCL4Z6T4Z+G4oCL4Z6F4Z624Z+G4Z6E	U3RpY2t5IFJpY2UgRHVtcGxpbmdzIChab25nemkp
e40a2ccd45966ef71b9d6571	4Z6R4Z634Z6c4Z624oCL4Z6H4Z+Q4Z6Z4oCL4Z6H4Z6Y4Z+S4Z6T4Z+H4oCL4Z6b4Z6+4oCL4Z6a4Z6U4Z6U4oCL4Z6U4Z+S4Z6a4Z6b4Z+Q4Z6Z4oCL4Z6W4Z684Z6H4oCL4Z6f4Z624Z6f4Z6T4Z+NIOGegeGeveGelOGem+GevuGegOGekeGeuOGfpOGfqQ==	VmljdG9yeSBPdmVyIEdlbm9jaWRlIERheQ==
e40caa2255cab10564d0a048	4Z6R4Z634Z6c4Z624oCL4Z6W4Z+S4Z6a4Z+H4oCL4Z6W4Z674Z6R4Z+S4Z6S4oCL4Z6f4Z624Z6f4Z6T4Z624oCL4Z6i4Z6T4Z+S4Z6P4Z6a4Z6H4Z624Z6P4Z63	SW50ZXJuYXRpb25hbCBCdWRkaGlzdCBEYXk=
e44147ff97569b769eddbb82	4Z6R4Z634Z6c4Z624oCL4Z6Z4Z674Z6c4Z6H4Z6T4oCL4Z6i4Z6T4Z+S4Z6P4Z6a4oCL4Z6H4Z624Z6P4Z63	SW50ZXJuYXRpb25hbCBZb3V0aCBEYXk=
e443b45d5f084da147ca914f	4Z6W4Z+S4Z6a4Z+H4oCL4Z6a4Z624Z6H4oCL4Z6W4Z634Z6S4Z644oCL4Z6U4Z674Z6O4Z+S4Z6Z4oCL4Z6F4Z6Y4Z+S4Z6a4Z6+4Z6T4oCL4Z6W4Z+S4Z6a4Z+H4oCL4Z6H4Z6T4Z+S4Z6YIOGeluGfkuGemuGfh+KAi+GegOGemuGeu+GejuGetuKAi+GeluGfkuGemuGfh+KAi+GelOGetuGekeKAi+Gen+GemOGfkuGej+GfgeGeheKAi+GeluGfkuGemuGfh+KAi+GelOGemuGemOKAi+Gek+GetuGekCDhnpPhnprhn4Thno/hn5Lhno/hnpgg4Z6f4Z644Z6g4Z6Y4Z674Z6T4Z64IOGeluGfkuGemuGfh+KAi+GemOGeoOGetuGegOGfkuGen+Gej+GfkuGemuKAi+Gek+Gfg+KAi+GeluGfkuGemuGfh+GemuGetuGeh+GetuGejuGetuGeheGegOGfkuGemuKAi+GegOGemOGfkuGeluGeu+Geh+Getg==	S2luZyBTaWhhbW9uaSdzIEJpcnRoZGF5
e4592fbb8daa352f0f35c167	4Z6P4Z+G4Z6U4Z6T4Z+L4oCL4Z6U4Z+S4Z6a4Z624Z6f4Z624Z6R4oCL4Z6f4Z+G4Z6U4Z684Z6a4oCL4Z6W4Z+S4Z6a4Z+D4oCL4Z6C4Z674Z6AIOGej+GfkuGemuGevOGenOKAi+GelOGetuGek+KAi+GeheGeu+Gfh+KAi+GegOGfkuGek+Geu+GehOKAi+GelOGeieGfkuGeh+GeuOKAi+GelOGfgeGej+Get+GegOKAi+Gel+GejuGfkuGejOKAi+GeluGet+Gel+GeluGem+GfhOGegOGemuGelOGen+Gfi+GeouGehOGfkuGeguGegOGetuGemuGemeGevOGejuGfgeGen+GfkuGegOGevCDhnoHhnr3hnpThnpvhnr7hnoDhnpHhnrjhn6Y=	VGVtcGxlIFpvbmUgb2YgU2FtYm9yIFByZWkgS3VrIHdhcyBpbnNjcmliZWQgb24gdGhlIFVORVNDTyBXb3JsZCBIZXJpdGFnZSBMaXN0
e46545814a55b24ca9136844	4Z6b4Z+S4Z6U4Z+C4Z6E4oCL4Z6R4Z624Z6J4oCL4Z6W4Z+S4Z6a4Z+Q4Z6P4Z+S4Z6aIOGej+GfkuGemuGevOGenOKAi+GelOGetuGek+KAi+GeheGeu+Gfh+KAi+GegOGfkuGek+Geu+GehOKAi+GelOGeieGfkuGeh+GeuOKAi+GelOGfgeGej+Get+GegOKAi+Gel+GejuGfkuGejOKAi+GenOGelOGfkuGelOGekuGemOGfjOGeouGemuGevOGelOGeuOGek+Gfg+GemOGek+Geu+Gen+GfkuGen+Geh+GetuGej+GetyDhnoHhnr3hnpThnpvhnr7hnoDhnpHhnrjhn6M=	VHVnIG9mIFdhciBpbnNjcmliZWQgb24gdGhlIFJlcHJlc2VudGF0aXZlIExpc3Qgb2YgdGhlIEludGFuZ2libGUgQ3VsdHVyYWwgSGVyaXRhZ2Ugb2YgSHVtYW5pdHk=
e479575f54a5ff6cb5705b53	4Z6U4Z634Z6O4Z+S4Z6MIOGfoeGfow==	QmVuIDEz
e49a346165cae751cd9187a4	4Z6R4Z634Z6c4Z624oCL4oCL4Z6U4Z+S4Z6a4Z6H4Z624Z6H4Z6T4Z6H4Z624Z6P4Z63IOGek+Get+GehOKAi+KAi+GelOGfkuGemuGeh+GetuGeh+Gek+KAi+GeluGet+Gel+GeluKAi+Gem+GfhOGegA==	TmF0aW9uYWwgUG9wdWxhdGlvbiBEYXkgYW5kIFdvcmxkIFBvcHVsYXRpb24gRGF5
e49f3a1e752484d2de0acef3	4Z6R4Z634Z6c4Z624oCL4Z6H4Z+Q4Z6Z4oCL4Z6H4Z6Y4Z+S4Z6T4Z+H4oCL4Z6b4Z6+4oCL4Z6a4Z6U4Z6U4oCL4Z6U4Z+S4Z6a4Z6b4Z+Q4Z6Z4oCL4Z6W4Z684Z6H4oCL4Z6f4Z624Z6f4Z6T4Z+NIOGegeGeveGelOGem+GevuGegOGekeGeuOGfpOGfqA==	VmljdG9yeSBPdmVyIEdlbm9jaWRlIERheQ==
e4a9acd46356bc83f052ed33	4Z6P4Z+G4Z6U4Z6T4Z+L4oCL4Z6a4Z6Y4Z6O4Z644oCL4Z6K4Z+S4Z6L4Z624Z6T4oCL4Z6i4Z6E4Z+S4Z6C4Z6aIOGej+GfkuGemuGevOGenOKAi+GelOGetuGek+KAi+GeheGeu+Gfh+KAi+GegOGfkuGek+Geu+GehOKAi+GelOGeieGfkuGeh+GeuOKAi+GelOGfgeGej+Get+GegOKAi+Gel+GejuGfkuGejOKAi+GeluGet+Gel+GeluGem+GfhOGegOGemuGelOGen+Gfi+GeouGehOGfkuGeguGegOGetuGemuGemeGevOGejuGfgeGen+GfkuGegOGevCDhnoHhnr3hnpThnpvhnr7hnoDhnpHhnrjhn6Hhn6c=	QW5na29yIHdhcyBpbnNjcmliZWQgb24gdGhlIFVORVNDTyBXb3JsZCBIZXJpdGFnZSBMaXN0
e4bc0035ab48200ab712db8c	4Z6P4Z+G4Z6U4Z6T4Z+L4oCL4Z6a4Z6Y4Z6O4Z644oCL4Z6K4Z+S4Z6L4Z624Z6T4oCL4Z6i4Z6E4Z+S4Z6C4Z6aIOGej+GfkuGemuGevOGenOKAi+GelOGetuGek+KAi+GeheGeu+Gfh+KAi+GegOGfkuGek+Geu+GehOKAi+GelOGeieGfkuGeh+GeuOKAi+GelOGfgeGej+Get+GegOKAi+Gel+GejuGfkuGejOKAi+GeluGet+Gel+GeluGem+GfhOGegOGemuGelOGen+Gfi+GeouGehOGfkuGeguGegOGetuGemuGemeGevOGejuGfgeGen+GfkuGegOGevCDhnoHhnr3hnpThnpvhnr7hnoDhnpHhnrjhn6Hhn6g=	QW5na29yIHdhcyBpbnNjcmliZWQgb24gdGhlIFVORVNDTyBXb3JsZCBIZXJpdGFnZSBMaXN0
e4e0547137bebe59e18b6851	4Z6R4Z634Z6c4Z624oCL4Z6U4Z644Z6P4Z62	RmF0aGVyJ3MgRGF5
e4f6dac8227a6fcf17d6a017	4Z6U4Z634Z6O4Z+S4Z6MIOGfpA==	QmVuIDQ=
e4fa2dbbad220534c2984e9c	4Z6W4Z634Z6S4Z644oCL4Z6U4Z674Z6O4Z+S4Z6Z4oCL4Z6F4Z684Z6b4oCL4Z6G4Z+S4Z6T4Z624Z+G4oCL4Z6Q4Z+S4Z6Y4Z64IOGelOGfkuGemuGeluGfg+GejuGeuOKAi+Geh+GetuGej+GetyAtIOGenOGetuGemuGfiOKAi+GenOGfkOGek+KAi+GelOGejw==	S2htZXIgTmV3IFllYXIgLSBWZWFyZWFrIFZhbmFiYXQ=
e50fdbf1ae628c055311245c	4Z6U4Z634Z6O4Z+S4Z6MIOGfqQ==	QmVuIDk=
e531bba9ecbe98f256a9950c	4Z6R4Z634Z6c4Z624oCL4Z6f4Z634Z6R4Z+S4Z6S4Z634oCL4Z6Y4Z6T4Z674Z6f4Z+S4Z6f4oCL4Z6i4Z6T4Z+S4Z6P4Z6a4Z6H4Z624Z6P4Z63IOGegeGeveGelOGem+GevuGegOGekeGeuOGfpuGfpQ==	SW50ZXJuYXRpb25hbCBIdW1hbiBSaWdodHMgRGF5
e55d47991efad56b1dc0698b	4Z6b4Z+S4Z6B4Z+E4Z6T4oCL4Z6B4Z+E4Z6b4oCL4Z6c4Z6P4Z+S4Z6P4oCL4Z6f4Z+S4Z6c4Z624Z6Z4oCL4Z6i4Z6O4Z+S4Z6P4Z+C4Z6PIOGej+GfkuGemuGevOGenOKAi+GelOGetuGek+KAi+GeheGeu+Gfh+KAi+GegOGfkuGek+Geu+GehOKAi+GelOGeieGfkuGeh+GeuOKAi+GelOGfgeGej+Get+GegOKAi+Gel+GejuGfkuGejOKAi+GenOGelOGfkuGelOKAi+GekuGemOGfjOKAi+GeouGemuGevOGelOGeuOGek+Gfg+GemOGek+Geu+Gen+GfkuGen+Geh+GetuGej+GetyDhnoHhnr3hnpThnpvhnr7hnoDhnpHhnrjhn6Y=	TGtob24gS2hvbCBXYXQgU3ZheSBBbmRldCBpbnNjcmliZWQgb24gdGhlIExpc3Qgb2YgSW50YW5naWJsZSBDdWx0dXJhbCBIZXJpdGFnZSBpbiBOZWVkIG9mIFVyZ2VudCBTYWZlZ3VhcmRpbmc=
e55f4df1330b70e83aea55e0	4Z6Q4Z+S4Z6E4Z+D4oCL4Z6f4Z+C4Z6T4oCL4Z6F4Z684Z6b4oCL4Z6G4Z+S4Z6T4Z624Z+G4oCL4Z6F4Z634Z6T	Q2hpbmVzZSBOZXcgWWVhcidzIEV2ZQ==
e597ec7ea2367fa2bfae3e24	4Z6U4Z674Z6O4Z+S4Z6Z4oCL4Z6g4Z624Z6h4Z684Z6c4Z644Z6T	SGFsbG93ZWVu
e5c37d4874f7009412fd98c4	4Z6W4Z634Z6S4Z644oCL4Z6U4Z674Z6O4Z+S4Z6Z4oCL4Z6X4Z+S4Z6H4Z674Z+G4oCL4Z6U4Z634Z6O4Z+S4Z6M	UGNodW0gQmVuIEZlc3RpdmFs
e5c7463a315a2b1d70f04aa8	4Z6W4Z+S4Z6a4Z+H4oCL4Z6a4Z624Z6H4oCL4Z6W4Z634Z6S4Z644oCL4Z6F4Z+S4Z6a4Z6P4Z+L4oCL4Z6W4Z+S4Z6a4Z+H4oCL4Z6T4Z6E4Z+S4Z6C4Z+Q4Z6b	Um95YWwgUGxvdWdoaW5nIENlcmVtb255
e6036a56885d127a464c36d5	4Z6U4Z634Z6O4Z+S4Z6MIOGfqQ==	QmVuIDk=
e6209ee1743654de36d18eb8	4Z6R4Z634Z6c4Z624oCL4Z6A4Z674Z6Y4Z624Z6a4oCL4Z6i4Z6T4Z+S4Z6P4Z6a4oCL4Z6H4Z624Z6P4Z63IOGegeGeveGelOGem+GevuGegOGekeGeuOGfpuGfpA==	SW50ZXJuYXRpb25hbCBDaGlsZHJlbidzIERheQ==
e625067f05f065cfa6df12aa	4Z6R4Z634Z6c4Z624oCL4Z6H4Z6T4oCL4Z6Y4Z624Z6T4oCL4Z6W4Z634Z6A4Z624Z6a4Z6X4Z624Z6W4oCL4Z6i4Z6T4Z+S4Z6P4Z6a4Z6H4Z624Z6P4Z63	SW50ZXJuYXRpb25hbCBEYXkgb2YgRGlzYWJsZWQgUGVyc29ucw==
e6255e5ed42a3176a7987eb2	4Z6R4Z634Z6c4Z624oCL4Z6i4Z624oCL4Z6A4Z624Z6f4oCL4Z6F4Z6a4Z6O4Z+N4Z6f4Z+K4Z644Z6c4Z634Z6b	Q2l2aWwgQXZpYXRpb24gRGF5
e62d13ede2068e089c1ef2e8	4Z6W4Z+S4Z6a4Z+H4oCL4Z6a4Z624Z6H4oCL4Z6W4Z634Z6S4Z644oCL4Z6U4Z674Z6O4Z+S4Z6Z4oCL4Z6F4Z6Y4Z+S4Z6a4Z6+4Z6T4oCL4Z6W4Z+S4Z6a4Z+H4oCL4Z6H4Z6T4Z+S4Z6YIOGeluGfkuGemuGfh+KAi+GegOGemuGeu+GejuGetuKAi+GeluGfkuGemuGfh+KAi+GelOGetuGekeKAi+Gen+GemOGfkuGej+GfgeGeheKAi+GeluGfkuGemuGfh+KAi+GelOGemuGemOKAi+Gek+GetuGekCDhnpPhnprhn4Thno/hn5Lhno/hnpgg4Z6f4Z644Z6g4Z6Y4Z674Z6T4Z64IOGeluGfkuGemuGfh+KAi+GemOGeoOGetuGegOGfkuGen+Gej+GfkuGemuKAi+Gek+Gfg+KAi+GeluGfkuGemuGfh+GemuGetuGeh+GetuGejuGetuGeheGegOGfkuGemuKAi+GegOGemOGfkuGeluGeu+Geh+Getg==	S2luZyBTaWhhbW9uaSdzIEJpcnRoZGF5
e6363aab9cdde0276298f23a	4Z6R4Z634Z6c4Z624oCL4Z6i4Z6T4Z+S4Z6P4Z6a4oCL4Z6H4Z624Z6P4Z634oCL4Z6A4Z624Z6a4Z6W4Z624Z6a4oCL4Z6f4Z+S4Z6a4Z6R4Z624Z6U4Z+L4oCL4Z6i4Z684oCL4Z6g4Z+S4Z6f4Z684Z6TIOGegeGeveGelOGem+GevuGegOGekeGeuOGfoeGfqQ==	SW50ZXJuYXRpb25hbCBEYXkgZm9yIHRoZSBQcmVzZXJ2YXRpb24gb2YgdGhlIE96b25lIExheWVy
e6565c376bd790495572f0dc	4Z6R4Z634Z6c4Z624oCL4Z6H4Z+Q4Z6Z4oCL4Z6H4Z6Y4Z+S4Z6T4Z+H4oCL4Z6b4Z6+4oCL4Z6a4Z6U4Z6U4oCL4Z6U4Z+S4Z6a4Z6b4Z+Q4Z6Z4oCL4Z6W4Z684Z6H4oCL4Z6f4Z624Z6f4Z6T4Z+NIOGegeGeveGelOGem+GevuGegOGekeGeuOGfouGfqA==	VmljdG9yeSBPdmVyIEdlbm9jaWRlIERheQ==
e659d6e30e6791825c2ee3c5	4Z6R4Z634Z6c4Z624oCL4Z6T4Z6Z4Z+E4oCL4Z6U4Z624Z6Z4oCL4Z6I4Z+S4Z6T4Z+HIOGeiOGfkuGek+Gfhw==	V2luLXdpbiBQb2xpY3kgRGF5
e6987cae17f55b0d66c5fd14	4Z6G4Z+B4Z6E4oCL4Z6Y4Z+J4Z+B4Z6E	VG9tYi1Td2VlcGluZyBEYXkgKFFpbmdtaW5nIEZlc3RpdmFsKQ==
e6ef3174665a32d11b39c941	4Z6U4Z634Z6O4Z+S4Z6MIOGfpQ==	QmVuIDU=
e6f5318c991953a38136ee88	4Z6R4Z634Z6c4Z624oCL4Z6U4Z6a4Z634oCL4Z6f4Z+S4Z6Q4Z624Z6T4oCL4Z6H4Z624Z6P4Z63IOGek+Get+GehOKAi+GelOGemuGet+KAi+Gen+GfkuGekOGetuGek+KAi+GeluGet+Gel+GeluKAi+Gem+GfhOGegCDhnoHhnr3hnpThnpvhnr7hnoDhnpHhnrjhn6Lhn6Q=	TmF0aW9uYWwgYW5kIFdvcmxkIEVudmlyb25tZW50IERheQ==
e703096a74cee77cf9ccbd1d	4Z6G4Z+B4Z6E4oCL4Z6Y4Z+J4Z+B4Z6E	VG9tYi1Td2VlcGluZyBEYXkgKFFpbmdtaW5nIEZlc3RpdmFsKQ==
e724b55cf36b014df33cb2a3	4Z6W4Z634Z6S4Z644oCL4Z6U4Z674Z6O4Z+S4Z6Z4oCL4Z6F4Z684Z6b4oCL4Z6G4Z+S4Z6T4Z624Z+G4oCL4Z6Q4Z+S4Z6Y4Z64IOGelOGfkuGemuGeluGfg+GejuGeuOKAi+Geh+GetuGej+GetyAtIOGenOGetuGemuGfiOKAi+GenOGfkOGek+KAi+GelOGejw==	S2htZXIgTmV3IFllYXIgLSBWZWFyZWFrIFZhbmFiYXQ=
e73621838281b48cd0b5f8b2	4Z6R4Z634Z6c4Z624oCL4Z6i4Z6T4Z+S4Z6P4Z6a4oCL4Z6H4Z624Z6P4Z634oCL4Z6T4Z+D4oCL4Z6C4Z+S4Z6a4Z694Z6f4Z624Z6a	SW50ZXJuYXRpb25hbCBEYXkgb2YgRmFtaWxpZXM=
e73f6d7338849d0a81e29a66	4Z6R4Z634Z6c4Z624oCL4Z6U4Z644Z6P4Z62	RmF0aGVyJ3MgRGF5
e749b277c85cf6202bf1acd5	4Z6P4Z674Z6b4Z624oCL4Z6A4Z624Z6a4oCL4Z6Z4Z674Z6P4Z+S4Z6P4Z634oCL4Z6S4Z6Y4Z+M4oCL4Z6i4Z6T4Z+S4Z6P4Z6a4oCL4Z6H4Z624Z6P4Z634oCL4Z6A4Z+S4Z6a4Z674Z6E4oCL4Z6h4Z624oCL4Z6i4Z+BIOGen+GemOGfkuGemuGfgeGeheKAi+GeseGfkuGemeKAi+GegOGemOGfkuGeluGeu+Geh+GetuGeh+GetuGemOGfkuGeheGetuGen+Gfi+GegOGemOGfkuGemOGen+Get+GekeGfkuGekuGetyDhnpvhnr7hnpThn5Lhnprhnrbhnp/hnrbhnpHhnpbhn5Lhnprhn4fhnpzhnrfhnqDhnrbhnpog4Z6B4Z694Z6U4Z6b4Z6+4Z6A4Z6R4Z644Z+l4Z+m	SW50ZXJuYXRpb25hbCBDb3VydCBvZiBKdXN0aWNlIGluIFRoZSBIYWd1ZSBkZWNsYXJlZCBDYW1ib2RpYSBpcyB0aGUgb3duZXIgb2YgdGhlIFByZWFoIFZpaGVhciBUZW1wbGU=
e74d6112b25526c2ec9c54d7	4Z6U4Z634Z6O4Z+S4Z6MIOGfow==	QmVuIDM=
e7526a118fa47c5880f041f2	4Z6W4Z+S4Z6a4Z+H4oCL4Z6a4Z624Z6H4oCL4Z6W4Z634Z6S4Z644oCL4Z6U4Z674Z6O4Z+S4Z6Z4oCL4Z6F4Z6Y4Z+S4Z6a4Z6+4Z6T4oCL4Z6W4Z+S4Z6a4Z+H4oCL4Z6H4Z6T4Z+S4Z6YIOGeluGfkuGemuGfh+KAi+GegOGemuGeu+GejuGetuKAi+GeluGfkuGemuGfh+KAi+GelOGetuGekeKAi+Gen+GemOGfkuGej+GfgeGeheKAi+GeluGfkuGemuGfh+KAi+GelOGemuGemOKAi+Gek+GetuGekCDhnpPhnprhn4Thno/hn5Lhno/hnpgg4Z6f4Z644Z6g4Z6Y4Z674Z6T4Z64IOGeluGfkuGemuGfh+KAi+GemOGeoOGetuGegOGfkuGen+Gej+GfkuGemuKAi+Gek+Gfg+KAi+GeluGfkuGemuGfh+GemuGetuGeh+GetuGejuGetuGeheGegOGfkuGemuKAi+GegOGemOGfkuGeluGeu+Geh+Getg==	S2luZyBTaWhhbW9uaSdzIEJpcnRoZGF5
e75893d528e9f98ef0bb60cf	4Z6R4Z634Z6c4Z624oCL4Z6U4Z+S4Z6a4Z6A4Z624Z6f4oCL4Z6a4Z6K4Z+S4Z6L4oCL4Z6S4Z6Y4Z+S4Z6Y4Z6T4Z674Z6J4Z+S4Z6JIOGegeGeveGelOGem+GevuGegOGekeGeuOGfoeGfqQ==	Q29uc3RpdHV0aW9uIERheQ==
e7617d11d5d880a882abfcc5	4Z6R4Z634Z6c4Z624oCL4Z6T4Z624Z6a4Z644oCL4Z6i4Z6T4Z+S4Z6P4Z6a4Z6H4Z624Z6P4Z63IOGegeGeveGelOGem+GevuGegOGekeGeuOGfoeGfoeGfow==	SW50ZXJuYXRpb25hbCBXb21lbidzIERheQ==
e764727d105056909aa8f870	4Z6W4Z+S4Z6a4Z+H4oCL4Z6a4Z624Z6H4oCL4Z6W4Z634Z6S4Z644oCL4Z6F4Z+S4Z6a4Z6P4Z+L4oCL4Z6W4Z+S4Z6a4Z+H4oCL4Z6T4Z6E4Z+S4Z6C4Z+Q4Z6b	Um95YWwgUGxvdWdoaW5nIENlcmVtb255
e7a5d71756dc45827dc6ddbc	4Z6U4Z+S4Z6a4Z624Z6f4Z624Z6R4oCL4Z6W4Z+S4Z6a4Z+H4oCL4Z6c4Z634Z6g4Z624Z6aIOGej+GfkuGemuGevOGenOKAi+GelOGetuGek+KAi+GeheGeu+Gfh+KAi+GegOGfkuGek+Geu+GehOKAi+GelOGeieGfkuGeh+GeuOKAi+GelOGfgeGej+Get+GegOKAi+Gel+GejuGfkuGejOKAi+GeluGet+Gel+GeluGem+GfhOGegOGemuGelOGen+Gfi+GeouGehOGfkuGeguGegOGetuGemuGemeGevOGejuGfgeGen+GfkuGegOGevCDhnoHhnr3hnpThnpvhnr7hnoDhnpHhnrjhn6Hhn6Y=	VGVtcGxlIG9mIFByZWFoIFZpaGVhciB3YXMgaW5zY3JpYmVkIG9uIHRoZSBVTkVTQ08gV29ybGQgSGVyaXRhZ2UgTGlzdA==
e7ee74cd0b9e8567a6950597	4Z6R4Z634Z6c4Z624oCL4Z6W4Z6b4Z6A4Z6Y4Z+S4Z6Y4oCL4Z6i4Z6T4Z+S4Z6P4Z6a4Z6H4Z624Z6P4Z63IOGegeGeveGelOGem+GevuGegOGekeGeuOGfoeGfoeGfpw==	SW50ZXJuYXRpb25hbCBMYWJvciBEYXk=
e800106f9700db9ab086217c	4Z6f4Z+C4Z6T4oCL4Z6T4Z+G4oCL4Z6F4Z624Z+G4Z6E	U3RpY2t5IFJpY2UgRHVtcGxpbmdzIChab25nemkp
e8042d78fce534b5048c2503	4Z6W4Z+S4Z6a4Z+H4oCL4Z6a4Z624Z6H4oCL4Z6W4Z634Z6S4Z644oCL4Z6C4Z+S4Z6a4Z6E4oCL4Z6W4Z+S4Z6a4Z+H4oCL4Z6U4Z6a4Z6Y4oCL4Z6a4Z624Z6H4oCL4Z6f4Z6Y4Z+S4Z6U4Z6P4Z+S4Z6P4Z63IOGeluGfkuGemuGfh+KAi+GegOGemuGeu+GejuGetuKAi+GeluGfkuGemuGfh+KAi+GelOGetuGekeKAi+Gen+GemOGfkuGej+GfgeGeheKAi+GeluGfkuGemuGfh+KAi+GelOGemuGemOGek+GetuGekCDhnpPhnprhn4Thno/hn5Lhno/hnpgg4Z6f4Z644Z6g4Z6Y4Z674Z6T4Z64IOGeluGfkuGemuGfh+KAi+GemOGeoOGetuGegOGfkuGen+Gej+GfkuGemuKAi+Gek+Gfg+KAi+GeluGfkuGemuGfh+GemuGetuGeh+GetuGejuGetuGeheGegOGfkuGemuKAi+GegOGemOGfkuGeluGeu+Geh+Getg==	S2luZydzIENvcm9uYXRpb24gRGF5
e80734cd3f667adb186936dd	4Z6a4Z674Z6A4Z+S4Z6B4oCL4Z6R4Z634Z6c4Z62	QXJib3IgRGF5
e8599e803b16c6e852a3cd21	4Z6R4Z634Z6c4Z624oCL4Z6H4Z624Z6P4Z634oCL4Z6f4Z674Z6B4Z6X4Z624Z6W4oCL4Z6Y4Z624Z6P4Z62IOGekeGetuGemuGegCDhnpPhnrfhnoTigIvhnoDhnrvhnpjhnrbhnpo=	TmF0aW9uYWwgRGF5IG9uIE1hdGVybmFsLCBOZXdib3JuIGFuZCBDaGlsZCBIZWFsdGg=
e867d83633ab93996b55a39f	4Z6R4Z634Z6c4Z624oCL4Z6H4Z6T4oCL4Z6Y4Z624Z6T4oCL4Z6W4Z634Z6A4Z624Z6a4Z6X4Z624Z6W4oCL4Z6i4Z6T4Z+S4Z6P4Z6a4Z6H4Z624Z6P4Z63	SW50ZXJuYXRpb25hbCBEYXkgb2YgRGlzYWJsZWQgUGVyc29ucw==
e8735e672957ed12b10b2040	4Z6f4Z+C4Z6T4oCL4Z6A4Z+S4Z6U4Z624Z6b4oCL4Z6R4Z654Z6A	R2hvc3QgRmVzdGl2YWw=
e88c6d64437b64b31f2ce39d	4Z6R4Z634Z6c4Z624oCL4Z6n4Z6R4Z+S4Z6Z4Z624Z6T4Z674oCL4Z6a4Z6A4Z+S4Z6f4Z6W4Z634Z6X4Z6W4Z6b4Z+E4Z6AIOGegeGeveGelOGem+GevuGegOGekeGeuOGfpA==	V29ybGQgUmFuZ2VyIERheQ==
e8aa21c921bce845dda32e0b	4Z6W4Z+S4Z6a4Z+H4oCL4Z6a4Z624Z6H4oCL4Z6W4Z634Z6S4Z644oCL4Z6U4Z674Z6O4Z+S4Z6Z4oCL4Z6i4Z674Z+G4oCL4Z6R4Z684Z6AIOGelOGejuGfkuGeiuGfguGej+KAi+GelOGfkuGemuGekeGeuOGelCDhnpPhnrfhnoTigIvhnp/hn4bhnpbhn4figIvhnpbhn5Lhnprhn4figIvhnoHhn4Ig4Z6i4Z6A4Z6i4Z+G4Z6U4Z674Z6A	V2F0ZXIgRmVzdGl2YWw=
e8b7d7c5f924a2252818e23f	4Z6R4Z634Z6c4Z624oCL4Z6f4Z674Z6B4oCL4Z6X4Z624Z6W4oCL4Z6W4Z634Z6X4Z6W4oCL4Z6b4Z+E4Z6A	V29ybGQgSGVhbHRoIERheQ==
e8bae0d9e030b6425b96c0ce	4Z6W4Z+S4Z6a4Z+H4oCL4Z6a4Z624Z6H4oCL4Z6W4Z634Z6S4Z644oCL4Z6F4Z+S4Z6a4Z6P4Z+L4oCL4Z6W4Z+S4Z6a4Z+H4oCL4Z6T4Z6E4Z+S4Z6C4Z+Q4Z6b	Um95YWwgUGxvdWdoaW5nIENlcmVtb255
e8c50f13e76f2c94d177d10e	4Z6R4Z634Z6c4Z624oCL4Z6W4Z634Z6X4Z6W4Z6b4Z+E4Z6A4oCL4Z6A4Z+G4Z6F4Z624Z6P4Z+L4oCL4Z6a4Z+E4Z6C4oCL4Z6a4Z6U4Z+B4Z6E	V29ybGQgVHViZXJjdWxvc2lzIERheQ==
e8c8df7886c470f3197d0700	4Z6R4Z634Z6c4Z624oCL4Z6U4Z6a4Z634oCL4Z6f4Z+S4Z6Q4Z624Z6T4oCL4Z6H4Z624Z6P4Z63IOGek+Get+GehOKAi+GelOGemuGet+KAi+Gen+GfkuGekOGetuGek+KAi+GeluGet+Gel+GeluKAi+Gem+GfhOGegCDhnoHhnr3hnpThnpvhnr7hnoDhnpHhnrjhn6Phn6A=	TmF0aW9uYWwgYW5kIFdvcmxkIEVudmlyb25tZW50IERheQ==
e9263ceb56c6c640217b17e8	4Z6U4Z634Z6O4Z+S4Z6MIOGfqQ==	QmVuIDk=
e93ca8cd19ab53c7053c75b2	4Z6W4Z634Z6S4Z644oCL4Z6U4Z674Z6O4Z+S4Z6Z4oCL4Z6c4Z634Z6f4Z624Z6B4oCL4Z6U4Z684Z6H4Z62	VmlzYWsgQm9jaGVh
e961de8e598e6c5a7a0ed09e	4Z6R4Z634Z6c4Z624oCL4Z6H4Z624Z6P4Z634oCL4Z6T4Z+D4oCL4Z6A4Z624Z6a4oCL4Z6F4Z6E4oCL4Z6F4Z624Z+G	TmF0aW9uYWwgRGF5IG9mIFJlbWVtYnJhbmNl
e9642b1a1fd096568ae81356	4Z6U4Z634Z6O4Z+S4Z6MIOGfpA==	QmVuIDQ=
e9719bafdea91afb5c711331	4Z6U4Z634Z6O4Z+S4Z6MIOGfpw==	QmVuIDc=
e975e70610b19c5226a5202b	4Z6R4Z634Z6c4Z624oCL4Z6i4Z6T4Z+S4Z6P4Z6a4oCL4Z6H4Z624Z6P4Z634oCL4Z6U4Z+S4Z6a4Z6Z4Z674Z6R4Z+S4Z6S4oCL4Z6U4Z+S4Z6a4Z6G4Z624Z+G4Z6E4oCL4Z6C4Z+S4Z6a4Z6/4Z6E4oCL4Z6J4Z+A4Z6T	SW50ZXJuYXRpb25hbCBEYXkgQWdhaW5zdCBEcnVnIEFidXNlIGFuZCBJbGxpY2l0IFRyYWZmaWNraW5n
e9a4226d83a50f317e10d505	4Z6W4Z634Z6S4Z644oCL4Z6U4Z674Z6O4Z+S4Z6Z4oCL4Z6Y4Z624Z6D4Z6U4Z684Z6H4Z62	TWVhayBCb2NoZWE=
e9adec9dddcf3af7f10f0217	4Z6R4Z634Z6c4Z624oCL4Z6H4Z624Z6P4Z634oCL4Z6Z4Z6b4Z+L4oCL4Z6K4Z654Z6E4oCL4Z6W4Z644oCL4Z6Y4Z644Z6TIOGegeGeveGelOGem+GevuGegOGekeGeuOGfouGfqA==	TmF0aW9uYWwgTWluZSBBd2FyZW5lc3MgRGF5
e9b5510aa42a18c1fbb6d977	4Z6R4Z634Z6c4Z624oCL4Z6i4Z6A4Z+S4Z6B4Z6a4oCL4Z6A4Z6Y4Z+S4Z6Y4oCL4Z6i4Z6T4Z+S4Z6P4Z6a4oCL4Z6H4Z624Z6P4Z63	SW50ZXJuYXRpb25hbCBMaXRlcmFjeSBEYXk=
e9c13088cfcdc1d372a60e4e	4Z6R4Z634Z6c4Z624oCL4Z6f4Z+B4Z6a4Z644oCL4Z6X4Z624Z6W4oCL4Z6f4Z624Z6a4Z6W4Z+Q4Z6P4Z+M4Z6Y4Z624Z6T4oCL4Z6W4Z634Z6X4Z6W4oCL4Z6b4Z+E4Z6AIOGegeGeveGelOGem+GevuGegOGekeGeuOGfouGfow==	V29ybGQgUHJlc3MgRnJlZWRvbSBEYXk=
e9c639f42b04be1c711643f8	4Z6U4Z634Z6O4Z+S4Z6MIOGfpQ==	QmVuIDU=
e9e1365adc3db39b240ddc0e	4Z6R4Z634Z6c4Z624oCL4Z6Y4Z6F4Z+S4Z6G4Z624oCL4Z6H4Z624Z6P4Z63	TmF0aW9uYWwgRmlzaCBEYXk=
e9f4ce6f921e3e03598ed056	4Z6a4Z6U4Z624Z+G4oCL4Z6W4Z+S4Z6a4Z+H4oCL4Z6a4Z624Z6H4oCL4Z6R4Z+S4Z6a4Z6W4Z+S4Z6ZIOGej+GfkuGemuGevOGenOKAi+GelOGetuGek+KAi+GeheGeu+Gfh+KAi+GegOGfkuGek+Geu+GehOKAi+GelOGeieGfkuGeh+GeuOKAi+GelOGfgeGej+Get+KAi+GegOGel+GejuGfkuGejOKAi+GenOGelOGfkuGelOGekuGemOGfjOGeouGemuGevOGelOGeuOGek+Gfg+GemOGek+Geu+Gen+GfkuGen+Geh+GetuGej+GetyDhnoHhnr3hnpThnpvhnr7hnoDhnpHhnrjhn6Hhn6Y=	Um95YWwgQmFsbGV0IG9mIENhbWJvZGlhIGluc2NyaWJlZCBvbiB0aGUgUmVwcmVzZW50YXRpdmUgTGlzdCBvZiB0aGUgSW50YW5naWJsZSBDdWx0dXJhbCBIZXJpdGFnZSBvZiBIdW1hbml0eQ==
e9f831a2170b11a43a1fa1e1	4Z6U4Z674Z6O4Z+S4Z6Z4oCL4Z6O4Z684Z6i4Z+C4Z6b	Q2hyaXN0bWFzIERheQ==
ea1a94baf036bf4d32d651d2	4Z6W4Z634Z6S4Z644oCL4Z6U4Z674Z6O4Z+S4Z6Z4oCL4Z6F4Z684Z6b4oCL4Z6G4Z+S4Z6T4Z624Z+G4oCL4Z6Q4Z+S4Z6Y4Z64IOGelOGfkuGemuGeluGfg+GejuGeuOKAi+Geh+GetuGej+GetyAtIOGemOGeoOGetuKAi+Gen+GehOGfkuGegOGfkuGemuGetuGek+GfkuGejyDhnpjhn4nhn4ThnoQg4Z+g4Z+lOuGfo+GfpiBBTQ==	S2htZXIgTmV3IFllYXIgLSBNb2hhIFNhbmtyYW50YSBhdCAwNTozNiBBTQ==
ea2ad367a614f67bed401247	4Z6R4Z634Z6c4Z624oCL4Z6T4Z624Z6a4Z644oCL4Z6i4Z6T4Z+S4Z6P4Z6a4Z6H4Z624Z6P4Z63IOGegeGeveGelOGem+GevuGegOGekeGeuOGfoeGfoeGfpA==	SW50ZXJuYXRpb25hbCBXb21lbidzIERheQ==
ea360871ee88bc5547d26366	4Z6W4Z634Z6S4Z644oCL4Z6U4Z+G4Z6U4Z694Z6f4oCL4Z6T4Z624Z6C4oCL4Z6B4Z+S4Z6T4Z624Z6T	VGhlIE9yZGFpbmVkIERyYWdvbiBNb25r
ea41b1790f898f8b60b248cd	4Z6W4Z634Z6S4Z644oCL4Z6f4Z634Z6P4oCL4Z6R4Z+A4Z6T4oCL4Z6W4Z+S4Z6a4Z+H4oCL4Z6c4Z6f4Z+S4Z6f4Z62	QnVkZGhpc3QgTGVudCBDYW5kbGVzIE1ha2luZyBEYXk=
ea512c922c3fdfd1b79cc787	4Z6R4Z634Z6c4Z624oCL4Z6Z4Z674Z6c4Z6H4Z6T4oCL4Z6i4Z6T4Z+S4Z6P4Z6a4oCL4Z6H4Z624Z6P4Z63	SW50ZXJuYXRpb25hbCBZb3V0aCBEYXk=
ea5a3321d8208836f86e1763	4Z6U4Z634Z6O4Z+S4Z6MIOGfoeGfow==	QmVuIDEz
ea624ab3864d0b2378d8e2f0	4Z6W4Z+S4Z6a4Z+H4oCL4Z6a4Z624Z6H4oCL4Z6W4Z634Z6S4Z644oCL4Z6C4Z+S4Z6a4Z6E4oCL4Z6W4Z+S4Z6a4Z+H4oCL4Z6U4Z6a4Z6Y4oCL4Z6a4Z624Z6H4oCL4Z6f4Z6Y4Z+S4Z6U4Z6P4Z+S4Z6P4Z63IOGeluGfkuGemuGfh+KAi+GegOGemuGeu+GejuGetuKAi+GeluGfkuGemuGfh+KAi+GelOGetuGekeKAi+Gen+GemOGfkuGej+GfgeGeheKAi+GeluGfkuGemuGfh+KAi+GelOGemuGemOGek+GetuGekCDhnpPhnprhn4Thno/hn5Lhno/hnpgg4Z6f4Z644Z6g4Z6Y4Z674Z6T4Z64IOGeluGfkuGemuGfh+KAi+GemOGeoOGetuGegOGfkuGen+Gej+GfkuGemuKAi+Gek+Gfg+KAi+GeluGfkuGemuGfh+GemuGetuGeh+GetuGejuGetuGeheGegOGfkuGemuKAi+GegOGemOGfkuGeluGeu+Geh+Getg==	S2luZydzIENvcm9uYXRpb24gRGF5
ea73601b10bd5a1e2f992bf5	4Z6U4Z674Z6O4Z+S4Z6Z4oCL4Z6g4Z624Z6h4Z684Z6c4Z644Z6T	SGFsbG93ZWVu
ea7cb03a0f5d58b51f4642c4	4Z6P4Z674Z6b4Z624oCL4Z6A4Z624Z6a4oCL4Z6Z4Z674Z6P4Z+S4Z6P4Z634oCL4Z6S4Z6Y4Z+M4oCL4Z6i4Z6T4Z+S4Z6P4Z6a4oCL4Z6H4Z624Z6P4Z634oCL4Z6A4Z+S4Z6a4Z674Z6E4oCL4Z6h4Z624oCL4Z6i4Z+BIOGen+GemOGfkuGemuGfgeGeheKAi+GeseGfkuGemeKAi+GegOGemOGfkuGeluGeu+Geh+GetuGeh+GetuGemOGfkuGeheGetuGen+Gfi+GegOGemOGfkuGemOGen+Get+GekeGfkuGekuGetyDhnpvhnr7hnpThn5Lhnprhnrbhnp/hnrbhnpHhnpbhn5Lhnprhn4fhnpzhnrfhnqDhnrbhnpog4Z6B4Z694Z6U4Z6b4Z6+4Z6A4Z6R4Z644Z+l4Z+i	SW50ZXJuYXRpb25hbCBDb3VydCBvZiBKdXN0aWNlIGluIFRoZSBIYWd1ZSBkZWNsYXJlZCBDYW1ib2RpYSBpcyB0aGUgb3duZXIgb2YgdGhlIFByZWFoIFZpaGVhciBUZW1wbGU=
ea7d02b433347598dab4ce9b	4Z6W4Z634Z6S4Z644oCL4Z6U4Z674Z6O4Z+S4Z6Z4oCL4Z6X4Z+S4Z6H4Z674Z+G4oCL4Z6U4Z634Z6O4Z+S4Z6M	UGNodW0gQmVuIEZlc3RpdmFs
eaa1a0eeb5f9477cfc51f005	4Z6R4Z634Z6c4Z624oCL4Z6Y4Z6T4Z674Z6f4Z+S4Z6f4oCL4Z6F4Z624Z6f4Z+L4oCL4Z6A4Z6Y4Z+S4Z6W4Z674Z6H4Z62IOGek+Get+GehOGekeGet+GenOGetuGemOGek+Geu+Gen+GfkuGen+GeheGetuGen+Gfi+GeouGek+GfkuGej+GemuGeh+GetuGej+GetyDhnoHhnr3hnpThnpvhnr7hnoDhnpHhnrjhn6U=	Q2FtYm9kaWFuIE9sZGVyIFBlcnNvbnMgRGF5IGFuZCB0aGUgSW50ZXJuYXRpb25hbCBEYXkgb2YgT2xkZXIgUGVyc29ucw==
eaae824cb3646fa8a5b76961	4Z6R4Z634Z6c4Z624oCL4Z6i4Z6A4Z+S4Z6B4Z6a4oCL4Z6A4Z6Y4Z+S4Z6Y4oCL4Z6i4Z6T4Z+S4Z6P4Z6a4oCL4Z6H4Z624Z6P4Z63	SW50ZXJuYXRpb25hbCBMaXRlcmFjeSBEYXk=
eaaec369f651d5adc41f0872	4Z6U4Z634Z6O4Z+S4Z6MIOGfpg==	QmVuIDY=
eab1969acfaf05ce2a2e33b6	4Z6R4Z634Z6c4Z624oCL4Z6A4Z674Z6Y4Z624Z6a4oCL4Z6i4Z6T4Z+S4Z6P4Z6a4oCL4Z6H4Z624Z6P4Z63IOGegeGeveGelOGem+GevuGegOGekeGeuOGfpuGfqA==	SW50ZXJuYXRpb25hbCBDaGlsZHJlbidzIERheQ==
eadf8f57fa9510c0ba7269d9	4Z6R4Z634Z6c4Z624oCL4Z6F4Z684Z6b4oCL4Z6G4Z+S4Z6T4Z624Z+G4oCL4Z6f4Z624Z6A4Z6b	TmV3IFllYXIncyBEYXk=
eb0de9c7eaf0a32dc4ae3ac3	4Z6R4Z634Z6c4Z624oCL4Z6f4Z634Z6R4Z+S4Z6S4Z634oCL4Z6Y4Z6T4Z674Z6f4Z+S4Z6f4oCL4Z6i4Z6T4Z+S4Z6P4Z6a4Z6H4Z624Z6P4Z63IOGegeGeveGelOGem+GevuGegOGekeGeuOGfpeGfqA==	SW50ZXJuYXRpb25hbCBIdW1hbiBSaWdodHMgRGF5
eb1dc0a818f407385e9d6d9f	4Z6U4Z634Z6O4Z+S4Z6MIOGfpQ==	QmVuIDU=
eb2ff170a67f8764f5dec079	4Z6P4Z674Z6b4Z624oCL4Z6A4Z624Z6a4oCL4Z6Z4Z674Z6P4Z+S4Z6P4Z634oCL4Z6S4Z6Y4Z+M4oCL4Z6i4Z6T4Z+S4Z6P4Z6a4oCL4Z6H4Z624Z6P4Z634oCL4Z6A4Z+S4Z6a4Z674Z6E4oCL4Z6h4Z624oCL4Z6i4Z+BIOGen+GemOGfkuGemuGfgeGeheKAi+GeseGfkuGemeKAi+GegOGemOGfkuGeluGeu+Geh+GetuGeh+GetuGemOGfkuGeheGetuGen+Gfi+GegOGemOGfkuGemOGen+Get+GekeGfkuGekuGetyDhnpvhnr7hnpThn5Lhnprhnrbhnp/hnrbhnpHhnpbhn5Lhnprhn4fhnpzhnrfhnqDhnrbhnpog4Z6B4Z694Z6U4Z6b4Z6+4Z6A4Z6R4Z644Z+l4Z+j	SW50ZXJuYXRpb25hbCBDb3VydCBvZiBKdXN0aWNlIGluIFRoZSBIYWd1ZSBkZWNsYXJlZCBDYW1ib2RpYSBpcyB0aGUgb3duZXIgb2YgdGhlIFByZWFoIFZpaGVhciBUZW1wbGU=
eb45976ef84dac54afd72c67	4Z6R4Z634Z6c4Z624oCL4Z6f4Z634Z6R4Z+S4Z6S4Z634oCL4Z6Y4Z6T4Z674Z6f4Z+S4Z6f4oCL4Z6i4Z6T4Z+S4Z6P4Z6a4Z6H4Z624Z6P4Z63IOGegeGeveGelOGem+GevuGegOGekeGeuOGfpeGfpQ==	SW50ZXJuYXRpb25hbCBIdW1hbiBSaWdodHMgRGF5
eb4662e9a0438ea213328fa3	4Z6U4Z634Z6O4Z+S4Z6MIOGfow==	QmVuIDM=
eb68385651e3c760144da12f	4Z6R4Z634Z6c4Z624oCL4Z6f4Z634Z6R4Z+S4Z6S4Z634oCL4Z6Y4Z6T4Z674Z6f4Z+S4Z6f4oCL4Z6i4Z6T4Z+S4Z6P4Z6a4Z6H4Z624Z6P4Z63IOGegeGeveGelOGem+GevuGegOGekeGeuOGfp+GfpA==	SW50ZXJuYXRpb25hbCBIdW1hbiBSaWdodHMgRGF5
eb79bfcb1a85dcb256d8d658	4Z6f4Z+C4Z6T4oCL4Z6A4Z+S4Z6U4Z624Z6b4oCL4Z6R4Z654Z6A	R2hvc3QgRmVzdGl2YWw=
eb91c25129ace596f2e20edb	4Z6R4Z634Z6c4Z624oCL4Z6i4Z624oCL4Z6A4Z624Z6f4oCL4Z6F4Z6a4Z6O4Z+N4Z6f4Z+K4Z644Z6c4Z634Z6b	Q2l2aWwgQXZpYXRpb24gRGF5
ebfd1836df14945e5df83b32	4Z6U4Z634Z6O4Z+S4Z6MIOGfog==	QmVuIDI=
ec03f3fb44ba09b7da6dc64f	4Z6R4Z634Z6c4Z624oCL4Z6c4Z6U4Z+S4Z6U4oCL4Z6S4Z6Y4Z+M4oCL4Z6H4Z624Z6P4Z63IOGegeGeveGelOGem+GevuGegOGekeGeuOGfouGfow==	TmF0aW9uYWwgQ3VsdHVyZSBEYXk=
ec1dffea9db878863fd74c19	4Z6W4Z634Z6S4Z644oCL4Z6U4Z674Z6O4Z+S4Z6Z4oCL4Z6F4Z684Z6b4oCL4Z6G4Z+S4Z6T4Z624Z+G4oCL4Z6Q4Z+S4Z6Y4Z64IOGelOGfkuGemuGeluGfg+GejuGeuOKAi+Geh+GetuGej+GetyAtIOGenOGetuGemuGfiOKAi+GenOGfkOGek+KAi+GelOGejw==	S2htZXIgTmV3IFllYXIgLSBWZWFyZWFrIFZhbmFiYXQ=
ec21b6936e28ce32f670b996	4Z6W4Z634Z6S4Z644oCL4Z6U4Z674Z6O4Z+S4Z6Z4oCL4Z6f4Z+C4Z6T4oCL4Z6W4Z+S4Z6a4Z+H4oCL4Z6B4Z+C	TWlkLUF1dHVtbiBGZXN0aXZhbA==
ec26259abcca4dead224abfb	4Z6R4Z634Z6c4Z624oCL4Z6f4Z6T4Z+S4Z6P4Z634oCL4Z6X4Z624Z6W4oCL4Z6i4Z6T4Z+S4Z6P4Z6a4oCL4Z6H4Z624Z6P4Z63	SW50ZXJuYXRpb25hbCBEYXkgb2YgUGVhY2U=
ec4993477184cf3348ee5bcf	4Z6A4Z+G4Z6O4Z6+4Z6P4oCL4Z6T4Z6C4Z6a4oCL4Z6U4Z624Z6b4oCL4Z6H4Z624Z6P4Z63IOGegeGeveGelOGem+GevuGegOGekeGeuOGfp+GfqA==	QmlydGggb2YgdGhlIE5hdGlvbmFsIFBvbGljZQ==
ec4d50bad46876b904fe3e12	4Z6R4Z634Z6c4Z624oCL4Z6R4Z+B4Z6f4oCL4Z6F4Z6a4Z6O4Z+N4oCL4Z6W4Z634oCL4Z6X4Z6W4oCL4Z6b4Z+E4Z6A	V29ybGQgVG91cmlzbSBEYXk=
ec56f62e7a8b450fcc2901cc	4Z6R4Z634Z6c4Z624oCL4Z6W4Z634Z6X4Z6W4oCL4Z6b4Z+E4Z6A4oCL4Z6C4Z+S4Z6Y4Z624Z6T4oCL4Z6Q4Z+S4Z6T4Z624Z+G4oCL4Z6H4Z6A4Z+L	V29ybGQgTm8gVG9iYWNjbyBEYXk=
ec5a323c7cd9f460d77dcac9	4Z6R4Z634Z6c4Z624oCL4Z6f4Z+B4Z6a4Z644oCL4Z6X4Z624Z6W4oCL4Z6f4Z624Z6a4Z6W4Z+Q4Z6P4Z+M4Z6Y4Z624Z6T4oCL4Z6W4Z634Z6X4Z6W4oCL4Z6b4Z+E4Z6AIOGegeGeveGelOGem+GevuGegOGekeGeuOGfouGfpA==	V29ybGQgUHJlc3MgRnJlZWRvbSBEYXk=
ec612cd0aafc371dd1331c75	4Z6R4Z634Z6c4Z624oCL4Z6f4Z+B4Z6a4Z644oCL4Z6X4Z624Z6W4oCL4Z6f4Z624Z6a4Z6W4Z+Q4Z6P4Z+M4Z6Y4Z624Z6T4oCL4Z6W4Z634Z6X4Z6W4oCL4Z6b4Z+E4Z6AIOGegeGeveGelOGem+GevuGegOGekeGeuOGfouGfqA==	V29ybGQgUHJlc3MgRnJlZWRvbSBEYXk=
ec69b17b8e394fbb8982bb7c	4Z6a4Z674Z6A4Z+S4Z6B4oCL4Z6R4Z634Z6c4Z62	QXJib3IgRGF5
ec6a5ad1cab7e987e4694991	4Z6R4Z634Z6c4Z624oCL4Z6W4Z634Z6X4Z6W4oCL4Z6b4Z+E4Z6AIOGeiuGevuGemOGfkuGelOGeuOGen+Geu+GenOGej+GfkuGekOGet+Gel+GetuGeliDhnpPhnrfhnoThnp/hnrvhnoHhnpfhnrbhnpbhnoDhnrbhnprhnoThnrbhnpog4Z6B4Z694Z6U4Z6b4Z6+4Z6A4Z6R4Z644Z+n	V29ybGQgRGF5IGZvciBTYWZldHkgYW5kIEhlYWx0aCBhdCBXb3Jr
ec719396bde8f6410d1352a9	4Z6U4Z634Z6O4Z+S4Z6MIOGfow==	QmVuIDM=
ec8a66504a8377929b946bdb	4Z6U4Z634Z6O4Z+S4Z6MIOGfpA==	QmVuIDQ=
ec8b7bde004ef5e57b5876d4	4Z6W4Z634Z6S4Z644oCL4Z6U4Z674Z6O4Z+S4Z6Z4oCL4Z6X4Z+S4Z6H4Z674Z+G4oCL4Z6U4Z634Z6O4Z+S4Z6M	UGNodW0gQmVuIEZlc3RpdmFs
eca28ab7087afb6013b189b6	4Z6R4Z634Z6c4Z624oCL4Z6i4Z6T4Z+S4Z6P4Z6a4oCL4Z6H4Z624Z6P4Z634oCL4Z6A4Z624Z6a4Z6W4Z624Z6a4oCL4Z6f4Z+S4Z6a4Z6R4Z624Z6U4Z+L4oCL4Z6i4Z684oCL4Z6g4Z+S4Z6f4Z684Z6TIOGegeGeveGelOGem+GevuGegOGekeGeuOGfouGfoA==	SW50ZXJuYXRpb25hbCBEYXkgZm9yIHRoZSBQcmVzZXJ2YXRpb24gb2YgdGhlIE96b25lIExheWVy
eca5184b139ab2f26fe8479e	4Z6R4Z634Z6c4Z624Z6R4Z654Z6AIOGek+Get+GehOGep+Gej+Geu+Gek+Get+GemeGemOGeluGet+Gel+GeluGem+GfhOGegA==	V29ybGQgV2F0ZXIgYW5kIFdvcmxkIE1ldGVvcm9sb2dpY2FsIERheQ==
ecb665ce378d504285135fce	4Z6R4Z634Z6c4Z624oCL4Z6i4Z6T4Z624oCL4Z6Y4Z+Q4Z6Z4oCL4Z6U4Z6a4Z634oCL4Z6f4Z+S4Z6Q4Z624Z6T4oCL4Z6H4Z624Z6P4Z63	TmF0aW9uYWwgRW52aXJvbm1lbnRhbCBTYW5pdGF0aW9uIERheQ==
ecbf27807bf4dd52e190bab1	4Z6A4Z+G4Z6O4Z6+4Z6P4oCL4Z6T4Z6C4Z6a4oCL4Z6U4Z624Z6b4oCL4Z6H4Z624Z6P4Z63IOGegeGeveGelOGem+GevuGegOGekeGeuOGfqOGfpQ==	QmlydGggb2YgdGhlIE5hdGlvbmFsIFBvbGljZQ==
ecd40a06ad6d36ff0993a35d	4Z6Q4Z+S4Z6E4Z+D4oCL4Z6U4Z674Z6O4Z+S4Z6Z4oCL4Z6T4Z+D4oCL4Z6f4Z+B4Z6F4Z6A4Z+S4Z6P4Z644oCL4Z6f4Z+S4Z6a4Z6b4Z624Z6J4Z+L	VmFsZW50aW5lJ3MgRGF5
ecdd56d7046618c2dcd48e94	4Z6R4Z634Z6c4Z624oCL4Z6i4Z6A4Z+S4Z6B4Z6a4oCL4Z6A4Z6Y4Z+S4Z6Y4oCL4Z6i4Z6T4Z+S4Z6P4Z6a4oCL4Z6H4Z624Z6P4Z63	SW50ZXJuYXRpb25hbCBMaXRlcmFjeSBEYXk=
ecf9ff3ca93a351b693e1867	4Z6W4Z634Z6S4Z644oCL4Z6f4Z634Z6P4oCL4Z6R4Z+A4Z6T4oCL4Z6W4Z+S4Z6a4Z+H4oCL4Z6c4Z6f4Z+S4Z6f4Z62	QnVkZGhpc3QgTGVudCBDYW5kbGVzIE1ha2luZyBEYXk=
ed0621d5ff08980cd6f94b09	4Z6R4Z634Z6c4Z624oCL4Z6n4Z6R4Z+S4Z6Z4Z624Z6T4Z674oCL4Z6a4Z6A4Z+S4Z6f4Z6W4Z634Z6X4Z6W4Z6b4Z+E4Z6AIOGegeGeveGelOGem+GevuGegOGekeGeuOGfoeGfqQ==	V29ybGQgUmFuZ2VyIERheQ==
ed0d41029e2de312c8808d87	4Z6R4Z634Z6c4Z624oCL4Z6H4Z624Z6P4Z634oCL4Z6T4Z+D4oCL4Z6A4Z624Z6a4oCL4Z6F4Z6E4oCL4Z6F4Z624Z+G	TmF0aW9uYWwgRGF5IG9mIFJlbWVtYnJhbmNl
ed190bb9a1aa71bad8c10872	4Z6R4Z634Z6c4Z624oCL4Z6f4Z674Z6B4oCL4Z6X4Z624Z6W4oCL4Z6W4Z634Z6X4Z6W4oCL4Z6b4Z+E4Z6A	V29ybGQgSGVhbHRoIERheQ==
ed1bf97d25b6c89b1520c2b0	4Z6A4Z6Y4Z+S4Z6W4Z674Z6H4Z624oCL4Z6F4Z684Z6b4oCL4Z6H4Z624oCL4Z6f4Z6Y4Z624oCL4Z6H4Z634Z6A4oCL4Z6i4Z6E4Z+S4Z6C4oCL4Z6A4Z624Z6a4oCL4Z6Z4Z684Z6O4Z+B4Z6f4Z+S4Z6A4Z68IOGegeGeveGelOGem+GevuGegOGekeGeuOGfp+GfoA==	Q2FtYm9kaWEgam9pbmVkIFVORVNDTw==
ed420dd25edb9b19965843c6	4Z6R4Z634Z6c4Z624oCL4Z6f4Z674Z6B4oCL4Z6X4Z624Z6W4oCL4Z6W4Z634Z6X4Z6W4oCL4Z6b4Z+E4Z6A	V29ybGQgSGVhbHRoIERheQ==
ed4c41b106a94f16b00a62b3	4Z6U4Z634Z6O4Z+S4Z6MIOGfoeGfog==	QmVuIDEy
ed5a9a7fb6726f3e02f6b573	4Z6U4Z+S4Z6a4Z624Z6f4Z624Z6R4oCL4Z6W4Z+S4Z6a4Z+H4oCL4Z6c4Z634Z6g4Z624Z6aIOGej+GfkuGemuGevOGenOKAi+GelOGetuGek+KAi+GeheGeu+Gfh+KAi+GegOGfkuGek+Geu+GehOKAi+GelOGeieGfkuGeh+GeuOKAi+GelOGfgeGej+Get+GegOKAi+Gel+GejuGfkuGejOKAi+GeluGet+Gel+GeluGem+GfhOGegOGemuGelOGen+Gfi+GeouGehOGfkuGeguGegOGetuGemuGemeGevOGejuGfgeGen+GfkuGegOGevCDhnoHhnr3hnpThnpvhnr7hnoDhnpHhnrjhn6g=	VGVtcGxlIG9mIFByZWFoIFZpaGVhciB3YXMgaW5zY3JpYmVkIG9uIHRoZSBVTkVTQ08gV29ybGQgSGVyaXRhZ2UgTGlzdA==
ed61b7afcc77d6c868bfd72e	4Z6W4Z634Z6S4Z644oCL4Z6U4Z674Z6O4Z+S4Z6Z4oCL4Z6Y4Z624Z6D4Z6U4Z684Z6H4Z62	TWVhayBCb2NoZWE=
ed94419d9925722de7d523d9	4Z6R4Z634Z6c4Z624oCL4Z6c4Z6U4Z+S4Z6U4oCL4Z6S4Z6Y4Z+M4oCL4Z6H4Z624Z6P4Z63IOGegeGeveGelOGem+GevuGegOGekeGeuOGfpw==	TmF0aW9uYWwgQ3VsdHVyZSBEYXk=
edbc25cf17c2b0518d6e67e8	4Z6R4Z634Z6c4Z624oCL4Z6C4Z+S4Z6a4Z684oCL4Z6U4Z6E4Z+S4Z6a4Z+A4Z6T4oCL4Z6W4Z634Z6X4Z6W4oCL4Z6b4Z+E4Z6A	V29ybGQgVGVhY2hlcidzIERheQ==
edc20877d60f30c73dddc216	4Z6R4Z634Z6c4Z624oCL4Z6W4Z6b4Z6A4Z6Y4Z+S4Z6Y4oCL4Z6i4Z6T4Z+S4Z6P4Z6a4Z6H4Z624Z6P4Z63IOGegeGeveGelOGem+GevuGegOGekeGeuOGfoeGfouGfpQ==	SW50ZXJuYXRpb25hbCBMYWJvciBEYXk=
edc3af41b6d90da1a1eb6fdb	4Z6F4Z684Z6b4oCL4Z6G4Z+S4Z6T4Z624Z+G4oCL4Z6F4Z634Z6T	Q2hpbmVzZSBOZXcgWWVhcg==
edeba780ccadb153198008ca	4Z6U4Z634Z6O4Z+S4Z6MIOGfqA==	QmVuIDg=
ee2bfe53a7e2136753e27f5d	4Z6R4Z634Z6c4Z624oCL4Z6T4Z6Z4Z+E4oCL4Z6U4Z624Z6Z4oCL4Z6I4Z+S4Z6T4Z+HIOGeiOGfkuGek+Gfhw==	V2luLXdpbiBQb2xpY3kgRGF5
ee31a09e78eac547e8c7058f	4Z6U4Z634Z6O4Z+S4Z6MIOGfog==	QmVuIDI=
ee4572c97072083c701303ba	4Z6R4Z634Z6c4Z624oCL4Z6C4Z+S4Z6a4Z684oCL4Z6U4Z6E4Z+S4Z6a4Z+A4Z6T4oCL4Z6W4Z634Z6X4Z6W4oCL4Z6b4Z+E4Z6A	V29ybGQgVGVhY2hlcidzIERheQ==
ee4ac077883eb1163e3997f4	4Z6P4Z+G4Z6U4Z6T4Z+L4oCL4Z6U4Z+S4Z6a4Z624Z6f4Z624Z6R4oCL4Z6f4Z+G4Z6U4Z684Z6a4oCL4Z6W4Z+S4Z6a4Z+D4oCL4Z6C4Z674Z6AIOGej+GfkuGemuGevOGenOKAi+GelOGetuGek+KAi+GeheGeu+Gfh+KAi+GegOGfkuGek+Geu+GehOKAi+GelOGeieGfkuGeh+GeuOKAi+GelOGfgeGej+Get+GegOKAi+Gel+GejuGfkuGejOKAi+GeluGet+Gel+GeluGem+GfhOGegOGemuGelOGen+Gfi+GeouGehOGfkuGeguGegOGetuGemuGemeGevOGejuGfgeGen+GfkuGegOGevCDhnoHhnr3hnpThnpvhnr7hnoDhnpHhnrjhn6Q=	VGVtcGxlIFpvbmUgb2YgU2FtYm9yIFByZWkgS3VrIHdhcyBpbnNjcmliZWQgb24gdGhlIFVORVNDTyBXb3JsZCBIZXJpdGFnZSBMaXN0
ee4acbaf730857ef672c70a6	4Z6W4Z634Z6S4Z644oCL4Z6U4Z674Z6O4Z+S4Z6Z4oCL4Z6Y4Z624Z6D4Z6U4Z684Z6H4Z62	TWVhayBCb2NoZWE=
ee4e0546bcd35f4ed79c0749	4Z6R4Z634Z6c4Z624oCL4Z6H4Z624Z6P4Z634oCL4Z6U4Z+S4Z6a4Z6G4Z624Z+G4Z6E4oCL4Z6A4Z624Z6a4oCL4Z6H4Z694Z6J4oCL4Z6K4Z684Z6a4oCL4Z6Y4Z6T4Z674Z6f4Z+S4Z6f	TmF0aW9uYWwgQW50aS1IdW1hbiBUcmFmZmlja2luZyBEYXk=
ee63206373737cfdba857fc2	4Z6R4Z634Z6c4Z624oCL4Z6T4Z624Z6a4Z644oCL4Z6i4Z6T4Z+S4Z6P4Z6a4Z6H4Z624Z6P4Z63IOGegeGeveGelOGem+GevuGegOGekeGeuOGfqeGfog==	SW50ZXJuYXRpb25hbCBXb21lbidzIERheQ==
ee89f2061a5593489ac99c1c	4Z6a4Z674Z6A4Z+S4Z6B4oCL4Z6R4Z634Z6c4Z62	QXJib3IgRGF5
ee9d9f331136334b642dfa1f	4Z6W4Z634Z6S4Z644oCL4Z6U4Z674Z6O4Z+S4Z6Z4oCL4Z6f4Z+C4Z6T4oCL4Z6W4Z+S4Z6a4Z+H4oCL4Z6B4Z+C	TWlkLUF1dHVtbiBGZXN0aXZhbA==
eea363889651debf40b5c5fd	4Z6a4Z6U4Z624Z+G4oCL4Z6W4Z+S4Z6a4Z+H4oCL4Z6a4Z624Z6H4oCL4Z6R4Z+S4Z6a4Z6W4Z+S4Z6ZIOGej+GfkuGemuGevOGenOKAi+GelOGetuGek+KAi+GeheGeu+Gfh+KAi+GegOGfkuGek+Geu+GehOKAi+GelOGeieGfkuGeh+GeuOKAi+GelOGfgeGej+Get+KAi+GegOGel+GejuGfkuGejOKAi+GenOGelOGfkuGelOGekuGemOGfjOGeouGemuGevOGelOGeuOGek+Gfg+GemOGek+Geu+Gen+GfkuGen+Geh+GetuGej+GetyDhnoHhnr3hnpThnpvhnr7hnoDhnpHhnrjhn6Q=	Um95YWwgQmFsbGV0IG9mIENhbWJvZGlhIGluc2NyaWJlZCBvbiB0aGUgUmVwcmVzZW50YXRpdmUgTGlzdCBvZiB0aGUgSW50YW5naWJsZSBDdWx0dXJhbCBIZXJpdGFnZSBvZiBIdW1hbml0eQ==
eed538bef816590e746a0040	4Z6A4Z6L4Z634Z6T4oCL4Z6A4Z624Z6b	S2F0aGVuIEthbA==
ef23fe9f8db7304461b8c90f	4Z6f4Z+C4Z6T4oCL4Z6A4Z+S4Z6U4Z624Z6b4oCL4Z6R4Z654Z6A	R2hvc3QgRmVzdGl2YWw=
ef3cbc136c1af6339920219a	4Z6R4Z634Z6c4Z624oCL4Z6H4Z6T4oCL4Z6Y4Z624Z6T4oCL4Z6W4Z634Z6A4Z624Z6a4Z6X4Z624Z6W4oCL4Z6i4Z6T4Z+S4Z6P4Z6a4Z6H4Z624Z6P4Z63	SW50ZXJuYXRpb25hbCBEYXkgb2YgRGlzYWJsZWQgUGVyc29ucw==
ef439900470f18a267a88a85	4Z6W4Z634Z6S4Z644oCL4Z6U4Z674Z6O4Z+S4Z6Z4oCL4Z6f4Z+C4Z6T4oCL4Z6W4Z+S4Z6a4Z+H4oCL4Z6B4Z+C	TWlkLUF1dHVtbiBGZXN0aXZhbA==
ef592cc74d7da8eb7955fadc	4Z6A4Z+G4Z6O4Z6+4Z6P4oCL4Z6T4Z6C4Z6a4oCL4Z6U4Z624Z6b4oCL4Z6H4Z624Z6P4Z63IOGegeGeveGelOGem+GevuGegOGekeGeuOGfqOGfpA==	QmlydGggb2YgdGhlIE5hdGlvbmFsIFBvbGljZQ==
ef6700fdfc564196b8078aa0	4Z6P4Z674Z6b4Z624oCL4Z6A4Z624Z6a4oCL4Z6Z4Z674Z6P4Z+S4Z6P4Z634oCL4Z6S4Z6Y4Z+M4oCL4Z6i4Z6T4Z+S4Z6P4Z6a4oCL4Z6H4Z624Z6P4Z634oCL4Z6A4Z+S4Z6a4Z674Z6E4oCL4Z6h4Z624oCL4Z6i4Z+BIOGen+GemOGfkuGemuGfgeGeheKAi+GeseGfkuGemeKAi+GegOGemOGfkuGeluGeu+Geh+GetuGeh+GetuGemOGfkuGeheGetuGen+Gfi+GegOGemOGfkuGemOGen+Get+GekeGfkuGekuGetyDhnpvhnr7hnpThn5Lhnprhnrbhnp/hnrbhnpHhnpbhn5Lhnprhn4fhnpzhnrfhnqDhnrbhnpog4Z6B4Z694Z6U4Z6b4Z6+4Z6A4Z6R4Z644Z+l4Z+k	SW50ZXJuYXRpb25hbCBDb3VydCBvZiBKdXN0aWNlIGluIFRoZSBIYWd1ZSBkZWNsYXJlZCBDYW1ib2RpYSBpcyB0aGUgb3duZXIgb2YgdGhlIFByZWFoIFZpaGVhciBUZW1wbGU=
ef671ce3fbc7feff2661ffc2	4Z6R4Z634Z6c4Z624oCL4Z6H4Z+Q4Z6Z4oCL4Z6H4Z6Y4Z+S4Z6T4Z+H4oCL4Z6b4Z6+4oCL4Z6a4Z6U4Z6U4oCL4Z6U4Z+S4Z6a4Z6b4Z+Q4Z6Z4oCL4Z6W4Z684Z6H4oCL4Z6f4Z624Z6f4Z6T4Z+NIOGegeGeveGelOGem+GevuGegOGekeGeuOGfpOGfoQ==	VmljdG9yeSBPdmVyIEdlbm9jaWRlIERheQ==
ef77828cdde88318382ae795	4Z6A4Z6L4Z634Z6T4oCL4Z6A4Z624Z6b	S2F0aGVuIEthbA==
ef7be45b2533ed22243bc934	4Z6F4Z684Z6b4oCL4Z6G4Z+S4Z6T4Z624Z+G4oCL4Z6F4Z634Z6T	Q2hpbmVzZSBOZXcgWWVhcg==
ef84ecd393b62564c8b3989c	4Z6U4Z634Z6O4Z+S4Z6MIOGfqA==	QmVuIDg=
efd40199311403639fa93af0	4Z6U4Z634Z6O4Z+S4Z6MIOGfoeGfow==	QmVuIDEz
f004fdd8c057cf90736b531b	4Z6R4Z634Z6c4Z624oCL4Z6H4Z+Q4Z6Z4oCL4Z6H4Z6Y4Z+S4Z6T4Z+H4oCL4Z6b4Z6+4oCL4Z6a4Z6U4Z6U4oCL4Z6U4Z+S4Z6a4Z6b4Z+Q4Z6Z4oCL4Z6W4Z684Z6H4oCL4Z6f4Z624Z6f4Z6T4Z+NIOGegeGeveGelOGem+GevuGegOGekeGeuOGfo+GfoQ==	VmljdG9yeSBPdmVyIEdlbm9jaWRlIERheQ==
f006eaea9d13d6bb517d60e1	4Z6W4Z634Z6S4Z644oCL4Z6U4Z674Z6O4Z+S4Z6Z4oCL4Z6v4Z6A4Z6a4Z624Z6H4Z+S4Z6Z4oCL4Z6H4Z624Z6P4Z63IOGegeGeveGelOGem+GevuGegOGekeGeuOGfpuGfpw==	SW5kZXBlbmRlbmNlIERheQ==
f0101943ab697db0fd49892d	4Z6R4Z634Z6c4Z624oCL4Z6i4Z6T4Z+S4Z6P4Z6a4oCL4Z6H4Z624Z6P4Z634oCL4Z6H4Z6T4Z6H4Z624Z6P4Z634Z6K4Z6+4Z6Y4Z6X4Z624Z6C4Z6P4Z634Z6F4Z6W4Z634Z6X4Z6W4Z6b4Z+E4Z6A	SW50ZXJuYXRpb25hbCBEYXkgb2YgdGhlIFdvcmxkJ3MgSW5kaWdlbm91cyBQZW9wbGVz
f029eb3d62d0311a195e0eb0	4Z6U4Z634Z6O4Z+S4Z6MIOGfqA==	QmVuIDg=
f041193f83527ec72436e10e	4Z6U4Z674Z6O4Z+S4Z6Z4oCL4Z6g4Z624Z6h4Z684Z6c4Z644Z6T	SGFsbG93ZWVu
f07544e6eb045626319b747b	4Z6W4Z+S4Z6a4Z+H4oCL4Z6a4Z624Z6H4oCL4Z6W4Z634Z6S4Z644oCL4Z6U4Z674Z6O4Z+S4Z6Z4oCL4Z6i4Z674Z+G4oCL4Z6R4Z684Z6AIOGelOGejuGfkuGeiuGfguGej+KAi+GelOGfkuGemuGekeGeuOGelCDhnpPhnrfhnoTigIvhnp/hn4bhnpbhn4figIvhnpbhn5Lhnprhn4figIvhnoHhn4Ig4Z6i4Z6A4Z6i4Z+G4Z6U4Z674Z6A	V2F0ZXIgRmVzdGl2YWw=
f07c39446c2191f91ed8e2a3	4Z6G4Z+B4Z6E4oCL4Z6Y4Z+J4Z+B4Z6E	VG9tYi1Td2VlcGluZyBEYXkgKFFpbmdtaW5nIEZlc3RpdmFsKQ==
f0887b287fdf0d460d1d6cb9	4Z6R4Z634Z6c4Z624Z6R4Z654Z6AIOGek+Get+GehOGep+Gej+Geu+Gek+Get+GemeGemOGeluGet+Gel+GeluGem+GfhOGegA==	V29ybGQgV2F0ZXIgYW5kIFdvcmxkIE1ldGVvcm9sb2dpY2FsIERheQ==
f0a9fc334508d1b59c201c72	4Z6R4Z634Z6c4Z624oCL4Z6W4Z634Z6X4Z6W4oCL4Z6b4Z+E4Z6A4oCL4Z6U4Z+S4Z6a4Z6G4Z624Z+G4Z6E4oCL4Z6W4Z6b4Z6A4Z6Y4Z+S4Z6Y4oCL4Z6A4Z674Z6Y4Z624Z6aIOGegeGeveGelOGem+GevuGegOGekeGeuOGfoeGfoQ==	SGFwcHkgV29ybGQgRGF5IEFnYWluc3QgQ2hpbGQgTGFib3Vy
f0aafb6327de9ed2e9e6211d	4Z6W4Z634Z6S4Z644oCL4Z6U4Z674Z6O4Z+S4Z6Z4oCL4Z6c4Z634Z6f4Z624Z6B4oCL4Z6U4Z684Z6H4Z62	VmlzYWsgQm9jaGVh
f0b093d0778a14f22fe5a83b	4Z6U4Z634Z6O4Z+S4Z6MIOGfoeGfow==	QmVuIDEz
f0f48254c79ca8c7663d4d64	4Z6R4Z634Z6c4Z624oCL4Z6T4Z6Z4Z+E4Z6U4Z624Z6Z4oCL4Z6R4Z654Z6A	V2F0ZXIgUG9saWN5IERheQ==
f11a205742e4ce2d909e35ed	4Z6U4Z634Z6O4Z+S4Z6MIOGfpw==	QmVuIDc=
f1212a26f63d4361ebbe1736	4Z6U4Z634Z6O4Z+S4Z6MIOGfpA==	QmVuIDQ=
f13b9a0a0aaad241116839a6	4Z6F4Z684Z6b4oCL4Z6G4Z+S4Z6T4Z624Z+G4oCL4Z6F4Z634Z6T	Q2hpbmVzZSBOZXcgWWVhcg==
f14b01c91806cc45b38144d1	4Z6R4Z634Z6c4Z624oCL4Z6F4Z684Z6b4oCL4Z6G4Z+S4Z6T4Z624Z+G4oCL4Z6f4Z624Z6A4Z6b	TmV3IFllYXIncyBEYXk=
f18000655f4f65b1ac6f7b73	4Z6W4Z634Z6S4Z644oCL4Z6f4Z634Z6P4oCL4Z6R4Z+A4Z6T4oCL4Z6W4Z+S4Z6a4Z+H4oCL4Z6c4Z6f4Z+S4Z6f4Z62	QnVkZGhpc3QgTGVudCBDYW5kbGVzIE1ha2luZyBEYXk=
f1c6e542f67f153bba570613	4Z6A4Z6Y4Z+S4Z6W4Z674Z6H4Z624oCL4Z6F4Z684Z6b4oCL4Z6H4Z624oCL4Z6f4Z6Y4Z624oCL4Z6H4Z634Z6A4oCL4Z6i4Z624Z6f4Z+K4Z624Z6TIOGegeGeveGelOGem+GevuGegOGekeGeuOGfouGfpg==	Q2FtYm9kaWEgam9pbmVkIFRoZSBBc3NvY2lhdGlvbiBvZiBTb3V0aGVhc3QgQXNpYW4gTmF0aW9ucyAoQVNFQU4p
f1d2c818d5434e9abc5d580b	4Z6Q4Z+S4Z6E4Z+D4oCL4Z6U4Z674Z6O4Z+S4Z6Z4oCL4Z6T4Z+D4oCL4Z6f4Z+B4Z6F4Z6A4Z+S4Z6P4Z644oCL4Z6f4Z+S4Z6a4Z6b4Z624Z6J4Z+L	VmFsZW50aW5lJ3MgRGF5
f21c4ed9c520b34badff16f8	4Z6b4Z+S4Z6B4Z+E4Z6T4oCL4Z6B4Z+E4Z6b4oCL4Z6c4Z6P4Z+S4Z6P4oCL4Z6f4Z+S4Z6c4Z624Z6Z4oCL4Z6i4Z6O4Z+S4Z6P4Z+C4Z6PIOGej+GfkuGemuGevOGenOKAi+GelOGetuGek+KAi+GeheGeu+Gfh+KAi+GegOGfkuGek+Geu+GehOKAi+GelOGeieGfkuGeh+GeuOKAi+GelOGfgeGej+Get+GegOKAi+Gel+GejuGfkuGejOKAi+GenOGelOGfkuGelOKAi+GekuGemOGfjOKAi+GeouGemuGevOGelOGeuOGek+Gfg+GemOGek+Geu+Gen+GfkuGen+Geh+GetuGej+Getw==	TGtob24gS2hvbCBXYXQgU3ZheSBBbmRldCBpbnNjcmliZWQgb24gdGhlIExpc3Qgb2YgSW50YW5naWJsZSBDdWx0dXJhbCBIZXJpdGFnZSBpbiBOZWVkIG9mIFVyZ2VudCBTYWZlZ3VhcmRpbmc=
f23e429a23775b85b7d11808	4Z6a4Z674Z6A4Z+S4Z6B4oCL4Z6R4Z634Z6c4Z62	QXJib3IgRGF5
f23faa40ba565d0f1716be95	4Z6U4Z634Z6O4Z+S4Z6MIOGfoeGfoA==	QmVuIDEw
f24f9e839e1ef62bc789d24e	4Z6R4Z634Z6c4Z624oCL4Z6W4Z634Z6X4Z6W4oCL4Z6b4Z+E4Z6A4oCL4Z6C4Z+S4Z6Y4Z624Z6T4oCL4Z6Q4Z+S4Z6T4Z624Z+G4oCL4Z6H4Z6A4Z+L	V29ybGQgTm8gVG9iYWNjbyBEYXk=
f26ee793f40c5bed2f8a194c	4Z6R4Z634Z6c4Z624Z6a4Z+G4Z6b4Z654Z6A4oCL4Z6B4Z694Z6U4oCL4Z6T4Z+D4oCL4Z6A4Z634Z6F4Z+S4Z6F4Z6W4Z+S4Z6a4Z6Y4Z6W4Z+S4Z6a4Z+A4Z6E4oCL4Z6f4Z6T4Z+S4Z6P4Z634Z6X4Z624Z6W4oCL4Z6R4Z644Z6A4Z+S4Z6a4Z674Z6E4oCL4Z6U4Z+J4Z624Z6a4Z644Z6f	UGFyaXMgUGVhY2UgQWdyZWVtZW50IERheQ==
f27433979b11e91dfd1fb670	4Z6U4Z6O4Z+S4Z6O4Z6f4Z624Z6a4oCL4Z6f4Z624Z6a4Z6Y4Z6T4Z+S4Z6R4Z644Z6a4oCL4Z6n4Z6A4Z+S4Z6a4Z634Z6K4Z+S4Z6L4Z6A4Z6Y4Z+S4Z6Y4oCL4Z6U4Z+S4Z6a4Z6b4Z+Q4Z6Z4oCL4Z6W4Z684Z6H4Z6f4Z624Z6f4Z6T4Z+N4oCL4Z6R4Z694Z6b4oCL4Z6f4Z+S4Z6b4Z+C4Z6EIOGej+GfkuGemuGevOGenOKAi+GelOGetuGek+KAi+GeheGeu+Gfh+KAi+GegOGfkuGek+Geu+GehOKAi+GelOGeieGfkuGeh+GeuOKAi+Gen+GfkuGemOGetuGemuGej+GeuOKAi+GeheGehOGeheGetuGfhuKAi+Gek+Gfg+KAi+GeluGet+Gel+GeluKAi+Gem+GfhOGegOKAi+GemuGelOGen+Gfi+KAi+GemeGevOGejuGfgeGen+GfkuGegOGevCDhnoHhnr3hnpThnpvhnr7hnoDhnpHhnrjhn6Hhn6Y=	VGhlIGFyY2hpdmVzIG9mIFR1b2wgU2xlbmcgR2Vub2NpZGUgTXVzZXVtIGFyZSByZWdpc3RlcmVkIGFzIHBhcnQgb2YgdGhlIE1lbW9yeSBvZiB0aGUgV29ybGQgYnkgVU5FU0NP
f2775669d2f4c18ff205ede5	4Z6R4Z634Z6c4Z624oCL4Z6R4Z+B4Z6f4oCL4Z6F4Z6a4Z6O4Z+N4oCL4Z6W4Z634oCL4Z6X4Z6W4oCL4Z6b4Z+E4Z6A	V29ybGQgVG91cmlzbSBEYXk=
f286e3bb20bd26ec929e3a50	4Z6R4Z634Z6c4Z624oCL4Z6U4Z6a4Z634oCL4Z6f4Z+S4Z6Q4Z624Z6T4oCL4Z6H4Z624Z6P4Z63IOGek+Get+GehOKAi+GelOGemuGet+KAi+Gen+GfkuGekOGetuGek+KAi+GeluGet+Gel+GeluKAi+Gem+GfhOGegCDhnoHhnr3hnpThnpvhnr7hnoDhnpHhnrjhn6Hhn6c=	TmF0aW9uYWwgYW5kIFdvcmxkIEVudmlyb25tZW50IERheQ==
f2942bd622a8c5a2ba46176a	4Z6R4Z634Z6c4Z624Z6Y4Z624Z6P4Z62	TW90aGVyJ3MgRGF5
f2a80a85bc12bf6c8e6253ce	4Z6W4Z634Z6S4Z644oCL4Z6U4Z674Z6O4Z+S4Z6Z4oCL4Z6F4Z684Z6b4oCL4Z6G4Z+S4Z6T4Z624Z+G4oCL4Z6Q4Z+S4Z6Y4Z64IOGelOGfkuGemuGeluGfg+GejuGeuOKAi+Geh+GetuGej+GetyAtIOGekOGfkuGehOGfg+KAi+GeoeGevuGehOKAi+Gen+GfkOGegA==	S2htZXIgTmV3IFllYXIgLSBWZWFyZWFrIExhZXVuZyBTYWs=
f2c3534407ba7c308148c416	4Z6R4Z634Z6c4Z624oCL4Z6U4Z6a4Z634oCL4Z6f4Z+S4Z6Q4Z624Z6T4oCL4Z6H4Z624Z6P4Z63IOGek+Get+GehOKAi+GelOGemuGet+KAi+Gen+GfkuGekOGetuGek+KAi+GeluGet+Gel+GeluKAi+Gem+GfhOGegCDhnoHhnr3hnpThnpvhnr7hnoDhnpHhnrjhn6Phn6E=	TmF0aW9uYWwgYW5kIFdvcmxkIEVudmlyb25tZW50IERheQ==
f2d47d5cf373231b99f74028	4Z6A4Z6Y4Z+S4Z6W4Z674Z6H4Z624oCL4Z6F4Z684Z6b4oCL4Z6H4Z624oCL4Z6f4Z6Y4Z624oCL4Z6H4Z634Z6A4oCL4Z6i4Z6E4Z+S4Z6C4oCL4Z6A4Z624Z6a4oCL4Z6f4Z6g4oCL4Z6U4Z+S4Z6a4Z6H4Z624Z6H4Z624Z6P4Z63IOGegeGeveGelOGem+GevuGegOGekeGeuOGfpuGfpA==	Q2FtYm9kaWEgYmVjYW1lIGEgbWVtYmVyIG9mIHRoZSBVbml0ZWQgTmF0aW9ucw==
f2e7040fc8617eda4906b02d	4Z6F4Z684Z6b4oCL4Z6G4Z+S4Z6T4Z624Z+G4oCL4Z6F4Z634Z6T	Q2hpbmVzZSBOZXcgWWVhcg==
f2e8751b667ba8b9e5eeb332	4Z6A4Z6Y4Z+S4Z6W4Z674Z6H4Z624oCL4Z6F4Z684Z6b4oCL4Z6H4Z624oCL4Z6f4Z6Y4Z624oCL4Z6H4Z634Z6A4oCL4Z6i4Z6E4Z+S4Z6C4oCL4Z6A4Z624Z6a4oCL4Z6f4Z6g4oCL4Z6U4Z+S4Z6a4Z6H4Z624Z6H4Z624Z6P4Z63IOGegeGeveGelOGem+GevuGegOGekeGeuOGfpeGfpQ==	Q2FtYm9kaWEgYmVjYW1lIGEgbWVtYmVyIG9mIHRoZSBVbml0ZWQgTmF0aW9ucw==
f2ee4de1a2f3519ecfa4e5e3	4Z6R4Z634Z6c4Z624oCL4Z6T4Z624Z6a4Z644oCL4Z6i4Z6T4Z+S4Z6P4Z6a4Z6H4Z624Z6P4Z63IOGegeGeveGelOGem+GevuGegOGekeGeuOGfoeGfoeGfpw==	SW50ZXJuYXRpb25hbCBXb21lbidzIERheQ==
f2fbb3ba53ab621b8eeba430	4Z6R4Z634Z6c4Z624oCL4Z6i4Z624oCL4Z6A4Z624Z6f4oCL4Z6F4Z6a4Z6O4Z+N4Z6f4Z+K4Z644Z6c4Z634Z6b	Q2l2aWwgQXZpYXRpb24gRGF5
f3099327bcd0c96089c3cdf0	4Z6R4Z634Z6c4Z624oCL4Z6W4Z634Z6X4Z6W4oCL4Z6b4Z+E4Z6A4oCL4Z6C4Z+S4Z6Y4Z624Z6T4oCL4Z6Q4Z+S4Z6T4Z624Z+G4oCL4Z6H4Z6A4Z+L	V29ybGQgTm8gVG9iYWNjbyBEYXk=
f313d8b6716886681a6286ed	4Z6U4Z634Z6O4Z+S4Z6MIOGfqQ==	QmVuIDk=
f3191697402707b6beb04699	4Z6A4Z6Y4Z+S4Z6W4Z674Z6H4Z624oCL4Z6F4Z684Z6b4oCL4Z6H4Z624oCL4Z6f4Z6Y4Z624oCL4Z6H4Z634Z6A4oCL4Z6i4Z624Z6f4Z+K4Z624Z6TIOGegeGeveGelOGem+GevuGegOGekeGeuOGfoeGfpw==	Q2FtYm9kaWEgam9pbmVkIFRoZSBBc3NvY2lhdGlvbiBvZiBTb3V0aGVhc3QgQXNpYW4gTmF0aW9ucyAoQVNFQU4p
f32fe6fd6902e17265dfbd45	4Z6R4Z634Z6c4Z624oCL4Z6H4Z6T4oCL4Z6Y4Z624Z6T4oCL4Z6W4Z634Z6A4Z624Z6a4Z6X4Z624Z6W4oCL4Z6i4Z6T4Z+S4Z6P4Z6a4Z6H4Z624Z6P4Z63	SW50ZXJuYXRpb25hbCBEYXkgb2YgRGlzYWJsZWQgUGVyc29ucw==
f33974a0bb46003cc528941c	4Z6U4Z674Z6O4Z+S4Z6Z4oCL4Z6g4Z624Z6h4Z684Z6c4Z644Z6T	SGFsbG93ZWVu
f33c9e96c8044dab65cb8959	4Z6R4Z634Z6c4Z624oCL4Z6i4Z6T4Z624oCL4Z6Y4Z+Q4Z6Z4oCL4Z6U4Z6a4Z634oCL4Z6f4Z+S4Z6Q4Z624Z6T4oCL4Z6H4Z624Z6P4Z63	TmF0aW9uYWwgRW52aXJvbm1lbnRhbCBTYW5pdGF0aW9uIERheQ==
f34152bf2ab9f865a8f89904	4Z6R4Z634Z6c4Z624oCL4Z6F4Z684Z6b4oCL4Z6G4Z+S4Z6T4Z624Z+G4oCL4Z6f4Z624Z6A4Z6b	TmV3IFllYXIncyBEYXk=
f3479a02dbb0087f2a90d9dd	4Z6R4Z634Z6c4Z624oCL4Z6T4Z624Z6a4Z644oCL4Z6i4Z6T4Z+S4Z6P4Z6a4Z6H4Z624Z6P4Z63IOGegeGeveGelOGem+GevuGegOGekeGeuOGfoeGfoeGfqA==	SW50ZXJuYXRpb25hbCBXb21lbidzIERheQ==
f3695eb9276a92bc5706406b	4Z6R4Z634Z6c4Z624oCL4Z6f4Z+B4Z6a4Z644oCL4Z6X4Z624Z6W4oCL4Z6f4Z624Z6a4Z6W4Z+Q4Z6P4Z+M4Z6Y4Z624Z6T4oCL4Z6W4Z634Z6X4Z6W4oCL4Z6b4Z+E4Z6AIOGegeGeveGelOGem+GevuGegOGekeGeuOGfoeGfpw==	V29ybGQgUHJlc3MgRnJlZWRvbSBEYXk=
f36d8f4c2d22078eae72ef75	4Z6W4Z634Z6S4Z644oCL4Z6U4Z674Z6O4Z+S4Z6Z4oCL4Z6X4Z+S4Z6H4Z674Z+G4oCL4Z6U4Z634Z6O4Z+S4Z6M	UGNodW0gQmVuIEZlc3RpdmFs
f3723a32cc8625bac207fa2b	4Z6W4Z+S4Z6a4Z+H4oCL4Z6a4Z624Z6H4oCL4Z6W4Z634Z6S4Z644oCL4Z6U4Z674Z6O4Z+S4Z6Z4oCL4Z6i4Z674Z+G4oCL4Z6R4Z684Z6AIOGelOGejuGfkuGeiuGfguGej+KAi+GelOGfkuGemuGekeGeuOGelCDhnpPhnrfhnoTigIvhnp/hn4bhnpbhn4figIvhnpbhn5Lhnprhn4figIvhnoHhn4Ig4Z6i4Z6A4Z6i4Z+G4Z6U4Z674Z6A	V2F0ZXIgRmVzdGl2YWw=
f3769f657f22ff409050d909	4Z6W4Z634Z6S4Z644oCL4Z6U4Z674Z6O4Z+S4Z6Z4oCL4Z6Y4Z624Z6D4Z6U4Z684Z6H4Z62	TWVhayBCb2NoZWE=
f377437877a5e42a2fa55456	4Z6W4Z634Z6S4Z644oCL4Z6U4Z674Z6O4Z+S4Z6Z4oCL4Z6X4Z+S4Z6H4Z674Z+G4oCL4Z6U4Z634Z6O4Z+S4Z6M	UGNodW0gQmVuIEZlc3RpdmFs
f3785ff895f46e191a7344e4	4Z6U4Z634Z6O4Z+S4Z6MIOGfqQ==	QmVuIDk=
f37938573b6db34b6ae06217	4Z6f4Z+C4Z6T4oCL4Z6T4Z+G4oCL4Z6F4Z624Z+G4Z6E	U3RpY2t5IFJpY2UgRHVtcGxpbmdzIChab25nemkp
f39094b6ade0875cb1678f23	4Z6R4Z634Z6c4Z624Z6R4Z654Z6AIOGek+Get+GehOGep+Gej+Geu+Gek+Get+GemeGemOGeluGet+Gel+GeluGem+GfhOGegA==	V29ybGQgV2F0ZXIgYW5kIFdvcmxkIE1ldGVvcm9sb2dpY2FsIERheQ==
f398a57d3578de9884767dc9	4Z6R4Z634Z6c4Z624oCL4Z6H4Z624Z6P4Z634oCL4Z6Z4Z6b4Z+L4oCL4Z6K4Z654Z6E4oCL4Z6W4Z644oCL4Z6Y4Z644Z6TIOGegeGeveGelOGem+GevuGegOGekeGeuOGfoQ==	TmF0aW9uYWwgTWluZSBBd2FyZW5lc3MgRGF5
f3a7040fa26d4adeadf5228f	4Z6W4Z+S4Z6a4Z+H4oCL4Z6a4Z624Z6H4oCL4Z6W4Z634Z6S4Z644oCL4Z6U4Z674Z6O4Z+S4Z6Z4oCL4Z6i4Z674Z+G4oCL4Z6R4Z684Z6AIOGelOGejuGfkuGeiuGfguGej+KAi+GelOGfkuGemuGekeGeuOGelCDhnpPhnrfhnoTigIvhnp/hn4bhnpbhn4figIvhnpbhn5Lhnprhn4figIvhnoHhn4Ig4Z6i4Z6A4Z6i4Z+G4Z6U4Z674Z6A	V2F0ZXIgRmVzdGl2YWw=
f3aa0dc3ec2bd4dcefe4ce08	4Z6R4Z634Z6c4Z624oCL4Z6c4Z6U4Z+S4Z6U4oCL4Z6S4Z6Y4Z+M4oCL4Z6H4Z624Z6P4Z63IOGegeGeveGelOGem+GevuGegOGekeGeuOGfouGfoQ==	TmF0aW9uYWwgQ3VsdHVyZSBEYXk=
f3ad35643374928aa98fad96	4Z6R4Z634Z6c4Z624oCL4Z6Y4Z6F4Z+S4Z6G4Z624oCL4Z6H4Z624Z6P4Z63	TmF0aW9uYWwgRmlzaCBEYXk=
f3af41ac74e04001033fa084	4Z6R4Z634Z6c4Z624oCL4Z6T4Z624Z6a4Z644oCL4Z6i4Z6T4Z+S4Z6P4Z6a4Z6H4Z624Z6P4Z63IOGegeGeveGelOGem+GevuGegOGekeGeuOGfqOGfqQ==	SW50ZXJuYXRpb25hbCBXb21lbidzIERheQ==
f3b9153c15f33df847860bbc	4Z6R4Z634Z6c4Z624Z6Y4Z624Z6P4Z62	TW90aGVyJ3MgRGF5
f3cef622a56285b9b6a11597	4Z6R4Z634Z6c4Z624oCL4Z6H4Z6T4oCL4Z6Y4Z624Z6T4oCL4Z6W4Z634Z6A4Z624Z6a4Z6X4Z624Z6W4oCL4Z6i4Z6T4Z+S4Z6P4Z6a4Z6H4Z624Z6P4Z63	SW50ZXJuYXRpb25hbCBEYXkgb2YgRGlzYWJsZWQgUGVyc29ucw==
f3e03e6cd3a7f85318b9765c	4Z6R4Z634Z6c4Z624oCL4Z6W4Z634Z6X4Z6W4oCL4Z6b4Z+E4Z6A4oCL4Z6U4Z+S4Z6a4Z6Z4Z674Z6R4Z+S4Z6S4oCL4Z6U4Z+S4Z6a4Z6G4Z624Z+G4Z6E4oCL4Z6T4Z654Z6E4oCL4Z6H4Z+G4Z6E4Z664oCL4Z6i4Z+B4Z6K4Z6f4Z+N	V29ybGQgQUlEUyBEYXk=
f4007e64e3842318d82be8db	4Z6R4Z634Z6c4Z624oCL4oCL4Z6U4Z+S4Z6a4Z6H4Z624Z6H4Z6T4Z6H4Z624Z6P4Z63IOGek+Get+GehOKAi+KAi+GelOGfkuGemuGeh+GetuGeh+Gek+KAi+GeluGet+Gel+GeluKAi+Gem+GfhOGegA==	TmF0aW9uYWwgUG9wdWxhdGlvbiBEYXkgYW5kIFdvcmxkIFBvcHVsYXRpb24gRGF5
f4116b06227fb403caaa02a0	4Z6U4Z634Z6O4Z+S4Z6MIOGfqA==	QmVuIDg=
f43a2dc807a883288f8d6f8f	4Z6g4Z+C4oCL4Z6i4Z+S4Z6T4Z6A4oCL4Z6P4Z624oCL4Z6F4Z634Z6T	U3Bpcml0IFBhcmFkZQ==
f45840a9e578197efb0beb1e	4Z6F4Z684Z6b4oCL4Z6G4Z+S4Z6T4Z624Z+G4oCL4Z6F4Z634Z6T	Q2hpbmVzZSBOZXcgWWVhcg==
f47c4cb1dfbb80b03af01e0c	4Z6W4Z634Z6S4Z644oCL4Z6f4Z634Z6P4oCL4Z6R4Z+A4Z6T4oCL4Z6W4Z+S4Z6a4Z+H4oCL4Z6c4Z6f4Z+S4Z6f4Z62	QnVkZGhpc3QgTGVudCBDYW5kbGVzIE1ha2luZyBEYXk=
f4a0ad3e0c1c86e58ccf2d71	4Z6R4Z634Z6c4Z624oCL4Z6T4Z6Z4Z+E4Z6U4Z624Z6Z4oCL4Z6R4Z654Z6A	V2F0ZXIgUG9saWN5IERheQ==
f4c5b5f9074a6e6b015dbe61	4Z6R4Z634Z6c4Z624oCL4Z6i4Z6T4Z+S4Z6P4Z6a4oCL4Z6H4Z624Z6P4Z634oCL4Z6T4Z+D4oCL4Z6C4Z+S4Z6a4Z694Z6f4Z624Z6a	SW50ZXJuYXRpb25hbCBEYXkgb2YgRmFtaWxpZXM=
f549e992c405b25f27c8f7f2	4Z6U4Z634Z6O4Z+S4Z6MIOGfoeGfoQ==	QmVuIDEx
f54fe09a7d1c86744a43eeb6	4Z6U4Z634Z6O4Z+S4Z6MIOGfog==	QmVuIDI=
f554fc3c111a6a942d87e31b	4Z6U4Z634Z6O4Z+S4Z6MIOGfoQ==	QmVuIDE=
f572fb1a5df9fcc56417ff37	4Z6W4Z+S4Z6a4Z+H4oCL4Z6a4Z624Z6H4oCL4Z6W4Z634Z6S4Z644oCL4Z6U4Z674Z6O4Z+S4Z6Z4oCL4Z6i4Z674Z+G4oCL4Z6R4Z684Z6AIOGelOGejuGfkuGeiuGfguGej+KAi+GelOGfkuGemuGekeGeuOGelCDhnpPhnrfhnoTigIvhnp/hn4bhnpbhn4figIvhnpbhn5Lhnprhn4figIvhnoHhn4Ig4Z6i4Z6A4Z6i4Z+G4Z6U4Z674Z6A	V2F0ZXIgRmVzdGl2YWw=
f5756508f17e1b8851017426	4Z6R4Z634Z6c4Z624oCL4Z6i4Z6T4Z+S4Z6P4Z6a4oCL4Z6H4Z624Z6P4Z634oCL4Z6T4Z+D4oCL4Z6C4Z+S4Z6a4Z694Z6f4Z624Z6a	SW50ZXJuYXRpb25hbCBEYXkgb2YgRmFtaWxpZXM=
f58beccc73adf7999536a926	4Z6U4Z634Z6O4Z+S4Z6MIOGfpw==	QmVuIDc=
f58cdf14c9ff009e020de4da	4Z6A4Z+S4Z6a4Z6Y4Z62IOGej+GfkuGemuGevOGenOKAi+GelOGetuGek+KAi+GeheGeu+Gfh+GegOGfkuGek+Geu+GehOGelOGeieGfkuGeh+GeuOGelOGfgeGej+Get+GegOGel+GejuGfkuGejOGenOGelOGfkuGelOGekuGemOGfjOGeouGemuGevOGelOGeuOGek+Gfg+GemOGek+Geu+Gen+GfkuGen+Geh+GetuGej+GetyDhnoHhnr3hnpThnpvhnr7hnoDhnpHhnrjhn6Q=	S3JhbWEgaW5zY3JpYmVkIG9uIHRoZSBSZXByZXNlbnRhdGl2ZSBMaXN0IG9mIHRoZSBJbnRhbmdpYmxlIEN1bHR1cmFsIEhlcml0YWdlIG9mIEh1bWFuaXR5
f5944b9c39af7776ba9fe7f1	4Z6U4Z674Z6O4Z+S4Z6Z4oCL4Z6g4Z624Z6h4Z684Z6c4Z644Z6T	SGFsbG93ZWVu
f5bd03bb8989bc24074b3da4	4Z6W4Z634Z6S4Z644oCL4Z6U4Z+G4Z6U4Z694Z6f4oCL4Z6T4Z624Z6C4oCL4Z6B4Z+S4Z6T4Z624Z6T	VGhlIE9yZGFpbmVkIERyYWdvbiBNb25r
f5c7685c0604d267ada4065c	4Z6U4Z634Z6O4Z+S4Z6MIOGfqA==	QmVuIDg=
f60b232b321a166efbd9f6b4	4Z6U4Z634Z6O4Z+S4Z6MIOGfpw==	QmVuIDc=
f6237a0e0de5503f5064202e	4Z6F4Z684Z6b4oCL4Z6W4Z+S4Z6a4Z+H4oCL4Z6c4Z6f4Z+S4Z6f4Z62	QmVnaW5uaW5nIG9mIEJ1ZGRoaXN0IExlbnQ=
f64ba648c345f65fd1e2f33e	4Z6U4Z634Z6O4Z+S4Z6MIOGfpA==	QmVuIDQ=
f677f8065aa4d5104756d338	4Z6W4Z634Z6S4Z644oCL4Z6U4Z+G4Z6U4Z694Z6f4oCL4Z6T4Z624Z6C4oCL4Z6B4Z+S4Z6T4Z624Z6T	VGhlIE9yZGFpbmVkIERyYWdvbiBNb25r
f6932f36a12b9f6a922b69db	4Z6W4Z+S4Z6a4Z+H4oCL4Z6a4Z624Z6H4oCL4Z6W4Z634Z6S4Z644oCL4Z6U4Z674Z6O4Z+S4Z6Z4oCL4Z6i4Z674Z+G4oCL4Z6R4Z684Z6AIOGelOGejuGfkuGeiuGfguGej+KAi+GelOGfkuGemuGekeGeuOGelCDhnpPhnrfhnoTigIvhnp/hn4bhnpbhn4figIvhnpbhn5Lhnprhn4figIvhnoHhn4Ig4Z6i4Z6A4Z6i4Z+G4Z6U4Z674Z6A	V2F0ZXIgRmVzdGl2YWw=
f6b3f01f66249a5de35b03d7	4Z6F4Z+B4Z6J4oCL4Z6W4Z+S4Z6a4Z+H4oCL4Z6c4Z6f4Z+S4Z6f4Z62	RW5kaW5nIG9mIEJ1ZGRoaXN0IExlbnQ=
f6ba5717e92acecc30267485	4Z6R4Z634Z6c4Z624oCL4Z6Z4Z674Z6c4Z6H4Z6T4oCL4Z6i4Z6T4Z+S4Z6P4Z6a4oCL4Z6H4Z624Z6P4Z63	SW50ZXJuYXRpb25hbCBZb3V0aCBEYXk=
f6c34cb13493cf43f2b01ec6	4Z6R4Z634Z6c4Z624oCL4Z6Y4Z6T4Z674Z6f4Z+S4Z6f4oCL4Z6F4Z624Z6f4Z+L4oCL4Z6A4Z6Y4Z+S4Z6W4Z674Z6H4Z62IOGek+Get+GehOGekeGet+GenOGetuGemOGek+Geu+Gen+GfkuGen+GeheGetuGen+Gfi+GeouGek+GfkuGej+GemuGeh+GetuGej+GetyDhnoHhnr3hnpThnpvhnr7hnoDhnpHhnrjhn6g=	Q2FtYm9kaWFuIE9sZGVyIFBlcnNvbnMgRGF5IGFuZCB0aGUgSW50ZXJuYXRpb25hbCBEYXkgb2YgT2xkZXIgUGVyc29ucw==
f6d6d72c6b78e355043ba4c6	4Z6R4Z634Z6c4Z624oCL4Z6Z4Z674Z6c4Z6H4Z6T4oCL4Z6i4Z6T4Z+S4Z6P4Z6a4oCL4Z6H4Z624Z6P4Z63	SW50ZXJuYXRpb25hbCBZb3V0aCBEYXk=
f6f0d6da66d869212b495e83	4Z6R4Z634Z6c4Z624oCL4Z6i4Z6T4Z+S4Z6P4Z6a4oCL4Z6H4Z624Z6P4Z634oCL4Z6H4Z6T4Z6H4Z624Z6P4Z634Z6K4Z6+4Z6Y4Z6X4Z624Z6C4Z6P4Z634Z6F4Z6W4Z634Z6X4Z6W4Z6b4Z+E4Z6A	SW50ZXJuYXRpb25hbCBEYXkgb2YgdGhlIFdvcmxkJ3MgSW5kaWdlbm91cyBQZW9wbGVz
f71d25853d9a6d2c9e646ea8	4Z6U4Z634Z6O4Z+S4Z6MIOGfpw==	QmVuIDc=
f7218b6a64182be14d30dafb	4Z6U4Z634Z6O4Z+S4Z6MIOGfpQ==	QmVuIDU=
f72cd4392807d493847ceb33	4Z6W4Z634Z6S4Z644oCL4Z6U4Z674Z6O4Z+S4Z6Z4oCL4Z6F4Z684Z6b4oCL4Z6G4Z+S4Z6T4Z624Z+G4oCL4Z6Q4Z+S4Z6Y4Z64IOGelOGfkuGemuGeluGfg+GejuGeuOKAi+Geh+GetuGej+GetyAtIOGenOGetuGemuGfiOKAi+GenOGfkOGek+KAi+GelOGejw==	S2htZXIgTmV3IFllYXIgLSBWZWFyZWFrIFZhbmFiYXQ=
f749cbf3b200a0e924deb456	4Z6U4Z+S4Z6a4Z624Z6f4Z624Z6R4oCL4Z6W4Z+S4Z6a4Z+H4oCL4Z6c4Z634Z6g4Z624Z6aIOGej+GfkuGemuGevOGenOKAi+GelOGetuGek+KAi+GeheGeu+Gfh+KAi+GegOGfkuGek+Geu+GehOKAi+GelOGeieGfkuGeh+GeuOKAi+GelOGfgeGej+Get+GegOKAi+Gel+GejuGfkuGejOKAi+GeluGet+Gel+GeluGem+GfhOGegOGemuGelOGen+Gfi+GeouGehOGfkuGeguGegOGetuGemuGemeGevOGejuGfgeGen+GfkuGegOGevCDhnoHhnr3hnpThnpvhnr7hnoDhnpHhnrjhn6Hhn6M=	VGVtcGxlIG9mIFByZWFoIFZpaGVhciB3YXMgaW5zY3JpYmVkIG9uIHRoZSBVTkVTQ08gV29ybGQgSGVyaXRhZ2UgTGlzdA==
f74fdf792f1c200886df6672	4Z6W4Z634Z6S4Z644oCL4Z6U4Z674Z6O4Z+S4Z6Z4oCL4Z6f4Z+C4Z6T4oCL4Z6W4Z+S4Z6a4Z+H4oCL4Z6B4Z+C	TWlkLUF1dHVtbiBGZXN0aXZhbA==
f75c53df2a2102a3d9fb77da	4Z6f4Z+C4Z6T4Z6T4Z+G4Z6i4Z+K4Z64	V2ludGVyIFNvbHN0aWNlIEZlc3RpdmFs
f7885099ddb43ab08d2f5e62	4Z6W4Z634Z6S4Z644oCL4Z6U4Z674Z6O4Z+S4Z6Z4oCL4Z6Y4Z624Z6D4Z6U4Z684Z6H4Z62	TWVhayBCb2NoZWE=
f7892dfdeeab6a756f452dc6	4Z6U4Z634Z6O4Z+S4Z6MIOGfoeGfow==	QmVuIDEz
f7a2d6d53ed161fbea3cfc3b	4Z6R4Z634Z6c4Z624oCL4Z6i4Z6A4Z+S4Z6B4Z6a4oCL4Z6A4Z6Y4Z+S4Z6Y4oCL4Z6i4Z6T4Z+S4Z6P4Z6a4oCL4Z6H4Z624Z6P4Z63	SW50ZXJuYXRpb25hbCBMaXRlcmFjeSBEYXk=
f7a61c4a7b520544855d048b	4Z6R4Z634Z6c4Z624oCL4Z6U4Z+S4Z6a4Z624Z6a4Z6W4Z+S4Z6S4oCL4Z6W4Z634Z6S4Z644oCL4Z6C4Z+E4Z6a4Z6W4oCL4Z6W4Z+S4Z6a4Z+H4Z6c4Z634Z6J4Z+S4Z6J4Z624Z6O4Z6A4Z+S4Z6B4Z6T4Z+S4Z6SIOGeluGfkuGemuGfh+GegOGemuGeu+GejuGetuKAi+GeluGfkuGemuGfh+GelOGetuGekeKAi+Gen+GemOGfkuGej+GfgeGeheKAi+GeluGfkuGemuGfhyDhnpPhnprhn4Thno/hn5Lhno/hnpgg4Z6f4Z644Z6g4Z6T4Z67IOGeluGfkuGemuGfh+GemOGeoOGetuGenOGeuOGemuGegOGfkuGen+Gej+GfkuGemiDhnpbhn5Lhnprhn4figIvhnpzhnprhnprhnrbhnofigIvhnpThnrfhno/hnrbigIvhnq/hnoDhnprhnrbhnofhn5Lhnpkg4Z6U4Z684Z6a4Z6O4Z6X4Z624Z6W4oCL4Z6R4Z654Z6A4Z6K4Z64IOGek+Get+GehOKAi+Ger+GegOGel+GetuGeluKAi+Geh+GetuGej+Get+KAi+GegeGfkuGemOGfguGemg==	S2luZyBGYXRoZXIncyBDb21tZW1vcmF0aW9uIERheQ==
f7b5f132ed129faf7542cfca	4Z6R4Z634Z6c4Z624oCL4Z6R4Z+B4Z6f4oCL4Z6F4Z6a4Z6O4Z+N4oCL4Z6W4Z634oCL4Z6X4Z6W4oCL4Z6b4Z+E4Z6A	V29ybGQgVG91cmlzbSBEYXk=
f7b6127912b814b118e84962	4Z6W4Z634Z6S4Z644oCL4Z6U4Z674Z6O4Z+S4Z6Z4oCL4Z6Y4Z624Z6D4Z6U4Z684Z6H4Z62	TWVhayBCb2NoZWE=
f7e2636c69b6e1de26db313a	4Z6U4Z634Z6O4Z+S4Z6MIOGfog==	QmVuIDI=
f7e6735e6791087bffc64120	4Z6W4Z634Z6S4Z644oCL4Z6U4Z674Z6O4Z+S4Z6Z4oCL4Z6c4Z634Z6f4Z624Z6B4oCL4Z6U4Z684Z6H4Z62	VmlzYWsgQm9jaGVh
f7edd01e4f2d898a39caf0fe	4Z6R4Z634Z6c4Z624oCL4Z6U4Z+S4Z6a4Z6A4Z624Z6f4oCL4Z6a4Z6K4Z+S4Z6L4oCL4Z6S4Z6Y4Z+S4Z6Y4Z6T4Z674Z6J4Z+S4Z6JIOGegeGeveGelOGem+GevuGegOGekeGeuOGfoeGfow==	Q29uc3RpdHV0aW9uIERheQ==
f80577867e6847ef1ea66f29	4Z6R4Z634Z6c4Z624oCL4Z6U4Z6a4Z634oCL4Z6f4Z+S4Z6Q4Z624Z6T4oCL4Z6H4Z624Z6P4Z63IOGek+Get+GehOKAi+GelOGemuGet+KAi+Gen+GfkuGekOGetuGek+KAi+GeluGet+Gel+GeluKAi+Gem+GfhOGegCDhnoHhnr3hnpThnpvhnr7hnoDhnpHhnrjhn6Hhn6E=	TmF0aW9uYWwgYW5kIFdvcmxkIEVudmlyb25tZW50IERheQ==
f810ea946f243016226b1c22	4Z6Q4Z+S4Z6E4Z+D4oCL4Z6f4Z+C4Z6T4oCL4Z6K4Z6A4oCL4Z6H4Z6+4Z6E4oCL4Z6S4Z684Z6U	S2l0Y2hlbiBHb2QgRmVzdGl2YWw=
f838efb35852badf28207843	4Z6U4Z634Z6O4Z+S4Z6MIOGfpg==	QmVuIDY=
f84ac6855f8045d64280b92a	4Z6A4Z+G4Z6O4Z6+4Z6P4oCL4Z6T4Z6C4Z6a4oCL4Z6U4Z624Z6b4oCL4Z6H4Z624Z6P4Z63IOGegeGeveGelOGem+GevuGegOGekeGeuOGfqOGfog==	QmlydGggb2YgdGhlIE5hdGlvbmFsIFBvbGljZQ==
f863e1128488ddadedb35f38	4Z6R4Z634Z6c4Z624oCL4Z6c4Z6U4Z+S4Z6U4oCL4Z6S4Z6Y4Z+M4oCL4Z6H4Z624Z6P4Z63IOGegeGeveGelOGem+GevuGegOGekeGeuOGfqA==	TmF0aW9uYWwgQ3VsdHVyZSBEYXk=
f866ae9e509e7dc18a65c1fb	4Z6U4Z634Z6O4Z+S4Z6MIOGfpQ==	QmVuIDU=
f86f35bc8072327ce94e64e2	4Z6f4Z+C4Z6T4Z6T4Z+G4Z6i4Z+K4Z64	V2ludGVyIFNvbHN0aWNlIEZlc3RpdmFs
f8a2c9e4c35ea4fcaa33160c	4Z6R4Z634Z6c4Z624oCL4Z6U4Z644Z6P4Z62	RmF0aGVyJ3MgRGF5
f8afea2d7c36db3641f75189	4Z6U4Z634Z6O4Z+S4Z6MIOGfoeGfoA==	QmVuIDEw
f8d1549b2af02602495005f9	4Z6R4Z634Z6c4Z624oCL4Z6W4Z6b4Z6A4Z6Y4Z+S4Z6Y4oCL4Z6i4Z6T4Z+S4Z6P4Z6a4Z6H4Z624Z6P4Z63IOGegeGeveGelOGem+GevuGegOGekeGeuOGfoeGfoeGfpQ==	SW50ZXJuYXRpb25hbCBMYWJvciBEYXk=
f8dcbca45b63f5f9c0dbb864	4Z6P4Z674Z6b4Z624oCL4Z6A4Z624Z6a4oCL4Z6Z4Z674Z6P4Z+S4Z6P4Z634oCL4Z6S4Z6Y4Z+M4oCL4Z6i4Z6T4Z+S4Z6P4Z6a4oCL4Z6H4Z624Z6P4Z634oCL4Z6A4Z+S4Z6a4Z674Z6E4oCL4Z6h4Z624oCL4Z6i4Z+BIOGen+GemOGfkuGemuGfgeGeheKAi+GeseGfkuGemeKAi+GegOGemOGfkuGeluGeu+Geh+GetuGeh+GetuGemOGfkuGeheGetuGen+Gfi+GegOGemOGfkuGemOGen+Get+GekeGfkuGekuGetyDhnpvhnr7hnpThn5Lhnprhnrbhnp/hnrbhnpHhnpbhn5Lhnprhn4fhnpzhnrfhnqDhnrbhnpog4Z6B4Z694Z6U4Z6b4Z6+4Z6A4Z6R4Z644Z+k4Z+h	SW50ZXJuYXRpb25hbCBDb3VydCBvZiBKdXN0aWNlIGluIFRoZSBIYWd1ZSBkZWNsYXJlZCBDYW1ib2RpYSBpcyB0aGUgb3duZXIgb2YgdGhlIFByZWFoIFZpaGVhciBUZW1wbGU=
f8e61f59ea72eb306f1e5377	4Z6R4Z634Z6c4Z624oCL4Z6W4Z634Z6X4Z6W4oCL4Z6b4Z+E4Z6A4oCL4Z6U4Z+S4Z6a4Z6G4Z624Z+G4Z6E4oCL4Z6W4Z6b4Z6A4Z6Y4Z+S4Z6Y4oCL4Z6A4Z674Z6Y4Z624Z6aIOGegeGeveGelOGem+GevuGegOGekeGeuOGfoeGfpg==	SGFwcHkgV29ybGQgRGF5IEFnYWluc3QgQ2hpbGQgTGFib3Vy
f8ec673fb769fcb2c5f62fe6	4Z6R4Z634Z6c4Z624oCL4Z6c4Z6U4Z+S4Z6U4oCL4Z6S4Z6Y4Z+M4oCL4Z6H4Z624Z6P4Z63IOGegeGeveGelOGem+GevuGegOGekeGeuOGfow==	TmF0aW9uYWwgQ3VsdHVyZSBEYXk=
f8ef1a5f6828221598a50191	4Z6W4Z+S4Z6a4Z+H4oCL4Z6a4Z624Z6H4oCL4Z6W4Z634Z6S4Z644oCL4Z6F4Z+S4Z6a4Z6P4Z+L4oCL4Z6W4Z+S4Z6a4Z+H4oCL4Z6T4Z6E4Z+S4Z6C4Z+Q4Z6b	Um95YWwgUGxvdWdoaW5nIENlcmVtb255
f8f2f2e84bec38d53ad79944	4Z6F4Z+B4Z6J4oCL4Z6W4Z+S4Z6a4Z+H4oCL4Z6c4Z6f4Z+S4Z6f4Z62	RW5kaW5nIG9mIEJ1ZGRoaXN0IExlbnQ=
f8f458c1a0f505de8e13817f	4Z6Q4Z+S4Z6E4Z+D4oCL4Z6f4Z+C4Z6T4oCL4Z6K4Z6A4oCL4Z6H4Z6+4Z6E4oCL4Z6S4Z684Z6U	S2l0Y2hlbiBHb2QgRmVzdGl2YWw=
f90f8e6b72678f61cf94a9e3	4Z6A4Z6Y4Z+S4Z6W4Z674Z6H4Z624oCL4Z6F4Z684Z6b4oCL4Z6H4Z624oCL4Z6f4Z6Y4Z624oCL4Z6H4Z634Z6A4oCL4Z6i4Z6E4Z+S4Z6C4oCL4Z6A4Z624Z6a4oCL4Z6f4Z6g4oCL4Z6U4Z+S4Z6a4Z6H4Z624Z6H4Z624Z6P4Z63IOGegeGeveGelOGem+GevuGegOGekeGeuOGfpeGfpw==	Q2FtYm9kaWEgYmVjYW1lIGEgbWVtYmVyIG9mIHRoZSBVbml0ZWQgTmF0aW9ucw==
f9115c7ef605f8f28c691d5b	4Z6A4Z+G4Z6O4Z6+4Z6P4oCL4Z6T4Z6C4Z6a4oCL4Z6U4Z624Z6b4oCL4Z6H4Z624Z6P4Z63IOGegeGeveGelOGem+GevuGegOGekeGeuOGfp+Gfog==	QmlydGggb2YgdGhlIE5hdGlvbmFsIFBvbGljZQ==
f915ed3d338f753decbd8d84	4Z6R4Z634Z6c4Z624Z6a4Z+G4Z6b4Z654Z6A4oCL4Z6B4Z694Z6U4oCL4Z6T4Z+D4oCL4Z6A4Z634Z6F4Z+S4Z6F4Z6W4Z+S4Z6a4Z6Y4Z6W4Z+S4Z6a4Z+A4Z6E4oCL4Z6f4Z6T4Z+S4Z6P4Z634Z6X4Z624Z6W4oCL4Z6R4Z644Z6A4Z+S4Z6a4Z674Z6E4oCL4Z6U4Z+J4Z624Z6a4Z644Z6f	UGFyaXMgUGVhY2UgQWdyZWVtZW50IERheQ==
f92ce6ceaa854358e128c0d1	4Z6W4Z634Z6S4Z644oCL4Z6U4Z674Z6O4Z+S4Z6Z4oCL4Z6v4Z6A4Z6a4Z624Z6H4Z+S4Z6Z4oCL4Z6H4Z624Z6P4Z63IOGegeGeveGelOGem+GevuGegOGekeGeuOGfpuGfpg==	SW5kZXBlbmRlbmNlIERheQ==
f933c6b5a4ebc8cf91ab6417	4Z6R4Z634Z6c4Z624oCL4Z6n4Z6R4Z+S4Z6Z4Z624Z6T4Z674oCL4Z6a4Z6A4Z+S4Z6f4Z6W4Z634Z6X4Z6W4Z6b4Z+E4Z6AIOGegeGeveGelOGem+GevuGegOGekeGeuOGfoeGfog==	V29ybGQgUmFuZ2VyIERheQ==
f9381f53f149a1824e7c954f	4Z6W4Z+S4Z6a4Z+H4oCL4Z6a4Z624Z6H4oCL4Z6W4Z634Z6S4Z644oCL4Z6C4Z+S4Z6a4Z6E4oCL4Z6W4Z+S4Z6a4Z+H4oCL4Z6U4Z6a4Z6Y4oCL4Z6a4Z624Z6H4oCL4Z6f4Z6Y4Z+S4Z6U4Z6P4Z+S4Z6P4Z63IOGeluGfkuGemuGfh+KAi+GegOGemuGeu+GejuGetuKAi+GeluGfkuGemuGfh+KAi+GelOGetuGekeKAi+Gen+GemOGfkuGej+GfgeGeheKAi+GeluGfkuGemuGfh+KAi+GelOGemuGemOGek+GetuGekCDhnpPhnprhn4Thno/hn5Lhno/hnpgg4Z6f4Z644Z6g4Z6Y4Z674Z6T4Z64IOGeluGfkuGemuGfh+KAi+GemOGeoOGetuGegOGfkuGen+Gej+GfkuGemuKAi+Gek+Gfg+KAi+GeluGfkuGemuGfh+GemuGetuGeh+GetuGejuGetuGeheGegOGfkuGemuKAi+GegOGemOGfkuGeluGeu+Geh+Getg==	S2luZydzIENvcm9uYXRpb24gRGF5
f93a388545c123f517449078	4Z6W4Z+S4Z6a4Z+H4oCL4Z6a4Z624Z6H4oCL4Z6W4Z634Z6S4Z644oCL4Z6U4Z674Z6O4Z+S4Z6Z4oCL4Z6F4Z6Y4Z+S4Z6a4Z6+4Z6T4oCL4Z6W4Z+S4Z6a4Z+H4oCL4Z6H4Z6T4Z+S4Z6YIOGeluGfkuGemuGfh+KAi+GegOGemuGeu+GejuGetuKAi+GeluGfkuGemuGfh+KAi+GelOGetuGekeKAi+Gen+GemOGfkuGej+GfgeGeheKAi+GeluGfkuGemuGfh+KAi+GelOGemuGemOKAi+Gek+GetuGekCDhnpPhnprhn4Thno/hn5Lhno/hnpgg4Z6f4Z644Z6g4Z6Y4Z674Z6T4Z64IOGeluGfkuGemuGfh+KAi+GemOGeoOGetuGegOGfkuGen+Gej+GfkuGemuKAi+Gek+Gfg+KAi+GeluGfkuGemuGfh+GemuGetuGeh+GetuGejuGetuGeheGegOGfkuGemuKAi+GegOGemOGfkuGeluGeu+Geh+Getg==	S2luZyBTaWhhbW9uaSdzIEJpcnRoZGF5
f93e35518d70217311a45d4f	4Z6U4Z674Z6O4Z+S4Z6Z4oCL4Z6O4Z684Z6i4Z+C4Z6b	Q2hyaXN0bWFzIERheQ==
f93efc7dee6cb5719d5c1d30	4Z6W4Z634Z6S4Z644oCL4Z6U4Z+G4Z6U4Z694Z6f4oCL4Z6T4Z624Z6C4oCL4Z6B4Z+S4Z6T4Z624Z6T	VGhlIE9yZGFpbmVkIERyYWdvbiBNb25r
f953e8d43fa19514c5625d09	4Z6R4Z634Z6c4Z624oCL4Z6i4Z6A4Z+S4Z6B4Z6a4oCL4Z6A4Z6Y4Z+S4Z6Y4oCL4Z6i4Z6T4Z+S4Z6P4Z6a4oCL4Z6H4Z624Z6P4Z63	SW50ZXJuYXRpb25hbCBMaXRlcmFjeSBEYXk=
f97df05978cd7962d476e648	4Z6R4Z634Z6c4Z624oCL4Z6W4Z634Z6X4Z6W4oCL4Z6b4Z+E4Z6A4oCL4Z6C4Z+S4Z6Y4Z624Z6T4oCL4Z6Q4Z+S4Z6T4Z624Z+G4oCL4Z6H4Z6A4Z+L	V29ybGQgTm8gVG9iYWNjbyBEYXk=
f983a16c19237dcc37c5675f	4Z6R4Z634Z6c4Z624oCL4Z6f4Z674Z6B4oCL4Z6X4Z624Z6W4oCL4Z6W4Z634Z6X4Z6W4oCL4Z6b4Z+E4Z6A	V29ybGQgSGVhbHRoIERheQ==
f98a9ce5bc7c9d5707c859a7	4Z6F4Z684Z6b4oCL4Z6G4Z+S4Z6T4Z624Z+G4oCL4Z6F4Z634Z6T	Q2hpbmVzZSBOZXcgWWVhcg==
f98e91a54daeece501f9dfd9	4Z6U4Z634Z6O4Z+S4Z6MIOGfpw==	QmVuIDc=
f9ca9c42a6ad3fd9298a5fd8	4Z6F4Z684Z6b4oCL4Z6G4Z+S4Z6T4Z624Z+G4oCL4Z6F4Z634Z6T	Q2hpbmVzZSBOZXcgWWVhcg==
f9d8921c1d244484db4657bf	4Z6W4Z+S4Z6a4Z+H4oCL4Z6a4Z624Z6H4oCL4Z6W4Z634Z6S4Z644oCL4Z6U4Z674Z6O4Z+S4Z6Z4oCL4Z6F4Z6Y4Z+S4Z6a4Z6+4Z6T4oCL4Z6W4Z+S4Z6a4Z+H4oCL4Z6H4Z6T4Z+S4Z6YIOGeluGfkuGemuGfh+KAi+GegOGemuGeu+GejuGetuKAi+GeluGfkuGemuGfh+KAi+GelOGetuGekeKAi+Gen+GemOGfkuGej+GfgeGeheKAi+GeluGfkuGemuGfh+KAi+GelOGemuGemOKAi+Gek+GetuGekCDhnpPhnprhn4Thno/hn5Lhno/hnpgg4Z6f4Z644Z6g4Z6Y4Z674Z6T4Z64IOGeluGfkuGemuGfh+KAi+GemOGeoOGetuGegOGfkuGen+Gej+GfkuGemuKAi+Gek+Gfg+KAi+GeluGfkuGemuGfh+GemuGetuGeh+GetuGejuGetuGeheGegOGfkuGemuKAi+GegOGemOGfkuGeluGeu+Geh+Getg==	S2luZyBTaWhhbW9uaSdzIEJpcnRoZGF5
f9d9e8b1c75b4b9d442606e1	4Z6R4Z634Z6c4Z624oCL4Z6W4Z634Z6X4Z6W4oCL4Z6b4Z+E4Z6AIOGeiuGevuGemOGfkuGelOGeuOGen+Geu+GenOGej+GfkuGekOGet+Gel+GetuGeliDhnpPhnrfhnoThnp/hnrvhnoHhnpfhnrbhnpbhnoDhnrbhnprhnoThnrbhnpog4Z6B4Z694Z6U4Z6b4Z6+4Z6A4Z6R4Z644Z+o	V29ybGQgRGF5IGZvciBTYWZldHkgYW5kIEhlYWx0aCBhdCBXb3Jr
f9f8c25b026b26a6b82c676f	4Z6R4Z634Z6c4Z624oCL4Z6c4Z6U4Z+S4Z6U4oCL4Z6S4Z6Y4Z+M4oCL4Z6H4Z624Z6P4Z63IOGegeGeveGelOGem+GevuGegOGekeGeuOGfoeGfqA==	TmF0aW9uYWwgQ3VsdHVyZSBEYXk=
fa13bc6cf3a5caacd97d58ea	4Z6R4Z634Z6c4Z624oCL4Z6U4Z+S4Z6a4Z6A4Z624Z6f4oCL4Z6a4Z6K4Z+S4Z6L4oCL4Z6S4Z6Y4Z+S4Z6Y4Z6T4Z674Z6J4Z+S4Z6JIOGegeGeveGelOGem+GevuGegOGekeGeuOGfpw==	Q29uc3RpdHV0aW9uIERheQ==
fa15bb24df39481615148e8e	4Z6R4Z634Z6c4Z624oCL4Z6f4Z+B4Z6a4Z644oCL4Z6X4Z624Z6W4oCL4Z6f4Z624Z6a4Z6W4Z+Q4Z6P4Z+M4Z6Y4Z624Z6T4oCL4Z6W4Z634Z6X4Z6W4oCL4Z6b4Z+E4Z6AIOGegeGeveGelOGem+GevuGegOGekeGeuOGfo+GfpQ==	V29ybGQgUHJlc3MgRnJlZWRvbSBEYXk=
fa1a65069ab4dab938f29d2a	4Z6R4Z634Z6c4Z624oCL4Z6U4Z+S4Z6a4Z6A4Z624Z6f4oCL4Z6a4Z6K4Z+S4Z6L4oCL4Z6S4Z6Y4Z+S4Z6Y4Z6T4Z674Z6J4Z+S4Z6JIOGegeGeveGelOGem+GevuGegOGekeGeuOGfouGfqA==	Q29uc3RpdHV0aW9uIERheQ==
fa1e71d59b36279dfad4d6e8	4Z6R4Z634Z6c4Z624oCL4Z6W4Z634Z6X4Z6W4oCL4Z6b4Z+E4Z6AIOGeiuGevuGemOGfkuGelOGeuOGen+Geu+GenOGej+GfkuGekOGet+Gel+GetuGeliDhnpPhnrfhnoThnp/hnrvhnoHhnpfhnrbhnpbhnoDhnrbhnprhnoThnrbhnpog4Z6B4Z694Z6U4Z6b4Z6+4Z6A4Z6R4Z644Z+j	V29ybGQgRGF5IGZvciBTYWZldHkgYW5kIEhlYWx0aCBhdCBXb3Jr
fa1ea087a54f4cc175a55729	4Z6R4Z634Z6c4Z624Z6R4Z654Z6AIOGek+Get+GehOGep+Gej+Geu+Gek+Get+GemeGemOGeluGet+Gel+GeluGem+GfhOGegA==	V29ybGQgV2F0ZXIgYW5kIFdvcmxkIE1ldGVvcm9sb2dpY2FsIERheQ==
fa321b95bb7f5566d56f9365	4Z6P4Z+G4Z6U4Z6T4Z+L4oCL4Z6a4Z6Y4Z6O4Z644oCL4Z6K4Z+S4Z6L4Z624Z6T4oCL4Z6i4Z6E4Z+S4Z6C4Z6aIOGej+GfkuGemuGevOGenOKAi+GelOGetuGek+KAi+GeheGeu+Gfh+KAi+GegOGfkuGek+Geu+GehOKAi+GelOGeieGfkuGeh+GeuOKAi+GelOGfgeGej+Get+GegOKAi+Gel+GejuGfkuGejOKAi+GeluGet+Gel+GeluGem+GfhOGegOGemuGelOGen+Gfi+GeouGehOGfkuGeguGegOGetuGemuGemeGevOGejuGfgeGen+GfkuGegOGevCDhnoHhnr3hnpThnpvhnr7hnoDhnpHhnrjhn6Hhn6M=	QW5na29yIHdhcyBpbnNjcmliZWQgb24gdGhlIFVORVNDTyBXb3JsZCBIZXJpdGFnZSBMaXN0
fa353b3fae2044da73447a4d	4Z6U4Z6O4Z+S4Z6O4Z6f4Z624Z6a4oCL4Z6f4Z624Z6a4Z6Y4Z6T4Z+S4Z6R4Z644Z6a4oCL4Z6n4Z6A4Z+S4Z6a4Z634Z6K4Z+S4Z6L4Z6A4Z6Y4Z+S4Z6Y4oCL4Z6U4Z+S4Z6a4Z6b4Z+Q4Z6Z4oCL4Z6W4Z684Z6H4Z6f4Z624Z6f4Z6T4Z+N4oCL4Z6R4Z694Z6b4oCL4Z6f4Z+S4Z6b4Z+C4Z6EIOGej+GfkuGemuGevOGenOKAi+GelOGetuGek+KAi+GeheGeu+Gfh+KAi+GegOGfkuGek+Geu+GehOKAi+GelOGeieGfkuGeh+GeuOKAi+Gen+GfkuGemOGetuGemuGej+GeuOKAi+GeheGehOGeheGetuGfhuKAi+Gek+Gfg+KAi+GeluGet+Gel+GeluKAi+Gem+GfhOGegOKAi+GemuGelOGen+Gfi+KAi+GemeGevOGejuGfgeGen+GfkuGegOGevA==	VGhlIGFyY2hpdmVzIG9mIFR1b2wgU2xlbmcgR2Vub2NpZGUgTXVzZXVtIGFyZSByZWdpc3RlcmVkIGFzIHBhcnQgb2YgdGhlIE1lbW9yeSBvZiB0aGUgV29ybGQgYnkgVU5FU0NP
fa4beec7f538dc3e90d3e251	4Z6R4Z634Z6c4Z624oCL4Z6n4Z6R4Z+S4Z6Z4Z624Z6T4Z674oCL4Z6a4Z6A4Z+S4Z6f4Z6W4Z634Z6X4Z6W4Z6b4Z+E4Z6AIOGegeGeveGelOGem+GevuGegOGekeGeuOGfoQ==	V29ybGQgUmFuZ2VyIERheQ==
fa5d80dbfafe514ad4bb0816	4Z6U4Z634Z6O4Z+S4Z6MIOGfoeGfoA==	QmVuIDEw
fa611c082c33151519d92f2a	4Z6U4Z634Z6O4Z+S4Z6MIOGfqA==	QmVuIDg=
fa73601c52649f1b0d153a4c	4Z6A4Z+G4Z6O4Z6+4Z6P4oCL4Z6T4Z6C4Z6a4oCL4Z6U4Z624Z6b4oCL4Z6H4Z624Z6P4Z63IOGegeGeveGelOGem+GevuGegOGekeGeuOGfpeGfpg==	QmlydGggb2YgdGhlIE5hdGlvbmFsIFBvbGljZQ==
fa76d9a144edb80961e4cc68	4Z6U4Z634Z6O4Z+S4Z6MIOGfpQ==	QmVuIDU=
fa8bb26e9c4e7eaaf2d46a93	4Z6W4Z634Z6S4Z644oCL4Z6U4Z674Z6O4Z+S4Z6Z4oCL4Z6Y4Z624Z6D4Z6U4Z684Z6H4Z62	TWVhayBCb2NoZWE=
fa943d163e2da9ef980c0adf	4Z6U4Z634Z6O4Z+S4Z6MIOGfoeGfow==	QmVuIDEz
fab52ac3ea51cc2917f4458d	4Z6Q4Z+S4Z6E4Z+D4oCL4Z6U4Z674Z6O4Z+S4Z6Z4oCL4Z6T4Z+D4oCL4Z6f4Z+B4Z6F4Z6A4Z+S4Z6P4Z644oCL4Z6f4Z+S4Z6a4Z6b4Z624Z6J4Z+L	VmFsZW50aW5lJ3MgRGF5
fabdb6bc0fd51b6a8ba00f72	4Z6A4Z6Y4Z+S4Z6W4Z674Z6H4Z624oCL4Z6F4Z684Z6b4oCL4Z6H4Z624oCL4Z6f4Z6Y4Z624oCL4Z6H4Z634Z6A4oCL4Z6i4Z6E4Z+S4Z6C4oCL4Z6A4Z624Z6a4oCL4Z6Z4Z684Z6O4Z+B4Z6f4Z+S4Z6A4Z68IOGegeGeveGelOGem+GevuGegOGekeGeuOGfpeGfpA==	Q2FtYm9kaWEgam9pbmVkIFVORVNDTw==
fac0d189ae32ee680c3d3854	4Z6Q4Z+S4Z6E4Z+D4oCL4Z6U4Z674Z6O4Z+S4Z6Z4oCL4Z6T4Z+D4oCL4Z6f4Z+B4Z6F4Z6A4Z+S4Z6P4Z644oCL4Z6f4Z+S4Z6a4Z6b4Z624Z6J4Z+L	VmFsZW50aW5lJ3MgRGF5
faca80dd6b603dcc0cca6d5e	4Z6R4Z634Z6c4Z624oCL4Z6U4Z+S4Z6a4Z6A4Z624Z6f4oCL4Z6a4Z6K4Z+S4Z6L4oCL4Z6S4Z6Y4Z+S4Z6Y4Z6T4Z674Z6J4Z+S4Z6JIOGegeGeveGelOGem+GevuGegOGekeGeuOGfouGfoA==	Q29uc3RpdHV0aW9uIERheQ==
faf7fc332fc0f0923e426b25	4Z6R4Z634Z6c4Z624oCL4Z6f4Z+B4Z6a4Z644oCL4Z6X4Z624Z6W4oCL4Z6f4Z624Z6a4Z6W4Z+Q4Z6P4Z+M4Z6Y4Z624Z6T4oCL4Z6W4Z634Z6X4Z6W4oCL4Z6b4Z+E4Z6AIOGegeGeveGelOGem+GevuGegOGekeGeuOGfoeGfpQ==	V29ybGQgUHJlc3MgRnJlZWRvbSBEYXk=
fb14cfc8e0f580401eea9720	4Z6R4Z634Z6c4Z624oCL4Z6f4Z+B4Z6a4Z644oCL4Z6X4Z624Z6W4oCL4Z6f4Z624Z6a4Z6W4Z+Q4Z6P4Z+M4Z6Y4Z624Z6T4oCL4Z6W4Z634Z6X4Z6W4oCL4Z6b4Z+E4Z6AIOGegeGeveGelOGem+GevuGegOGekeGeuOGfoeGfqA==	V29ybGQgUHJlc3MgRnJlZWRvbSBEYXk=
fb1e40cc10d96f5fd89c4be6	4Z6Q4Z+S4Z6E4Z+D4oCL4Z6f4Z+C4Z6T4oCL4Z6F4Z684Z6b4oCL4Z6G4Z+S4Z6T4Z624Z+G4oCL4Z6F4Z634Z6T	Q2hpbmVzZSBOZXcgWWVhcidzIEV2ZQ==
fb21380485101f42fd029a57	4Z6Q4Z+S4Z6E4Z+D4oCL4Z6f4Z+C4Z6T4oCL4Z6F4Z684Z6b4oCL4Z6G4Z+S4Z6T4Z624Z+G4oCL4Z6F4Z634Z6T	Q2hpbmVzZSBOZXcgWWVhcidzIEV2ZQ==
fb492cd916ae215cf22dc340	4Z6f4Z+C4Z6T4Z6T4Z+G4Z6i4Z+K4Z64	V2ludGVyIFNvbHN0aWNlIEZlc3RpdmFs
fb526e27703864c73900eab1	4Z6W4Z634Z6S4Z644oCL4Z6U4Z674Z6O4Z+S4Z6Z4oCL4Z6X4Z+S4Z6H4Z674Z+G4oCL4Z6U4Z634Z6O4Z+S4Z6M	UGNodW0gQmVuIEZlc3RpdmFs
fb5c45180cd510f16524377f	4Z6R4Z634Z6c4Z624oCL4Z6f4Z634Z6R4Z+S4Z6S4Z634oCL4Z6Y4Z6T4Z674Z6f4Z+S4Z6f4oCL4Z6i4Z6T4Z+S4Z6P4Z6a4Z6H4Z624Z6P4Z63IOGegeGeveGelOGem+GevuGegOGekeGeuOGfp+GfqQ==	SW50ZXJuYXRpb25hbCBIdW1hbiBSaWdodHMgRGF5
fb5dfdfbcd88e2afbd3a4c92	4Z6R4Z634Z6c4Z624oCL4Z6i4Z6T4Z+S4Z6P4Z6a4oCL4Z6H4Z624Z6P4Z634oCL4Z6U4Z+S4Z6a4Z6Z4Z674Z6R4Z+S4Z6S4oCL4Z6U4Z+S4Z6a4Z6G4Z624Z+G4Z6E4oCL4Z6C4Z+S4Z6a4Z6/4Z6E4oCL4Z6J4Z+A4Z6T	SW50ZXJuYXRpb25hbCBEYXkgQWdhaW5zdCBEcnVnIEFidXNlIGFuZCBJbGxpY2l0IFRyYWZmaWNraW5n
fb6331df1ff85481dbb348a2	4Z6R4Z634Z6c4Z624oCL4Z6W4Z634Z6X4Z6W4oCL4Z6b4Z+E4Z6A4oCL4Z6C4Z+S4Z6Y4Z624Z6T4oCL4Z6Q4Z+S4Z6T4Z624Z+G4oCL4Z6H4Z6A4Z+L	V29ybGQgTm8gVG9iYWNjbyBEYXk=
fb772d12d2645a503a3709ee	4Z6R4Z634Z6c4Z624oCL4Z6U4Z644Z6P4Z62	RmF0aGVyJ3MgRGF5
fb84342a92c21335575a09ca	4Z6R4Z634Z6c4Z624oCL4Z6Y4Z6F4Z+S4Z6G4Z624oCL4Z6H4Z624Z6P4Z63	TmF0aW9uYWwgRmlzaCBEYXk=
fb85980aa2213cbeddcd1d9e	4Z6R4Z634Z6c4Z624oCL4Z6W4Z634Z6X4Z6W4oCL4Z6b4Z+E4Z6AIOGeiuGevuGemOGfkuGelOGeuOGen+Geu+GenOGej+GfkuGekOGet+Gel+GetuGeliDhnpPhnrfhnoThnp/hnrvhnoHhnpfhnrbhnpbhnoDhnrbhnprhnoThnrbhnpog4Z6B4Z694Z6U4Z6b4Z6+4Z6A4Z6R4Z644Z+i4Z+h	V29ybGQgRGF5IGZvciBTYWZldHkgYW5kIEhlYWx0aCBhdCBXb3Jr
fb94daf42051243d0dbfd330	4Z6R4Z634Z6c4Z624oCL4Z6T4Z6Z4Z+E4Z6U4Z624Z6Z4oCL4Z6R4Z654Z6A	V2F0ZXIgUG9saWN5IERheQ==
fba993c6cba037bae3bef2f7	4Z6R4Z634Z6c4Z624oCL4Z6U4Z+S4Z6a4Z6A4Z624Z6f4oCL4Z6a4Z6K4Z+S4Z6L4oCL4Z6S4Z6Y4Z+S4Z6Y4Z6T4Z674Z6J4Z+S4Z6JIOGegeGeveGelOGem+GevuGegOGekeGeuOGfouGfpw==	Q29uc3RpdHV0aW9uIERheQ==
fbd6702db384c9ce8c8f2c1c	4Z6R4Z634Z6c4Z624oCL4Z6W4Z634Z6X4Z6W4oCL4Z6b4Z+E4Z6A4oCL4Z6U4Z+S4Z6a4Z6Z4Z674Z6R4Z+S4Z6S4oCL4Z6U4Z+S4Z6a4Z6G4Z624Z+G4Z6E4oCL4Z6T4Z654Z6E4oCL4Z6H4Z+G4Z6E4Z664oCL4Z6i4Z+B4Z6K4Z6f4Z+N	V29ybGQgQUlEUyBEYXk=
fbdd2017b48012ed690c4247	4Z6W4Z634Z6S4Z644oCL4Z6f4Z634Z6P4oCL4Z6R4Z+A4Z6T4oCL4Z6W4Z+S4Z6a4Z+H4oCL4Z6c4Z6f4Z+S4Z6f4Z62	QnVkZGhpc3QgTGVudCBDYW5kbGVzIE1ha2luZyBEYXk=
fbed969bbc7208c9d32a2aff	4Z6R4Z634Z6c4Z624oCL4Z6W4Z6b4Z6A4Z6Y4Z+S4Z6Y4oCL4Z6i4Z6T4Z+S4Z6P4Z6a4Z6H4Z624Z6P4Z63IOGegeGeveGelOGem+GevuGegOGekeGeuOGfoeGfo+GfpA==	SW50ZXJuYXRpb25hbCBMYWJvciBEYXk=
fc02c72a6ec9feda46b03a53	4Z6R4Z634Z6c4Z624oCL4Z6H4Z624Z6P4Z634oCL4Z6T4Z+D4oCL4Z6A4Z624Z6a4oCL4Z6F4Z6E4oCL4Z6F4Z624Z+G	TmF0aW9uYWwgRGF5IG9mIFJlbWVtYnJhbmNl
fc17e66ed167b67e3bb5f0f5	4Z6R4Z634Z6c4Z624oCL4oCL4Z6U4Z+S4Z6a4Z6H4Z624Z6H4Z6T4Z6H4Z624Z6P4Z63IOGek+Get+GehOKAi+KAi+GelOGfkuGemuGeh+GetuGeh+Gek+KAi+GeluGet+Gel+GeluKAi+Gem+GfhOGegA==	TmF0aW9uYWwgUG9wdWxhdGlvbiBEYXkgYW5kIFdvcmxkIFBvcHVsYXRpb24gRGF5
fc19a42b48378d9435175d8a	4Z6U4Z634Z6O4Z+S4Z6MIOGfoeGfog==	QmVuIDEy
fc323a565d09fcff481f17a4	4Z6R4Z634Z6c4Z624oCL4Z6Y4Z6F4Z+S4Z6G4Z624oCL4Z6H4Z624Z6P4Z63	TmF0aW9uYWwgRmlzaCBEYXk=
fc32c012d2d6b1eadeefecaf	4Z6R4Z634Z6c4Z624oCL4Z6U4Z644Z6P4Z62	RmF0aGVyJ3MgRGF5
fc3c116f8161c182fb1aba10	4Z6b4Z+S4Z6U4Z+C4Z6E4oCL4Z6R4Z624Z6J4oCL4Z6W4Z+S4Z6a4Z+Q4Z6P4Z+S4Z6aIOGej+GfkuGemuGevOGenOKAi+GelOGetuGek+KAi+GeheGeu+Gfh+KAi+GegOGfkuGek+Geu+GehOKAi+GelOGeieGfkuGeh+GeuOKAi+GelOGfgeGej+Get+GegOKAi+Gel+GejuGfkuGejOKAi+GenOGelOGfkuGelOGekuGemOGfjOGeouGemuGevOGelOGeuOGek+Gfg+GemOGek+Geu+Gen+GfkuGen+Geh+GetuGej+GetyDhnoHhnr3hnpThnpvhnr7hnoDhnpHhnrjhn6Hhn6A=	VHVnIG9mIFdhciBpbnNjcmliZWQgb24gdGhlIFJlcHJlc2VudGF0aXZlIExpc3Qgb2YgdGhlIEludGFuZ2libGUgQ3VsdHVyYWwgSGVyaXRhZ2Ugb2YgSHVtYW5pdHk=
fc46480b43403df977b31a29	4Z6R4Z634Z6c4Z624oCL4Z6T4Z624Z6a4Z644oCL4Z6i4Z6T4Z+S4Z6P4Z6a4Z6H4Z624Z6P4Z63IOGegeGeveGelOGem+GevuGegOGekeGeuOGfoeGfoOGfog==	SW50ZXJuYXRpb25hbCBXb21lbidzIERheQ==
fc4e9aa8fe7052ddd61e2fc7	4Z6R4Z634Z6c4Z624oCL4oCL4Z6U4Z+S4Z6a4Z6H4Z624Z6H4Z6T4Z6H4Z624Z6P4Z63IOGek+Get+GehOKAi+KAi+GelOGfkuGemuGeh+GetuGeh+Gek+KAi+GeluGet+Gel+GeluKAi+Gem+GfhOGegA==	TmF0aW9uYWwgUG9wdWxhdGlvbiBEYXkgYW5kIFdvcmxkIFBvcHVsYXRpb24gRGF5
fc620c7fa57fb94964ce4b23	4Z6R4Z634Z6c4Z624oCL4Z6T4Z624Z6a4Z644oCL4Z6i4Z6T4Z+S4Z6P4Z6a4Z6H4Z624Z6P4Z63IOGegeGeveGelOGem+GevuGegOGekeGeuOGfqeGfqA==	SW50ZXJuYXRpb25hbCBXb21lbidzIERheQ==
fc73ebff5c3a3e2b220e2513	4Z6P4Z674Z6b4Z624oCL4Z6A4Z624Z6a4oCL4Z6Z4Z674Z6P4Z+S4Z6P4Z634oCL4Z6S4Z6Y4Z+M4oCL4Z6i4Z6T4Z+S4Z6P4Z6a4oCL4Z6H4Z624Z6P4Z634oCL4Z6A4Z+S4Z6a4Z674Z6E4oCL4Z6h4Z624oCL4Z6i4Z+BIOGen+GemOGfkuGemuGfgeGeheKAi+GeseGfkuGemeKAi+GegOGemOGfkuGeluGeu+Geh+GetuGeh+GetuGemOGfkuGeheGetuGen+Gfi+GegOGemOGfkuGemOGen+Get+GekeGfkuGekuGetyDhnpvhnr7hnpThn5Lhnprhnrbhnp/hnrbhnpHhnpbhn5Lhnprhn4fhnpzhnrfhnqDhnrbhnpog4Z6B4Z694Z6U4Z6b4Z6+4Z6A4Z6R4Z644Z+j4Z+p	SW50ZXJuYXRpb25hbCBDb3VydCBvZiBKdXN0aWNlIGluIFRoZSBIYWd1ZSBkZWNsYXJlZCBDYW1ib2RpYSBpcyB0aGUgb3duZXIgb2YgdGhlIFByZWFoIFZpaGVhciBUZW1wbGU=
fc74a86b69e32da371bd4a8d	4Z6R4Z634Z6c4Z624oCL4Z6f4Z6T4Z+S4Z6P4Z634oCL4Z6X4Z624Z6W4oCL4Z6i4Z6T4Z+S4Z6P4Z6a4oCL4Z6H4Z624Z6P4Z63	SW50ZXJuYXRpb25hbCBEYXkgb2YgUGVhY2U=
fc842780a8724215748f27d5	4Z6U4Z634Z6O4Z+S4Z6MIOGfpA==	QmVuIDQ=
fc958506666852f591d5e57c	4Z6W4Z+S4Z6a4Z+H4oCL4Z6a4Z624Z6H4oCL4Z6W4Z634Z6S4Z644oCL4Z6U4Z674Z6O4Z+S4Z6Z4oCL4Z6F4Z6Y4Z+S4Z6a4Z6+4Z6T4oCL4Z6W4Z+S4Z6a4Z+H4oCL4Z6H4Z6T4Z+S4Z6YIOGen+GemOGfkuGej+GfgeGeheKAi+GeluGfkuGemuGfh+KAi+GemOGeoOGetuGegOGfkuGen+Gej+GfkuGemuGeuCDhnpPhnprhn4Thno/hn5Lhno/hnpgg4Z6Y4Z674Z6T4Z634Z6T4Z624Z6QIOGen+GeuOGeoOGek+GeuyDhnpbhn5Lhnprhn4figIvhnpzhnprhnprhnrbhnofigIvhnpjhnrbhno/hnrbigIvhnofhnrbhno/hnrfigIvhnoHhn5Lhnpjhn4Lhnpog4Z6A4Z+S4Z6T4Z674Z6E4oCL4Z6f4Z+B4Z6a4Z644Z6X4Z624Z6WIOGen+GfgeGeheGegOGfkuGej+GeuOGekOGfkuGem+Gfg+GekOGfkuGek+GevOGemiDhnpPhnrfhnoTigIvhnp/hnrvhnpfhnpjhnoThn5LhnoLhnps=	UXVlZW4gTW90aGVyJ3MgQmlydGhkYXk=
fcbf17b8668f3f95e2210a91	4Z6F4Z+B4Z6J4oCL4Z6W4Z+S4Z6a4Z+H4oCL4Z6c4Z6f4Z+S4Z6f4Z62	RW5kaW5nIG9mIEJ1ZGRoaXN0IExlbnQ=
fcccc7a9cf4145d2803b8807	4Z6R4Z634Z6c4Z624oCL4Z6Z4Z674Z6c4Z6H4Z6T4oCL4Z6i4Z6T4Z+S4Z6P4Z6a4oCL4Z6H4Z624Z6P4Z63	SW50ZXJuYXRpb25hbCBZb3V0aCBEYXk=
fce2987081d118205816e801	4Z6U4Z634Z6O4Z+S4Z6MIOGfoeGfog==	QmVuIDEy
fd027999ffb7f7018e11c65c	4Z6R4Z634Z6c4Z624oCL4Z6W4Z634Z6X4Z6W4oCL4Z6b4Z+E4Z6A4oCL4Z6A4Z624Z6A4oCL4Z6U4Z624Z6R4oCL4Z6A4Z+S4Z6a4Z6g4Z6YIOGek+Get+GehOKAi+GeouGejOGfkuGejeGeheGek+GfkuGekeGegOGfkuGemuGeoOGemA==	V29ybGQgUmVkIENyb3NzIGFuZCBSZWQgQ3Jlc2NlbnQgRGF5
fd076e7f13d87be82485617f	4Z6W4Z+S4Z6a4Z+H4oCL4Z6a4Z624Z6H4oCL4Z6W4Z634Z6S4Z644oCL4Z6U4Z674Z6O4Z+S4Z6Z4oCL4Z6F4Z6Y4Z+S4Z6a4Z6+4Z6T4oCL4Z6W4Z+S4Z6a4Z+H4oCL4Z6H4Z6T4Z+S4Z6YIOGeluGfkuGemuGfh+KAi+GegOGemuGeu+GejuGetuKAi+GeluGfkuGemuGfh+KAi+GelOGetuGekeKAi+Gen+GemOGfkuGej+GfgeGeheKAi+GeluGfkuGemuGfh+KAi+GelOGemuGemOKAi+Gek+GetuGekCDhnpPhnprhn4Thno/hn5Lhno/hnpgg4Z6f4Z644Z6g4Z6Y4Z674Z6T4Z64IOGeluGfkuGemuGfh+KAi+GemOGeoOGetuGegOGfkuGen+Gej+GfkuGemuKAi+Gek+Gfg+KAi+GeluGfkuGemuGfh+GemuGetuGeh+GetuGejuGetuGeheGegOGfkuGemuKAi+GegOGemOGfkuGeluGeu+Geh+Getg==	S2luZyBTaWhhbW9uaSdzIEJpcnRoZGF5
fd0c6c2aaf863d7a5c590a4b	4Z6R4Z634Z6c4Z624oCL4Z6U4Z644Z6P4Z62	RmF0aGVyJ3MgRGF5
fd45be3fb26982c267999806	4Z6U4Z634Z6O4Z+S4Z6MIOGfpQ==	QmVuIDU=
fd59cf720198b814c76525e1	4Z6R4Z634Z6c4Z624oCL4Z6f4Z674Z6B4oCL4Z6X4Z624Z6W4oCL4Z6W4Z634Z6X4Z6W4oCL4Z6b4Z+E4Z6A	V29ybGQgSGVhbHRoIERheQ==
fd5a73551a399b720ba825d5	4Z6R4Z634Z6c4Z624oCL4Z6f4Z6T4Z+S4Z6P4Z634oCL4Z6X4Z624Z6W4oCL4Z6i4Z6T4Z+S4Z6P4Z6a4oCL4Z6H4Z624Z6P4Z63	SW50ZXJuYXRpb25hbCBEYXkgb2YgUGVhY2U=
fd5cdfc19ac9cf19f26e8935	4Z6R4Z634Z6c4Z624oCL4Z6H4Z624Z6P4Z634oCL4Z6f4Z674Z6B4Z6X4Z624Z6W4oCL4Z6Y4Z624Z6P4Z62IOGekeGetuGemuGegCDhnpPhnrfhnoTigIvhnoDhnrvhnpjhnrbhnpo=	TmF0aW9uYWwgRGF5IG9uIE1hdGVybmFsLCBOZXdib3JuIGFuZCBDaGlsZCBIZWFsdGg=
fd851550075c3766d549b033	4Z6W4Z+S4Z6a4Z+H4oCL4Z6a4Z624Z6H4oCL4Z6W4Z634Z6S4Z644oCL4Z6U4Z674Z6O4Z+S4Z6Z4oCL4Z6i4Z674Z+G4oCL4Z6R4Z684Z6AIOGelOGejuGfkuGeiuGfguGej+KAi+GelOGfkuGemuGekeGeuOGelCDhnpPhnrfhnoTigIvhnp/hn4bhnpbhn4figIvhnpbhn5Lhnprhn4figIvhnoHhn4Ig4Z6i4Z6A4Z6i4Z+G4Z6U4Z674Z6A	V2F0ZXIgRmVzdGl2YWw=
fd937cf7d2acd7f3f4063b25	4Z6R4Z634Z6c4Z624oCL4Z6H4Z624Z6P4Z634oCL4Z6T4Z+D4oCL4Z6A4Z624Z6a4oCL4Z6F4Z6E4oCL4Z6F4Z624Z+G	TmF0aW9uYWwgRGF5IG9mIFJlbWVtYnJhbmNl
fda1eabe3ba94b6852e226b9	4Z6W4Z+S4Z6a4Z+H4oCL4Z6a4Z624Z6H4oCL4Z6W4Z634Z6S4Z644oCL4Z6F4Z+S4Z6a4Z6P4Z+L4oCL4Z6W4Z+S4Z6a4Z+H4oCL4Z6T4Z6E4Z+S4Z6C4Z+Q4Z6b	Um95YWwgUGxvdWdoaW5nIENlcmVtb255
fdbe955cc800cbe2e8cbccee	4Z6R4Z634Z6c4Z624oCL4Z6i4Z6T4Z+S4Z6P4Z6a4oCL4Z6H4Z624Z6P4Z634oCL4Z6U4Z+S4Z6a4Z6Z4Z674Z6R4Z+S4Z6S4oCL4Z6U4Z+S4Z6a4Z6G4Z624Z+G4Z6E4oCL4Z6C4Z+S4Z6a4Z6/4Z6E4oCL4Z6J4Z+A4Z6T	SW50ZXJuYXRpb25hbCBEYXkgQWdhaW5zdCBEcnVnIEFidXNlIGFuZCBJbGxpY2l0IFRyYWZmaWNraW5n
fdc1fe81f894379e74de523c	4Z6R4Z634Z6c4Z624oCL4Z6H4Z624Z6P4Z634oCL4Z6i4Z+S4Z6T4Z6A4oCL4Z6T4Z634Z6W4Z6T4Z+S4Z6S	TmF0aW9uYWwgQXV0aG9ycycgRGF5
fdc5f9a6234c6018c96e5bda	4Z6R4Z634Z6c4Z624oCL4Z6f4Z634Z6R4Z+S4Z6S4Z634oCL4Z6Y4Z6T4Z674Z6f4Z+S4Z6f4oCL4Z6i4Z6T4Z+S4Z6P4Z6a4Z6H4Z624Z6P4Z63IOGegeGeveGelOGem+GevuGegOGekeGeuOGfp+Gfog==	SW50ZXJuYXRpb25hbCBIdW1hbiBSaWdodHMgRGF5
fe256de68f024559302527ad	4Z6W4Z+S4Z6a4Z+H4oCL4Z6a4Z624Z6H4oCL4Z6W4Z634Z6S4Z644oCL4Z6C4Z+S4Z6a4Z6E4oCL4Z6W4Z+S4Z6a4Z+H4oCL4Z6U4Z6a4Z6Y4oCL4Z6a4Z624Z6H4oCL4Z6f4Z6Y4Z+S4Z6U4Z6P4Z+S4Z6P4Z63IOGeluGfkuGemuGfh+KAi+GegOGemuGeu+GejuGetuKAi+GeluGfkuGemuGfh+KAi+GelOGetuGekeKAi+Gen+GemOGfkuGej+GfgeGeheKAi+GeluGfkuGemuGfh+KAi+GelOGemuGemOGek+GetuGekCDhnpPhnprhn4Thno/hn5Lhno/hnpgg4Z6f4Z644Z6g4Z6Y4Z674Z6T4Z64IOGeluGfkuGemuGfh+KAi+GemOGeoOGetuGegOGfkuGen+Gej+GfkuGemuKAi+Gek+Gfg+KAi+GeluGfkuGemuGfh+GemuGetuGeh+GetuGejuGetuGeheGegOGfkuGemuKAi+GegOGemOGfkuGeluGeu+Geh+Getg==	S2luZydzIENvcm9uYXRpb24gRGF5
fe314ed16e1d6503fd4e18c2	4Z6A4Z6Y4Z+S4Z6W4Z674Z6H4Z624oCL4Z6F4Z684Z6b4oCL4Z6H4Z624oCL4Z6f4Z6Y4Z624oCL4Z6H4Z634Z6A4oCL4Z6i4Z6E4Z+S4Z6C4oCL4Z6A4Z624Z6a4oCL4Z6Z4Z684Z6O4Z+B4Z6f4Z+S4Z6A4Z68IOGegeGeveGelOGem+GevuGegOGekeGeuOGfpuGfpQ==	Q2FtYm9kaWEgam9pbmVkIFVORVNDTw==
fe3b2e4dc0d45b8afeea820a	4Z6R4Z634Z6c4Z624oCL4Z6n4Z6R4Z+S4Z6Z4Z624Z6T4Z674oCL4Z6a4Z6A4Z+S4Z6f4Z6W4Z634Z6X4Z6W4Z6b4Z+E4Z6AIOGegeGeveGelOGem+GevuGegOGekeGeuOGfog==	V29ybGQgUmFuZ2VyIERheQ==
fe44c19402b4ae82c6709606	4Z6f4Z+C4Z6T4oCL4Z6A4Z+S4Z6U4Z624Z6b4oCL4Z6R4Z654Z6A	R2hvc3QgRmVzdGl2YWw=
fe4757e51da87e1e4c21a37d	4Z6Q4Z+S4Z6E4Z+D4oCL4Z6f4Z+C4Z6T4oCL4Z6F4Z684Z6b4oCL4Z6G4Z+S4Z6T4Z624Z+G4oCL4Z6F4Z634Z6T	Q2hpbmVzZSBOZXcgWWVhcidzIEV2ZQ==
fe66880942811646a051ecbe	4Z6A4Z6Y4Z+S4Z6W4Z674Z6H4Z624oCL4Z6F4Z684Z6b4oCL4Z6H4Z624oCL4Z6f4Z6Y4Z624oCL4Z6H4Z634Z6A4oCL4Z6i4Z6E4Z+S4Z6C4oCL4Z6A4Z624Z6a4oCL4Z6f4Z6g4oCL4Z6U4Z+S4Z6a4Z6H4Z624Z6H4Z624Z6P4Z63IOGegeGeveGelOGem+GevuGegOGekeGeuOGfpeGfoQ==	Q2FtYm9kaWEgYmVjYW1lIGEgbWVtYmVyIG9mIHRoZSBVbml0ZWQgTmF0aW9ucw==
fe6aca7035d7e5cf4d732e6c	4Z6W4Z634Z6S4Z644oCL4Z6U4Z674Z6O4Z+S4Z6Z4oCL4Z6Y4Z624Z6D4Z6U4Z684Z6H4Z62	TWVhayBCb2NoZWE=
fead68562c74f5c08364eb0a	4Z6W4Z+S4Z6a4Z+H4oCL4Z6a4Z624Z6H4oCL4Z6W4Z634Z6S4Z644oCL4Z6U4Z674Z6O4Z+S4Z6Z4oCL4Z6i4Z674Z+G4oCL4Z6R4Z684Z6AIOGelOGejuGfkuGeiuGfguGej+KAi+GelOGfkuGemuGekeGeuOGelCDhnpPhnrfhnoTigIvhnp/hn4bhnpbhn4figIvhnpbhn5Lhnprhn4figIvhnoHhn4Ig4Z6i4Z6A4Z6i4Z+G4Z6U4Z674Z6A	V2F0ZXIgRmVzdGl2YWw=
feb72d754d21ee59b8549a48	4Z6W4Z634Z6S4Z644oCL4Z6U4Z674Z6O4Z+S4Z6Z4oCL4Z6F4Z684Z6b4oCL4Z6G4Z+S4Z6T4Z624Z+G4oCL4Z6Q4Z+S4Z6Y4Z64IOGelOGfkuGemuGeluGfg+GejuGeuOKAi+Geh+GetuGej+GetyAtIOGemOGeoOGetuKAi+Gen+GehOGfkuGegOGfkuGemuGetuGek+GfkuGejyDhnpjhn4nhn4ThnoQg4Z+g4Z+mOuGfpOGfqCBBTQ==	S2htZXIgTmV3IFllYXIgLSBNb2hhIFNhbmtyYW50YSBhdCAwNjo0OCBBTQ==
fef5023877a9d3d9eb9e1cd8	4Z6W4Z634Z6S4Z644oCL4Z6U4Z674Z6O4Z+S4Z6Z4oCL4Z6X4Z+S4Z6H4Z674Z+G4oCL4Z6U4Z634Z6O4Z+S4Z6M	UGNodW0gQmVuIEZlc3RpdmFs
fef7f2306acd77b169ae1fd3	4Z6W4Z634Z6S4Z644oCL4Z6U4Z674Z6O4Z+S4Z6Z4oCL4Z6F4Z684Z6b4oCL4Z6G4Z+S4Z6T4Z624Z+G4oCL4Z6Q4Z+S4Z6Y4Z64IOGelOGfkuGemuGeluGfg+GejuGeuOKAi+Geh+GetuGej+GetyAtIOGemOGeoOGetuKAi+Gen+GehOGfkuGegOGfkuGemuGetuGek+GfkuGejyDhnpjhn4nhn4ThnoQg4Z+g4Z+oOuGfoOGfoCBQTQ==	S2htZXIgTmV3IFllYXIgLSBNb2hhIFNhbmtyYW50YSBhdCAwODowMCBQTQ==
ff0598dd1563132757ad7109	4Z6f4Z+C4Z6T4oCL4Z6T4Z+G4oCL4Z6F4Z624Z+G4Z6E	U3RpY2t5IFJpY2UgRHVtcGxpbmdzIChab25nemkp
ff1795975a75da0969fd407a	4Z6R4Z634Z6c4Z624Z6a4Z+G4Z6b4Z654Z6A4oCL4Z6B4Z694Z6U4oCL4Z6T4Z+D4oCL4Z6A4Z634Z6F4Z+S4Z6F4Z6W4Z+S4Z6a4Z6Y4Z6W4Z+S4Z6a4Z+A4Z6E4oCL4Z6f4Z6T4Z+S4Z6P4Z634Z6X4Z624Z6W4oCL4Z6R4Z644Z6A4Z+S4Z6a4Z674Z6E4oCL4Z6U4Z+J4Z624Z6a4Z644Z6f	UGFyaXMgUGVhY2UgQWdyZWVtZW50IERheQ==
ff316d8334f6e1bb9bec77d0	4Z6W4Z+S4Z6a4Z+H4oCL4Z6a4Z624Z6H4oCL4Z6W4Z634Z6S4Z644oCL4Z6U4Z674Z6O4Z+S4Z6Z4oCL4Z6F4Z6Y4Z+S4Z6a4Z6+4Z6T4oCL4Z6W4Z+S4Z6a4Z+H4oCL4Z6H4Z6T4Z+S4Z6YIOGeluGfkuGemuGfh+KAi+GegOGemuGeu+GejuGetuKAi+GeluGfkuGemuGfh+KAi+GelOGetuGekeKAi+Gen+GemOGfkuGej+GfgeGeheKAi+GeluGfkuGemuGfh+KAi+GelOGemuGemOKAi+Gek+GetuGekCDhnpPhnprhn4Thno/hn5Lhno/hnpgg4Z6f4Z644Z6g4Z6Y4Z674Z6T4Z64IOGeluGfkuGemuGfh+KAi+GemOGeoOGetuGegOGfkuGen+Gej+GfkuGemuKAi+Gek+Gfg+KAi+GeluGfkuGemuGfh+GemuGetuGeh+GetuGejuGetuGeheGegOGfkuGemuKAi+GegOGemOGfkuGeluGeu+Geh+Getg==	S2luZyBTaWhhbW9uaSdzIEJpcnRoZGF5
ff39f522e02aff9191eb4409	4Z6R4Z634Z6c4Z624oCL4Z6W4Z634Z6X4Z6W4oCL4Z6b4Z+E4Z6A4oCL4Z6C4Z+S4Z6Y4Z624Z6T4oCL4Z6Q4Z+S4Z6T4Z624Z+G4oCL4Z6H4Z6A4Z+L	V29ybGQgTm8gVG9iYWNjbyBEYXk=
ff400d3cb245ca877ca66291	4Z6W4Z+S4Z6a4Z+H4oCL4Z6a4Z624Z6H4oCL4Z6W4Z634Z6S4Z644oCL4Z6F4Z+S4Z6a4Z6P4Z+L4oCL4Z6W4Z+S4Z6a4Z+H4oCL4Z6T4Z6E4Z+S4Z6C4Z+Q4Z6b	Um95YWwgUGxvdWdoaW5nIENlcmVtb255
ff510ff3b16a1144fa2da56e	4Z6R4Z634Z6c4Z624oCL4Z6T4Z6Z4Z+E4Z6U4Z624Z6Z4oCL4Z6R4Z654Z6A	V2F0ZXIgUG9saWN5IERheQ==
ff723bd590598e888621e83e	4Z6f4Z+C4Z6T4Z6T4Z+G4Z6i4Z+K4Z64	V2ludGVyIFNvbHN0aWNlIEZlc3RpdmFs
ff907f9d9228eb8ecc9de0a7	4Z6U4Z634Z6O4Z+S4Z6MIOGfqQ==	QmVuIDk=
ff948016555a2870baae9f38	4Z6R4Z634Z6c4Z624oCL4Z6U4Z6a4Z634oCL4Z6f4Z+S4Z6Q4Z624Z6T4oCL4Z6H4Z624Z6P4Z63IOGek+Get+GehOKAi+GelOGemuGet+KAi+Gen+GfkuGekOGetuGek+KAi+GeluGet+Gel+GeluKAi+Gem+GfhOGegCDhnoHhnr3hnpThnpvhnr7hnoDhnpHhnrjhn6Hhn6A=	TmF0aW9uYWwgYW5kIFdvcmxkIEVudmlyb25tZW50IERheQ==
ff9987369e2bfb6c949e150f	4Z6g4Z+C4oCL4Z6i4Z+S4Z6T4Z6A4oCL4Z6P4Z624oCL4Z6F4Z634Z6T	U3Bpcml0IFBhcmFkZQ==
ffb094c4347b88e4e78f5a3c	4Z6R4Z634Z6c4Z624oCL4Z6W4Z634Z6X4Z6W4oCL4Z6b4Z+E4Z6AIOGeiuGevuGemOGfkuGelOGeuOGen+Geu+GenOGej+GfkuGekOGet+Gel+GetuGeliDhnpPhnrfhnoThnp/hnrvhnoHhnpfhnrbhnpbhnoDhnrbhnprhnoThnrbhnpog4Z6B4Z694Z6U4Z6b4Z6+4Z6A4Z6R4Z644Z+i4Z+l	V29ybGQgRGF5IGZvciBTYWZldHkgYW5kIEhlYWx0aCBhdCBXb3Jr
ffc3811abf8ddce53d6564a9	4Z6U4Z674Z6O4Z+S4Z6Z4oCL4Z6O4Z684Z6i4Z+C4Z6b	Q2hyaXN0bWFzIERheQ==
ffccb7f56bf621843c4f6bfc	4Z6Q4Z+S4Z6E4Z+D4oCL4Z6f4Z+C4Z6T4oCL4Z6K4Z6A4oCL4Z6H4Z6+4Z6E4oCL4Z6S4Z684Z6U	S2l0Y2hlbiBHb2QgRmVzdGl2YWw=
ffdc5406f5dbd1131c95e7b3	4Z6W4Z+S4Z6a4Z+H4oCL4Z6a4Z624Z6H4oCL4Z6W4Z634Z6S4Z644oCL4Z6U4Z674Z6O4Z+S4Z6Z4oCL4Z6F4Z6Y4Z+S4Z6a4Z6+4Z6T4oCL4Z6W4Z+S4Z6a4Z+H4oCL4Z6H4Z6T4Z+S4Z6YIOGeluGfkuGemuGfh+KAi+GegOGemuGeu+GejuGetuKAi+GeluGfkuGemuGfh+KAi+GelOGetuGekeKAi+Gen+GemOGfkuGej+GfgeGeheKAi+GeluGfkuGemuGfh+KAi+GelOGemuGemOKAi+Gek+GetuGekCDhnpPhnprhn4Thno/hn5Lhno/hnpgg4Z6f4Z644Z6g4Z6Y4Z674Z6T4Z64IOGeluGfkuGemuGfh+KAi+GemOGeoOGetuGegOGfkuGen+Gej+GfkuGemuKAi+Gek+Gfg+KAi+GeluGfkuGemuGfh+GemuGetuGeh+GetuGejuGetuGeheGegOGfkuGemuKAi+GegOGemOGfkuGeluGeu+Geh+Getg==	S2luZyBTaWhhbW9uaSdzIEJpcnRoZGF5
